case_id,random_seed,speed_kmh,split,case_kind,defects_json
s001_seed30250811_v160_baseline,30250811,160,train,baseline,[]
s001_seed30250811_v160_fastener,30250811,160,train,fastener,"[{""type"": ""fastener_failure"", ""label"": ""fastener_eta"", ""start_m"": 191.4, ""count"": 4, ""side"": ""both"", ""directions"": ""both"", ""stiffness_factor_eta_k"": 0.0, ""damping_factor_eta_c"": 1.0}]"
s001_seed30250811_v160_sleeper_void,30250811,160,train,sleeper_void,"[{""type"": ""sleeper_void"", ""label"": ""sleeper_void"", ""start_m"": 164.4, ""count"": 5, ""side"": ""right"", ""directions"": ""vertical"", ""delta_gap_mm"": 0.98}]"
s001_seed30250811_v160_ballast,30250811,160,train,ballast,"[{""type"": ""ballast_condition"", ""label"": ""ballast_loose"", ""start_m"": 181.8, ""count"": 166, ""side"": ""left"", ""directions"": ""vertical"", ""stiffness_factor_eta_k"": 0.173, ""damping_factor_eta_c"": 1.0}]"
s001_seed30250811_v160_subgrade,30250811,160,train,subgrade,"[{""type"": ""subgrade_condition"", ""label"": ""subgrade_weakened"", ""start_m"": 226.8, ""count"": 28, ""side"": ""left"", ""directions"": ""vertical"", ""stiffness_factor_eta_k"": 0.5672, ""damping_factor_eta_c"": 1.0}]"
s001_seed30250811_v160_coupled_fastener_subgrade,30250811,160,train,coupled_fastener_subgrade,"[{""type"": ""fastener_failure"", ""label"": ""fastener_eta"", ""start_m"": 178.8, ""count"": 1, ""side"": ""both"", ""directions"": ""both"", ""stiffness_factor_eta_k"": 0.1, ""damping_factor_eta_c"": 1.0}, {""type"": ""subgrade_condition"", ""label"": ""subgrade_weakened"", ""start_m"": 283.2, ""count"": 121, ""side"": ""left"", ""directions"": ""vertical"", ""stiffness_factor_eta_k"": 0.6654, ""damping_factor_eta_c"": 1.0}]"
s002_seed29721531_v160_baseline,29721531,160,train,baseline,[]
s002_seed29721531_v160_fastener,29721531,160,train,fastener,"[{""type"": ""fastener_failure"", ""label"": ""fastener_eta"", ""start_m"": 241.2, ""count"": 9, ""side"": ""right"", ""directions"": ""both"", ""stiffness_factor_eta_k"": 0.25, ""damping_factor_eta_c"": 1.0}]"
s002_seed29721531_v160_sleeper_void,29721531,160,train,sleeper_void,"[{""type"": ""sleeper_void"", ""label"": ""sleeper_void"", ""start_m"": 180.0, ""count"": 5, ""side"": ""left"", ""directions"": ""vertical"", ""delta_gap_mm"": 2.33}]"
s002_seed29721531_v160_ballast,29721531,160,train,ballast,"[{""type"": ""ballast_condition"", ""label"": ""ballast_loose"", ""start_m"": 180.0, ""count"": 93, ""side"": ""both"", ""directions"": ""vertical"", ""stiffness_factor_eta_k"": 0.136, ""damping_factor_eta_c"": 1.0}]"
s002_seed29721531_v160_subgrade,29721531,160,train,subgrade,"[{""type"": ""subgrade_condition"", ""label"": ""subgrade_weakened"", ""start_m"": 259.2, ""count"": 150, ""side"": ""right"", ""directions"": ""vertical"", ""stiffness_factor_eta_k"": 0.7238, ""damping_factor_eta_c"": 1.0}]"
s002_seed29721531_v160_coupled_fastener_ballast,29721531,160,train,coupled_fastener_ballast,"[{""type"": ""fastener_failure"", ""label"": ""fastener_eta"", ""start_m"": 183.6, ""count"": 9, ""side"": ""left"", ""directions"": ""both"", ""stiffness_factor_eta_k"": 0.5, ""damping_factor_eta_c"": 1.0}, {""type"": ""ballast_condition"", ""label"": ""ballast_hardened"", ""start_m"": 156.0, ""count"": 105, ""side"": ""both"", ""directions"": ""vertical"", ""stiffness_factor_eta_k"": 7.9194, ""damping_factor_eta_c"": 1.0}]"
s003_seed87860543_v160_baseline,87860543,160,train,baseline,[]
s003_seed87860543_v160_fastener,87860543,160,train,fastener,"[{""type"": ""fastener_failure"", ""label"": ""fastener_eta"", ""start_m"": 262.2, ""count"": 2, ""side"": ""left"", ""directions"": ""both"", ""stiffness_factor_eta_k"": 0.75, ""damping_factor_eta_c"": 1.0}]"
s003_seed87860543_v160_sleeper_void,87860543,160,train,sleeper_void,"[{""type"": ""sleeper_void"", ""label"": ""sleeper_void"", ""start_m"": 195.6, ""count"": 6, ""side"": ""both"", ""directions"": ""vertical"", ""delta_gap_mm"": 1.53}]"
s003_seed87860543_v160_ballast,87860543,160,train,ballast,"[{""type"": ""ballast_condition"", ""label"": ""ballast_loose"", ""start_m"": 220.8, ""count"": 145, ""side"": ""right"", ""directions"": ""vertical"", ""stiffness_factor_eta_k"": 0.2563, ""damping_factor_eta_c"": 1.0}]"
s003_seed87860543_v160_subgrade,87860543,160,train,subgrade,"[{""type"": ""subgrade_condition"", ""label"": ""subgrade_weakened"", ""start_m"": 282.6, ""count"": 132, ""side"": ""left"", ""directions"": ""vertical"", ""stiffness_factor_eta_k"": 0.2151, ""damping_factor_eta_c"": 1.0}]"
s003_seed87860543_v160_coupled_fastener_ballast,87860543,160,train,coupled_fastener_ballast,"[{""type"": ""fastener_failure"", ""label"": ""fastener_eta"", ""start_m"": 226.2, ""count"": 5, ""side"": ""left"", ""directions"": ""both"", ""stiffness_factor_eta_k"": 0.25, ""damping_factor_eta_c"": 1.0}, {""type"": ""ballast_condition"", ""label"": ""ballast_loose"", ""start_m"": 282.0, ""count"": 101, ""side"": ""left"", ""directions"": ""vertical"", ""stiffness_factor_eta_k"": 0.6848, ""damping_factor_eta_c"": 1.0}]"
s004_seed74178924_v160_baseline,74178924,160,train,baseline,[]
s004_seed74178924_v160_fastener,74178924,160,train,fastener,"[{""type"": ""fastener_failure"", ""label"": ""fastener_eta"", ""start_m"": 264.6, ""count"": 5, ""side"": ""both"", ""directions"": ""both"", ""stiffness_factor_eta_k"": 0.5, ""damping_factor_eta_c"": 1.0}]"
s004_seed74178924_v160_sleeper_void,74178924,160,train,sleeper_void,"[{""type"": ""sleeper_void"", ""label"": ""sleeper_void"", ""start_m"": 231.0, ""count"": 1, ""side"": ""right"", ""directions"": ""vertical"", ""delta_gap_mm"": 1.76}]"
s004_seed74178924_v160_ballast,74178924,160,train,ballast,"[{""type"": ""ballast_condition"", ""label"": ""ballast_loose"", ""start_m"": 228.6, ""count"": 47, ""side"": ""right"", ""directions"": ""vertical"", ""stiffness_factor_eta_k"": 0.4162, ""damping_factor_eta_c"": 1.0}]"
s004_seed74178924_v160_subgrade,74178924,160,train,subgrade,"[{""type"": ""subgrade_condition"", ""label"": ""subgrade_weakened"", ""start_m"": 198.0, ""count"": 66, ""side"": ""right"", ""directions"": ""vertical"", ""stiffness_factor_eta_k"": 0.1846, ""damping_factor_eta_c"": 1.0}]"
s004_seed74178924_v160_coupled_sleeper_void_ballast,74178924,160,train,coupled_sleeper_void_ballast,"[{""type"": ""sleeper_void"", ""label"": ""sleeper_void"", ""start_m"": 206.4, ""count"": 6, ""side"": ""both"", ""directions"": ""vertical"", ""delta_gap_mm"": 0.98}, {""type"": ""ballast_condition"", ""label"": ""ballast_loose"", ""start_m"": 199.2, ""count"": 142, ""side"": ""right"", ""directions"": ""vertical"", ""stiffness_factor_eta_k"": 0.2888, ""damping_factor_eta_c"": 1.0}]"
s005_seed80930382_v160_baseline,80930382,160,train,baseline,[]
s005_seed80930382_v160_fastener,80930382,160,train,fastener,"[{""type"": ""fastener_failure"", ""label"": ""fastener_eta"", ""start_m"": 295.2, ""count"": 2, ""side"": ""left"", ""directions"": ""both"", ""stiffness_factor_eta_k"": 0.75, ""damping_factor_eta_c"": 1.0}]"
s005_seed80930382_v160_sleeper_void,80930382,160,train,sleeper_void,"[{""type"": ""sleeper_void"", ""label"": ""sleeper_void"", ""start_m"": 229.2, ""count"": 4, ""side"": ""both"", ""directions"": ""vertical"", ""delta_gap_mm"": 1.57}]"
s005_seed80930382_v160_ballast,80930382,160,train,ballast,"[{""type"": ""ballast_condition"", ""label"": ""ballast_hardened"", ""start_m"": 150.6, ""count"": 16, ""side"": ""both"", ""directions"": ""vertical"", ""stiffness_factor_eta_k"": 6.1288, ""damping_factor_eta_c"": 1.0}]"
s005_seed80930382_v160_subgrade,80930382,160,train,subgrade,"[{""type"": ""subgrade_condition"", ""label"": ""subgrade_weakened"", ""start_m"": 268.2, ""count"": 140, ""side"": ""both"", ""directions"": ""vertical"", ""stiffness_factor_eta_k"": 0.6519, ""damping_factor_eta_c"": 1.0}]"
s005_seed80930382_v160_coupled_sleeper_void_fastener,80930382,160,train,coupled_sleeper_void_fastener,"[{""type"": ""sleeper_void"", ""label"": ""sleeper_void"", ""start_m"": 242.4, ""count"": 1, ""side"": ""both"", ""directions"": ""vertical"", ""delta_gap_mm"": 1.7}, {""type"": ""fastener_failure"", ""label"": ""fastener_eta"", ""start_m"": 191.4, ""count"": 4, ""side"": ""right"", ""directions"": ""both"", ""stiffness_factor_eta_k"": 0.5, ""damping_factor_eta_c"": 1.0}]"
s006_seed25935677_v160_baseline,25935677,160,train,baseline,[]
s006_seed25935677_v160_fastener,25935677,160,train,fastener,"[{""type"": ""fastener_failure"", ""label"": ""fastener_eta"", ""start_m"": 243.6, ""count"": 9, ""side"": ""both"", ""directions"": ""both"", ""stiffness_factor_eta_k"": 0.0, ""damping_factor_eta_c"": 1.0}]"
s006_seed25935677_v160_sleeper_void,25935677,160,train,sleeper_void,"[{""type"": ""sleeper_void"", ""label"": ""sleeper_void"", ""start_m"": 275.4, ""count"": 8, ""side"": ""right"", ""directions"": ""vertical"", ""delta_gap_mm"": 0.88}]"
s006_seed25935677_v160_ballast,25935677,160,train,ballast,"[{""type"": ""ballast_condition"", ""label"": ""ballast_hardened"", ""start_m"": 180.0, ""count"": 78, ""side"": ""both"", ""directions"": ""vertical"", ""stiffness_factor_eta_k"": 2.1158, ""damping_factor_eta_c"": 1.0}]"
s006_seed25935677_v160_subgrade,25935677,160,train,subgrade,"[{""type"": ""subgrade_condition"", ""label"": ""subgrade_weakened"", ""start_m"": 255.0, ""count"": 80, ""side"": ""both"", ""directions"": ""vertical"", ""stiffness_factor_eta_k"": 0.357, ""damping_factor_eta_c"": 1.0}]"
s006_seed25935677_v160_coupled_fastener_sleeper_void,25935677,160,train,coupled_fastener_sleeper_void,"[{""type"": ""fastener_failure"", ""label"": ""fastener_eta"", ""start_m"": 160.2, ""count"": 1, ""side"": ""both"", ""directions"": ""both"", ""stiffness_factor_eta_k"": 0.1, ""damping_factor_eta_c"": 1.0}, {""type"": ""sleeper_void"", ""label"": ""sleeper_void"", ""start_m"": 153.0, ""count"": 1, ""side"": ""left"", ""directions"": ""vertical"", ""delta_gap_mm"": 2.31}]"
s007_seed75475639_v160_baseline,75475639,160,train,baseline,[]
s007_seed75475639_v160_fastener,75475639,160,train,fastener,"[{""type"": ""fastener_failure"", ""label"": ""fastener_eta"", ""start_m"": 268.2, ""count"": 2, ""side"": ""right"", ""directions"": ""both"", ""stiffness_factor_eta_k"": 0.1, ""damping_factor_eta_c"": 1.0}]"
s007_seed75475639_v160_sleeper_void,75475639,160,train,sleeper_void,"[{""type"": ""sleeper_void"", ""label"": ""sleeper_void"", ""start_m"": 154.2, ""count"": 5, ""side"": ""right"", ""directions"": ""vertical"", ""delta_gap_mm"": 2.57}]"
s007_seed75475639_v160_ballast,75475639,160,train,ballast,"[{""type"": ""ballast_condition"", ""label"": ""ballast_hardened"", ""start_m"": 243.6, ""count"": 108, ""side"": ""both"", ""directions"": ""vertical"", ""stiffness_factor_eta_k"": 4.8308, ""damping_factor_eta_c"": 1.0}]"
s007_seed75475639_v160_subgrade,75475639,160,train,subgrade,"[{""type"": ""subgrade_condition"", ""label"": ""subgrade_weakened"", ""start_m"": 237.0, ""count"": 46, ""side"": ""both"", ""directions"": ""vertical"", ""stiffness_factor_eta_k"": 0.4993, ""damping_factor_eta_c"": 1.0}]"
s007_seed75475639_v160_coupled_ballast_fastener,75475639,160,train,coupled_ballast_fastener,"[{""type"": ""ballast_condition"", ""label"": ""ballast_hardened"", ""start_m"": 292.8, ""count"": 44, ""side"": ""both"", ""directions"": ""vertical"", ""stiffness_factor_eta_k"": 2.3279, ""damping_factor_eta_c"": 1.0}, {""type"": ""fastener_failure"", ""label"": ""fastener_eta"", ""start_m"": 286.2, ""count"": 5, ""side"": ""left"", ""directions"": ""both"", ""stiffness_factor_eta_k"": 0.0, ""damping_factor_eta_c"": 1.0}]"
s008_seed93896902_v160_baseline,93896902,160,train,baseline,[]
s008_seed93896902_v160_fastener,93896902,160,train,fastener,"[{""type"": ""fastener_failure"", ""label"": ""fastener_eta"", ""start_m"": 211.2, ""count"": 3, ""side"": ""both"", ""directions"": ""both"", ""stiffness_factor_eta_k"": 0.0, ""damping_factor_eta_c"": 1.0}]"
s008_seed93896902_v160_sleeper_void,93896902,160,train,sleeper_void,"[{""type"": ""sleeper_void"", ""label"": ""sleeper_void"", ""start_m"": 283.8, ""count"": 3, ""side"": ""both"", ""directions"": ""vertical"", ""delta_gap_mm"": 0.62}]"
s008_seed93896902_v160_ballast,93896902,160,train,ballast,"[{""type"": ""ballast_condition"", ""label"": ""ballast_loose"", ""start_m"": 213.6, ""count"": 14, ""side"": ""left"", ""directions"": ""vertical"", ""stiffness_factor_eta_k"": 0.6154, ""damping_factor_eta_c"": 1.0}]"
s008_seed93896902_v160_subgrade,93896902,160,train,subgrade,"[{""type"": ""subgrade_condition"", ""label"": ""subgrade_weakened"", ""start_m"": 200.4, ""count"": 123, ""side"": ""left"", ""directions"": ""vertical"", ""stiffness_factor_eta_k"": 0.7289, ""damping_factor_eta_c"": 1.0}]"
s008_seed93896902_v160_coupled_ballast_subgrade,93896902,160,train,coupled_ballast_subgrade,"[{""type"": ""ballast_condition"", ""label"": ""ballast_hardened"", ""start_m"": 211.8, ""count"": 59, ""side"": ""left"", ""directions"": ""vertical"", ""stiffness_factor_eta_k"": 5.4298, ""damping_factor_eta_c"": 1.0}, {""type"": ""subgrade_condition"", ""label"": ""subgrade_weakened"", ""start_m"": 217.8, ""count"": 153, ""side"": ""both"", ""directions"": ""vertical"", ""stiffness_factor_eta_k"": 0.7725, ""damping_factor_eta_c"": 1.0}]"
s009_seed72037751_v160_baseline,72037751,160,train,baseline,[]
s009_seed72037751_v160_fastener,72037751,160,train,fastener,"[{""type"": ""fastener_failure"", ""label"": ""fastener_eta"", ""start_m"": 172.2, ""count"": 2, ""side"": ""both"", ""directions"": ""both"", ""stiffness_factor_eta_k"": 0.0, ""damping_factor_eta_c"": 1.0}]"
s009_seed72037751_v160_sleeper_void,72037751,160,train,sleeper_void,"[{""type"": ""sleeper_void"", ""label"": ""sleeper_void"", ""start_m"": 155.4, ""count"": 5, ""side"": ""both"", ""directions"": ""vertical"", ""delta_gap_mm"": 2.2}]"
s009_seed72037751_v160_ballast,72037751,160,train,ballast,"[{""type"": ""ballast_condition"", ""label"": ""ballast_hardened"", ""start_m"": 265.8, ""count"": 63, ""side"": ""left"", ""directions"": ""vertical"", ""stiffness_factor_eta_k"": 5.1846, ""damping_factor_eta_c"": 1.0}]"
s009_seed72037751_v160_subgrade,72037751,160,train,subgrade,"[{""type"": ""subgrade_condition"", ""label"": ""subgrade_weakened"", ""start_m"": 151.8, ""count"": 92, ""side"": ""both"", ""directions"": ""vertical"", ""stiffness_factor_eta_k"": 0.7205, ""damping_factor_eta_c"": 1.0}]"
s009_seed72037751_v160_coupled_fastener_ballast,72037751,160,train,coupled_fastener_ballast,"[{""type"": ""fastener_failure"", ""label"": ""fastener_eta"", ""start_m"": 168.6, ""count"": 1, ""side"": ""both"", ""directions"": ""both"", ""stiffness_factor_eta_k"": 0.25, ""damping_factor_eta_c"": 1.0}, {""type"": ""ballast_condition"", ""label"": ""ballast_hardened"", ""start_m"": 183.0, ""count"": 20, ""side"": ""both"", ""directions"": ""vertical"", ""stiffness_factor_eta_k"": 6.4626, ""damping_factor_eta_c"": 1.0}]"
s010_seed67254543_v160_baseline,67254543,160,train,baseline,[]
s010_seed67254543_v160_fastener,67254543,160,train,fastener,"[{""type"": ""fastener_failure"", ""label"": ""fastener_eta"", ""start_m"": 201.0, ""count"": 1, ""side"": ""right"", ""directions"": ""both"", ""stiffness_factor_eta_k"": 0.5, ""damping_factor_eta_c"": 1.0}]"
s010_seed67254543_v160_sleeper_void,67254543,160,train,sleeper_void,"[{""type"": ""sleeper_void"", ""label"": ""sleeper_void"", ""start_m"": 295.8, ""count"": 6, ""side"": ""both"", ""directions"": ""vertical"", ""delta_gap_mm"": 2.18}]"
s010_seed67254543_v160_ballast,67254543,160,train,ballast,"[{""type"": ""ballast_condition"", ""label"": ""ballast_hardened"", ""start_m"": 281.4, ""count"": 94, ""side"": ""right"", ""directions"": ""vertical"", ""stiffness_factor_eta_k"": 6.5086, ""damping_factor_eta_c"": 1.0}]"
s010_seed67254543_v160_subgrade,67254543,160,train,subgrade,"[{""type"": ""subgrade_condition"", ""label"": ""subgrade_weakened"", ""start_m"": 165.6, ""count"": 134, ""side"": ""both"", ""directions"": ""vertical"", ""stiffness_factor_eta_k"": 0.7063, ""damping_factor_eta_c"": 1.0}]"
s010_seed67254543_v160_coupled_ballast_sleeper_void,67254543,160,train,coupled_ballast_sleeper_void,"[{""type"": ""ballast_condition"", ""label"": ""ballast_loose"", ""start_m"": 168.0, ""count"": 134, ""side"": ""both"", ""directions"": ""vertical"", ""stiffness_factor_eta_k"": 0.1441, ""damping_factor_eta_c"": 1.0}, {""type"": ""sleeper_void"", ""label"": ""sleeper_void"", ""start_m"": 182.4, ""count"": 5, ""side"": ""both"", ""directions"": ""vertical"", ""delta_gap_mm"": 2.7}]"
s011_seed41396190_v160_baseline,41396190,160,train,baseline,[]
s011_seed41396190_v160_fastener,41396190,160,train,fastener,"[{""type"": ""fastener_failure"", ""label"": ""fastener_eta"", ""start_m"": 249.6, ""count"": 3, ""side"": ""right"", ""directions"": ""both"", ""stiffness_factor_eta_k"": 0.1, ""damping_factor_eta_c"": 1.0}]"
s011_seed41396190_v160_sleeper_void,41396190,160,train,sleeper_void,"[{""type"": ""sleeper_void"", ""label"": ""sleeper_void"", ""start_m"": 190.2, ""count"": 6, ""side"": ""both"", ""directions"": ""vertical"", ""delta_gap_mm"": 0.82}]"
s011_seed41396190_v160_ballast,41396190,160,train,ballast,"[{""type"": ""ballast_condition"", ""label"": ""ballast_loose"", ""start_m"": 162.6, ""count"": 137, ""side"": ""both"", ""directions"": ""vertical"", ""stiffness_factor_eta_k"": 0.6547, ""damping_factor_eta_c"": 1.0}]"
s011_seed41396190_v160_subgrade,41396190,160,train,subgrade,"[{""type"": ""subgrade_condition"", ""label"": ""subgrade_weakened"", ""start_m"": 154.8, ""count"": 121, ""side"": ""both"", ""directions"": ""vertical"", ""stiffness_factor_eta_k"": 0.1143, ""damping_factor_eta_c"": 1.0}]"
s011_seed41396190_v160_coupled_ballast_sleeper_void,41396190,160,train,coupled_ballast_sleeper_void,"[{""type"": ""ballast_condition"", ""label"": ""ballast_hardened"", ""start_m"": 159.0, ""count"": 72, ""side"": ""both"", ""directions"": ""vertical"", ""stiffness_factor_eta_k"": 2.1763, ""damping_factor_eta_c"": 1.0}, {""type"": ""sleeper_void"", ""label"": ""sleeper_void"", ""start_m"": 222.0, ""count"": 8, ""side"": ""both"", ""directions"": ""vertical"", ""delta_gap_mm"": 2.66}]"
s012_seed47121630_v160_baseline,47121630,160,train,baseline,[]
s012_seed47121630_v160_fastener,47121630,160,train,fastener,"[{""type"": ""fastener_failure"", ""label"": ""fastener_eta"", ""start_m"": 271.8, ""count"": 7, ""side"": ""both"", ""directions"": ""both"", ""stiffness_factor_eta_k"": 0.5, ""damping_factor_eta_c"": 1.0}]"
s012_seed47121630_v160_sleeper_void,47121630,160,train,sleeper_void,"[{""type"": ""sleeper_void"", ""label"": ""sleeper_void"", ""start_m"": 208.2, ""count"": 1, ""side"": ""both"", ""directions"": ""vertical"", ""delta_gap_mm"": 2.29}]"
s012_seed47121630_v160_ballast,47121630,160,train,ballast,"[{""type"": ""ballast_condition"", ""label"": ""ballast_hardened"", ""start_m"": 262.2, ""count"": 58, ""side"": ""both"", ""directions"": ""vertical"", ""stiffness_factor_eta_k"": 2.3865, ""damping_factor_eta_c"": 1.0}]"
s012_seed47121630_v160_subgrade,47121630,160,train,subgrade,"[{""type"": ""subgrade_condition"", ""label"": ""subgrade_weakened"", ""start_m"": 239.4, ""count"": 123, ""side"": ""right"", ""directions"": ""vertical"", ""stiffness_factor_eta_k"": 0.5291, ""damping_factor_eta_c"": 1.0}]"
s012_seed47121630_v160_coupled_ballast_fastener,47121630,160,train,coupled_ballast_fastener,"[{""type"": ""ballast_condition"", ""label"": ""ballast_loose"", ""start_m"": 178.8, ""count"": 36, ""side"": ""both"", ""directions"": ""vertical"", ""stiffness_factor_eta_k"": 0.1447, ""damping_factor_eta_c"": 1.0}, {""type"": ""fastener_failure"", ""label"": ""fastener_eta"", ""start_m"": 150.6, ""count"": 6, ""side"": ""both"", ""directions"": ""both"", ""stiffness_factor_eta_k"": 0.5, ""damping_factor_eta_c"": 1.0}]"
s013_seed66290043_v160_baseline,66290043,160,train,baseline,[]
s013_seed66290043_v160_fastener,66290043,160,train,fastener,"[{""type"": ""fastener_failure"", ""label"": ""fastener_eta"", ""start_m"": 277.8, ""count"": 3, ""side"": ""right"", ""directions"": ""both"", ""stiffness_factor_eta_k"": 0.0, ""damping_factor_eta_c"": 1.0}]"
s013_seed66290043_v160_sleeper_void,66290043,160,train,sleeper_void,"[{""type"": ""sleeper_void"", ""label"": ""sleeper_void"", ""start_m"": 298.8, ""count"": 2, ""side"": ""left"", ""directions"": ""vertical"", ""delta_gap_mm"": 1.95}]"
s013_seed66290043_v160_ballast,66290043,160,train,ballast,"[{""type"": ""ballast_condition"", ""label"": ""ballast_loose"", ""start_m"": 220.8, ""count"": 141, ""side"": ""left"", ""directions"": ""vertical"", ""stiffness_factor_eta_k"": 0.7351, ""damping_factor_eta_c"": 1.0}]"
s013_seed66290043_v160_subgrade,66290043,160,train,subgrade,"[{""type"": ""subgrade_condition"", ""label"": ""subgrade_weakened"", ""start_m"": 278.4, ""count"": 124, ""side"": ""right"", ""directions"": ""vertical"", ""stiffness_factor_eta_k"": 0.1792, ""damping_factor_eta_c"": 1.0}]"
s013_seed66290043_v160_coupled_fastener_subgrade,66290043,160,train,coupled_fastener_subgrade,"[{""type"": ""fastener_failure"", ""label"": ""fastener_eta"", ""start_m"": 262.2, ""count"": 6, ""side"": ""both"", ""directions"": ""both"", ""stiffness_factor_eta_k"": 0.5, ""damping_factor_eta_c"": 1.0}, {""type"": ""subgrade_condition"", ""label"": ""subgrade_weakened"", ""start_m"": 288.6, ""count"": 38, ""side"": ""right"", ""directions"": ""vertical"", ""stiffness_factor_eta_k"": 0.5129, ""damping_factor_eta_c"": 1.0}]"
s014_seed29905071_v160_baseline,29905071,160,train,baseline,[]
s014_seed29905071_v160_fastener,29905071,160,train,fastener,"[{""type"": ""fastener_failure"", ""label"": ""fastener_eta"", ""start_m"": 243.6, ""count"": 7, ""side"": ""right"", ""directions"": ""both"", ""stiffness_factor_eta_k"": 0.0, ""damping_factor_eta_c"": 1.0}]"
s014_seed29905071_v160_sleeper_void,29905071,160,train,sleeper_void,"[{""type"": ""sleeper_void"", ""label"": ""sleeper_void"", ""start_m"": 278.4, ""count"": 1, ""side"": ""both"", ""directions"": ""vertical"", ""delta_gap_mm"": 1.27}]"
s014_seed29905071_v160_ballast,29905071,160,train,ballast,"[{""type"": ""ballast_condition"", ""label"": ""ballast_hardened"", ""start_m"": 165.6, ""count"": 61, ""side"": ""both"", ""directions"": ""vertical"", ""stiffness_factor_eta_k"": 6.6365, ""damping_factor_eta_c"": 1.0}]"
s014_seed29905071_v160_subgrade,29905071,160,train,subgrade,"[{""type"": ""subgrade_condition"", ""label"": ""subgrade_weakened"", ""start_m"": 264.0, ""count"": 120, ""side"": ""left"", ""directions"": ""vertical"", ""stiffness_factor_eta_k"": 0.4017, ""damping_factor_eta_c"": 1.0}]"
s014_seed29905071_v160_coupled_fastener_subgrade,29905071,160,train,coupled_fastener_subgrade,"[{""type"": ""fastener_failure"", ""label"": ""fastener_eta"", ""start_m"": 215.4, ""count"": 7, ""side"": ""both"", ""directions"": ""both"", ""stiffness_factor_eta_k"": 0.75, ""damping_factor_eta_c"": 1.0}, {""type"": ""subgrade_condition"", ""label"": ""subgrade_weakened"", ""start_m"": 211.8, ""count"": 139, ""side"": ""right"", ""directions"": ""vertical"", ""stiffness_factor_eta_k"": 0.3671, ""damping_factor_eta_c"": 1.0}]"
s015_seed91979125_v160_baseline,91979125,160,train,baseline,[]
s015_seed91979125_v160_fastener,91979125,160,train,fastener,"[{""type"": ""fastener_failure"", ""label"": ""fastener_eta"", ""start_m"": 160.8, ""count"": 7, ""side"": ""right"", ""directions"": ""both"", ""stiffness_factor_eta_k"": 0.0, ""damping_factor_eta_c"": 1.0}]"
s015_seed91979125_v160_sleeper_void,91979125,160,train,sleeper_void,"[{""type"": ""sleeper_void"", ""label"": ""sleeper_void"", ""start_m"": 218.4, ""count"": 8, ""side"": ""right"", ""directions"": ""vertical"", ""delta_gap_mm"": 1.08}]"
s015_seed91979125_v160_ballast,91979125,160,train,ballast,"[{""type"": ""ballast_condition"", ""label"": ""ballast_hardened"", ""start_m"": 159.6, ""count"": 28, ""side"": ""both"", ""directions"": ""vertical"", ""stiffness_factor_eta_k"": 5.4747, ""damping_factor_eta_c"": 1.0}]"
s015_seed91979125_v160_subgrade,91979125,160,train,subgrade,"[{""type"": ""subgrade_condition"", ""label"": ""subgrade_weakened"", ""start_m"": 171.0, ""count"": 166, ""side"": ""both"", ""directions"": ""vertical"", ""stiffness_factor_eta_k"": 0.6562, ""damping_factor_eta_c"": 1.0}]"
s015_seed91979125_v160_coupled_ballast_fastener,91979125,160,train,coupled_ballast_fastener,"[{""type"": ""ballast_condition"", ""label"": ""ballast_loose"", ""start_m"": 271.8, ""count"": 163, ""side"": ""left"", ""directions"": ""vertical"", ""stiffness_factor_eta_k"": 0.7258, ""damping_factor_eta_c"": 1.0}, {""type"": ""fastener_failure"", ""label"": ""fastener_eta"", ""start_m"": 168.0, ""count"": 2, ""side"": ""right"", ""directions"": ""both"", ""stiffness_factor_eta_k"": 0.25, ""damping_factor_eta_c"": 1.0}]"
s016_seed48931274_v160_baseline,48931274,160,train,baseline,[]
s016_seed48931274_v160_fastener,48931274,160,train,fastener,"[{""type"": ""fastener_failure"", ""label"": ""fastener_eta"", ""start_m"": 217.2, ""count"": 4, ""side"": ""left"", ""directions"": ""both"", ""stiffness_factor_eta_k"": 0.5, ""damping_factor_eta_c"": 1.0}]"
s016_seed48931274_v160_sleeper_void,48931274,160,train,sleeper_void,"[{""type"": ""sleeper_void"", ""label"": ""sleeper_void"", ""start_m"": 232.2, ""count"": 1, ""side"": ""right"", ""directions"": ""vertical"", ""delta_gap_mm"": 2.03}]"
s016_seed48931274_v160_ballast,48931274,160,train,ballast,"[{""type"": ""ballast_condition"", ""label"": ""ballast_loose"", ""start_m"": 193.2, ""count"": 107, ""side"": ""both"", ""directions"": ""vertical"", ""stiffness_factor_eta_k"": 0.4377, ""damping_factor_eta_c"": 1.0}]"
s016_seed48931274_v160_subgrade,48931274,160,train,subgrade,"[{""type"": ""subgrade_condition"", ""label"": ""subgrade_weakened"", ""start_m"": 224.4, ""count"": 139, ""side"": ""right"", ""directions"": ""vertical"", ""stiffness_factor_eta_k"": 0.3478, ""damping_factor_eta_c"": 1.0}]"
s016_seed48931274_v160_coupled_subgrade_sleeper_void,48931274,160,train,coupled_subgrade_sleeper_void,"[{""type"": ""subgrade_condition"", ""label"": ""subgrade_weakened"", ""start_m"": 264.6, ""count"": 94, ""side"": ""left"", ""directions"": ""vertical"", ""stiffness_factor_eta_k"": 0.3167, ""damping_factor_eta_c"": 1.0}, {""type"": ""sleeper_void"", ""label"": ""sleeper_void"", ""start_m"": 183.0, ""count"": 2, ""side"": ""both"", ""directions"": ""vertical"", ""delta_gap_mm"": 1.76}]"
s017_seed84960042_v160_baseline,84960042,160,train,baseline,[]
s017_seed84960042_v160_fastener,84960042,160,train,fastener,"[{""type"": ""fastener_failure"", ""label"": ""fastener_eta"", ""start_m"": 252.0, ""count"": 8, ""side"": ""both"", ""directions"": ""both"", ""stiffness_factor_eta_k"": 0.25, ""damping_factor_eta_c"": 1.0}]"
s017_seed84960042_v160_sleeper_void,84960042,160,train,sleeper_void,"[{""type"": ""sleeper_void"", ""label"": ""sleeper_void"", ""start_m"": 288.0, ""count"": 7, ""side"": ""left"", ""directions"": ""vertical"", ""delta_gap_mm"": 2.22}]"
s017_seed84960042_v160_ballast,84960042,160,train,ballast,"[{""type"": ""ballast_condition"", ""label"": ""ballast_hardened"", ""start_m"": 201.0, ""count"": 13, ""side"": ""right"", ""directions"": ""vertical"", ""stiffness_factor_eta_k"": 3.4325, ""damping_factor_eta_c"": 1.0}]"
s017_seed84960042_v160_subgrade,84960042,160,train,subgrade,"[{""type"": ""subgrade_condition"", ""label"": ""subgrade_weakened"", ""start_m"": 152.4, ""count"": 111, ""side"": ""both"", ""directions"": ""vertical"", ""stiffness_factor_eta_k"": 0.198, ""damping_factor_eta_c"": 1.0}]"
s017_seed84960042_v160_coupled_ballast_subgrade,84960042,160,train,coupled_ballast_subgrade,"[{""type"": ""ballast_condition"", ""label"": ""ballast_hardened"", ""start_m"": 280.2, ""count"": 43, ""side"": ""both"", ""directions"": ""vertical"", ""stiffness_factor_eta_k"": 3.7095, ""damping_factor_eta_c"": 1.0}, {""type"": ""subgrade_condition"", ""label"": ""subgrade_weakened"", ""start_m"": 249.6, ""count"": 49, ""side"": ""left"", ""directions"": ""vertical"", ""stiffness_factor_eta_k"": 0.1793, ""damping_factor_eta_c"": 1.0}]"
s018_seed69676646_v160_baseline,69676646,160,val,baseline,[]
s018_seed69676646_v160_fastener,69676646,160,val,fastener,"[{""type"": ""fastener_failure"", ""label"": ""fastener_eta"", ""start_m"": 292.8, ""count"": 6, ""side"": ""both"", ""directions"": ""both"", ""stiffness_factor_eta_k"": 0.5, ""damping_factor_eta_c"": 1.0}]"
s018_seed69676646_v160_sleeper_void,69676646,160,val,sleeper_void,"[{""type"": ""sleeper_void"", ""label"": ""sleeper_void"", ""start_m"": 273.6, ""count"": 9, ""side"": ""both"", ""directions"": ""vertical"", ""delta_gap_mm"": 2.81}]"
s018_seed69676646_v160_ballast,69676646,160,val,ballast,"[{""type"": ""ballast_condition"", ""label"": ""ballast_loose"", ""start_m"": 268.8, ""count"": 163, ""side"": ""both"", ""directions"": ""vertical"", ""stiffness_factor_eta_k"": 0.4487, ""damping_factor_eta_c"": 1.0}]"
s018_seed69676646_v160_subgrade,69676646,160,val,subgrade,"[{""type"": ""subgrade_condition"", ""label"": ""subgrade_weakened"", ""start_m"": 260.4, ""count"": 76, ""side"": ""right"", ""directions"": ""vertical"", ""stiffness_factor_eta_k"": 0.4969, ""damping_factor_eta_c"": 1.0}]"
s018_seed69676646_v160_coupled_sleeper_void_ballast,69676646,160,val,coupled_sleeper_void_ballast,"[{""type"": ""sleeper_void"", ""label"": ""sleeper_void"", ""start_m"": 235.8, ""count"": 1, ""side"": ""both"", ""directions"": ""vertical"", ""delta_gap_mm"": 2.68}, {""type"": ""ballast_condition"", ""label"": ""ballast_loose"", ""start_m"": 271.2, ""count"": 72, ""side"": ""both"", ""directions"": ""vertical"", ""stiffness_factor_eta_k"": 0.3145, ""damping_factor_eta_c"": 1.0}]"
s019_seed45489883_v160_baseline,45489883,160,val,baseline,[]
s019_seed45489883_v160_fastener,45489883,160,val,fastener,"[{""type"": ""fastener_failure"", ""label"": ""fastener_eta"", ""start_m"": 215.4, ""count"": 9, ""side"": ""both"", ""directions"": ""both"", ""stiffness_factor_eta_k"": 0.25, ""damping_factor_eta_c"": 1.0}]"
s019_seed45489883_v160_sleeper_void,45489883,160,val,sleeper_void,"[{""type"": ""sleeper_void"", ""label"": ""sleeper_void"", ""start_m"": 222.0, ""count"": 5, ""side"": ""both"", ""directions"": ""vertical"", ""delta_gap_mm"": 1.39}]"
s019_seed45489883_v160_ballast,45489883,160,val,ballast,"[{""type"": ""ballast_condition"", ""label"": ""ballast_loose"", ""start_m"": 286.2, ""count"": 147, ""side"": ""left"", ""directions"": ""vertical"", ""stiffness_factor_eta_k"": 0.6413, ""damping_factor_eta_c"": 1.0}]"
s019_seed45489883_v160_subgrade,45489883,160,val,subgrade,"[{""type"": ""subgrade_condition"", ""label"": ""subgrade_weakened"", ""start_m"": 222.6, ""count"": 163, ""side"": ""both"", ""directions"": ""vertical"", ""stiffness_factor_eta_k"": 0.641, ""damping_factor_eta_c"": 1.0}]"
s019_seed45489883_v160_coupled_fastener_sleeper_void,45489883,160,val,coupled_fastener_sleeper_void,"[{""type"": ""fastener_failure"", ""label"": ""fastener_eta"", ""start_m"": 183.0, ""count"": 4, ""side"": ""left"", ""directions"": ""both"", ""stiffness_factor_eta_k"": 0.1, ""damping_factor_eta_c"": 1.0}, {""type"": ""sleeper_void"", ""label"": ""sleeper_void"", ""start_m"": 270.6, ""count"": 6, ""side"": ""right"", ""directions"": ""vertical"", ""delta_gap_mm"": 1.24}]"
s020_seed47089144_v160_baseline,47089144,160,val,baseline,[]
s020_seed47089144_v160_fastener,47089144,160,val,fastener,"[{""type"": ""fastener_failure"", ""label"": ""fastener_eta"", ""start_m"": 237.0, ""count"": 10, ""side"": ""right"", ""directions"": ""both"", ""stiffness_factor_eta_k"": 0.0, ""damping_factor_eta_c"": 1.0}]"
s020_seed47089144_v160_sleeper_void,47089144,160,val,sleeper_void,"[{""type"": ""sleeper_void"", ""label"": ""sleeper_void"", ""start_m"": 164.4, ""count"": 9, ""side"": ""left"", ""directions"": ""vertical"", ""delta_gap_mm"": 0.55}]"
s020_seed47089144_v160_ballast,47089144,160,val,ballast,"[{""type"": ""ballast_condition"", ""label"": ""ballast_loose"", ""start_m"": 249.0, ""count"": 81, ""side"": ""both"", ""directions"": ""vertical"", ""stiffness_factor_eta_k"": 0.5975, ""damping_factor_eta_c"": 1.0}]"
s020_seed47089144_v160_subgrade,47089144,160,val,subgrade,"[{""type"": ""subgrade_condition"", ""label"": ""subgrade_weakened"", ""start_m"": 157.2, ""count"": 122, ""side"": ""right"", ""directions"": ""vertical"", ""stiffness_factor_eta_k"": 0.2387, ""damping_factor_eta_c"": 1.0}]"
s020_seed47089144_v160_coupled_sleeper_void_ballast,47089144,160,val,coupled_sleeper_void_ballast,"[{""type"": ""sleeper_void"", ""label"": ""sleeper_void"", ""start_m"": 295.2, ""count"": 9, ""side"": ""left"", ""directions"": ""vertical"", ""delta_gap_mm"": 0.79}, {""type"": ""ballast_condition"", ""label"": ""ballast_loose"", ""start_m"": 244.8, ""count"": 163, ""side"": ""both"", ""directions"": ""vertical"", ""stiffness_factor_eta_k"": 0.3338, ""damping_factor_eta_c"": 1.0}]"
s021_seed47129498_v160_baseline,47129498,160,val,baseline,[]
s021_seed47129498_v160_fastener,47129498,160,val,fastener,"[{""type"": ""fastener_failure"", ""label"": ""fastener_eta"", ""start_m"": 183.0, ""count"": 7, ""side"": ""both"", ""directions"": ""both"", ""stiffness_factor_eta_k"": 0.1, ""damping_factor_eta_c"": 1.0}]"
s021_seed47129498_v160_sleeper_void,47129498,160,val,sleeper_void,"[{""type"": ""sleeper_void"", ""label"": ""sleeper_void"", ""start_m"": 201.6, ""count"": 10, ""side"": ""both"", ""directions"": ""vertical"", ""delta_gap_mm"": 0.73}]"
s021_seed47129498_v160_ballast,47129498,160,val,ballast,"[{""type"": ""ballast_condition"", ""label"": ""ballast_hardened"", ""start_m"": 271.2, ""count"": 102, ""side"": ""both"", ""directions"": ""vertical"", ""stiffness_factor_eta_k"": 6.4866, ""damping_factor_eta_c"": 1.0}]"
s021_seed47129498_v160_subgrade,47129498,160,val,subgrade,"[{""type"": ""subgrade_condition"", ""label"": ""subgrade_weakened"", ""start_m"": 274.2, ""count"": 27, ""side"": ""both"", ""directions"": ""vertical"", ""stiffness_factor_eta_k"": 0.7139, ""damping_factor_eta_c"": 1.0}]"
s021_seed47129498_v160_coupled_ballast_fastener,47129498,160,val,coupled_ballast_fastener,"[{""type"": ""ballast_condition"", ""label"": ""ballast_hardened"", ""start_m"": 233.4, ""count"": 76, ""side"": ""right"", ""directions"": ""vertical"", ""stiffness_factor_eta_k"": 7.7817, ""damping_factor_eta_c"": 1.0}, {""type"": ""fastener_failure"", ""label"": ""fastener_eta"", ""start_m"": 290.4, ""count"": 6, ""side"": ""both"", ""directions"": ""both"", ""stiffness_factor_eta_k"": 0.0, ""damping_factor_eta_c"": 1.0}]"
s022_seed62412871_v160_baseline,62412871,160,test,baseline,[]
s022_seed62412871_v160_fastener,62412871,160,test,fastener,"[{""type"": ""fastener_failure"", ""label"": ""fastener_eta"", ""start_m"": 229.2, ""count"": 1, ""side"": ""both"", ""directions"": ""both"", ""stiffness_factor_eta_k"": 0.1, ""damping_factor_eta_c"": 1.0}]"
s022_seed62412871_v160_sleeper_void,62412871,160,test,sleeper_void,"[{""type"": ""sleeper_void"", ""label"": ""sleeper_void"", ""start_m"": 217.2, ""count"": 2, ""side"": ""both"", ""directions"": ""vertical"", ""delta_gap_mm"": 0.9}]"
s022_seed62412871_v160_ballast,62412871,160,test,ballast,"[{""type"": ""ballast_condition"", ""label"": ""ballast_hardened"", ""start_m"": 168.0, ""count"": 109, ""side"": ""left"", ""directions"": ""vertical"", ""stiffness_factor_eta_k"": 2.5266, ""damping_factor_eta_c"": 1.0}]"
s022_seed62412871_v160_subgrade,62412871,160,test,subgrade,"[{""type"": ""subgrade_condition"", ""label"": ""subgrade_weakened"", ""start_m"": 266.4, ""count"": 136, ""side"": ""left"", ""directions"": ""vertical"", ""stiffness_factor_eta_k"": 0.5334, ""damping_factor_eta_c"": 1.0}]"
s022_seed62412871_v160_coupled_sleeper_void_ballast,62412871,160,test,coupled_sleeper_void_ballast,"[{""type"": ""sleeper_void"", ""label"": ""sleeper_void"", ""start_m"": 193.2, ""count"": 7, ""side"": ""right"", ""directions"": ""vertical"", ""delta_gap_mm"": 2.89}, {""type"": ""ballast_condition"", ""label"": ""ballast_loose"", ""start_m"": 258.6, ""count"": 107, ""side"": ""both"", ""directions"": ""vertical"", ""stiffness_factor_eta_k"": 0.1585, ""damping_factor_eta_c"": 1.0}]"
s023_seed89627785_v160_baseline,89627785,160,test,baseline,[]
s023_seed89627785_v160_fastener,89627785,160,test,fastener,"[{""type"": ""fastener_failure"", ""label"": ""fastener_eta"", ""start_m"": 172.2, ""count"": 8, ""side"": ""both"", ""directions"": ""both"", ""stiffness_factor_eta_k"": 0.1, ""damping_factor_eta_c"": 1.0}]"
s023_seed89627785_v160_sleeper_void,89627785,160,test,sleeper_void,"[{""type"": ""sleeper_void"", ""label"": ""sleeper_void"", ""start_m"": 261.0, ""count"": 5, ""side"": ""both"", ""directions"": ""vertical"", ""delta_gap_mm"": 0.71}]"
s023_seed89627785_v160_ballast,89627785,160,test,ballast,"[{""type"": ""ballast_condition"", ""label"": ""ballast_loose"", ""start_m"": 189.6, ""count"": 104, ""side"": ""both"", ""directions"": ""vertical"", ""stiffness_factor_eta_k"": 0.7836, ""damping_factor_eta_c"": 1.0}]"
s023_seed89627785_v160_subgrade,89627785,160,test,subgrade,"[{""type"": ""subgrade_condition"", ""label"": ""subgrade_weakened"", ""start_m"": 284.4, ""count"": 108, ""side"": ""both"", ""directions"": ""vertical"", ""stiffness_factor_eta_k"": 0.3595, ""damping_factor_eta_c"": 1.0}]"
s023_seed89627785_v160_coupled_ballast_subgrade,89627785,160,test,coupled_ballast_subgrade,"[{""type"": ""ballast_condition"", ""label"": ""ballast_loose"", ""start_m"": 183.0, ""count"": 78, ""side"": ""right"", ""directions"": ""vertical"", ""stiffness_factor_eta_k"": 0.4278, ""damping_factor_eta_c"": 1.0}, {""type"": ""subgrade_condition"", ""label"": ""subgrade_weakened"", ""start_m"": 199.2, ""count"": 55, ""side"": ""both"", ""directions"": ""vertical"", ""stiffness_factor_eta_k"": 0.3153, ""damping_factor_eta_c"": 1.0}]"
s024_seed88267142_v160_baseline,88267142,160,test,baseline,[]
s024_seed88267142_v160_fastener,88267142,160,test,fastener,"[{""type"": ""fastener_failure"", ""label"": ""fastener_eta"", ""start_m"": 265.2, ""count"": 3, ""side"": ""left"", ""directions"": ""both"", ""stiffness_factor_eta_k"": 0.75, ""damping_factor_eta_c"": 1.0}]"
s024_seed88267142_v160_sleeper_void,88267142,160,test,sleeper_void,"[{""type"": ""sleeper_void"", ""label"": ""sleeper_void"", ""start_m"": 297.6, ""count"": 4, ""side"": ""both"", ""directions"": ""vertical"", ""delta_gap_mm"": 2.25}]"
s024_seed88267142_v160_ballast,88267142,160,test,ballast,"[{""type"": ""ballast_condition"", ""label"": ""ballast_loose"", ""start_m"": 244.8, ""count"": 126, ""side"": ""left"", ""directions"": ""vertical"", ""stiffness_factor_eta_k"": 0.2233, ""damping_factor_eta_c"": 1.0}]"
s024_seed88267142_v160_subgrade,88267142,160,test,subgrade,"[{""type"": ""subgrade_condition"", ""label"": ""subgrade_weakened"", ""start_m"": 273.6, ""count"": 30, ""side"": ""both"", ""directions"": ""vertical"", ""stiffness_factor_eta_k"": 0.4778, ""damping_factor_eta_c"": 1.0}]"
s024_seed88267142_v160_coupled_ballast_fastener,88267142,160,test,coupled_ballast_fastener,"[{""type"": ""ballast_condition"", ""label"": ""ballast_loose"", ""start_m"": 223.2, ""count"": 139, ""side"": ""right"", ""directions"": ""vertical"", ""stiffness_factor_eta_k"": 0.5267, ""damping_factor_eta_c"": 1.0}, {""type"": ""fastener_failure"", ""label"": ""fastener_eta"", ""start_m"": 218.4, ""count"": 1, ""side"": ""left"", ""directions"": ""both"", ""stiffness_factor_eta_k"": 0.5, ""damping_factor_eta_c"": 1.0}]"
s025_seed35130997_v200_baseline,35130997,200,train,baseline,[]
s025_seed35130997_v200_fastener,35130997,200,train,fastener,"[{""type"": ""fastener_failure"", ""label"": ""fastener_eta"", ""start_m"": 274.8, ""count"": 10, ""side"": ""left"", ""directions"": ""both"", ""stiffness_factor_eta_k"": 0.1, ""damping_factor_eta_c"": 1.0}]"
s025_seed35130997_v200_sleeper_void,35130997,200,train,sleeper_void,"[{""type"": ""sleeper_void"", ""label"": ""sleeper_void"", ""start_m"": 265.2, ""count"": 2, ""side"": ""both"", ""directions"": ""vertical"", ""delta_gap_mm"": 1.0}]"
s025_seed35130997_v200_ballast,35130997,200,train,ballast,"[{""type"": ""ballast_condition"", ""label"": ""ballast_hardened"", ""start_m"": 183.0, ""count"": 89, ""side"": ""right"", ""directions"": ""vertical"", ""stiffness_factor_eta_k"": 5.5935, ""damping_factor_eta_c"": 1.0}]"
s025_seed35130997_v200_subgrade,35130997,200,train,subgrade,"[{""type"": ""subgrade_condition"", ""label"": ""subgrade_weakened"", ""start_m"": 230.4, ""count"": 157, ""side"": ""both"", ""directions"": ""vertical"", ""stiffness_factor_eta_k"": 0.1865, ""damping_factor_eta_c"": 1.0}]"
s025_seed35130997_v200_coupled_sleeper_void_subgrade,35130997,200,train,coupled_sleeper_void_subgrade,"[{""type"": ""sleeper_void"", ""label"": ""sleeper_void"", ""start_m"": 196.8, ""count"": 2, ""side"": ""left"", ""directions"": ""vertical"", ""delta_gap_mm"": 1.22}, {""type"": ""subgrade_condition"", ""label"": ""subgrade_weakened"", ""start_m"": 283.2, ""count"": 88, ""side"": ""both"", ""directions"": ""vertical"", ""stiffness_factor_eta_k"": 0.3247, ""damping_factor_eta_c"": 1.0}]"
s026_seed64860803_v200_baseline,64860803,200,train,baseline,[]
s026_seed64860803_v200_fastener,64860803,200,train,fastener,"[{""type"": ""fastener_failure"", ""label"": ""fastener_eta"", ""start_m"": 195.6, ""count"": 3, ""side"": ""left"", ""directions"": ""both"", ""stiffness_factor_eta_k"": 0.1, ""damping_factor_eta_c"": 1.0}]"
s026_seed64860803_v200_sleeper_void,64860803,200,train,sleeper_void,"[{""type"": ""sleeper_void"", ""label"": ""sleeper_void"", ""start_m"": 224.4, ""count"": 3, ""side"": ""left"", ""directions"": ""vertical"", ""delta_gap_mm"": 2.47}]"
s026_seed64860803_v200_ballast,64860803,200,train,ballast,"[{""type"": ""ballast_condition"", ""label"": ""ballast_loose"", ""start_m"": 271.8, ""count"": 25, ""side"": ""right"", ""directions"": ""vertical"", ""stiffness_factor_eta_k"": 0.1115, ""damping_factor_eta_c"": 1.0}]"
s026_seed64860803_v200_subgrade,64860803,200,train,subgrade,"[{""type"": ""subgrade_condition"", ""label"": ""subgrade_weakened"", ""start_m"": 277.8, ""count"": 47, ""side"": ""right"", ""directions"": ""vertical"", ""stiffness_factor_eta_k"": 0.1501, ""damping_factor_eta_c"": 1.0}]"
s026_seed64860803_v200_coupled_fastener_sleeper_void,64860803,200,train,coupled_fastener_sleeper_void,"[{""type"": ""fastener_failure"", ""label"": ""fastener_eta"", ""start_m"": 198.0, ""count"": 7, ""side"": ""both"", ""directions"": ""both"", ""stiffness_factor_eta_k"": 0.0, ""damping_factor_eta_c"": 1.0}, {""type"": ""sleeper_void"", ""label"": ""sleeper_void"", ""start_m"": 215.4, ""count"": 3, ""side"": ""left"", ""directions"": ""vertical"", ""delta_gap_mm"": 2.44}]"
s027_seed91450060_v200_baseline,91450060,200,train,baseline,[]
s027_seed91450060_v200_fastener,91450060,200,train,fastener,"[{""type"": ""fastener_failure"", ""label"": ""fastener_eta"", ""start_m"": 268.2, ""count"": 8, ""side"": ""right"", ""directions"": ""both"", ""stiffness_factor_eta_k"": 0.75, ""damping_factor_eta_c"": 1.0}]"
s027_seed91450060_v200_sleeper_void,91450060,200,train,sleeper_void,"[{""type"": ""sleeper_void"", ""label"": ""sleeper_void"", ""start_m"": 258.6, ""count"": 5, ""side"": ""left"", ""directions"": ""vertical"", ""delta_gap_mm"": 1.88}]"
s027_seed91450060_v200_ballast,91450060,200,train,ballast,"[{""type"": ""ballast_condition"", ""label"": ""ballast_hardened"", ""start_m"": 169.8, ""count"": 82, ""side"": ""left"", ""directions"": ""vertical"", ""stiffness_factor_eta_k"": 7.612, ""damping_factor_eta_c"": 1.0}]"
s027_seed91450060_v200_subgrade,91450060,200,train,subgrade,"[{""type"": ""subgrade_condition"", ""label"": ""subgrade_weakened"", ""start_m"": 234.0, ""count"": 47, ""side"": ""both"", ""directions"": ""vertical"", ""stiffness_factor_eta_k"": 0.5724, ""damping_factor_eta_c"": 1.0}]"
s027_seed91450060_v200_coupled_sleeper_void_fastener,91450060,200,train,coupled_sleeper_void_fastener,"[{""type"": ""sleeper_void"", ""label"": ""sleeper_void"", ""start_m"": 216.0, ""count"": 6, ""side"": ""both"", ""directions"": ""vertical"", ""delta_gap_mm"": 2.65}, {""type"": ""fastener_failure"", ""label"": ""fastener_eta"", ""start_m"": 265.2, ""count"": 6, ""side"": ""right"", ""directions"": ""both"", ""stiffness_factor_eta_k"": 0.5, ""damping_factor_eta_c"": 1.0}]"
s028_seed40898934_v200_baseline,40898934,200,train,baseline,[]
s028_seed40898934_v200_fastener,40898934,200,train,fastener,"[{""type"": ""fastener_failure"", ""label"": ""fastener_eta"", ""start_m"": 225.0, ""count"": 6, ""side"": ""both"", ""directions"": ""both"", ""stiffness_factor_eta_k"": 0.1, ""damping_factor_eta_c"": 1.0}]"
s028_seed40898934_v200_sleeper_void,40898934,200,train,sleeper_void,"[{""type"": ""sleeper_void"", ""label"": ""sleeper_void"", ""start_m"": 189.0, ""count"": 2, ""side"": ""both"", ""directions"": ""vertical"", ""delta_gap_mm"": 0.57}]"
s028_seed40898934_v200_ballast,40898934,200,train,ballast,"[{""type"": ""ballast_condition"", ""label"": ""ballast_hardened"", ""start_m"": 273.0, ""count"": 56, ""side"": ""left"", ""directions"": ""vertical"", ""stiffness_factor_eta_k"": 4.0105, ""damping_factor_eta_c"": 1.0}]"
s028_seed40898934_v200_subgrade,40898934,200,train,subgrade,"[{""type"": ""subgrade_condition"", ""label"": ""subgrade_weakened"", ""start_m"": 229.2, ""count"": 68, ""side"": ""both"", ""directions"": ""vertical"", ""stiffness_factor_eta_k"": 0.7861, ""damping_factor_eta_c"": 1.0}]"
s028_seed40898934_v200_coupled_subgrade_fastener,40898934,200,train,coupled_subgrade_fastener,"[{""type"": ""subgrade_condition"", ""label"": ""subgrade_weakened"", ""start_m"": 234.6, ""count"": 25, ""side"": ""left"", ""directions"": ""vertical"", ""stiffness_factor_eta_k"": 0.3064, ""damping_factor_eta_c"": 1.0}, {""type"": ""fastener_failure"", ""label"": ""fastener_eta"", ""start_m"": 223.8, ""count"": 3, ""side"": ""both"", ""directions"": ""both"", ""stiffness_factor_eta_k"": 0.25, ""damping_factor_eta_c"": 1.0}]"
s029_seed54287707_v200_baseline,54287707,200,train,baseline,[]
s029_seed54287707_v200_fastener,54287707,200,train,fastener,"[{""type"": ""fastener_failure"", ""label"": ""fastener_eta"", ""start_m"": 178.8, ""count"": 9, ""side"": ""left"", ""directions"": ""both"", ""stiffness_factor_eta_k"": 0.0, ""damping_factor_eta_c"": 1.0}]"
s029_seed54287707_v200_sleeper_void,54287707,200,train,sleeper_void,"[{""type"": ""sleeper_void"", ""label"": ""sleeper_void"", ""start_m"": 282.6, ""count"": 10, ""side"": ""both"", ""directions"": ""vertical"", ""delta_gap_mm"": 1.36}]"
s029_seed54287707_v200_ballast,54287707,200,train,ballast,"[{""type"": ""ballast_condition"", ""label"": ""ballast_hardened"", ""start_m"": 295.8, ""count"": 83, ""side"": ""left"", ""directions"": ""vertical"", ""stiffness_factor_eta_k"": 4.6209, ""damping_factor_eta_c"": 1.0}]"
s029_seed54287707_v200_subgrade,54287707,200,train,subgrade,"[{""type"": ""subgrade_condition"", ""label"": ""subgrade_weakened"", ""start_m"": 252.6, ""count"": 86, ""side"": ""right"", ""directions"": ""vertical"", ""stiffness_factor_eta_k"": 0.4814, ""damping_factor_eta_c"": 1.0}]"
s029_seed54287707_v200_coupled_sleeper_void_fastener,54287707,200,train,coupled_sleeper_void_fastener,"[{""type"": ""sleeper_void"", ""label"": ""sleeper_void"", ""start_m"": 213.0, ""count"": 2, ""side"": ""right"", ""directions"": ""vertical"", ""delta_gap_mm"": 2.88}, {""type"": ""fastener_failure"", ""label"": ""fastener_eta"", ""start_m"": 219.0, ""count"": 4, ""side"": ""left"", ""directions"": ""both"", ""stiffness_factor_eta_k"": 0.75, ""damping_factor_eta_c"": 1.0}]"
s030_seed56435458_v200_baseline,56435458,200,train,baseline,[]
s030_seed56435458_v200_fastener,56435458,200,train,fastener,"[{""type"": ""fastener_failure"", ""label"": ""fastener_eta"", ""start_m"": 245.4, ""count"": 1, ""side"": ""right"", ""directions"": ""both"", ""stiffness_factor_eta_k"": 0.0, ""damping_factor_eta_c"": 1.0}]"
s030_seed56435458_v200_sleeper_void,56435458,200,train,sleeper_void,"[{""type"": ""sleeper_void"", ""label"": ""sleeper_void"", ""start_m"": 273.0, ""count"": 7, ""side"": ""both"", ""directions"": ""vertical"", ""delta_gap_mm"": 0.9}]"
s030_seed56435458_v200_ballast,56435458,200,train,ballast,"[{""type"": ""ballast_condition"", ""label"": ""ballast_loose"", ""start_m"": 264.0, ""count"": 72, ""side"": ""both"", ""directions"": ""vertical"", ""stiffness_factor_eta_k"": 0.2412, ""damping_factor_eta_c"": 1.0}]"
s030_seed56435458_v200_subgrade,56435458,200,train,subgrade,"[{""type"": ""subgrade_condition"", ""label"": ""subgrade_weakened"", ""start_m"": 170.4, ""count"": 40, ""side"": ""both"", ""directions"": ""vertical"", ""stiffness_factor_eta_k"": 0.7197, ""damping_factor_eta_c"": 1.0}]"
s030_seed56435458_v200_coupled_ballast_subgrade,56435458,200,train,coupled_ballast_subgrade,"[{""type"": ""ballast_condition"", ""label"": ""ballast_hardened"", ""start_m"": 237.0, ""count"": 124, ""side"": ""right"", ""directions"": ""vertical"", ""stiffness_factor_eta_k"": 6.3165, ""damping_factor_eta_c"": 1.0}, {""type"": ""subgrade_condition"", ""label"": ""subgrade_weakened"", ""start_m"": 250.8, ""count"": 32, ""side"": ""right"", ""directions"": ""vertical"", ""stiffness_factor_eta_k"": 0.3141, ""damping_factor_eta_c"": 1.0}]"
s031_seed67187233_v200_baseline,67187233,200,train,baseline,[]
s031_seed67187233_v200_fastener,67187233,200,train,fastener,"[{""type"": ""fastener_failure"", ""label"": ""fastener_eta"", ""start_m"": 175.2, ""count"": 10, ""side"": ""left"", ""directions"": ""both"", ""stiffness_factor_eta_k"": 0.5, ""damping_factor_eta_c"": 1.0}]"
s031_seed67187233_v200_sleeper_void,67187233,200,train,sleeper_void,"[{""type"": ""sleeper_void"", ""label"": ""sleeper_void"", ""start_m"": 277.2, ""count"": 1, ""side"": ""right"", ""directions"": ""vertical"", ""delta_gap_mm"": 2.33}]"
s031_seed67187233_v200_ballast,67187233,200,train,ballast,"[{""type"": ""ballast_condition"", ""label"": ""ballast_loose"", ""start_m"": 229.8, ""count"": 142, ""side"": ""both"", ""directions"": ""vertical"", ""stiffness_factor_eta_k"": 0.658, ""damping_factor_eta_c"": 1.0}]"
s031_seed67187233_v200_subgrade,67187233,200,train,subgrade,"[{""type"": ""subgrade_condition"", ""label"": ""subgrade_weakened"", ""start_m"": 189.6, ""count"": 142, ""side"": ""both"", ""directions"": ""vertical"", ""stiffness_factor_eta_k"": 0.2678, ""damping_factor_eta_c"": 1.0}]"
s031_seed67187233_v200_coupled_fastener_ballast,67187233,200,train,coupled_fastener_ballast,"[{""type"": ""fastener_failure"", ""label"": ""fastener_eta"", ""start_m"": 183.0, ""count"": 10, ""side"": ""left"", ""directions"": ""both"", ""stiffness_factor_eta_k"": 0.75, ""damping_factor_eta_c"": 1.0}, {""type"": ""ballast_condition"", ""label"": ""ballast_hardened"", ""start_m"": 166.8, ""count"": 19, ""side"": ""left"", ""directions"": ""vertical"", ""stiffness_factor_eta_k"": 4.9428, ""damping_factor_eta_c"": 1.0}]"
s032_seed23341517_v200_baseline,23341517,200,train,baseline,[]
s032_seed23341517_v200_fastener,23341517,200,train,fastener,"[{""type"": ""fastener_failure"", ""label"": ""fastener_eta"", ""start_m"": 222.0, ""count"": 5, ""side"": ""left"", ""directions"": ""both"", ""stiffness_factor_eta_k"": 0.25, ""damping_factor_eta_c"": 1.0}]"
s032_seed23341517_v200_sleeper_void,23341517,200,train,sleeper_void,"[{""type"": ""sleeper_void"", ""label"": ""sleeper_void"", ""start_m"": 273.0, ""count"": 7, ""side"": ""right"", ""directions"": ""vertical"", ""delta_gap_mm"": 0.91}]"
s032_seed23341517_v200_ballast,23341517,200,train,ballast,"[{""type"": ""ballast_condition"", ""label"": ""ballast_hardened"", ""start_m"": 276.0, ""count"": 128, ""side"": ""both"", ""directions"": ""vertical"", ""stiffness_factor_eta_k"": 3.6817, ""damping_factor_eta_c"": 1.0}]"
s032_seed23341517_v200_subgrade,23341517,200,train,subgrade,"[{""type"": ""subgrade_condition"", ""label"": ""subgrade_weakened"", ""start_m"": 188.4, ""count"": 42, ""side"": ""both"", ""directions"": ""vertical"", ""stiffness_factor_eta_k"": 0.3728, ""damping_factor_eta_c"": 1.0}]"
s032_seed23341517_v200_coupled_sleeper_void_subgrade,23341517,200,train,coupled_sleeper_void_subgrade,"[{""type"": ""sleeper_void"", ""label"": ""sleeper_void"", ""start_m"": 177.6, ""count"": 1, ""side"": ""both"", ""directions"": ""vertical"", ""delta_gap_mm"": 2.21}, {""type"": ""subgrade_condition"", ""label"": ""subgrade_weakened"", ""start_m"": 263.4, ""count"": 144, ""side"": ""both"", ""directions"": ""vertical"", ""stiffness_factor_eta_k"": 0.7163, ""damping_factor_eta_c"": 1.0}]"
s033_seed66135622_v200_baseline,66135622,200,train,baseline,[]
s033_seed66135622_v200_fastener,66135622,200,train,fastener,"[{""type"": ""fastener_failure"", ""label"": ""fastener_eta"", ""start_m"": 251.4, ""count"": 8, ""side"": ""left"", ""directions"": ""both"", ""stiffness_factor_eta_k"": 0.5, ""damping_factor_eta_c"": 1.0}]"
s033_seed66135622_v200_sleeper_void,66135622,200,train,sleeper_void,"[{""type"": ""sleeper_void"", ""label"": ""sleeper_void"", ""start_m"": 211.2, ""count"": 6, ""side"": ""both"", ""directions"": ""vertical"", ""delta_gap_mm"": 0.98}]"
s033_seed66135622_v200_ballast,66135622,200,train,ballast,"[{""type"": ""ballast_condition"", ""label"": ""ballast_loose"", ""start_m"": 229.8, ""count"": 54, ""side"": ""both"", ""directions"": ""vertical"", ""stiffness_factor_eta_k"": 0.7989, ""damping_factor_eta_c"": 1.0}]"
s033_seed66135622_v200_subgrade,66135622,200,train,subgrade,"[{""type"": ""subgrade_condition"", ""label"": ""subgrade_weakened"", ""start_m"": 294.6, ""count"": 101, ""side"": ""both"", ""directions"": ""vertical"", ""stiffness_factor_eta_k"": 0.6237, ""damping_factor_eta_c"": 1.0}]"
s033_seed66135622_v200_coupled_sleeper_void_ballast,66135622,200,train,coupled_sleeper_void_ballast,"[{""type"": ""sleeper_void"", ""label"": ""sleeper_void"", ""start_m"": 294.0, ""count"": 7, ""side"": ""left"", ""directions"": ""vertical"", ""delta_gap_mm"": 0.59}, {""type"": ""ballast_condition"", ""label"": ""ballast_hardened"", ""start_m"": 282.6, ""count"": 149, ""side"": ""left"", ""directions"": ""vertical"", ""stiffness_factor_eta_k"": 6.8019, ""damping_factor_eta_c"": 1.0}]"
s034_seed99231899_v200_baseline,99231899,200,train,baseline,[]
s034_seed99231899_v200_fastener,99231899,200,train,fastener,"[{""type"": ""fastener_failure"", ""label"": ""fastener_eta"", ""start_m"": 296.4, ""count"": 6, ""side"": ""both"", ""directions"": ""both"", ""stiffness_factor_eta_k"": 0.1, ""damping_factor_eta_c"": 1.0}]"
s034_seed99231899_v200_sleeper_void,99231899,200,train,sleeper_void,"[{""type"": ""sleeper_void"", ""label"": ""sleeper_void"", ""start_m"": 223.2, ""count"": 4, ""side"": ""both"", ""directions"": ""vertical"", ""delta_gap_mm"": 2.13}]"
s034_seed99231899_v200_ballast,99231899,200,train,ballast,"[{""type"": ""ballast_condition"", ""label"": ""ballast_hardened"", ""start_m"": 280.2, ""count"": 44, ""side"": ""right"", ""directions"": ""vertical"", ""stiffness_factor_eta_k"": 3.6589, ""damping_factor_eta_c"": 1.0}]"
s034_seed99231899_v200_subgrade,99231899,200,train,subgrade,"[{""type"": ""subgrade_condition"", ""label"": ""subgrade_weakened"", ""start_m"": 175.8, ""count"": 81, ""side"": ""right"", ""directions"": ""vertical"", ""stiffness_factor_eta_k"": 0.7876, ""damping_factor_eta_c"": 1.0}]"
s034_seed99231899_v200_coupled_subgrade_ballast,99231899,200,train,coupled_subgrade_ballast,"[{""type"": ""subgrade_condition"", ""label"": ""subgrade_weakened"", ""start_m"": 284.4, ""count"": 93, ""side"": ""right"", ""directions"": ""vertical"", ""stiffness_factor_eta_k"": 0.7292, ""damping_factor_eta_c"": 1.0}, {""type"": ""ballast_condition"", ""label"": ""ballast_loose"", ""start_m"": 180.0, ""count"": 53, ""side"": ""both"", ""directions"": ""vertical"", ""stiffness_factor_eta_k"": 0.3788, ""damping_factor_eta_c"": 1.0}]"
s035_seed69082039_v200_baseline,69082039,200,train,baseline,[]
s035_seed69082039_v200_fastener,69082039,200,train,fastener,"[{""type"": ""fastener_failure"", ""label"": ""fastener_eta"", ""start_m"": 262.8, ""count"": 3, ""side"": ""right"", ""directions"": ""both"", ""stiffness_factor_eta_k"": 0.0, ""damping_factor_eta_c"": 1.0}]"
s035_seed69082039_v200_sleeper_void,69082039,200,train,sleeper_void,"[{""type"": ""sleeper_void"", ""label"": ""sleeper_void"", ""start_m"": 231.0, ""count"": 3, ""side"": ""both"", ""directions"": ""vertical"", ""delta_gap_mm"": 2.25}]"
s035_seed69082039_v200_ballast,69082039,200,train,ballast,"[{""type"": ""ballast_condition"", ""label"": ""ballast_hardened"", ""start_m"": 160.8, ""count"": 69, ""side"": ""both"", ""directions"": ""vertical"", ""stiffness_factor_eta_k"": 2.7195, ""damping_factor_eta_c"": 1.0}]"
s035_seed69082039_v200_subgrade,69082039,200,train,subgrade,"[{""type"": ""subgrade_condition"", ""label"": ""subgrade_weakened"", ""start_m"": 264.0, ""count"": 110, ""side"": ""left"", ""directions"": ""vertical"", ""stiffness_factor_eta_k"": 0.2818, ""damping_factor_eta_c"": 1.0}]"
s035_seed69082039_v200_coupled_ballast_sleeper_void,69082039,200,train,coupled_ballast_sleeper_void,"[{""type"": ""ballast_condition"", ""label"": ""ballast_hardened"", ""start_m"": 267.6, ""count"": 151, ""side"": ""right"", ""directions"": ""vertical"", ""stiffness_factor_eta_k"": 6.8508, ""damping_factor_eta_c"": 1.0}, {""type"": ""sleeper_void"", ""label"": ""sleeper_void"", ""start_m"": 268.8, ""count"": 2, ""side"": ""both"", ""directions"": ""vertical"", ""delta_gap_mm"": 0.53}]"
s036_seed78816363_v200_baseline,78816363,200,train,baseline,[]
s036_seed78816363_v200_fastener,78816363,200,train,fastener,"[{""type"": ""fastener_failure"", ""label"": ""fastener_eta"", ""start_m"": 190.2, ""count"": 9, ""side"": ""both"", ""directions"": ""both"", ""stiffness_factor_eta_k"": 0.25, ""damping_factor_eta_c"": 1.0}]"
s036_seed78816363_v200_sleeper_void,78816363,200,train,sleeper_void,"[{""type"": ""sleeper_void"", ""label"": ""sleeper_void"", ""start_m"": 240.6, ""count"": 7, ""side"": ""both"", ""directions"": ""vertical"", ""delta_gap_mm"": 2.75}]"
s036_seed78816363_v200_ballast,78816363,200,train,ballast,"[{""type"": ""ballast_condition"", ""label"": ""ballast_hardened"", ""start_m"": 166.2, ""count"": 115, ""side"": ""left"", ""directions"": ""vertical"", ""stiffness_factor_eta_k"": 5.0345, ""damping_factor_eta_c"": 1.0}]"
s036_seed78816363_v200_subgrade,78816363,200,train,subgrade,"[{""type"": ""subgrade_condition"", ""label"": ""subgrade_weakened"", ""start_m"": 266.4, ""count"": 164, ""side"": ""both"", ""directions"": ""vertical"", ""stiffness_factor_eta_k"": 0.7834, ""damping_factor_eta_c"": 1.0}]"
s036_seed78816363_v200_coupled_ballast_sleeper_void,78816363,200,train,coupled_ballast_sleeper_void,"[{""type"": ""ballast_condition"", ""label"": ""ballast_loose"", ""start_m"": 151.8, ""count"": 119, ""side"": ""both"", ""directions"": ""vertical"", ""stiffness_factor_eta_k"": 0.6629, ""damping_factor_eta_c"": 1.0}, {""type"": ""sleeper_void"", ""label"": ""sleeper_void"", ""start_m"": 213.6, ""count"": 4, ""side"": ""right"", ""directions"": ""vertical"", ""delta_gap_mm"": 2.86}]"
s037_seed26171670_v200_baseline,26171670,200,train,baseline,[]
s037_seed26171670_v200_fastener,26171670,200,train,fastener,"[{""type"": ""fastener_failure"", ""label"": ""fastener_eta"", ""start_m"": 291.6, ""count"": 3, ""side"": ""left"", ""directions"": ""both"", ""stiffness_factor_eta_k"": 0.1, ""damping_factor_eta_c"": 1.0}]"
s037_seed26171670_v200_sleeper_void,26171670,200,train,sleeper_void,"[{""type"": ""sleeper_void"", ""label"": ""sleeper_void"", ""start_m"": 214.8, ""count"": 9, ""side"": ""both"", ""directions"": ""vertical"", ""delta_gap_mm"": 2.81}]"
s037_seed26171670_v200_ballast,26171670,200,train,ballast,"[{""type"": ""ballast_condition"", ""label"": ""ballast_hardened"", ""start_m"": 174.0, ""count"": 61, ""side"": ""left"", ""directions"": ""vertical"", ""stiffness_factor_eta_k"": 3.6025, ""damping_factor_eta_c"": 1.0}]"
s037_seed26171670_v200_subgrade,26171670,200,train,subgrade,"[{""type"": ""subgrade_condition"", ""label"": ""subgrade_weakened"", ""start_m"": 225.0, ""count"": 63, ""side"": ""both"", ""directions"": ""vertical"", ""stiffness_factor_eta_k"": 0.7253, ""damping_factor_eta_c"": 1.0}]"
s037_seed26171670_v200_coupled_subgrade_fastener,26171670,200,train,coupled_subgrade_fastener,"[{""type"": ""subgrade_condition"", ""label"": ""subgrade_weakened"", ""start_m"": 169.8, ""count"": 80, ""side"": ""right"", ""directions"": ""vertical"", ""stiffness_factor_eta_k"": 0.1502, ""damping_factor_eta_c"": 1.0}, {""type"": ""fastener_failure"", ""label"": ""fastener_eta"", ""start_m"": 285.6, ""count"": 1, ""side"": ""right"", ""directions"": ""both"", ""stiffness_factor_eta_k"": 0.1, ""damping_factor_eta_c"": 1.0}]"
s038_seed57212486_v200_baseline,57212486,200,train,baseline,[]
s038_seed57212486_v200_fastener,57212486,200,train,fastener,"[{""type"": ""fastener_failure"", ""label"": ""fastener_eta"", ""start_m"": 240.6, ""count"": 7, ""side"": ""both"", ""directions"": ""both"", ""stiffness_factor_eta_k"": 0.5, ""damping_factor_eta_c"": 1.0}]"
s038_seed57212486_v200_sleeper_void,57212486,200,train,sleeper_void,"[{""type"": ""sleeper_void"", ""label"": ""sleeper_void"", ""start_m"": 173.4, ""count"": 1, ""side"": ""both"", ""directions"": ""vertical"", ""delta_gap_mm"": 1.51}]"
s038_seed57212486_v200_ballast,57212486,200,train,ballast,"[{""type"": ""ballast_condition"", ""label"": ""ballast_hardened"", ""start_m"": 280.8, ""count"": 21, ""side"": ""both"", ""directions"": ""vertical"", ""stiffness_factor_eta_k"": 3.9534, ""damping_factor_eta_c"": 1.0}]"
s038_seed57212486_v200_subgrade,57212486,200,train,subgrade,"[{""type"": ""subgrade_condition"", ""label"": ""subgrade_weakened"", ""start_m"": 267.0, ""count"": 77, ""side"": ""left"", ""directions"": ""vertical"", ""stiffness_factor_eta_k"": 0.3776, ""damping_factor_eta_c"": 1.0}]"
s038_seed57212486_v200_coupled_sleeper_void_ballast,57212486,200,train,coupled_sleeper_void_ballast,"[{""type"": ""sleeper_void"", ""label"": ""sleeper_void"", ""start_m"": 263.4, ""count"": 6, ""side"": ""both"", ""directions"": ""vertical"", ""delta_gap_mm"": 2.3}, {""type"": ""ballast_condition"", ""label"": ""ballast_hardened"", ""start_m"": 220.2, ""count"": 27, ""side"": ""right"", ""directions"": ""vertical"", ""stiffness_factor_eta_k"": 6.8965, ""damping_factor_eta_c"": 1.0}]"
s039_seed18547009_v200_baseline,18547009,200,train,baseline,[]
s039_seed18547009_v200_fastener,18547009,200,train,fastener,"[{""type"": ""fastener_failure"", ""label"": ""fastener_eta"", ""start_m"": 207.0, ""count"": 3, ""side"": ""right"", ""directions"": ""both"", ""stiffness_factor_eta_k"": 0.25, ""damping_factor_eta_c"": 1.0}]"
s039_seed18547009_v200_sleeper_void,18547009,200,train,sleeper_void,"[{""type"": ""sleeper_void"", ""label"": ""sleeper_void"", ""start_m"": 159.6, ""count"": 9, ""side"": ""right"", ""directions"": ""vertical"", ""delta_gap_mm"": 2.74}]"
s039_seed18547009_v200_ballast,18547009,200,train,ballast,"[{""type"": ""ballast_condition"", ""label"": ""ballast_hardened"", ""start_m"": 260.4, ""count"": 89, ""side"": ""both"", ""directions"": ""vertical"", ""stiffness_factor_eta_k"": 7.1891, ""damping_factor_eta_c"": 1.0}]"
s039_seed18547009_v200_subgrade,18547009,200,train,subgrade,"[{""type"": ""subgrade_condition"", ""label"": ""subgrade_weakened"", ""start_m"": 220.8, ""count"": 63, ""side"": ""both"", ""directions"": ""vertical"", ""stiffness_factor_eta_k"": 0.3795, ""damping_factor_eta_c"": 1.0}]"
s039_seed18547009_v200_coupled_fastener_sleeper_void,18547009,200,train,coupled_fastener_sleeper_void,"[{""type"": ""fastener_failure"", ""label"": ""fastener_eta"", ""start_m"": 162.6, ""count"": 4, ""side"": ""both"", ""directions"": ""both"", ""stiffness_factor_eta_k"": 0.1, ""damping_factor_eta_c"": 1.0}, {""type"": ""sleeper_void"", ""label"": ""sleeper_void"", ""start_m"": 261.0, ""count"": 2, ""side"": ""both"", ""directions"": ""vertical"", ""delta_gap_mm"": 1.48}]"
s040_seed90294680_v200_baseline,90294680,200,train,baseline,[]
s040_seed90294680_v200_fastener,90294680,200,train,fastener,"[{""type"": ""fastener_failure"", ""label"": ""fastener_eta"", ""start_m"": 204.6, ""count"": 4, ""side"": ""right"", ""directions"": ""both"", ""stiffness_factor_eta_k"": 0.0, ""damping_factor_eta_c"": 1.0}]"
s040_seed90294680_v200_sleeper_void,90294680,200,train,sleeper_void,"[{""type"": ""sleeper_void"", ""label"": ""sleeper_void"", ""start_m"": 168.6, ""count"": 8, ""side"": ""right"", ""directions"": ""vertical"", ""delta_gap_mm"": 1.97}]"
s040_seed90294680_v200_ballast,90294680,200,train,ballast,"[{""type"": ""ballast_condition"", ""label"": ""ballast_loose"", ""start_m"": 262.2, ""count"": 105, ""side"": ""both"", ""directions"": ""vertical"", ""stiffness_factor_eta_k"": 0.6962, ""damping_factor_eta_c"": 1.0}]"
s040_seed90294680_v200_subgrade,90294680,200,train,subgrade,"[{""type"": ""subgrade_condition"", ""label"": ""subgrade_weakened"", ""start_m"": 203.4, ""count"": 82, ""side"": ""left"", ""directions"": ""vertical"", ""stiffness_factor_eta_k"": 0.3786, ""damping_factor_eta_c"": 1.0}]"
s040_seed90294680_v200_coupled_subgrade_ballast,90294680,200,train,coupled_subgrade_ballast,"[{""type"": ""subgrade_condition"", ""label"": ""subgrade_weakened"", ""start_m"": 251.4, ""count"": 48, ""side"": ""both"", ""directions"": ""vertical"", ""stiffness_factor_eta_k"": 0.6129, ""damping_factor_eta_c"": 1.0}, {""type"": ""ballast_condition"", ""label"": ""ballast_hardened"", ""start_m"": 253.2, ""count"": 161, ""side"": ""both"", ""directions"": ""vertical"", ""stiffness_factor_eta_k"": 6.7366, ""damping_factor_eta_c"": 1.0}]"
s041_seed18533410_v200_baseline,18533410,200,train,baseline,[]
s041_seed18533410_v200_fastener,18533410,200,train,fastener,"[{""type"": ""fastener_failure"", ""label"": ""fastener_eta"", ""start_m"": 195.0, ""count"": 1, ""side"": ""both"", ""directions"": ""both"", ""stiffness_factor_eta_k"": 0.25, ""damping_factor_eta_c"": 1.0}]"
s041_seed18533410_v200_sleeper_void,18533410,200,train,sleeper_void,"[{""type"": ""sleeper_void"", ""label"": ""sleeper_void"", ""start_m"": 255.0, ""count"": 5, ""side"": ""both"", ""directions"": ""vertical"", ""delta_gap_mm"": 0.85}]"
s041_seed18533410_v200_ballast,18533410,200,train,ballast,"[{""type"": ""ballast_condition"", ""label"": ""ballast_loose"", ""start_m"": 194.4, ""count"": 56, ""side"": ""both"", ""directions"": ""vertical"", ""stiffness_factor_eta_k"": 0.1993, ""damping_factor_eta_c"": 1.0}]"
s041_seed18533410_v200_subgrade,18533410,200,train,subgrade,"[{""type"": ""subgrade_condition"", ""label"": ""subgrade_weakened"", ""start_m"": 284.4, ""count"": 76, ""side"": ""left"", ""directions"": ""vertical"", ""stiffness_factor_eta_k"": 0.7571, ""damping_factor_eta_c"": 1.0}]"
s041_seed18533410_v200_coupled_sleeper_void_subgrade,18533410,200,train,coupled_sleeper_void_subgrade,"[{""type"": ""sleeper_void"", ""label"": ""sleeper_void"", ""start_m"": 187.2, ""count"": 8, ""side"": ""both"", ""directions"": ""vertical"", ""delta_gap_mm"": 0.78}, {""type"": ""subgrade_condition"", ""label"": ""subgrade_weakened"", ""start_m"": 226.8, ""count"": 150, ""side"": ""both"", ""directions"": ""vertical"", ""stiffness_factor_eta_k"": 0.5157, ""damping_factor_eta_c"": 1.0}]"
s042_seed97384339_v200_baseline,97384339,200,val,baseline,[]
s042_seed97384339_v200_fastener,97384339,200,val,fastener,"[{""type"": ""fastener_failure"", ""label"": ""fastener_eta"", ""start_m"": 160.8, ""count"": 8, ""side"": ""both"", ""directions"": ""both"", ""stiffness_factor_eta_k"": 0.1, ""damping_factor_eta_c"": 1.0}]"
s042_seed97384339_v200_sleeper_void,97384339,200,val,sleeper_void,"[{""type"": ""sleeper_void"", ""label"": ""sleeper_void"", ""start_m"": 215.4, ""count"": 4, ""side"": ""both"", ""directions"": ""vertical"", ""delta_gap_mm"": 0.95}]"
s042_seed97384339_v200_ballast,97384339,200,val,ballast,"[{""type"": ""ballast_condition"", ""label"": ""ballast_hardened"", ""start_m"": 276.6, ""count"": 77, ""side"": ""left"", ""directions"": ""vertical"", ""stiffness_factor_eta_k"": 4.9499, ""damping_factor_eta_c"": 1.0}]"
s042_seed97384339_v200_subgrade,97384339,200,val,subgrade,"[{""type"": ""subgrade_condition"", ""label"": ""subgrade_weakened"", ""start_m"": 232.2, ""count"": 114, ""side"": ""both"", ""directions"": ""vertical"", ""stiffness_factor_eta_k"": 0.3747, ""damping_factor_eta_c"": 1.0}]"
s042_seed97384339_v200_coupled_ballast_sleeper_void,97384339,200,val,coupled_ballast_sleeper_void,"[{""type"": ""ballast_condition"", ""label"": ""ballast_loose"", ""start_m"": 191.4, ""count"": 36, ""side"": ""right"", ""directions"": ""vertical"", ""stiffness_factor_eta_k"": 0.6133, ""damping_factor_eta_c"": 1.0}, {""type"": ""sleeper_void"", ""label"": ""sleeper_void"", ""start_m"": 265.8, ""count"": 7, ""side"": ""both"", ""directions"": ""vertical"", ""delta_gap_mm"": 2.05}]"
s043_seed44692998_v200_baseline,44692998,200,val,baseline,[]
s043_seed44692998_v200_fastener,44692998,200,val,fastener,"[{""type"": ""fastener_failure"", ""label"": ""fastener_eta"", ""start_m"": 225.6, ""count"": 10, ""side"": ""right"", ""directions"": ""both"", ""stiffness_factor_eta_k"": 0.0, ""damping_factor_eta_c"": 1.0}]"
s043_seed44692998_v200_sleeper_void,44692998,200,val,sleeper_void,"[{""type"": ""sleeper_void"", ""label"": ""sleeper_void"", ""start_m"": 195.6, ""count"": 10, ""side"": ""right"", ""directions"": ""vertical"", ""delta_gap_mm"": 1.6}]"
s043_seed44692998_v200_ballast,44692998,200,val,ballast,"[{""type"": ""ballast_condition"", ""label"": ""ballast_hardened"", ""start_m"": 242.4, ""count"": 100, ""side"": ""right"", ""directions"": ""vertical"", ""stiffness_factor_eta_k"": 2.1103, ""damping_factor_eta_c"": 1.0}]"
s043_seed44692998_v200_subgrade,44692998,200,val,subgrade,"[{""type"": ""subgrade_condition"", ""label"": ""subgrade_weakened"", ""start_m"": 179.4, ""count"": 94, ""side"": ""left"", ""directions"": ""vertical"", ""stiffness_factor_eta_k"": 0.2607, ""damping_factor_eta_c"": 1.0}]"
s043_seed44692998_v200_coupled_sleeper_void_ballast,44692998,200,val,coupled_sleeper_void_ballast,"[{""type"": ""sleeper_void"", ""label"": ""sleeper_void"", ""start_m"": 195.0, ""count"": 3, ""side"": ""left"", ""directions"": ""vertical"", ""delta_gap_mm"": 2.83}, {""type"": ""ballast_condition"", ""label"": ""ballast_loose"", ""start_m"": 276.6, ""count"": 110, ""side"": ""both"", ""directions"": ""vertical"", ""stiffness_factor_eta_k"": 0.4511, ""damping_factor_eta_c"": 1.0}]"
s044_seed83864817_v200_baseline,83864817,200,val,baseline,[]
s044_seed83864817_v200_fastener,83864817,200,val,fastener,"[{""type"": ""fastener_failure"", ""label"": ""fastener_eta"", ""start_m"": 225.0, ""count"": 1, ""side"": ""right"", ""directions"": ""both"", ""stiffness_factor_eta_k"": 0.0, ""damping_factor_eta_c"": 1.0}]"
s044_seed83864817_v200_sleeper_void,83864817,200,val,sleeper_void,"[{""type"": ""sleeper_void"", ""label"": ""sleeper_void"", ""start_m"": 256.2, ""count"": 4, ""side"": ""both"", ""directions"": ""vertical"", ""delta_gap_mm"": 1.84}]"
s044_seed83864817_v200_ballast,83864817,200,val,ballast,"[{""type"": ""ballast_condition"", ""label"": ""ballast_hardened"", ""start_m"": 237.6, ""count"": 105, ""side"": ""right"", ""directions"": ""vertical"", ""stiffness_factor_eta_k"": 1.9466, ""damping_factor_eta_c"": 1.0}]"
s044_seed83864817_v200_subgrade,83864817,200,val,subgrade,"[{""type"": ""subgrade_condition"", ""label"": ""subgrade_weakened"", ""start_m"": 178.2, ""count"": 33, ""side"": ""right"", ""directions"": ""vertical"", ""stiffness_factor_eta_k"": 0.6682, ""damping_factor_eta_c"": 1.0}]"
s044_seed83864817_v200_coupled_subgrade_ballast,83864817,200,val,coupled_subgrade_ballast,"[{""type"": ""subgrade_condition"", ""label"": ""subgrade_weakened"", ""start_m"": 255.6, ""count"": 76, ""side"": ""right"", ""directions"": ""vertical"", ""stiffness_factor_eta_k"": 0.5428, ""damping_factor_eta_c"": 1.0}, {""type"": ""ballast_condition"", ""label"": ""ballast_hardened"", ""start_m"": 282.6, ""count"": 158, ""side"": ""both"", ""directions"": ""vertical"", ""stiffness_factor_eta_k"": 7.1859, ""damping_factor_eta_c"": 1.0}]"
s045_seed42708744_v200_baseline,42708744,200,val,baseline,[]
s045_seed42708744_v200_fastener,42708744,200,val,fastener,"[{""type"": ""fastener_failure"", ""label"": ""fastener_eta"", ""start_m"": 171.0, ""count"": 2, ""side"": ""left"", ""directions"": ""both"", ""stiffness_factor_eta_k"": 0.5, ""damping_factor_eta_c"": 1.0}]"
s045_seed42708744_v200_sleeper_void,42708744,200,val,sleeper_void,"[{""type"": ""sleeper_void"", ""label"": ""sleeper_void"", ""start_m"": 183.0, ""count"": 2, ""side"": ""both"", ""directions"": ""vertical"", ""delta_gap_mm"": 2.6}]"
s045_seed42708744_v200_ballast,42708744,200,val,ballast,"[{""type"": ""ballast_condition"", ""label"": ""ballast_loose"", ""start_m"": 216.0, ""count"": 61, ""side"": ""left"", ""directions"": ""vertical"", ""stiffness_factor_eta_k"": 0.1475, ""damping_factor_eta_c"": 1.0}]"
s045_seed42708744_v200_subgrade,42708744,200,val,subgrade,"[{""type"": ""subgrade_condition"", ""label"": ""subgrade_weakened"", ""start_m"": 208.8, ""count"": 54, ""side"": ""right"", ""directions"": ""vertical"", ""stiffness_factor_eta_k"": 0.4173, ""damping_factor_eta_c"": 1.0}]"
s045_seed42708744_v200_coupled_ballast_fastener,42708744,200,val,coupled_ballast_fastener,"[{""type"": ""ballast_condition"", ""label"": ""ballast_loose"", ""start_m"": 273.6, ""count"": 64, ""side"": ""both"", ""directions"": ""vertical"", ""stiffness_factor_eta_k"": 0.4103, ""damping_factor_eta_c"": 1.0}, {""type"": ""fastener_failure"", ""label"": ""fastener_eta"", ""start_m"": 165.6, ""count"": 8, ""side"": ""both"", ""directions"": ""both"", ""stiffness_factor_eta_k"": 0.25, ""damping_factor_eta_c"": 1.0}]"
s046_seed35497057_v200_baseline,35497057,200,test,baseline,[]
s046_seed35497057_v200_fastener,35497057,200,test,fastener,"[{""type"": ""fastener_failure"", ""label"": ""fastener_eta"", ""start_m"": 204.0, ""count"": 7, ""side"": ""left"", ""directions"": ""both"", ""stiffness_factor_eta_k"": 0.25, ""damping_factor_eta_c"": 1.0}]"
s046_seed35497057_v200_sleeper_void,35497057,200,test,sleeper_void,"[{""type"": ""sleeper_void"", ""label"": ""sleeper_void"", ""start_m"": 192.6, ""count"": 6, ""side"": ""both"", ""directions"": ""vertical"", ""delta_gap_mm"": 2.36}]"
s046_seed35497057_v200_ballast,35497057,200,test,ballast,"[{""type"": ""ballast_condition"", ""label"": ""ballast_loose"", ""start_m"": 219.0, ""count"": 146, ""side"": ""right"", ""directions"": ""vertical"", ""stiffness_factor_eta_k"": 0.6184, ""damping_factor_eta_c"": 1.0}]"
s046_seed35497057_v200_subgrade,35497057,200,test,subgrade,"[{""type"": ""subgrade_condition"", ""label"": ""subgrade_weakened"", ""start_m"": 195.6, ""count"": 155, ""side"": ""right"", ""directions"": ""vertical"", ""stiffness_factor_eta_k"": 0.5934, ""damping_factor_eta_c"": 1.0}]"
s046_seed35497057_v200_coupled_fastener_subgrade,35497057,200,test,coupled_fastener_subgrade,"[{""type"": ""fastener_failure"", ""label"": ""fastener_eta"", ""start_m"": 203.4, ""count"": 3, ""side"": ""both"", ""directions"": ""both"", ""stiffness_factor_eta_k"": 0.5, ""damping_factor_eta_c"": 1.0}, {""type"": ""subgrade_condition"", ""label"": ""subgrade_weakened"", ""start_m"": 180.0, ""count"": 79, ""side"": ""both"", ""directions"": ""vertical"", ""stiffness_factor_eta_k"": 0.665, ""damping_factor_eta_c"": 1.0}]"
s047_seed51950605_v200_baseline,51950605,200,test,baseline,[]
s047_seed51950605_v200_fastener,51950605,200,test,fastener,"[{""type"": ""fastener_failure"", ""label"": ""fastener_eta"", ""start_m"": 154.2, ""count"": 1, ""side"": ""both"", ""directions"": ""both"", ""stiffness_factor_eta_k"": 0.25, ""damping_factor_eta_c"": 1.0}]"
s047_seed51950605_v200_sleeper_void,51950605,200,test,sleeper_void,"[{""type"": ""sleeper_void"", ""label"": ""sleeper_void"", ""start_m"": 291.0, ""count"": 1, ""side"": ""right"", ""directions"": ""vertical"", ""delta_gap_mm"": 0.82}]"
s047_seed51950605_v200_ballast,51950605,200,test,ballast,"[{""type"": ""ballast_condition"", ""label"": ""ballast_loose"", ""start_m"": 157.2, ""count"": 165, ""side"": ""left"", ""directions"": ""vertical"", ""stiffness_factor_eta_k"": 0.391, ""damping_factor_eta_c"": 1.0}]"
s047_seed51950605_v200_subgrade,51950605,200,test,subgrade,"[{""type"": ""subgrade_condition"", ""label"": ""subgrade_weakened"", ""start_m"": 272.4, ""count"": 47, ""side"": ""left"", ""directions"": ""vertical"", ""stiffness_factor_eta_k"": 0.2633, ""damping_factor_eta_c"": 1.0}]"
s047_seed51950605_v200_coupled_fastener_ballast,51950605,200,test,coupled_fastener_ballast,"[{""type"": ""fastener_failure"", ""label"": ""fastener_eta"", ""start_m"": 217.8, ""count"": 5, ""side"": ""both"", ""directions"": ""both"", ""stiffness_factor_eta_k"": 0.1, ""damping_factor_eta_c"": 1.0}, {""type"": ""ballast_condition"", ""label"": ""ballast_loose"", ""start_m"": 210.0, ""count"": 71, ""side"": ""left"", ""directions"": ""vertical"", ""stiffness_factor_eta_k"": 0.7285, ""damping_factor_eta_c"": 1.0}]"
s048_seed31769732_v200_baseline,31769732,200,test,baseline,[]
s048_seed31769732_v200_fastener,31769732,200,test,fastener,"[{""type"": ""fastener_failure"", ""label"": ""fastener_eta"", ""start_m"": 160.8, ""count"": 2, ""side"": ""both"", ""directions"": ""both"", ""stiffness_factor_eta_k"": 0.75, ""damping_factor_eta_c"": 1.0}]"
s048_seed31769732_v200_sleeper_void,31769732,200,test,sleeper_void,"[{""type"": ""sleeper_void"", ""label"": ""sleeper_void"", ""start_m"": 194.4, ""count"": 1, ""side"": ""right"", ""directions"": ""vertical"", ""delta_gap_mm"": 0.71}]"
s048_seed31769732_v200_ballast,31769732,200,test,ballast,"[{""type"": ""ballast_condition"", ""label"": ""ballast_hardened"", ""start_m"": 169.8, ""count"": 50, ""side"": ""left"", ""directions"": ""vertical"", ""stiffness_factor_eta_k"": 5.9208, ""damping_factor_eta_c"": 1.0}]"
s048_seed31769732_v200_subgrade,31769732,200,test,subgrade,"[{""type"": ""subgrade_condition"", ""label"": ""subgrade_weakened"", ""start_m"": 176.4, ""count"": 136, ""side"": ""left"", ""directions"": ""vertical"", ""stiffness_factor_eta_k"": 0.703, ""damping_factor_eta_c"": 1.0}]"
s048_seed31769732_v200_coupled_subgrade_ballast,31769732,200,test,coupled_subgrade_ballast,"[{""type"": ""subgrade_condition"", ""label"": ""subgrade_weakened"", ""start_m"": 207.6, ""count"": 117, ""side"": ""both"", ""directions"": ""vertical"", ""stiffness_factor_eta_k"": 0.3062, ""damping_factor_eta_c"": 1.0}, {""type"": ""ballast_condition"", ""label"": ""ballast_loose"", ""start_m"": 216.6, ""count"": 148, ""side"": ""both"", ""directions"": ""vertical"", ""stiffness_factor_eta_k"": 0.5754, ""damping_factor_eta_c"": 1.0}]"
s049_seed94369616_v215_baseline,94369616,215,train,baseline,[]
s049_seed94369616_v215_fastener,94369616,215,train,fastener,"[{""type"": ""fastener_failure"", ""label"": ""fastener_eta"", ""start_m"": 298.8, ""count"": 5, ""side"": ""both"", ""directions"": ""both"", ""stiffness_factor_eta_k"": 0.5, ""damping_factor_eta_c"": 1.0}]"
s049_seed94369616_v215_sleeper_void,94369616,215,train,sleeper_void,"[{""type"": ""sleeper_void"", ""label"": ""sleeper_void"", ""start_m"": 241.2, ""count"": 10, ""side"": ""both"", ""directions"": ""vertical"", ""delta_gap_mm"": 1.49}]"
s049_seed94369616_v215_ballast,94369616,215,train,ballast,"[{""type"": ""ballast_condition"", ""label"": ""ballast_hardened"", ""start_m"": 228.6, ""count"": 19, ""side"": ""both"", ""directions"": ""vertical"", ""stiffness_factor_eta_k"": 6.3966, ""damping_factor_eta_c"": 1.0}]"
s049_seed94369616_v215_subgrade,94369616,215,train,subgrade,"[{""type"": ""subgrade_condition"", ""label"": ""subgrade_weakened"", ""start_m"": 259.2, ""count"": 139, ""side"": ""left"", ""directions"": ""vertical"", ""stiffness_factor_eta_k"": 0.676, ""damping_factor_eta_c"": 1.0}]"
s049_seed94369616_v215_coupled_fastener_ballast,94369616,215,train,coupled_fastener_ballast,"[{""type"": ""fastener_failure"", ""label"": ""fastener_eta"", ""start_m"": 267.0, ""count"": 5, ""side"": ""right"", ""directions"": ""both"", ""stiffness_factor_eta_k"": 0.25, ""damping_factor_eta_c"": 1.0}, {""type"": ""ballast_condition"", ""label"": ""ballast_loose"", ""start_m"": 158.4, ""count"": 29, ""side"": ""both"", ""directions"": ""vertical"", ""stiffness_factor_eta_k"": 0.1225, ""damping_factor_eta_c"": 1.0}]"
s050_seed73599946_v215_baseline,73599946,215,train,baseline,[]
s050_seed73599946_v215_fastener,73599946,215,train,fastener,"[{""type"": ""fastener_failure"", ""label"": ""fastener_eta"", ""start_m"": 196.8, ""count"": 1, ""side"": ""right"", ""directions"": ""both"", ""stiffness_factor_eta_k"": 0.1, ""damping_factor_eta_c"": 1.0}]"
s050_seed73599946_v215_sleeper_void,73599946,215,train,sleeper_void,"[{""type"": ""sleeper_void"", ""label"": ""sleeper_void"", ""start_m"": 209.4, ""count"": 1, ""side"": ""left"", ""directions"": ""vertical"", ""delta_gap_mm"": 2.36}]"
s050_seed73599946_v215_ballast,73599946,215,train,ballast,"[{""type"": ""ballast_condition"", ""label"": ""ballast_hardened"", ""start_m"": 261.6, ""count"": 157, ""side"": ""both"", ""directions"": ""vertical"", ""stiffness_factor_eta_k"": 5.8417, ""damping_factor_eta_c"": 1.0}]"
s050_seed73599946_v215_subgrade,73599946,215,train,subgrade,"[{""type"": ""subgrade_condition"", ""label"": ""subgrade_weakened"", ""start_m"": 184.2, ""count"": 127, ""side"": ""both"", ""directions"": ""vertical"", ""stiffness_factor_eta_k"": 0.4416, ""damping_factor_eta_c"": 1.0}]"
s050_seed73599946_v215_coupled_subgrade_fastener,73599946,215,train,coupled_subgrade_fastener,"[{""type"": ""subgrade_condition"", ""label"": ""subgrade_weakened"", ""start_m"": 257.4, ""count"": 48, ""side"": ""right"", ""directions"": ""vertical"", ""stiffness_factor_eta_k"": 0.2648, ""damping_factor_eta_c"": 1.0}, {""type"": ""fastener_failure"", ""label"": ""fastener_eta"", ""start_m"": 258.0, ""count"": 10, ""side"": ""right"", ""directions"": ""both"", ""stiffness_factor_eta_k"": 0.25, ""damping_factor_eta_c"": 1.0}]"
s051_seed78825186_v215_baseline,78825186,215,train,baseline,[]
s051_seed78825186_v215_fastener,78825186,215,train,fastener,"[{""type"": ""fastener_failure"", ""label"": ""fastener_eta"", ""start_m"": 202.8, ""count"": 1, ""side"": ""both"", ""directions"": ""both"", ""stiffness_factor_eta_k"": 0.75, ""damping_factor_eta_c"": 1.0}]"
s051_seed78825186_v215_sleeper_void,78825186,215,train,sleeper_void,"[{""type"": ""sleeper_void"", ""label"": ""sleeper_void"", ""start_m"": 192.6, ""count"": 1, ""side"": ""left"", ""directions"": ""vertical"", ""delta_gap_mm"": 1.4}]"
s051_seed78825186_v215_ballast,78825186,215,train,ballast,"[{""type"": ""ballast_condition"", ""label"": ""ballast_loose"", ""start_m"": 215.4, ""count"": 166, ""side"": ""both"", ""directions"": ""vertical"", ""stiffness_factor_eta_k"": 0.3413, ""damping_factor_eta_c"": 1.0}]"
s051_seed78825186_v215_subgrade,78825186,215,train,subgrade,"[{""type"": ""subgrade_condition"", ""label"": ""subgrade_weakened"", ""start_m"": 210.0, ""count"": 81, ""side"": ""right"", ""directions"": ""vertical"", ""stiffness_factor_eta_k"": 0.325, ""damping_factor_eta_c"": 1.0}]"
s051_seed78825186_v215_coupled_subgrade_ballast,78825186,215,train,coupled_subgrade_ballast,"[{""type"": ""subgrade_condition"", ""label"": ""subgrade_weakened"", ""start_m"": 225.0, ""count"": 29, ""side"": ""both"", ""directions"": ""vertical"", ""stiffness_factor_eta_k"": 0.5825, ""damping_factor_eta_c"": 1.0}, {""type"": ""ballast_condition"", ""label"": ""ballast_loose"", ""start_m"": 188.4, ""count"": 67, ""side"": ""left"", ""directions"": ""vertical"", ""stiffness_factor_eta_k"": 0.6335, ""damping_factor_eta_c"": 1.0}]"
s052_seed85399051_v215_baseline,85399051,215,train,baseline,[]
s052_seed85399051_v215_fastener,85399051,215,train,fastener,"[{""type"": ""fastener_failure"", ""label"": ""fastener_eta"", ""start_m"": 231.6, ""count"": 9, ""side"": ""both"", ""directions"": ""both"", ""stiffness_factor_eta_k"": 0.75, ""damping_factor_eta_c"": 1.0}]"
s052_seed85399051_v215_sleeper_void,85399051,215,train,sleeper_void,"[{""type"": ""sleeper_void"", ""label"": ""sleeper_void"", ""start_m"": 292.8, ""count"": 10, ""side"": ""left"", ""directions"": ""vertical"", ""delta_gap_mm"": 1.07}]"
s052_seed85399051_v215_ballast,85399051,215,train,ballast,"[{""type"": ""ballast_condition"", ""label"": ""ballast_loose"", ""start_m"": 214.8, ""count"": 61, ""side"": ""both"", ""directions"": ""vertical"", ""stiffness_factor_eta_k"": 0.3378, ""damping_factor_eta_c"": 1.0}]"
s052_seed85399051_v215_subgrade,85399051,215,train,subgrade,"[{""type"": ""subgrade_condition"", ""label"": ""subgrade_weakened"", ""start_m"": 268.8, ""count"": 114, ""side"": ""both"", ""directions"": ""vertical"", ""stiffness_factor_eta_k"": 0.693, ""damping_factor_eta_c"": 1.0}]"
s052_seed85399051_v215_coupled_ballast_sleeper_void,85399051,215,train,coupled_ballast_sleeper_void,"[{""type"": ""ballast_condition"", ""label"": ""ballast_loose"", ""start_m"": 222.0, ""count"": 160, ""side"": ""right"", ""directions"": ""vertical"", ""stiffness_factor_eta_k"": 0.3992, ""damping_factor_eta_c"": 1.0}, {""type"": ""sleeper_void"", ""label"": ""sleeper_void"", ""start_m"": 208.8, ""count"": 2, ""side"": ""right"", ""directions"": ""vertical"", ""delta_gap_mm"": 2.42}]"
s053_seed29657402_v215_baseline,29657402,215,train,baseline,[]
s053_seed29657402_v215_fastener,29657402,215,train,fastener,"[{""type"": ""fastener_failure"", ""label"": ""fastener_eta"", ""start_m"": 151.8, ""count"": 8, ""side"": ""both"", ""directions"": ""both"", ""stiffness_factor_eta_k"": 0.1, ""damping_factor_eta_c"": 1.0}]"
s053_seed29657402_v215_sleeper_void,29657402,215,train,sleeper_void,"[{""type"": ""sleeper_void"", ""label"": ""sleeper_void"", ""start_m"": 170.4, ""count"": 10, ""side"": ""both"", ""directions"": ""vertical"", ""delta_gap_mm"": 2.69}]"
s053_seed29657402_v215_ballast,29657402,215,train,ballast,"[{""type"": ""ballast_condition"", ""label"": ""ballast_hardened"", ""start_m"": 182.4, ""count"": 30, ""side"": ""right"", ""directions"": ""vertical"", ""stiffness_factor_eta_k"": 6.8597, ""damping_factor_eta_c"": 1.0}]"
s053_seed29657402_v215_subgrade,29657402,215,train,subgrade,"[{""type"": ""subgrade_condition"", ""label"": ""subgrade_weakened"", ""start_m"": 187.8, ""count"": 160, ""side"": ""both"", ""directions"": ""vertical"", ""stiffness_factor_eta_k"": 0.3976, ""damping_factor_eta_c"": 1.0}]"
s053_seed29657402_v215_coupled_fastener_ballast,29657402,215,train,coupled_fastener_ballast,"[{""type"": ""fastener_failure"", ""label"": ""fastener_eta"", ""start_m"": 208.8, ""count"": 6, ""side"": ""both"", ""directions"": ""both"", ""stiffness_factor_eta_k"": 0.5, ""damping_factor_eta_c"": 1.0}, {""type"": ""ballast_condition"", ""label"": ""ballast_hardened"", ""start_m"": 259.2, ""count"": 96, ""side"": ""right"", ""directions"": ""vertical"", ""stiffness_factor_eta_k"": 7.2203, ""damping_factor_eta_c"": 1.0}]"
s054_seed74712047_v215_baseline,74712047,215,train,baseline,[]
s054_seed74712047_v215_fastener,74712047,215,train,fastener,"[{""type"": ""fastener_failure"", ""label"": ""fastener_eta"", ""start_m"": 238.2, ""count"": 2, ""side"": ""both"", ""directions"": ""both"", ""stiffness_factor_eta_k"": 0.0, ""damping_factor_eta_c"": 1.0}]"
s054_seed74712047_v215_sleeper_void,74712047,215,train,sleeper_void,"[{""type"": ""sleeper_void"", ""label"": ""sleeper_void"", ""start_m"": 256.8, ""count"": 6, ""side"": ""both"", ""directions"": ""vertical"", ""delta_gap_mm"": 1.77}]"
s054_seed74712047_v215_ballast,74712047,215,train,ballast,"[{""type"": ""ballast_condition"", ""label"": ""ballast_loose"", ""start_m"": 185.4, ""count"": 56, ""side"": ""right"", ""directions"": ""vertical"", ""stiffness_factor_eta_k"": 0.3673, ""damping_factor_eta_c"": 1.0}]"
s054_seed74712047_v215_subgrade,74712047,215,train,subgrade,"[{""type"": ""subgrade_condition"", ""label"": ""subgrade_weakened"", ""start_m"": 230.4, ""count"": 123, ""side"": ""both"", ""directions"": ""vertical"", ""stiffness_factor_eta_k"": 0.6115, ""damping_factor_eta_c"": 1.0}]"
s054_seed74712047_v215_coupled_sleeper_void_subgrade,74712047,215,train,coupled_sleeper_void_subgrade,"[{""type"": ""sleeper_void"", ""label"": ""sleeper_void"", ""start_m"": 255.0, ""count"": 1, ""side"": ""right"", ""directions"": ""vertical"", ""delta_gap_mm"": 1.45}, {""type"": ""subgrade_condition"", ""label"": ""subgrade_weakened"", ""start_m"": 274.2, ""count"": 110, ""side"": ""both"", ""directions"": ""vertical"", ""stiffness_factor_eta_k"": 0.69, ""damping_factor_eta_c"": 1.0}]"
s055_seed15258332_v215_baseline,15258332,215,train,baseline,[]
s055_seed15258332_v215_fastener,15258332,215,train,fastener,"[{""type"": ""fastener_failure"", ""label"": ""fastener_eta"", ""start_m"": 234.6, ""count"": 9, ""side"": ""both"", ""directions"": ""both"", ""stiffness_factor_eta_k"": 0.1, ""damping_factor_eta_c"": 1.0}]"
s055_seed15258332_v215_sleeper_void,15258332,215,train,sleeper_void,"[{""type"": ""sleeper_void"", ""label"": ""sleeper_void"", ""start_m"": 210.0, ""count"": 4, ""side"": ""both"", ""directions"": ""vertical"", ""delta_gap_mm"": 1.26}]"
s055_seed15258332_v215_ballast,15258332,215,train,ballast,"[{""type"": ""ballast_condition"", ""label"": ""ballast_hardened"", ""start_m"": 291.0, ""count"": 44, ""side"": ""right"", ""directions"": ""vertical"", ""stiffness_factor_eta_k"": 7.5695, ""damping_factor_eta_c"": 1.0}]"
s055_seed15258332_v215_subgrade,15258332,215,train,subgrade,"[{""type"": ""subgrade_condition"", ""label"": ""subgrade_weakened"", ""start_m"": 225.6, ""count"": 65, ""side"": ""right"", ""directions"": ""vertical"", ""stiffness_factor_eta_k"": 0.7814, ""damping_factor_eta_c"": 1.0}]"
s055_seed15258332_v215_coupled_fastener_subgrade,15258332,215,train,coupled_fastener_subgrade,"[{""type"": ""fastener_failure"", ""label"": ""fastener_eta"", ""start_m"": 255.6, ""count"": 8, ""side"": ""both"", ""directions"": ""both"", ""stiffness_factor_eta_k"": 0.75, ""damping_factor_eta_c"": 1.0}, {""type"": ""subgrade_condition"", ""label"": ""subgrade_weakened"", ""start_m"": 159.6, ""count"": 85, ""side"": ""right"", ""directions"": ""vertical"", ""stiffness_factor_eta_k"": 0.1236, ""damping_factor_eta_c"": 1.0}]"
s056_seed68162758_v215_baseline,68162758,215,train,baseline,[]
s056_seed68162758_v215_fastener,68162758,215,train,fastener,"[{""type"": ""fastener_failure"", ""label"": ""fastener_eta"", ""start_m"": 250.2, ""count"": 8, ""side"": ""left"", ""directions"": ""both"", ""stiffness_factor_eta_k"": 0.75, ""damping_factor_eta_c"": 1.0}]"
s056_seed68162758_v215_sleeper_void,68162758,215,train,sleeper_void,"[{""type"": ""sleeper_void"", ""label"": ""sleeper_void"", ""start_m"": 208.2, ""count"": 9, ""side"": ""right"", ""directions"": ""vertical"", ""delta_gap_mm"": 1.08}]"
s056_seed68162758_v215_ballast,68162758,215,train,ballast,"[{""type"": ""ballast_condition"", ""label"": ""ballast_hardened"", ""start_m"": 225.6, ""count"": 29, ""side"": ""left"", ""directions"": ""vertical"", ""stiffness_factor_eta_k"": 4.0528, ""damping_factor_eta_c"": 1.0}]"
s056_seed68162758_v215_subgrade,68162758,215,train,subgrade,"[{""type"": ""subgrade_condition"", ""label"": ""subgrade_weakened"", ""start_m"": 179.4, ""count"": 94, ""side"": ""right"", ""directions"": ""vertical"", ""stiffness_factor_eta_k"": 0.7686, ""damping_factor_eta_c"": 1.0}]"
s056_seed68162758_v215_coupled_fastener_subgrade,68162758,215,train,coupled_fastener_subgrade,"[{""type"": ""fastener_failure"", ""label"": ""fastener_eta"", ""start_m"": 225.0, ""count"": 3, ""side"": ""right"", ""directions"": ""both"", ""stiffness_factor_eta_k"": 0.25, ""damping_factor_eta_c"": 1.0}, {""type"": ""subgrade_condition"", ""label"": ""subgrade_weakened"", ""start_m"": 174.0, ""count"": 115, ""side"": ""right"", ""directions"": ""vertical"", ""stiffness_factor_eta_k"": 0.4743, ""damping_factor_eta_c"": 1.0}]"
s057_seed65657739_v215_baseline,65657739,215,train,baseline,[]
s057_seed65657739_v215_fastener,65657739,215,train,fastener,"[{""type"": ""fastener_failure"", ""label"": ""fastener_eta"", ""start_m"": 277.8, ""count"": 6, ""side"": ""both"", ""directions"": ""both"", ""stiffness_factor_eta_k"": 0.0, ""damping_factor_eta_c"": 1.0}]"
s057_seed65657739_v215_sleeper_void,65657739,215,train,sleeper_void,"[{""type"": ""sleeper_void"", ""label"": ""sleeper_void"", ""start_m"": 165.6, ""count"": 2, ""side"": ""left"", ""directions"": ""vertical"", ""delta_gap_mm"": 1.47}]"
s057_seed65657739_v215_ballast,65657739,215,train,ballast,"[{""type"": ""ballast_condition"", ""label"": ""ballast_hardened"", ""start_m"": 228.0, ""count"": 96, ""side"": ""both"", ""directions"": ""vertical"", ""stiffness_factor_eta_k"": 5.6802, ""damping_factor_eta_c"": 1.0}]"
s057_seed65657739_v215_subgrade,65657739,215,train,subgrade,"[{""type"": ""subgrade_condition"", ""label"": ""subgrade_weakened"", ""start_m"": 286.8, ""count"": 92, ""side"": ""both"", ""directions"": ""vertical"", ""stiffness_factor_eta_k"": 0.3243, ""damping_factor_eta_c"": 1.0}]"
s057_seed65657739_v215_coupled_sleeper_void_subgrade,65657739,215,train,coupled_sleeper_void_subgrade,"[{""type"": ""sleeper_void"", ""label"": ""sleeper_void"", ""start_m"": 185.4, ""count"": 5, ""side"": ""right"", ""directions"": ""vertical"", ""delta_gap_mm"": 1.71}, {""type"": ""subgrade_condition"", ""label"": ""subgrade_weakened"", ""start_m"": 204.0, ""count"": 160, ""side"": ""left"", ""directions"": ""vertical"", ""stiffness_factor_eta_k"": 0.3517, ""damping_factor_eta_c"": 1.0}]"
s058_seed42589834_v215_baseline,42589834,215,train,baseline,[]
s058_seed42589834_v215_fastener,42589834,215,train,fastener,"[{""type"": ""fastener_failure"", ""label"": ""fastener_eta"", ""start_m"": 219.6, ""count"": 8, ""side"": ""both"", ""directions"": ""both"", ""stiffness_factor_eta_k"": 0.75, ""damping_factor_eta_c"": 1.0}]"
s058_seed42589834_v215_sleeper_void,42589834,215,train,sleeper_void,"[{""type"": ""sleeper_void"", ""label"": ""sleeper_void"", ""start_m"": 292.8, ""count"": 5, ""side"": ""right"", ""directions"": ""vertical"", ""delta_gap_mm"": 0.83}]"
s058_seed42589834_v215_ballast,42589834,215,train,ballast,"[{""type"": ""ballast_condition"", ""label"": ""ballast_loose"", ""start_m"": 218.4, ""count"": 28, ""side"": ""left"", ""directions"": ""vertical"", ""stiffness_factor_eta_k"": 0.2619, ""damping_factor_eta_c"": 1.0}]"
s058_seed42589834_v215_subgrade,42589834,215,train,subgrade,"[{""type"": ""subgrade_condition"", ""label"": ""subgrade_weakened"", ""start_m"": 289.8, ""count"": 115, ""side"": ""both"", ""directions"": ""vertical"", ""stiffness_factor_eta_k"": 0.3596, ""damping_factor_eta_c"": 1.0}]"
s058_seed42589834_v215_coupled_subgrade_fastener,42589834,215,train,coupled_subgrade_fastener,"[{""type"": ""subgrade_condition"", ""label"": ""subgrade_weakened"", ""start_m"": 247.2, ""count"": 55, ""side"": ""right"", ""directions"": ""vertical"", ""stiffness_factor_eta_k"": 0.7045, ""damping_factor_eta_c"": 1.0}, {""type"": ""fastener_failure"", ""label"": ""fastener_eta"", ""start_m"": 156.0, ""count"": 2, ""side"": ""both"", ""directions"": ""both"", ""stiffness_factor_eta_k"": 0.5, ""damping_factor_eta_c"": 1.0}]"
s059_seed63273372_v215_baseline,63273372,215,train,baseline,[]
s059_seed63273372_v215_fastener,63273372,215,train,fastener,"[{""type"": ""fastener_failure"", ""label"": ""fastener_eta"", ""start_m"": 185.4, ""count"": 8, ""side"": ""both"", ""directions"": ""both"", ""stiffness_factor_eta_k"": 0.5, ""damping_factor_eta_c"": 1.0}]"
s059_seed63273372_v215_sleeper_void,63273372,215,train,sleeper_void,"[{""type"": ""sleeper_void"", ""label"": ""sleeper_void"", ""start_m"": 156.0, ""count"": 7, ""side"": ""both"", ""directions"": ""vertical"", ""delta_gap_mm"": 1.97}]"
s059_seed63273372_v215_ballast,63273372,215,train,ballast,"[{""type"": ""ballast_condition"", ""label"": ""ballast_hardened"", ""start_m"": 169.2, ""count"": 55, ""side"": ""both"", ""directions"": ""vertical"", ""stiffness_factor_eta_k"": 3.0834, ""damping_factor_eta_c"": 1.0}]"
s059_seed63273372_v215_subgrade,63273372,215,train,subgrade,"[{""type"": ""subgrade_condition"", ""label"": ""subgrade_weakened"", ""start_m"": 256.2, ""count"": 98, ""side"": ""both"", ""directions"": ""vertical"", ""stiffness_factor_eta_k"": 0.3384, ""damping_factor_eta_c"": 1.0}]"
s059_seed63273372_v215_coupled_fastener_ballast,63273372,215,train,coupled_fastener_ballast,"[{""type"": ""fastener_failure"", ""label"": ""fastener_eta"", ""start_m"": 292.2, ""count"": 9, ""side"": ""both"", ""directions"": ""both"", ""stiffness_factor_eta_k"": 0.25, ""damping_factor_eta_c"": 1.0}, {""type"": ""ballast_condition"", ""label"": ""ballast_hardened"", ""start_m"": 231.6, ""count"": 63, ""side"": ""right"", ""directions"": ""vertical"", ""stiffness_factor_eta_k"": 1.656, ""damping_factor_eta_c"": 1.0}]"
s060_seed23956834_v215_baseline,23956834,215,train,baseline,[]
s060_seed23956834_v215_fastener,23956834,215,train,fastener,"[{""type"": ""fastener_failure"", ""label"": ""fastener_eta"", ""start_m"": 159.6, ""count"": 6, ""side"": ""both"", ""directions"": ""both"", ""stiffness_factor_eta_k"": 0.1, ""damping_factor_eta_c"": 1.0}]"
s060_seed23956834_v215_sleeper_void,23956834,215,train,sleeper_void,"[{""type"": ""sleeper_void"", ""label"": ""sleeper_void"", ""start_m"": 235.2, ""count"": 2, ""side"": ""both"", ""directions"": ""vertical"", ""delta_gap_mm"": 2.2}]"
s060_seed23956834_v215_ballast,23956834,215,train,ballast,"[{""type"": ""ballast_condition"", ""label"": ""ballast_hardened"", ""start_m"": 155.4, ""count"": 161, ""side"": ""left"", ""directions"": ""vertical"", ""stiffness_factor_eta_k"": 6.4679, ""damping_factor_eta_c"": 1.0}]"
s060_seed23956834_v215_subgrade,23956834,215,train,subgrade,"[{""type"": ""subgrade_condition"", ""label"": ""subgrade_weakened"", ""start_m"": 213.0, ""count"": 26, ""side"": ""left"", ""directions"": ""vertical"", ""stiffness_factor_eta_k"": 0.1165, ""damping_factor_eta_c"": 1.0}]"
s060_seed23956834_v215_coupled_sleeper_void_fastener,23956834,215,train,coupled_sleeper_void_fastener,"[{""type"": ""sleeper_void"", ""label"": ""sleeper_void"", ""start_m"": 219.0, ""count"": 6, ""side"": ""right"", ""directions"": ""vertical"", ""delta_gap_mm"": 1.86}, {""type"": ""fastener_failure"", ""label"": ""fastener_eta"", ""start_m"": 213.6, ""count"": 9, ""side"": ""left"", ""directions"": ""both"", ""stiffness_factor_eta_k"": 0.1, ""damping_factor_eta_c"": 1.0}]"
s061_seed43860874_v215_baseline,43860874,215,train,baseline,[]
s061_seed43860874_v215_fastener,43860874,215,train,fastener,"[{""type"": ""fastener_failure"", ""label"": ""fastener_eta"", ""start_m"": 224.4, ""count"": 7, ""side"": ""left"", ""directions"": ""both"", ""stiffness_factor_eta_k"": 0.1, ""damping_factor_eta_c"": 1.0}]"
s061_seed43860874_v215_sleeper_void,43860874,215,train,sleeper_void,"[{""type"": ""sleeper_void"", ""label"": ""sleeper_void"", ""start_m"": 171.6, ""count"": 3, ""side"": ""both"", ""directions"": ""vertical"", ""delta_gap_mm"": 2.45}]"
s061_seed43860874_v215_ballast,43860874,215,train,ballast,"[{""type"": ""ballast_condition"", ""label"": ""ballast_loose"", ""start_m"": 238.2, ""count"": 116, ""side"": ""left"", ""directions"": ""vertical"", ""stiffness_factor_eta_k"": 0.2397, ""damping_factor_eta_c"": 1.0}]"
s061_seed43860874_v215_subgrade,43860874,215,train,subgrade,"[{""type"": ""subgrade_condition"", ""label"": ""subgrade_weakened"", ""start_m"": 183.6, ""count"": 73, ""side"": ""left"", ""directions"": ""vertical"", ""stiffness_factor_eta_k"": 0.4838, ""damping_factor_eta_c"": 1.0}]"
s061_seed43860874_v215_coupled_ballast_sleeper_void,43860874,215,train,coupled_ballast_sleeper_void,"[{""type"": ""ballast_condition"", ""label"": ""ballast_loose"", ""start_m"": 260.4, ""count"": 67, ""side"": ""both"", ""directions"": ""vertical"", ""stiffness_factor_eta_k"": 0.2653, ""damping_factor_eta_c"": 1.0}, {""type"": ""sleeper_void"", ""label"": ""sleeper_void"", ""start_m"": 263.4, ""count"": 10, ""side"": ""left"", ""directions"": ""vertical"", ""delta_gap_mm"": 1.98}]"
s062_seed37607718_v215_baseline,37607718,215,train,baseline,[]
s062_seed37607718_v215_fastener,37607718,215,train,fastener,"[{""type"": ""fastener_failure"", ""label"": ""fastener_eta"", ""start_m"": 226.8, ""count"": 10, ""side"": ""both"", ""directions"": ""both"", ""stiffness_factor_eta_k"": 0.75, ""damping_factor_eta_c"": 1.0}]"
s062_seed37607718_v215_sleeper_void,37607718,215,train,sleeper_void,"[{""type"": ""sleeper_void"", ""label"": ""sleeper_void"", ""start_m"": 254.4, ""count"": 7, ""side"": ""left"", ""directions"": ""vertical"", ""delta_gap_mm"": 0.84}]"
s062_seed37607718_v215_ballast,37607718,215,train,ballast,"[{""type"": ""ballast_condition"", ""label"": ""ballast_hardened"", ""start_m"": 177.0, ""count"": 94, ""side"": ""both"", ""directions"": ""vertical"", ""stiffness_factor_eta_k"": 5.8758, ""damping_factor_eta_c"": 1.0}]"
s062_seed37607718_v215_subgrade,37607718,215,train,subgrade,"[{""type"": ""subgrade_condition"", ""label"": ""subgrade_weakened"", ""start_m"": 199.2, ""count"": 62, ""side"": ""left"", ""directions"": ""vertical"", ""stiffness_factor_eta_k"": 0.6928, ""damping_factor_eta_c"": 1.0}]"
s062_seed37607718_v215_coupled_fastener_subgrade,37607718,215,train,coupled_fastener_subgrade,"[{""type"": ""fastener_failure"", ""label"": ""fastener_eta"", ""start_m"": 211.2, ""count"": 8, ""side"": ""both"", ""directions"": ""both"", ""stiffness_factor_eta_k"": 0.1, ""damping_factor_eta_c"": 1.0}, {""type"": ""subgrade_condition"", ""label"": ""subgrade_weakened"", ""start_m"": 244.2, ""count"": 117, ""side"": ""both"", ""directions"": ""vertical"", ""stiffness_factor_eta_k"": 0.2432, ""damping_factor_eta_c"": 1.0}]"
s063_seed88424244_v215_baseline,88424244,215,train,baseline,[]
s063_seed88424244_v215_fastener,88424244,215,train,fastener,"[{""type"": ""fastener_failure"", ""label"": ""fastener_eta"", ""start_m"": 200.4, ""count"": 3, ""side"": ""both"", ""directions"": ""both"", ""stiffness_factor_eta_k"": 0.75, ""damping_factor_eta_c"": 1.0}]"
s063_seed88424244_v215_sleeper_void,88424244,215,train,sleeper_void,"[{""type"": ""sleeper_void"", ""label"": ""sleeper_void"", ""start_m"": 263.4, ""count"": 9, ""side"": ""left"", ""directions"": ""vertical"", ""delta_gap_mm"": 2.65}]"
s063_seed88424244_v215_ballast,88424244,215,train,ballast,"[{""type"": ""ballast_condition"", ""label"": ""ballast_hardened"", ""start_m"": 295.8, ""count"": 135, ""side"": ""left"", ""directions"": ""vertical"", ""stiffness_factor_eta_k"": 7.3075, ""damping_factor_eta_c"": 1.0}]"
s063_seed88424244_v215_subgrade,88424244,215,train,subgrade,"[{""type"": ""subgrade_condition"", ""label"": ""subgrade_weakened"", ""start_m"": 153.6, ""count"": 157, ""side"": ""right"", ""directions"": ""vertical"", ""stiffness_factor_eta_k"": 0.4436, ""damping_factor_eta_c"": 1.0}]"
s063_seed88424244_v215_coupled_sleeper_void_ballast,88424244,215,train,coupled_sleeper_void_ballast,"[{""type"": ""sleeper_void"", ""label"": ""sleeper_void"", ""start_m"": 266.4, ""count"": 2, ""side"": ""right"", ""directions"": ""vertical"", ""delta_gap_mm"": 2.01}, {""type"": ""ballast_condition"", ""label"": ""ballast_loose"", ""start_m"": 193.2, ""count"": 58, ""side"": ""right"", ""directions"": ""vertical"", ""stiffness_factor_eta_k"": 0.2841, ""damping_factor_eta_c"": 1.0}]"
s064_seed96873032_v215_baseline,96873032,215,train,baseline,[]
s064_seed96873032_v215_fastener,96873032,215,train,fastener,"[{""type"": ""fastener_failure"", ""label"": ""fastener_eta"", ""start_m"": 258.0, ""count"": 6, ""side"": ""right"", ""directions"": ""both"", ""stiffness_factor_eta_k"": 0.5, ""damping_factor_eta_c"": 1.0}]"
s064_seed96873032_v215_sleeper_void,96873032,215,train,sleeper_void,"[{""type"": ""sleeper_void"", ""label"": ""sleeper_void"", ""start_m"": 157.8, ""count"": 7, ""side"": ""both"", ""directions"": ""vertical"", ""delta_gap_mm"": 2.72}]"
s064_seed96873032_v215_ballast,96873032,215,train,ballast,"[{""type"": ""ballast_condition"", ""label"": ""ballast_loose"", ""start_m"": 175.8, ""count"": 11, ""side"": ""both"", ""directions"": ""vertical"", ""stiffness_factor_eta_k"": 0.5754, ""damping_factor_eta_c"": 1.0}]"
s064_seed96873032_v215_subgrade,96873032,215,train,subgrade,"[{""type"": ""subgrade_condition"", ""label"": ""subgrade_weakened"", ""start_m"": 220.2, ""count"": 60, ""side"": ""left"", ""directions"": ""vertical"", ""stiffness_factor_eta_k"": 0.1688, ""damping_factor_eta_c"": 1.0}]"
s064_seed96873032_v215_coupled_fastener_sleeper_void,96873032,215,train,coupled_fastener_sleeper_void,"[{""type"": ""fastener_failure"", ""label"": ""fastener_eta"", ""start_m"": 279.0, ""count"": 2, ""side"": ""both"", ""directions"": ""both"", ""stiffness_factor_eta_k"": 0.1, ""damping_factor_eta_c"": 1.0}, {""type"": ""sleeper_void"", ""label"": ""sleeper_void"", ""start_m"": 165.0, ""count"": 5, ""side"": ""both"", ""directions"": ""vertical"", ""delta_gap_mm"": 1.65}]"
s065_seed12550332_v215_baseline,12550332,215,train,baseline,[]
s065_seed12550332_v215_fastener,12550332,215,train,fastener,"[{""type"": ""fastener_failure"", ""label"": ""fastener_eta"", ""start_m"": 156.0, ""count"": 10, ""side"": ""both"", ""directions"": ""both"", ""stiffness_factor_eta_k"": 0.1, ""damping_factor_eta_c"": 1.0}]"
s065_seed12550332_v215_sleeper_void,12550332,215,train,sleeper_void,"[{""type"": ""sleeper_void"", ""label"": ""sleeper_void"", ""start_m"": 160.2, ""count"": 1, ""side"": ""left"", ""directions"": ""vertical"", ""delta_gap_mm"": 0.82}]"
s065_seed12550332_v215_ballast,12550332,215,train,ballast,"[{""type"": ""ballast_condition"", ""label"": ""ballast_loose"", ""start_m"": 166.8, ""count"": 144, ""side"": ""left"", ""directions"": ""vertical"", ""stiffness_factor_eta_k"": 0.7601, ""damping_factor_eta_c"": 1.0}]"
s065_seed12550332_v215_subgrade,12550332,215,train,subgrade,"[{""type"": ""subgrade_condition"", ""label"": ""subgrade_weakened"", ""start_m"": 286.2, ""count"": 106, ""side"": ""both"", ""directions"": ""vertical"", ""stiffness_factor_eta_k"": 0.7199, ""damping_factor_eta_c"": 1.0}]"
s065_seed12550332_v215_coupled_subgrade_fastener,12550332,215,train,coupled_subgrade_fastener,"[{""type"": ""subgrade_condition"", ""label"": ""subgrade_weakened"", ""start_m"": 233.4, ""count"": 134, ""side"": ""right"", ""directions"": ""vertical"", ""stiffness_factor_eta_k"": 0.5254, ""damping_factor_eta_c"": 1.0}, {""type"": ""fastener_failure"", ""label"": ""fastener_eta"", ""start_m"": 271.8, ""count"": 10, ""side"": ""left"", ""directions"": ""both"", ""stiffness_factor_eta_k"": 0.25, ""damping_factor_eta_c"": 1.0}]"
s066_seed46101132_v215_baseline,46101132,215,val,baseline,[]
s066_seed46101132_v215_fastener,46101132,215,val,fastener,"[{""type"": ""fastener_failure"", ""label"": ""fastener_eta"", ""start_m"": 241.8, ""count"": 9, ""side"": ""both"", ""directions"": ""both"", ""stiffness_factor_eta_k"": 0.1, ""damping_factor_eta_c"": 1.0}]"
s066_seed46101132_v215_sleeper_void,46101132,215,val,sleeper_void,"[{""type"": ""sleeper_void"", ""label"": ""sleeper_void"", ""start_m"": 223.8, ""count"": 8, ""side"": ""both"", ""directions"": ""vertical"", ""delta_gap_mm"": 1.82}]"
s066_seed46101132_v215_ballast,46101132,215,val,ballast,"[{""type"": ""ballast_condition"", ""label"": ""ballast_loose"", ""start_m"": 156.6, ""count"": 160, ""side"": ""both"", ""directions"": ""vertical"", ""stiffness_factor_eta_k"": 0.7536, ""damping_factor_eta_c"": 1.0}]"
s066_seed46101132_v215_subgrade,46101132,215,val,subgrade,"[{""type"": ""subgrade_condition"", ""label"": ""subgrade_weakened"", ""start_m"": 153.0, ""count"": 135, ""side"": ""left"", ""directions"": ""vertical"", ""stiffness_factor_eta_k"": 0.7059, ""damping_factor_eta_c"": 1.0}]"
s066_seed46101132_v215_coupled_subgrade_fastener,46101132,215,val,coupled_subgrade_fastener,"[{""type"": ""subgrade_condition"", ""label"": ""subgrade_weakened"", ""start_m"": 295.2, ""count"": 61, ""side"": ""left"", ""directions"": ""vertical"", ""stiffness_factor_eta_k"": 0.1572, ""damping_factor_eta_c"": 1.0}, {""type"": ""fastener_failure"", ""label"": ""fastener_eta"", ""start_m"": 285.0, ""count"": 6, ""side"": ""right"", ""directions"": ""both"", ""stiffness_factor_eta_k"": 0.5, ""damping_factor_eta_c"": 1.0}]"
s067_seed76750189_v215_baseline,76750189,215,val,baseline,[]
s067_seed76750189_v215_fastener,76750189,215,val,fastener,"[{""type"": ""fastener_failure"", ""label"": ""fastener_eta"", ""start_m"": 265.2, ""count"": 5, ""side"": ""right"", ""directions"": ""both"", ""stiffness_factor_eta_k"": 0.1, ""damping_factor_eta_c"": 1.0}]"
s067_seed76750189_v215_sleeper_void,76750189,215,val,sleeper_void,"[{""type"": ""sleeper_void"", ""label"": ""sleeper_void"", ""start_m"": 291.6, ""count"": 2, ""side"": ""right"", ""directions"": ""vertical"", ""delta_gap_mm"": 1.67}]"
s067_seed76750189_v215_ballast,76750189,215,val,ballast,"[{""type"": ""ballast_condition"", ""label"": ""ballast_loose"", ""start_m"": 172.8, ""count"": 12, ""side"": ""both"", ""directions"": ""vertical"", ""stiffness_factor_eta_k"": 0.2937, ""damping_factor_eta_c"": 1.0}]"
s067_seed76750189_v215_subgrade,76750189,215,val,subgrade,"[{""type"": ""subgrade_condition"", ""label"": ""subgrade_weakened"", ""start_m"": 157.8, ""count"": 101, ""side"": ""both"", ""directions"": ""vertical"", ""stiffness_factor_eta_k"": 0.1393, ""damping_factor_eta_c"": 1.0}]"
s067_seed76750189_v215_coupled_subgrade_ballast,76750189,215,val,coupled_subgrade_ballast,"[{""type"": ""subgrade_condition"", ""label"": ""subgrade_weakened"", ""start_m"": 255.6, ""count"": 61, ""side"": ""both"", ""directions"": ""vertical"", ""stiffness_factor_eta_k"": 0.6771, ""damping_factor_eta_c"": 1.0}, {""type"": ""ballast_condition"", ""label"": ""ballast_hardened"", ""start_m"": 176.4, ""count"": 130, ""side"": ""both"", ""directions"": ""vertical"", ""stiffness_factor_eta_k"": 4.4439, ""damping_factor_eta_c"": 1.0}]"
s068_seed52458309_v215_baseline,52458309,215,val,baseline,[]
s068_seed52458309_v215_fastener,52458309,215,val,fastener,"[{""type"": ""fastener_failure"", ""label"": ""fastener_eta"", ""start_m"": 207.0, ""count"": 8, ""side"": ""both"", ""directions"": ""both"", ""stiffness_factor_eta_k"": 0.0, ""damping_factor_eta_c"": 1.0}]"
s068_seed52458309_v215_sleeper_void,52458309,215,val,sleeper_void,"[{""type"": ""sleeper_void"", ""label"": ""sleeper_void"", ""start_m"": 235.8, ""count"": 3, ""side"": ""left"", ""directions"": ""vertical"", ""delta_gap_mm"": 0.98}]"
s068_seed52458309_v215_ballast,52458309,215,val,ballast,"[{""type"": ""ballast_condition"", ""label"": ""ballast_loose"", ""start_m"": 211.2, ""count"": 78, ""side"": ""both"", ""directions"": ""vertical"", ""stiffness_factor_eta_k"": 0.5801, ""damping_factor_eta_c"": 1.0}]"
s068_seed52458309_v215_subgrade,52458309,215,val,subgrade,"[{""type"": ""subgrade_condition"", ""label"": ""subgrade_weakened"", ""start_m"": 277.8, ""count"": 144, ""side"": ""both"", ""directions"": ""vertical"", ""stiffness_factor_eta_k"": 0.7943, ""damping_factor_eta_c"": 1.0}]"
s068_seed52458309_v215_coupled_fastener_sleeper_void,52458309,215,val,coupled_fastener_sleeper_void,"[{""type"": ""fastener_failure"", ""label"": ""fastener_eta"", ""start_m"": 298.8, ""count"": 7, ""side"": ""both"", ""directions"": ""both"", ""stiffness_factor_eta_k"": 0.75, ""damping_factor_eta_c"": 1.0}, {""type"": ""sleeper_void"", ""label"": ""sleeper_void"", ""start_m"": 202.8, ""count"": 1, ""side"": ""both"", ""directions"": ""vertical"", ""delta_gap_mm"": 1.51}]"
s069_seed49194748_v215_baseline,49194748,215,test,baseline,[]
s069_seed49194748_v215_fastener,49194748,215,test,fastener,"[{""type"": ""fastener_failure"", ""label"": ""fastener_eta"", ""start_m"": 288.6, ""count"": 2, ""side"": ""left"", ""directions"": ""both"", ""stiffness_factor_eta_k"": 0.0, ""damping_factor_eta_c"": 1.0}]"
s069_seed49194748_v215_sleeper_void,49194748,215,test,sleeper_void,"[{""type"": ""sleeper_void"", ""label"": ""sleeper_void"", ""start_m"": 222.6, ""count"": 1, ""side"": ""right"", ""directions"": ""vertical"", ""delta_gap_mm"": 1.12}]"
s069_seed49194748_v215_ballast,49194748,215,test,ballast,"[{""type"": ""ballast_condition"", ""label"": ""ballast_hardened"", ""start_m"": 288.0, ""count"": 118, ""side"": ""left"", ""directions"": ""vertical"", ""stiffness_factor_eta_k"": 4.026, ""damping_factor_eta_c"": 1.0}]"
s069_seed49194748_v215_subgrade,49194748,215,test,subgrade,"[{""type"": ""subgrade_condition"", ""label"": ""subgrade_weakened"", ""start_m"": 287.4, ""count"": 96, ""side"": ""both"", ""directions"": ""vertical"", ""stiffness_factor_eta_k"": 0.4327, ""damping_factor_eta_c"": 1.0}]"
s069_seed49194748_v215_coupled_subgrade_ballast,49194748,215,test,coupled_subgrade_ballast,"[{""type"": ""subgrade_condition"", ""label"": ""subgrade_weakened"", ""start_m"": 174.6, ""count"": 158, ""side"": ""right"", ""directions"": ""vertical"", ""stiffness_factor_eta_k"": 0.4329, ""damping_factor_eta_c"": 1.0}, {""type"": ""ballast_condition"", ""label"": ""ballast_hardened"", ""start_m"": 196.2, ""count"": 150, ""side"": ""both"", ""directions"": ""vertical"", ""stiffness_factor_eta_k"": 2.9168, ""damping_factor_eta_c"": 1.0}]"
s070_seed25000043_v215_baseline,25000043,215,test,baseline,[]
s070_seed25000043_v215_fastener,25000043,215,test,fastener,"[{""type"": ""fastener_failure"", ""label"": ""fastener_eta"", ""start_m"": 214.2, ""count"": 3, ""side"": ""left"", ""directions"": ""both"", ""stiffness_factor_eta_k"": 0.25, ""damping_factor_eta_c"": 1.0}]"
s070_seed25000043_v215_sleeper_void,25000043,215,test,sleeper_void,"[{""type"": ""sleeper_void"", ""label"": ""sleeper_void"", ""start_m"": 253.2, ""count"": 2, ""side"": ""both"", ""directions"": ""vertical"", ""delta_gap_mm"": 2.98}]"
s070_seed25000043_v215_ballast,25000043,215,test,ballast,"[{""type"": ""ballast_condition"", ""label"": ""ballast_hardened"", ""start_m"": 297.6, ""count"": 57, ""side"": ""right"", ""directions"": ""vertical"", ""stiffness_factor_eta_k"": 7.9199, ""damping_factor_eta_c"": 1.0}]"
s070_seed25000043_v215_subgrade,25000043,215,test,subgrade,"[{""type"": ""subgrade_condition"", ""label"": ""subgrade_weakened"", ""start_m"": 189.0, ""count"": 100, ""side"": ""left"", ""directions"": ""vertical"", ""stiffness_factor_eta_k"": 0.1319, ""damping_factor_eta_c"": 1.0}]"
s070_seed25000043_v215_coupled_fastener_sleeper_void,25000043,215,test,coupled_fastener_sleeper_void,"[{""type"": ""fastener_failure"", ""label"": ""fastener_eta"", ""start_m"": 189.6, ""count"": 6, ""side"": ""right"", ""directions"": ""both"", ""stiffness_factor_eta_k"": 0.1, ""damping_factor_eta_c"": 1.0}, {""type"": ""sleeper_void"", ""label"": ""sleeper_void"", ""start_m"": 216.6, ""count"": 6, ""side"": ""both"", ""directions"": ""vertical"", ""delta_gap_mm"": 0.68}]"
s071_seed12458220_v215_baseline,12458220,215,test,baseline,[]
s071_seed12458220_v215_fastener,12458220,215,test,fastener,"[{""type"": ""fastener_failure"", ""label"": ""fastener_eta"", ""start_m"": 264.6, ""count"": 5, ""side"": ""both"", ""directions"": ""both"", ""stiffness_factor_eta_k"": 0.25, ""damping_factor_eta_c"": 1.0}]"
s071_seed12458220_v215_sleeper_void,12458220,215,test,sleeper_void,"[{""type"": ""sleeper_void"", ""label"": ""sleeper_void"", ""start_m"": 281.4, ""count"": 7, ""side"": ""left"", ""directions"": ""vertical"", ""delta_gap_mm"": 1.96}]"
s071_seed12458220_v215_ballast,12458220,215,test,ballast,"[{""type"": ""ballast_condition"", ""label"": ""ballast_loose"", ""start_m"": 182.4, ""count"": 96, ""side"": ""both"", ""directions"": ""vertical"", ""stiffness_factor_eta_k"": 0.7587, ""damping_factor_eta_c"": 1.0}]"
s071_seed12458220_v215_subgrade,12458220,215,test,subgrade,"[{""type"": ""subgrade_condition"", ""label"": ""subgrade_weakened"", ""start_m"": 165.6, ""count"": 68, ""side"": ""right"", ""directions"": ""vertical"", ""stiffness_factor_eta_k"": 0.1892, ""damping_factor_eta_c"": 1.0}]"
s071_seed12458220_v215_coupled_subgrade_fastener,12458220,215,test,coupled_subgrade_fastener,"[{""type"": ""subgrade_condition"", ""label"": ""subgrade_weakened"", ""start_m"": 254.4, ""count"": 44, ""side"": ""left"", ""directions"": ""vertical"", ""stiffness_factor_eta_k"": 0.3644, ""damping_factor_eta_c"": 1.0}, {""type"": ""fastener_failure"", ""label"": ""fastener_eta"", ""start_m"": 240.6, ""count"": 3, ""side"": ""left"", ""directions"": ""both"", ""stiffness_factor_eta_k"": 0.5, ""damping_factor_eta_c"": 1.0}]"
s072_seed56001826_v215_baseline,56001826,215,test,baseline,[]
s072_seed56001826_v215_fastener,56001826,215,test,fastener,"[{""type"": ""fastener_failure"", ""label"": ""fastener_eta"", ""start_m"": 292.2, ""count"": 2, ""side"": ""both"", ""directions"": ""both"", ""stiffness_factor_eta_k"": 0.1, ""damping_factor_eta_c"": 1.0}]"
s072_seed56001826_v215_sleeper_void,56001826,215,test,sleeper_void,"[{""type"": ""sleeper_void"", ""label"": ""sleeper_void"", ""start_m"": 225.0, ""count"": 2, ""side"": ""both"", ""directions"": ""vertical"", ""delta_gap_mm"": 1.11}]"
s072_seed56001826_v215_ballast,56001826,215,test,ballast,"[{""type"": ""ballast_condition"", ""label"": ""ballast_loose"", ""start_m"": 292.8, ""count"": 18, ""side"": ""both"", ""directions"": ""vertical"", ""stiffness_factor_eta_k"": 0.2575, ""damping_factor_eta_c"": 1.0}]"
s072_seed56001826_v215_subgrade,56001826,215,test,subgrade,"[{""type"": ""subgrade_condition"", ""label"": ""subgrade_weakened"", ""start_m"": 256.8, ""count"": 46, ""side"": ""right"", ""directions"": ""vertical"", ""stiffness_factor_eta_k"": 0.3835, ""damping_factor_eta_c"": 1.0}]"
s072_seed56001826_v215_coupled_sleeper_void_ballast,56001826,215,test,coupled_sleeper_void_ballast,"[{""type"": ""sleeper_void"", ""label"": ""sleeper_void"", ""start_m"": 268.2, ""count"": 6, ""side"": ""both"", ""directions"": ""vertical"", ""delta_gap_mm"": 0.65}, {""type"": ""ballast_condition"", ""label"": ""ballast_loose"", ""start_m"": 176.4, ""count"": 75, ""side"": ""both"", ""directions"": ""vertical"", ""stiffness_factor_eta_k"": 0.6254, ""damping_factor_eta_c"": 1.0}]"
s073_seed69648059_v250_baseline,69648059,250,train,baseline,[]
s073_seed69648059_v250_fastener,69648059,250,train,fastener,"[{""type"": ""fastener_failure"", ""label"": ""fastener_eta"", ""start_m"": 288.0, ""count"": 3, ""side"": ""both"", ""directions"": ""both"", ""stiffness_factor_eta_k"": 0.1, ""damping_factor_eta_c"": 1.0}]"
s073_seed69648059_v250_sleeper_void,69648059,250,train,sleeper_void,"[{""type"": ""sleeper_void"", ""label"": ""sleeper_void"", ""start_m"": 165.0, ""count"": 7, ""side"": ""left"", ""directions"": ""vertical"", ""delta_gap_mm"": 1.15}]"
s073_seed69648059_v250_ballast,69648059,250,train,ballast,"[{""type"": ""ballast_condition"", ""label"": ""ballast_hardened"", ""start_m"": 153.6, ""count"": 140, ""side"": ""both"", ""directions"": ""vertical"", ""stiffness_factor_eta_k"": 6.9189, ""damping_factor_eta_c"": 1.0}]"
s073_seed69648059_v250_subgrade,69648059,250,train,subgrade,"[{""type"": ""subgrade_condition"", ""label"": ""subgrade_weakened"", ""start_m"": 280.2, ""count"": 160, ""side"": ""left"", ""directions"": ""vertical"", ""stiffness_factor_eta_k"": 0.5977, ""damping_factor_eta_c"": 1.0}]"
s073_seed69648059_v250_coupled_fastener_subgrade,69648059,250,train,coupled_fastener_subgrade,"[{""type"": ""fastener_failure"", ""label"": ""fastener_eta"", ""start_m"": 216.6, ""count"": 2, ""side"": ""right"", ""directions"": ""both"", ""stiffness_factor_eta_k"": 0.75, ""damping_factor_eta_c"": 1.0}, {""type"": ""subgrade_condition"", ""label"": ""subgrade_weakened"", ""start_m"": 192.6, ""count"": 60, ""side"": ""left"", ""directions"": ""vertical"", ""stiffness_factor_eta_k"": 0.7296, ""damping_factor_eta_c"": 1.0}]"
s074_seed87908906_v250_baseline,87908906,250,train,baseline,[]
s074_seed87908906_v250_fastener,87908906,250,train,fastener,"[{""type"": ""fastener_failure"", ""label"": ""fastener_eta"", ""start_m"": 185.4, ""count"": 5, ""side"": ""both"", ""directions"": ""both"", ""stiffness_factor_eta_k"": 0.1, ""damping_factor_eta_c"": 1.0}]"
s074_seed87908906_v250_sleeper_void,87908906,250,train,sleeper_void,"[{""type"": ""sleeper_void"", ""label"": ""sleeper_void"", ""start_m"": 292.8, ""count"": 4, ""side"": ""right"", ""directions"": ""vertical"", ""delta_gap_mm"": 1.3}]"
s074_seed87908906_v250_ballast,87908906,250,train,ballast,"[{""type"": ""ballast_condition"", ""label"": ""ballast_loose"", ""start_m"": 214.2, ""count"": 95, ""side"": ""right"", ""directions"": ""vertical"", ""stiffness_factor_eta_k"": 0.3791, ""damping_factor_eta_c"": 1.0}]"
s074_seed87908906_v250_subgrade,87908906,250,train,subgrade,"[{""type"": ""subgrade_condition"", ""label"": ""subgrade_weakened"", ""start_m"": 202.8, ""count"": 30, ""side"": ""right"", ""directions"": ""vertical"", ""stiffness_factor_eta_k"": 0.3504, ""damping_factor_eta_c"": 1.0}]"
s074_seed87908906_v250_coupled_sleeper_void_ballast,87908906,250,train,coupled_sleeper_void_ballast,"[{""type"": ""sleeper_void"", ""label"": ""sleeper_void"", ""start_m"": 183.0, ""count"": 7, ""side"": ""right"", ""directions"": ""vertical"", ""delta_gap_mm"": 0.88}, {""type"": ""ballast_condition"", ""label"": ""ballast_loose"", ""start_m"": 241.2, ""count"": 114, ""side"": ""right"", ""directions"": ""vertical"", ""stiffness_factor_eta_k"": 0.6974, ""damping_factor_eta_c"": 1.0}]"
s075_seed68021725_v250_baseline,68021725,250,train,baseline,[]
s075_seed68021725_v250_fastener,68021725,250,train,fastener,"[{""type"": ""fastener_failure"", ""label"": ""fastener_eta"", ""start_m"": 191.4, ""count"": 8, ""side"": ""both"", ""directions"": ""both"", ""stiffness_factor_eta_k"": 0.1, ""damping_factor_eta_c"": 1.0}]"
s075_seed68021725_v250_sleeper_void,68021725,250,train,sleeper_void,"[{""type"": ""sleeper_void"", ""label"": ""sleeper_void"", ""start_m"": 178.8, ""count"": 6, ""side"": ""left"", ""directions"": ""vertical"", ""delta_gap_mm"": 0.57}]"
s075_seed68021725_v250_ballast,68021725,250,train,ballast,"[{""type"": ""ballast_condition"", ""label"": ""ballast_loose"", ""start_m"": 200.4, ""count"": 104, ""side"": ""both"", ""directions"": ""vertical"", ""stiffness_factor_eta_k"": 0.6524, ""damping_factor_eta_c"": 1.0}]"
s075_seed68021725_v250_subgrade,68021725,250,train,subgrade,"[{""type"": ""subgrade_condition"", ""label"": ""subgrade_weakened"", ""start_m"": 240.0, ""count"": 84, ""side"": ""both"", ""directions"": ""vertical"", ""stiffness_factor_eta_k"": 0.341, ""damping_factor_eta_c"": 1.0}]"
s075_seed68021725_v250_coupled_subgrade_sleeper_void,68021725,250,train,coupled_subgrade_sleeper_void,"[{""type"": ""subgrade_condition"", ""label"": ""subgrade_weakened"", ""start_m"": 275.4, ""count"": 53, ""side"": ""right"", ""directions"": ""vertical"", ""stiffness_factor_eta_k"": 0.2435, ""damping_factor_eta_c"": 1.0}, {""type"": ""sleeper_void"", ""label"": ""sleeper_void"", ""start_m"": 279.6, ""count"": 4, ""side"": ""right"", ""directions"": ""vertical"", ""delta_gap_mm"": 2.61}]"
s076_seed48935295_v250_baseline,48935295,250,train,baseline,[]
s076_seed48935295_v250_fastener,48935295,250,train,fastener,"[{""type"": ""fastener_failure"", ""label"": ""fastener_eta"", ""start_m"": 232.8, ""count"": 2, ""side"": ""both"", ""directions"": ""both"", ""stiffness_factor_eta_k"": 0.1, ""damping_factor_eta_c"": 1.0}]"
s076_seed48935295_v250_sleeper_void,48935295,250,train,sleeper_void,"[{""type"": ""sleeper_void"", ""label"": ""sleeper_void"", ""start_m"": 263.4, ""count"": 10, ""side"": ""left"", ""directions"": ""vertical"", ""delta_gap_mm"": 0.83}]"
s076_seed48935295_v250_ballast,48935295,250,train,ballast,"[{""type"": ""ballast_condition"", ""label"": ""ballast_loose"", ""start_m"": 266.4, ""count"": 110, ""side"": ""left"", ""directions"": ""vertical"", ""stiffness_factor_eta_k"": 0.1914, ""damping_factor_eta_c"": 1.0}]"
s076_seed48935295_v250_subgrade,48935295,250,train,subgrade,"[{""type"": ""subgrade_condition"", ""label"": ""subgrade_weakened"", ""start_m"": 245.4, ""count"": 144, ""side"": ""both"", ""directions"": ""vertical"", ""stiffness_factor_eta_k"": 0.5439, ""damping_factor_eta_c"": 1.0}]"
s076_seed48935295_v250_coupled_ballast_fastener,48935295,250,train,coupled_ballast_fastener,"[{""type"": ""ballast_condition"", ""label"": ""ballast_hardened"", ""start_m"": 259.8, ""count"": 159, ""side"": ""both"", ""directions"": ""vertical"", ""stiffness_factor_eta_k"": 4.9908, ""damping_factor_eta_c"": 1.0}, {""type"": ""fastener_failure"", ""label"": ""fastener_eta"", ""start_m"": 157.8, ""count"": 5, ""side"": ""left"", ""directions"": ""both"", ""stiffness_factor_eta_k"": 0.25, ""damping_factor_eta_c"": 1.0}]"
s077_seed91226907_v250_baseline,91226907,250,train,baseline,[]
s077_seed91226907_v250_fastener,91226907,250,train,fastener,"[{""type"": ""fastener_failure"", ""label"": ""fastener_eta"", ""start_m"": 279.6, ""count"": 7, ""side"": ""both"", ""directions"": ""both"", ""stiffness_factor_eta_k"": 0.5, ""damping_factor_eta_c"": 1.0}]"
s077_seed91226907_v250_sleeper_void,91226907,250,train,sleeper_void,"[{""type"": ""sleeper_void"", ""label"": ""sleeper_void"", ""start_m"": 175.2, ""count"": 4, ""side"": ""left"", ""directions"": ""vertical"", ""delta_gap_mm"": 0.65}]"
s077_seed91226907_v250_ballast,91226907,250,train,ballast,"[{""type"": ""ballast_condition"", ""label"": ""ballast_loose"", ""start_m"": 280.8, ""count"": 14, ""side"": ""both"", ""directions"": ""vertical"", ""stiffness_factor_eta_k"": 0.6439, ""damping_factor_eta_c"": 1.0}]"
s077_seed91226907_v250_subgrade,91226907,250,train,subgrade,"[{""type"": ""subgrade_condition"", ""label"": ""subgrade_weakened"", ""start_m"": 150.0, ""count"": 34, ""side"": ""both"", ""directions"": ""vertical"", ""stiffness_factor_eta_k"": 0.1005, ""damping_factor_eta_c"": 1.0}]"
s077_seed91226907_v250_coupled_ballast_sleeper_void,91226907,250,train,coupled_ballast_sleeper_void,"[{""type"": ""ballast_condition"", ""label"": ""ballast_loose"", ""start_m"": 162.6, ""count"": 120, ""side"": ""right"", ""directions"": ""vertical"", ""stiffness_factor_eta_k"": 0.296, ""damping_factor_eta_c"": 1.0}, {""type"": ""sleeper_void"", ""label"": ""sleeper_void"", ""start_m"": 292.8, ""count"": 5, ""side"": ""right"", ""directions"": ""vertical"", ""delta_gap_mm"": 2.12}]"
s078_seed74088663_v250_baseline,74088663,250,train,baseline,[]
s078_seed74088663_v250_fastener,74088663,250,train,fastener,"[{""type"": ""fastener_failure"", ""label"": ""fastener_eta"", ""start_m"": 192.6, ""count"": 2, ""side"": ""right"", ""directions"": ""both"", ""stiffness_factor_eta_k"": 0.75, ""damping_factor_eta_c"": 1.0}]"
s078_seed74088663_v250_sleeper_void,74088663,250,train,sleeper_void,"[{""type"": ""sleeper_void"", ""label"": ""sleeper_void"", ""start_m"": 274.2, ""count"": 3, ""side"": ""both"", ""directions"": ""vertical"", ""delta_gap_mm"": 2.13}]"
s078_seed74088663_v250_ballast,74088663,250,train,ballast,"[{""type"": ""ballast_condition"", ""label"": ""ballast_hardened"", ""start_m"": 261.0, ""count"": 139, ""side"": ""both"", ""directions"": ""vertical"", ""stiffness_factor_eta_k"": 5.533, ""damping_factor_eta_c"": 1.0}]"
s078_seed74088663_v250_subgrade,74088663,250,train,subgrade,"[{""type"": ""subgrade_condition"", ""label"": ""subgrade_weakened"", ""start_m"": 208.2, ""count"": 130, ""side"": ""both"", ""directions"": ""vertical"", ""stiffness_factor_eta_k"": 0.3346, ""damping_factor_eta_c"": 1.0}]"
s078_seed74088663_v250_coupled_sleeper_void_ballast,74088663,250,train,coupled_sleeper_void_ballast,"[{""type"": ""sleeper_void"", ""label"": ""sleeper_void"", ""start_m"": 229.2, ""count"": 2, ""side"": ""right"", ""directions"": ""vertical"", ""delta_gap_mm"": 1.43}, {""type"": ""ballast_condition"", ""label"": ""ballast_loose"", ""start_m"": 288.0, ""count"": 143, ""side"": ""both"", ""directions"": ""vertical"", ""stiffness_factor_eta_k"": 0.1724, ""damping_factor_eta_c"": 1.0}]"
s079_seed54432337_v250_baseline,54432337,250,train,baseline,[]
s079_seed54432337_v250_fastener,54432337,250,train,fastener,"[{""type"": ""fastener_failure"", ""label"": ""fastener_eta"", ""start_m"": 256.8, ""count"": 8, ""side"": ""right"", ""directions"": ""both"", ""stiffness_factor_eta_k"": 0.75, ""damping_factor_eta_c"": 1.0}]"
s079_seed54432337_v250_sleeper_void,54432337,250,train,sleeper_void,"[{""type"": ""sleeper_void"", ""label"": ""sleeper_void"", ""start_m"": 211.2, ""count"": 9, ""side"": ""both"", ""directions"": ""vertical"", ""delta_gap_mm"": 2.73}]"
s079_seed54432337_v250_ballast,54432337,250,train,ballast,"[{""type"": ""ballast_condition"", ""label"": ""ballast_loose"", ""start_m"": 216.6, ""count"": 87, ""side"": ""both"", ""directions"": ""vertical"", ""stiffness_factor_eta_k"": 0.5468, ""damping_factor_eta_c"": 1.0}]"
s079_seed54432337_v250_subgrade,54432337,250,train,subgrade,"[{""type"": ""subgrade_condition"", ""label"": ""subgrade_weakened"", ""start_m"": 226.2, ""count"": 118, ""side"": ""both"", ""directions"": ""vertical"", ""stiffness_factor_eta_k"": 0.7826, ""damping_factor_eta_c"": 1.0}]"
s079_seed54432337_v250_coupled_subgrade_ballast,54432337,250,train,coupled_subgrade_ballast,"[{""type"": ""subgrade_condition"", ""label"": ""subgrade_weakened"", ""start_m"": 212.4, ""count"": 114, ""side"": ""right"", ""directions"": ""vertical"", ""stiffness_factor_eta_k"": 0.4355, ""damping_factor_eta_c"": 1.0}, {""type"": ""ballast_condition"", ""label"": ""ballast_loose"", ""start_m"": 297.6, ""count"": 96, ""side"": ""both"", ""directions"": ""vertical"", ""stiffness_factor_eta_k"": 0.6193, ""damping_factor_eta_c"": 1.0}]"
s080_seed48623433_v250_baseline,48623433,250,train,baseline,[]
s080_seed48623433_v250_fastener,48623433,250,train,fastener,"[{""type"": ""fastener_failure"", ""label"": ""fastener_eta"", ""start_m"": 193.2, ""count"": 6, ""side"": ""left"", ""directions"": ""both"", ""stiffness_factor_eta_k"": 0.75, ""damping_factor_eta_c"": 1.0}]"
s080_seed48623433_v250_sleeper_void,48623433,250,train,sleeper_void,"[{""type"": ""sleeper_void"", ""label"": ""sleeper_void"", ""start_m"": 299.4, ""count"": 10, ""side"": ""both"", ""directions"": ""vertical"", ""delta_gap_mm"": 1.75}]"
s080_seed48623433_v250_ballast,48623433,250,train,ballast,"[{""type"": ""ballast_condition"", ""label"": ""ballast_loose"", ""start_m"": 296.4, ""count"": 117, ""side"": ""right"", ""directions"": ""vertical"", ""stiffness_factor_eta_k"": 0.4602, ""damping_factor_eta_c"": 1.0}]"
s080_seed48623433_v250_subgrade,48623433,250,train,subgrade,"[{""type"": ""subgrade_condition"", ""label"": ""subgrade_weakened"", ""start_m"": 183.6, ""count"": 116, ""side"": ""both"", ""directions"": ""vertical"", ""stiffness_factor_eta_k"": 0.3521, ""damping_factor_eta_c"": 1.0}]"
s080_seed48623433_v250_coupled_fastener_sleeper_void,48623433,250,train,coupled_fastener_sleeper_void,"[{""type"": ""fastener_failure"", ""label"": ""fastener_eta"", ""start_m"": 228.6, ""count"": 9, ""side"": ""right"", ""directions"": ""both"", ""stiffness_factor_eta_k"": 0.75, ""damping_factor_eta_c"": 1.0}, {""type"": ""sleeper_void"", ""label"": ""sleeper_void"", ""start_m"": 174.0, ""count"": 5, ""side"": ""right"", ""directions"": ""vertical"", ""delta_gap_mm"": 2.72}]"
s081_seed17756380_v250_baseline,17756380,250,train,baseline,[]
s081_seed17756380_v250_fastener,17756380,250,train,fastener,"[{""type"": ""fastener_failure"", ""label"": ""fastener_eta"", ""start_m"": 198.0, ""count"": 9, ""side"": ""both"", ""directions"": ""both"", ""stiffness_factor_eta_k"": 0.0, ""damping_factor_eta_c"": 1.0}]"
s081_seed17756380_v250_sleeper_void,17756380,250,train,sleeper_void,"[{""type"": ""sleeper_void"", ""label"": ""sleeper_void"", ""start_m"": 254.4, ""count"": 9, ""side"": ""both"", ""directions"": ""vertical"", ""delta_gap_mm"": 2.1}]"
s081_seed17756380_v250_ballast,17756380,250,train,ballast,"[{""type"": ""ballast_condition"", ""label"": ""ballast_hardened"", ""start_m"": 285.6, ""count"": 84, ""side"": ""both"", ""directions"": ""vertical"", ""stiffness_factor_eta_k"": 4.1692, ""damping_factor_eta_c"": 1.0}]"
s081_seed17756380_v250_subgrade,17756380,250,train,subgrade,"[{""type"": ""subgrade_condition"", ""label"": ""subgrade_weakened"", ""start_m"": 234.6, ""count"": 96, ""side"": ""left"", ""directions"": ""vertical"", ""stiffness_factor_eta_k"": 0.3602, ""damping_factor_eta_c"": 1.0}]"
s081_seed17756380_v250_coupled_sleeper_void_subgrade,17756380,250,train,coupled_sleeper_void_subgrade,"[{""type"": ""sleeper_void"", ""label"": ""sleeper_void"", ""start_m"": 205.8, ""count"": 3, ""side"": ""left"", ""directions"": ""vertical"", ""delta_gap_mm"": 2.38}, {""type"": ""subgrade_condition"", ""label"": ""subgrade_weakened"", ""start_m"": 169.8, ""count"": 136, ""side"": ""both"", ""directions"": ""vertical"", ""stiffness_factor_eta_k"": 0.6748, ""damping_factor_eta_c"": 1.0}]"
s082_seed97586033_v250_baseline,97586033,250,train,baseline,[]
s082_seed97586033_v250_fastener,97586033,250,train,fastener,"[{""type"": ""fastener_failure"", ""label"": ""fastener_eta"", ""start_m"": 214.8, ""count"": 6, ""side"": ""both"", ""directions"": ""both"", ""stiffness_factor_eta_k"": 0.1, ""damping_factor_eta_c"": 1.0}]"
s082_seed97586033_v250_sleeper_void,97586033,250,train,sleeper_void,"[{""type"": ""sleeper_void"", ""label"": ""sleeper_void"", ""start_m"": 159.6, ""count"": 1, ""side"": ""both"", ""directions"": ""vertical"", ""delta_gap_mm"": 2.12}]"
s082_seed97586033_v250_ballast,97586033,250,train,ballast,"[{""type"": ""ballast_condition"", ""label"": ""ballast_hardened"", ""start_m"": 162.0, ""count"": 137, ""side"": ""right"", ""directions"": ""vertical"", ""stiffness_factor_eta_k"": 3.4997, ""damping_factor_eta_c"": 1.0}]"
s082_seed97586033_v250_subgrade,97586033,250,train,subgrade,"[{""type"": ""subgrade_condition"", ""label"": ""subgrade_weakened"", ""start_m"": 231.6, ""count"": 74, ""side"": ""both"", ""directions"": ""vertical"", ""stiffness_factor_eta_k"": 0.3816, ""damping_factor_eta_c"": 1.0}]"
s082_seed97586033_v250_coupled_ballast_sleeper_void,97586033,250,train,coupled_ballast_sleeper_void,"[{""type"": ""ballast_condition"", ""label"": ""ballast_hardened"", ""start_m"": 216.0, ""count"": 82, ""side"": ""right"", ""directions"": ""vertical"", ""stiffness_factor_eta_k"": 3.4941, ""damping_factor_eta_c"": 1.0}, {""type"": ""sleeper_void"", ""label"": ""sleeper_void"", ""start_m"": 275.4, ""count"": 1, ""side"": ""both"", ""directions"": ""vertical"", ""delta_gap_mm"": 2.97}]"
s083_seed19673014_v250_baseline,19673014,250,train,baseline,[]
s083_seed19673014_v250_fastener,19673014,250,train,fastener,"[{""type"": ""fastener_failure"", ""label"": ""fastener_eta"", ""start_m"": 267.0, ""count"": 4, ""side"": ""both"", ""directions"": ""both"", ""stiffness_factor_eta_k"": 0.25, ""damping_factor_eta_c"": 1.0}]"
s083_seed19673014_v250_sleeper_void,19673014,250,train,sleeper_void,"[{""type"": ""sleeper_void"", ""label"": ""sleeper_void"", ""start_m"": 238.8, ""count"": 2, ""side"": ""both"", ""directions"": ""vertical"", ""delta_gap_mm"": 0.78}]"
s083_seed19673014_v250_ballast,19673014,250,train,ballast,"[{""type"": ""ballast_condition"", ""label"": ""ballast_loose"", ""start_m"": 225.6, ""count"": 87, ""side"": ""both"", ""directions"": ""vertical"", ""stiffness_factor_eta_k"": 0.7096, ""damping_factor_eta_c"": 1.0}]"
s083_seed19673014_v250_subgrade,19673014,250,train,subgrade,"[{""type"": ""subgrade_condition"", ""label"": ""subgrade_weakened"", ""start_m"": 231.6, ""count"": 140, ""side"": ""both"", ""directions"": ""vertical"", ""stiffness_factor_eta_k"": 0.3278, ""damping_factor_eta_c"": 1.0}]"
s083_seed19673014_v250_coupled_fastener_sleeper_void,19673014,250,train,coupled_fastener_sleeper_void,"[{""type"": ""fastener_failure"", ""label"": ""fastener_eta"", ""start_m"": 255.6, ""count"": 2, ""side"": ""left"", ""directions"": ""both"", ""stiffness_factor_eta_k"": 0.1, ""damping_factor_eta_c"": 1.0}, {""type"": ""sleeper_void"", ""label"": ""sleeper_void"", ""start_m"": 192.6, ""count"": 9, ""side"": ""right"", ""directions"": ""vertical"", ""delta_gap_mm"": 2.28}]"
s084_seed31337175_v250_baseline,31337175,250,train,baseline,[]
s084_seed31337175_v250_fastener,31337175,250,train,fastener,"[{""type"": ""fastener_failure"", ""label"": ""fastener_eta"", ""start_m"": 152.4, ""count"": 2, ""side"": ""both"", ""directions"": ""both"", ""stiffness_factor_eta_k"": 0.1, ""damping_factor_eta_c"": 1.0}]"
s084_seed31337175_v250_sleeper_void,31337175,250,train,sleeper_void,"[{""type"": ""sleeper_void"", ""label"": ""sleeper_void"", ""start_m"": 291.6, ""count"": 4, ""side"": ""right"", ""directions"": ""vertical"", ""delta_gap_mm"": 0.68}]"
s084_seed31337175_v250_ballast,31337175,250,train,ballast,"[{""type"": ""ballast_condition"", ""label"": ""ballast_loose"", ""start_m"": 158.4, ""count"": 167, ""side"": ""both"", ""directions"": ""vertical"", ""stiffness_factor_eta_k"": 0.6537, ""damping_factor_eta_c"": 1.0}]"
s084_seed31337175_v250_subgrade,31337175,250,train,subgrade,"[{""type"": ""subgrade_condition"", ""label"": ""subgrade_weakened"", ""start_m"": 189.6, ""count"": 77, ""side"": ""left"", ""directions"": ""vertical"", ""stiffness_factor_eta_k"": 0.3104, ""damping_factor_eta_c"": 1.0}]"
s084_seed31337175_v250_coupled_subgrade_ballast,31337175,250,train,coupled_subgrade_ballast,"[{""type"": ""subgrade_condition"", ""label"": ""subgrade_weakened"", ""start_m"": 298.2, ""count"": 40, ""side"": ""right"", ""directions"": ""vertical"", ""stiffness_factor_eta_k"": 0.3264, ""damping_factor_eta_c"": 1.0}, {""type"": ""ballast_condition"", ""label"": ""ballast_hardened"", ""start_m"": 268.2, ""count"": 29, ""side"": ""left"", ""directions"": ""vertical"", ""stiffness_factor_eta_k"": 4.3435, ""damping_factor_eta_c"": 1.0}]"
s085_seed56500237_v250_baseline,56500237,250,train,baseline,[]
s085_seed56500237_v250_fastener,56500237,250,train,fastener,"[{""type"": ""fastener_failure"", ""label"": ""fastener_eta"", ""start_m"": 165.6, ""count"": 7, ""side"": ""both"", ""directions"": ""both"", ""stiffness_factor_eta_k"": 0.0, ""damping_factor_eta_c"": 1.0}]"
s085_seed56500237_v250_sleeper_void,56500237,250,train,sleeper_void,"[{""type"": ""sleeper_void"", ""label"": ""sleeper_void"", ""start_m"": 258.0, ""count"": 10, ""side"": ""both"", ""directions"": ""vertical"", ""delta_gap_mm"": 1.35}]"
s085_seed56500237_v250_ballast,56500237,250,train,ballast,"[{""type"": ""ballast_condition"", ""label"": ""ballast_loose"", ""start_m"": 181.2, ""count"": 120, ""side"": ""left"", ""directions"": ""vertical"", ""stiffness_factor_eta_k"": 0.7422, ""damping_factor_eta_c"": 1.0}]"
s085_seed56500237_v250_subgrade,56500237,250,train,subgrade,"[{""type"": ""subgrade_condition"", ""label"": ""subgrade_weakened"", ""start_m"": 211.2, ""count"": 146, ""side"": ""right"", ""directions"": ""vertical"", ""stiffness_factor_eta_k"": 0.3592, ""damping_factor_eta_c"": 1.0}]"
s085_seed56500237_v250_coupled_sleeper_void_fastener,56500237,250,train,coupled_sleeper_void_fastener,"[{""type"": ""sleeper_void"", ""label"": ""sleeper_void"", ""start_m"": 223.2, ""count"": 2, ""side"": ""left"", ""directions"": ""vertical"", ""delta_gap_mm"": 2.52}, {""type"": ""fastener_failure"", ""label"": ""fastener_eta"", ""start_m"": 201.6, ""count"": 2, ""side"": ""both"", ""directions"": ""both"", ""stiffness_factor_eta_k"": 0.75, ""damping_factor_eta_c"": 1.0}]"
s086_seed34271439_v250_baseline,34271439,250,train,baseline,[]
s086_seed34271439_v250_fastener,34271439,250,train,fastener,"[{""type"": ""fastener_failure"", ""label"": ""fastener_eta"", ""start_m"": 160.8, ""count"": 9, ""side"": ""both"", ""directions"": ""both"", ""stiffness_factor_eta_k"": 0.1, ""damping_factor_eta_c"": 1.0}]"
s086_seed34271439_v250_sleeper_void,34271439,250,train,sleeper_void,"[{""type"": ""sleeper_void"", ""label"": ""sleeper_void"", ""start_m"": 189.0, ""count"": 8, ""side"": ""left"", ""directions"": ""vertical"", ""delta_gap_mm"": 2.17}]"
s086_seed34271439_v250_ballast,34271439,250,train,ballast,"[{""type"": ""ballast_condition"", ""label"": ""ballast_hardened"", ""start_m"": 211.2, ""count"": 84, ""side"": ""both"", ""directions"": ""vertical"", ""stiffness_factor_eta_k"": 2.0165, ""damping_factor_eta_c"": 1.0}]"
s086_seed34271439_v250_subgrade,34271439,250,train,subgrade,"[{""type"": ""subgrade_condition"", ""label"": ""subgrade_weakened"", ""start_m"": 290.4, ""count"": 144, ""side"": ""right"", ""directions"": ""vertical"", ""stiffness_factor_eta_k"": 0.4351, ""damping_factor_eta_c"": 1.0}]"
s086_seed34271439_v250_coupled_ballast_subgrade,34271439,250,train,coupled_ballast_subgrade,"[{""type"": ""ballast_condition"", ""label"": ""ballast_hardened"", ""start_m"": 163.2, ""count"": 154, ""side"": ""both"", ""directions"": ""vertical"", ""stiffness_factor_eta_k"": 3.609, ""damping_factor_eta_c"": 1.0}, {""type"": ""subgrade_condition"", ""label"": ""subgrade_weakened"", ""start_m"": 205.2, ""count"": 59, ""side"": ""both"", ""directions"": ""vertical"", ""stiffness_factor_eta_k"": 0.5293, ""damping_factor_eta_c"": 1.0}]"
s087_seed24576532_v250_baseline,24576532,250,train,baseline,[]
s087_seed24576532_v250_fastener,24576532,250,train,fastener,"[{""type"": ""fastener_failure"", ""label"": ""fastener_eta"", ""start_m"": 154.8, ""count"": 9, ""side"": ""both"", ""directions"": ""both"", ""stiffness_factor_eta_k"": 0.75, ""damping_factor_eta_c"": 1.0}]"
s087_seed24576532_v250_sleeper_void,24576532,250,train,sleeper_void,"[{""type"": ""sleeper_void"", ""label"": ""sleeper_void"", ""start_m"": 171.0, ""count"": 4, ""side"": ""both"", ""directions"": ""vertical"", ""delta_gap_mm"": 1.33}]"
s087_seed24576532_v250_ballast,24576532,250,train,ballast,"[{""type"": ""ballast_condition"", ""label"": ""ballast_hardened"", ""start_m"": 300.0, ""count"": 76, ""side"": ""left"", ""directions"": ""vertical"", ""stiffness_factor_eta_k"": 3.8826, ""damping_factor_eta_c"": 1.0}]"
s087_seed24576532_v250_subgrade,24576532,250,train,subgrade,"[{""type"": ""subgrade_condition"", ""label"": ""subgrade_weakened"", ""start_m"": 167.4, ""count"": 68, ""side"": ""left"", ""directions"": ""vertical"", ""stiffness_factor_eta_k"": 0.2726, ""damping_factor_eta_c"": 1.0}]"
s087_seed24576532_v250_coupled_sleeper_void_subgrade,24576532,250,train,coupled_sleeper_void_subgrade,"[{""type"": ""sleeper_void"", ""label"": ""sleeper_void"", ""start_m"": 216.6, ""count"": 5, ""side"": ""both"", ""directions"": ""vertical"", ""delta_gap_mm"": 0.78}, {""type"": ""subgrade_condition"", ""label"": ""subgrade_weakened"", ""start_m"": 210.0, ""count"": 126, ""side"": ""both"", ""directions"": ""vertical"", ""stiffness_factor_eta_k"": 0.3043, ""damping_factor_eta_c"": 1.0}]"
s088_seed54586931_v250_baseline,54586931,250,train,baseline,[]
s088_seed54586931_v250_fastener,54586931,250,train,fastener,"[{""type"": ""fastener_failure"", ""label"": ""fastener_eta"", ""start_m"": 253.8, ""count"": 7, ""side"": ""right"", ""directions"": ""both"", ""stiffness_factor_eta_k"": 0.1, ""damping_factor_eta_c"": 1.0}]"
s088_seed54586931_v250_sleeper_void,54586931,250,train,sleeper_void,"[{""type"": ""sleeper_void"", ""label"": ""sleeper_void"", ""start_m"": 158.4, ""count"": 10, ""side"": ""right"", ""directions"": ""vertical"", ""delta_gap_mm"": 1.98}]"
s088_seed54586931_v250_ballast,54586931,250,train,ballast,"[{""type"": ""ballast_condition"", ""label"": ""ballast_loose"", ""start_m"": 251.4, ""count"": 112, ""side"": ""right"", ""directions"": ""vertical"", ""stiffness_factor_eta_k"": 0.4342, ""damping_factor_eta_c"": 1.0}]"
s088_seed54586931_v250_subgrade,54586931,250,train,subgrade,"[{""type"": ""subgrade_condition"", ""label"": ""subgrade_weakened"", ""start_m"": 300.0, ""count"": 87, ""side"": ""right"", ""directions"": ""vertical"", ""stiffness_factor_eta_k"": 0.4176, ""damping_factor_eta_c"": 1.0}]"
s088_seed54586931_v250_coupled_fastener_ballast,54586931,250,train,coupled_fastener_ballast,"[{""type"": ""fastener_failure"", ""label"": ""fastener_eta"", ""start_m"": 171.0, ""count"": 7, ""side"": ""right"", ""directions"": ""both"", ""stiffness_factor_eta_k"": 0.75, ""damping_factor_eta_c"": 1.0}, {""type"": ""ballast_condition"", ""label"": ""ballast_loose"", ""start_m"": 175.2, ""count"": 145, ""side"": ""right"", ""directions"": ""vertical"", ""stiffness_factor_eta_k"": 0.5752, ""damping_factor_eta_c"": 1.0}]"
s089_seed36231494_v250_baseline,36231494,250,train,baseline,[]
s089_seed36231494_v250_fastener,36231494,250,train,fastener,"[{""type"": ""fastener_failure"", ""label"": ""fastener_eta"", ""start_m"": 244.8, ""count"": 5, ""side"": ""right"", ""directions"": ""both"", ""stiffness_factor_eta_k"": 0.0, ""damping_factor_eta_c"": 1.0}]"
s089_seed36231494_v250_sleeper_void,36231494,250,train,sleeper_void,"[{""type"": ""sleeper_void"", ""label"": ""sleeper_void"", ""start_m"": 252.0, ""count"": 9, ""side"": ""left"", ""directions"": ""vertical"", ""delta_gap_mm"": 1.95}]"
s089_seed36231494_v250_ballast,36231494,250,train,ballast,"[{""type"": ""ballast_condition"", ""label"": ""ballast_hardened"", ""start_m"": 282.6, ""count"": 159, ""side"": ""both"", ""directions"": ""vertical"", ""stiffness_factor_eta_k"": 2.8761, ""damping_factor_eta_c"": 1.0}]"
s089_seed36231494_v250_subgrade,36231494,250,train,subgrade,"[{""type"": ""subgrade_condition"", ""label"": ""subgrade_weakened"", ""start_m"": 291.0, ""count"": 36, ""side"": ""right"", ""directions"": ""vertical"", ""stiffness_factor_eta_k"": 0.6053, ""damping_factor_eta_c"": 1.0}]"
s089_seed36231494_v250_coupled_subgrade_sleeper_void,36231494,250,train,coupled_subgrade_sleeper_void,"[{""type"": ""subgrade_condition"", ""label"": ""subgrade_weakened"", ""start_m"": 153.6, ""count"": 74, ""side"": ""both"", ""directions"": ""vertical"", ""stiffness_factor_eta_k"": 0.2316, ""damping_factor_eta_c"": 1.0}, {""type"": ""sleeper_void"", ""label"": ""sleeper_void"", ""start_m"": 235.8, ""count"": 3, ""side"": ""left"", ""directions"": ""vertical"", ""delta_gap_mm"": 1.85}]"
s090_seed35968468_v250_baseline,35968468,250,val,baseline,[]
s090_seed35968468_v250_fastener,35968468,250,val,fastener,"[{""type"": ""fastener_failure"", ""label"": ""fastener_eta"", ""start_m"": 276.6, ""count"": 9, ""side"": ""both"", ""directions"": ""both"", ""stiffness_factor_eta_k"": 0.1, ""damping_factor_eta_c"": 1.0}]"
s090_seed35968468_v250_sleeper_void,35968468,250,val,sleeper_void,"[{""type"": ""sleeper_void"", ""label"": ""sleeper_void"", ""start_m"": 175.8, ""count"": 2, ""side"": ""right"", ""directions"": ""vertical"", ""delta_gap_mm"": 1.73}]"
s090_seed35968468_v250_ballast,35968468,250,val,ballast,"[{""type"": ""ballast_condition"", ""label"": ""ballast_hardened"", ""start_m"": 200.4, ""count"": 127, ""side"": ""both"", ""directions"": ""vertical"", ""stiffness_factor_eta_k"": 3.4885, ""damping_factor_eta_c"": 1.0}]"
s090_seed35968468_v250_subgrade,35968468,250,val,subgrade,"[{""type"": ""subgrade_condition"", ""label"": ""subgrade_weakened"", ""start_m"": 295.2, ""count"": 43, ""side"": ""both"", ""directions"": ""vertical"", ""stiffness_factor_eta_k"": 0.5666, ""damping_factor_eta_c"": 1.0}]"
s090_seed35968468_v250_coupled_fastener_sleeper_void,35968468,250,val,coupled_fastener_sleeper_void,"[{""type"": ""fastener_failure"", ""label"": ""fastener_eta"", ""start_m"": 232.8, ""count"": 7, ""side"": ""left"", ""directions"": ""both"", ""stiffness_factor_eta_k"": 0.5, ""damping_factor_eta_c"": 1.0}, {""type"": ""sleeper_void"", ""label"": ""sleeper_void"", ""start_m"": 228.6, ""count"": 8, ""side"": ""right"", ""directions"": ""vertical"", ""delta_gap_mm"": 2.5}]"
s091_seed87922783_v250_baseline,87922783,250,val,baseline,[]
s091_seed87922783_v250_fastener,87922783,250,val,fastener,"[{""type"": ""fastener_failure"", ""label"": ""fastener_eta"", ""start_m"": 155.4, ""count"": 8, ""side"": ""both"", ""directions"": ""both"", ""stiffness_factor_eta_k"": 0.0, ""damping_factor_eta_c"": 1.0}]"
s091_seed87922783_v250_sleeper_void,87922783,250,val,sleeper_void,"[{""type"": ""sleeper_void"", ""label"": ""sleeper_void"", ""start_m"": 297.6, ""count"": 9, ""side"": ""right"", ""directions"": ""vertical"", ""delta_gap_mm"": 1.56}]"
s091_seed87922783_v250_ballast,87922783,250,val,ballast,"[{""type"": ""ballast_condition"", ""label"": ""ballast_loose"", ""start_m"": 286.2, ""count"": 82, ""side"": ""both"", ""directions"": ""vertical"", ""stiffness_factor_eta_k"": 0.6212, ""damping_factor_eta_c"": 1.0}]"
s091_seed87922783_v250_subgrade,87922783,250,val,subgrade,"[{""type"": ""subgrade_condition"", ""label"": ""subgrade_weakened"", ""start_m"": 290.4, ""count"": 37, ""side"": ""right"", ""directions"": ""vertical"", ""stiffness_factor_eta_k"": 0.2375, ""damping_factor_eta_c"": 1.0}]"
s091_seed87922783_v250_coupled_ballast_sleeper_void,87922783,250,val,coupled_ballast_sleeper_void,"[{""type"": ""ballast_condition"", ""label"": ""ballast_hardened"", ""start_m"": 187.2, ""count"": 106, ""side"": ""right"", ""directions"": ""vertical"", ""stiffness_factor_eta_k"": 1.8808, ""damping_factor_eta_c"": 1.0}, {""type"": ""sleeper_void"", ""label"": ""sleeper_void"", ""start_m"": 255.0, ""count"": 4, ""side"": ""both"", ""directions"": ""vertical"", ""delta_gap_mm"": 1.62}]"
s092_seed97168267_v250_baseline,97168267,250,val,baseline,[]
s092_seed97168267_v250_fastener,97168267,250,val,fastener,"[{""type"": ""fastener_failure"", ""label"": ""fastener_eta"", ""start_m"": 273.0, ""count"": 8, ""side"": ""right"", ""directions"": ""both"", ""stiffness_factor_eta_k"": 0.5, ""damping_factor_eta_c"": 1.0}]"
s092_seed97168267_v250_sleeper_void,97168267,250,val,sleeper_void,"[{""type"": ""sleeper_void"", ""label"": ""sleeper_void"", ""start_m"": 201.6, ""count"": 9, ""side"": ""both"", ""directions"": ""vertical"", ""delta_gap_mm"": 2.77}]"
s092_seed97168267_v250_ballast,97168267,250,val,ballast,"[{""type"": ""ballast_condition"", ""label"": ""ballast_hardened"", ""start_m"": 280.2, ""count"": 34, ""side"": ""left"", ""directions"": ""vertical"", ""stiffness_factor_eta_k"": 6.5382, ""damping_factor_eta_c"": 1.0}]"
s092_seed97168267_v250_subgrade,97168267,250,val,subgrade,"[{""type"": ""subgrade_condition"", ""label"": ""subgrade_weakened"", ""start_m"": 218.4, ""count"": 143, ""side"": ""right"", ""directions"": ""vertical"", ""stiffness_factor_eta_k"": 0.1192, ""damping_factor_eta_c"": 1.0}]"
s092_seed97168267_v250_coupled_ballast_fastener,97168267,250,val,coupled_ballast_fastener,"[{""type"": ""ballast_condition"", ""label"": ""ballast_loose"", ""start_m"": 173.4, ""count"": 18, ""side"": ""left"", ""directions"": ""vertical"", ""stiffness_factor_eta_k"": 0.6876, ""damping_factor_eta_c"": 1.0}, {""type"": ""fastener_failure"", ""label"": ""fastener_eta"", ""start_m"": 223.2, ""count"": 8, ""side"": ""right"", ""directions"": ""both"", ""stiffness_factor_eta_k"": 0.5, ""damping_factor_eta_c"": 1.0}]"
s093_seed38985071_v250_baseline,38985071,250,test,baseline,[]
s093_seed38985071_v250_fastener,38985071,250,test,fastener,"[{""type"": ""fastener_failure"", ""label"": ""fastener_eta"", ""start_m"": 295.8, ""count"": 2, ""side"": ""both"", ""directions"": ""both"", ""stiffness_factor_eta_k"": 0.25, ""damping_factor_eta_c"": 1.0}]"
s093_seed38985071_v250_sleeper_void,38985071,250,test,sleeper_void,"[{""type"": ""sleeper_void"", ""label"": ""sleeper_void"", ""start_m"": 280.8, ""count"": 10, ""side"": ""right"", ""directions"": ""vertical"", ""delta_gap_mm"": 1.72}]"
s093_seed38985071_v250_ballast,38985071,250,test,ballast,"[{""type"": ""ballast_condition"", ""label"": ""ballast_hardened"", ""start_m"": 191.4, ""count"": 65, ""side"": ""both"", ""directions"": ""vertical"", ""stiffness_factor_eta_k"": 4.9828, ""damping_factor_eta_c"": 1.0}]"
s093_seed38985071_v250_subgrade,38985071,250,test,subgrade,"[{""type"": ""subgrade_condition"", ""label"": ""subgrade_weakened"", ""start_m"": 165.6, ""count"": 24, ""side"": ""right"", ""directions"": ""vertical"", ""stiffness_factor_eta_k"": 0.363, ""damping_factor_eta_c"": 1.0}]"
s093_seed38985071_v250_coupled_sleeper_void_fastener,38985071,250,test,coupled_sleeper_void_fastener,"[{""type"": ""sleeper_void"", ""label"": ""sleeper_void"", ""start_m"": 294.0, ""count"": 7, ""side"": ""left"", ""directions"": ""vertical"", ""delta_gap_mm"": 1.03}, {""type"": ""fastener_failure"", ""label"": ""fastener_eta"", ""start_m"": 293.4, ""count"": 5, ""side"": ""both"", ""directions"": ""both"", ""stiffness_factor_eta_k"": 0.0, ""damping_factor_eta_c"": 1.0}]"
s094_seed93156407_v250_baseline,93156407,250,test,baseline,[]
s094_seed93156407_v250_fastener,93156407,250,test,fastener,"[{""type"": ""fastener_failure"", ""label"": ""fastener_eta"", ""start_m"": 208.2, ""count"": 2, ""side"": ""both"", ""directions"": ""both"", ""stiffness_factor_eta_k"": 0.1, ""damping_factor_eta_c"": 1.0}]"
s094_seed93156407_v250_sleeper_void,93156407,250,test,sleeper_void,"[{""type"": ""sleeper_void"", ""label"": ""sleeper_void"", ""start_m"": 277.8, ""count"": 4, ""side"": ""both"", ""directions"": ""vertical"", ""delta_gap_mm"": 2.39}]"
s094_seed93156407_v250_ballast,93156407,250,test,ballast,"[{""type"": ""ballast_condition"", ""label"": ""ballast_loose"", ""start_m"": 164.4, ""count"": 62, ""side"": ""left"", ""directions"": ""vertical"", ""stiffness_factor_eta_k"": 0.7203, ""damping_factor_eta_c"": 1.0}]"
s094_seed93156407_v250_subgrade,93156407,250,test,subgrade,"[{""type"": ""subgrade_condition"", ""label"": ""subgrade_weakened"", ""start_m"": 195.6, ""count"": 166, ""side"": ""both"", ""directions"": ""vertical"", ""stiffness_factor_eta_k"": 0.3167, ""damping_factor_eta_c"": 1.0}]"
s094_seed93156407_v250_coupled_fastener_ballast,93156407,250,test,coupled_fastener_ballast,"[{""type"": ""fastener_failure"", ""label"": ""fastener_eta"", ""start_m"": 196.8, ""count"": 9, ""side"": ""both"", ""directions"": ""both"", ""stiffness_factor_eta_k"": 0.1, ""damping_factor_eta_c"": 1.0}, {""type"": ""ballast_condition"", ""label"": ""ballast_loose"", ""start_m"": 253.2, ""count"": 137, ""side"": ""left"", ""directions"": ""vertical"", ""stiffness_factor_eta_k"": 0.5215, ""damping_factor_eta_c"": 1.0}]"
s095_seed60173705_v250_baseline,60173705,250,test,baseline,[]
s095_seed60173705_v250_fastener,60173705,250,test,fastener,"[{""type"": ""fastener_failure"", ""label"": ""fastener_eta"", ""start_m"": 256.2, ""count"": 9, ""side"": ""both"", ""directions"": ""both"", ""stiffness_factor_eta_k"": 0.75, ""damping_factor_eta_c"": 1.0}]"
s095_seed60173705_v250_sleeper_void,60173705,250,test,sleeper_void,"[{""type"": ""sleeper_void"", ""label"": ""sleeper_void"", ""start_m"": 170.4, ""count"": 6, ""side"": ""right"", ""directions"": ""vertical"", ""delta_gap_mm"": 1.0}]"
s095_seed60173705_v250_ballast,60173705,250,test,ballast,"[{""type"": ""ballast_condition"", ""label"": ""ballast_loose"", ""start_m"": 214.8, ""count"": 167, ""side"": ""both"", ""directions"": ""vertical"", ""stiffness_factor_eta_k"": 0.1935, ""damping_factor_eta_c"": 1.0}]"
s095_seed60173705_v250_subgrade,60173705,250,test,subgrade,"[{""type"": ""subgrade_condition"", ""label"": ""subgrade_weakened"", ""start_m"": 238.2, ""count"": 93, ""side"": ""both"", ""directions"": ""vertical"", ""stiffness_factor_eta_k"": 0.3616, ""damping_factor_eta_c"": 1.0}]"
s095_seed60173705_v250_coupled_sleeper_void_fastener,60173705,250,test,coupled_sleeper_void_fastener,"[{""type"": ""sleeper_void"", ""label"": ""sleeper_void"", ""start_m"": 181.8, ""count"": 5, ""side"": ""both"", ""directions"": ""vertical"", ""delta_gap_mm"": 0.68}, {""type"": ""fastener_failure"", ""label"": ""fastener_eta"", ""start_m"": 228.0, ""count"": 4, ""side"": ""both"", ""directions"": ""both"", ""stiffness_factor_eta_k"": 0.75, ""damping_factor_eta_c"": 1.0}]"
s096_seed14234665_v250_baseline,14234665,250,test,baseline,[]
s096_seed14234665_v250_fastener,14234665,250,test,fastener,"[{""type"": ""fastener_failure"", ""label"": ""fastener_eta"", ""start_m"": 255.6, ""count"": 7, ""side"": ""right"", ""directions"": ""both"", ""stiffness_factor_eta_k"": 0.1, ""damping_factor_eta_c"": 1.0}]"
s096_seed14234665_v250_sleeper_void,14234665,250,test,sleeper_void,"[{""type"": ""sleeper_void"", ""label"": ""sleeper_void"", ""start_m"": 233.4, ""count"": 6, ""side"": ""both"", ""directions"": ""vertical"", ""delta_gap_mm"": 2.66}]"
s096_seed14234665_v250_ballast,14234665,250,test,ballast,"[{""type"": ""ballast_condition"", ""label"": ""ballast_hardened"", ""start_m"": 230.4, ""count"": 82, ""side"": ""right"", ""directions"": ""vertical"", ""stiffness_factor_eta_k"": 1.886, ""damping_factor_eta_c"": 1.0}]"
s096_seed14234665_v250_subgrade,14234665,250,test,subgrade,"[{""type"": ""subgrade_condition"", ""label"": ""subgrade_weakened"", ""start_m"": 201.6, ""count"": 147, ""side"": ""left"", ""directions"": ""vertical"", ""stiffness_factor_eta_k"": 0.5634, ""damping_factor_eta_c"": 1.0}]"
s096_seed14234665_v250_coupled_sleeper_void_fastener,14234665,250,test,coupled_sleeper_void_fastener,"[{""type"": ""sleeper_void"", ""label"": ""sleeper_void"", ""start_m"": 237.6, ""count"": 10, ""side"": ""both"", ""directions"": ""vertical"", ""delta_gap_mm"": 1.95}, {""type"": ""fastener_failure"", ""label"": ""fastener_eta"", ""start_m"": 224.4, ""count"": 6, ""side"": ""both"", ""directions"": ""both"", ""stiffness_factor_eta_k"": 0.75, ""damping_factor_eta_c"": 1.0}]"
