case_id,random_seed,speed_kmh,split,case_kind,pair_group,defects_json
s001_seed30250811_v160_baseline,30250811,160,train,baseline,,[]
s001_seed30250811_v160_fastener,30250811,160,train,fastener,,"[{""type"": ""fastener_failure"", ""label"": ""fastener_eta"", ""start_m"": 191.4, ""count"": 4, ""side"": ""both"", ""directions"": ""both"", ""stiffness_factor_eta_k"": 0.0, ""damping_factor_eta_c"": 1.0}]"
s001_seed30250811_v160_sleeper_void,30250811,160,train,sleeper_void,,"[{""type"": ""sleeper_void"", ""label"": ""sleeper_void"", ""start_m"": 164.4, ""count"": 5, ""side"": ""right"", ""directions"": ""vertical"", ""delta_gap_mm"": 0.98}]"
s001_seed30250811_v160_ballast,30250811,160,train,ballast,,"[{""type"": ""ballast_condition"", ""label"": ""ballast_loose"", ""start_m"": 181.8, ""count"": 166, ""side"": ""left"", ""directions"": ""vertical"", ""stiffness_factor_eta_k"": 0.173, ""damping_factor_eta_c"": 1.0}]"
s001_seed30250811_v160_subgrade,30250811,160,train,subgrade,,"[{""type"": ""subgrade_condition"", ""label"": ""subgrade_weakened"", ""start_m"": 226.8, ""count"": 28, ""side"": ""left"", ""directions"": ""vertical"", ""stiffness_factor_eta_k"": 0.5672, ""damping_factor_eta_c"": 1.0}]"
s001_seed30250811_v160_coupled_fastener_subgrade,30250811,160,train,coupled_fastener_subgrade,,"[{""type"": ""fastener_failure"", ""label"": ""fastener_eta"", ""start_m"": 178.8, ""count"": 1, ""side"": ""both"", ""directions"": ""both"", ""stiffness_factor_eta_k"": 0.1, ""damping_factor_eta_c"": 1.0}, {""type"": ""subgrade_condition"", ""label"": ""subgrade_weakened"", ""start_m"": 283.2, ""count"": 121, ""side"": ""left"", ""directions"": ""vertical"", ""stiffness_factor_eta_k"": 0.6654, ""damping_factor_eta_c"": 1.0}]"
s002_seed29721531_v160_baseline,29721531,160,train,baseline,,[]
s002_seed29721531_v160_fastener,29721531,160,train,fastener,,"[{""type"": ""fastener_failure"", ""label"": ""fastener_eta"", ""start_m"": 241.2, ""count"": 9, ""side"": ""right"", ""directions"": ""both"", ""stiffness_factor_eta_k"": 0.25, ""damping_factor_eta_c"": 1.0}]"
s002_seed29721531_v160_sleeper_void,29721531,160,train,sleeper_void,,"[{""type"": ""sleeper_void"", ""label"": ""sleeper_void"", ""start_m"": 180.0, ""count"": 5, ""side"": ""left"", ""directions"": ""vertical"", ""delta_gap_mm"": 2.33}]"
s002_seed29721531_v160_ballast,29721531,160,train,ballast,,"[{""type"": ""ballast_condition"", ""label"": ""ballast_loose"", ""start_m"": 180.0, ""count"": 93, ""side"": ""both"", ""directions"": ""vertical"", ""stiffness_factor_eta_k"": 0.136, ""damping_factor_eta_c"": 1.0}]"
s002_seed29721531_v160_subgrade,29721531,160,train,subgrade,,"[{""type"": ""subgrade_condition"", ""label"": ""subgrade_weakened"", ""start_m"": 259.2, ""count"": 150, ""side"": ""right"", ""directions"": ""vertical"", ""stiffness_factor_eta_k"": 0.7238, ""damping_factor_eta_c"": 1.0}]"
s002_seed29721531_v160_coupled_fastener_ballast,29721531,160,train,coupled_fastener_ballast,,"[{""type"": ""fastener_failure"", ""label"": ""fastener_eta"", ""start_m"": 183.6, ""count"": 9, ""side"": ""left"", ""directions"": ""both"", ""stiffness_factor_eta_k"": 0.5, ""damping_factor_eta_c"": 1.0}, {""type"": ""ballast_condition"", ""label"": ""ballast_hardened"", ""start_m"": 156.0, ""count"": 105, ""side"": ""both"", ""directions"": ""vertical"", ""stiffness_factor_eta_k"": 7.9194, ""damping_factor_eta_c"": 1.0}]"
s003_seed87860543_v160_baseline,87860543,160,train,baseline,,[]
s003_seed87860543_v160_fastener,87860543,160,train,fastener,,"[{""type"": ""fastener_failure"", ""label"": ""fastener_eta"", ""start_m"": 262.2, ""count"": 2, ""side"": ""left"", ""directions"": ""both"", ""stiffness_factor_eta_k"": 0.75, ""damping_factor_eta_c"": 1.0}]"
s003_seed87860543_v160_sleeper_void,87860543,160,train,sleeper_void,,"[{""type"": ""sleeper_void"", ""label"": ""sleeper_void"", ""start_m"": 195.6, ""count"": 6, ""side"": ""both"", ""directions"": ""vertical"", ""delta_gap_mm"": 1.53}]"
s003_seed87860543_v160_ballast,87860543,160,train,ballast,,"[{""type"": ""ballast_condition"", ""label"": ""ballast_loose"", ""start_m"": 220.8, ""count"": 145, ""side"": ""right"", ""directions"": ""vertical"", ""stiffness_factor_eta_k"": 0.2563, ""damping_factor_eta_c"": 1.0}]"
s003_seed87860543_v160_subgrade,87860543,160,train,subgrade,,"[{""type"": ""subgrade_condition"", ""label"": ""subgrade_weakened"", ""start_m"": 282.6, ""count"": 132, ""side"": ""left"", ""directions"": ""vertical"", ""stiffness_factor_eta_k"": 0.2151, ""damping_factor_eta_c"": 1.0}]"
s003_seed87860543_v160_coupled_fastener_ballast,87860543,160,train,coupled_fastener_ballast,,"[{""type"": ""fastener_failure"", ""label"": ""fastener_eta"", ""start_m"": 226.2, ""count"": 5, ""side"": ""left"", ""directions"": ""both"", ""stiffness_factor_eta_k"": 0.25, ""damping_factor_eta_c"": 1.0}, {""type"": ""ballast_condition"", ""label"": ""ballast_loose"", ""start_m"": 282.0, ""count"": 101, ""side"": ""left"", ""directions"": ""vertical"", ""stiffness_factor_eta_k"": 0.6848, ""damping_factor_eta_c"": 1.0}]"
s004_seed74178924_v160_baseline,74178924,160,train,baseline,,[]
s004_seed74178924_v160_fastener,74178924,160,train,fastener,,"[{""type"": ""fastener_failure"", ""label"": ""fastener_eta"", ""start_m"": 264.6, ""count"": 5, ""side"": ""both"", ""directions"": ""both"", ""stiffness_factor_eta_k"": 0.5, ""damping_factor_eta_c"": 1.0}]"
s004_seed74178924_v160_sleeper_void,74178924,160,train,sleeper_void,,"[{""type"": ""sleeper_void"", ""label"": ""sleeper_void"", ""start_m"": 231.0, ""count"": 1, ""side"": ""right"", ""directions"": ""vertical"", ""delta_gap_mm"": 1.76}]"
s004_seed74178924_v160_ballast,74178924,160,train,ballast,,"[{""type"": ""ballast_condition"", ""label"": ""ballast_loose"", ""start_m"": 228.6, ""count"": 47, ""side"": ""right"", ""directions"": ""vertical"", ""stiffness_factor_eta_k"": 0.4162, ""damping_factor_eta_c"": 1.0}]"
s004_seed74178924_v160_subgrade,74178924,160,train,subgrade,,"[{""type"": ""subgrade_condition"", ""label"": ""subgrade_weakened"", ""start_m"": 198.0, ""count"": 66, ""side"": ""right"", ""directions"": ""vertical"", ""stiffness_factor_eta_k"": 0.1846, ""damping_factor_eta_c"": 1.0}]"
s004_seed74178924_v160_coupled_sleeper_void_ballast,74178924,160,train,coupled_sleeper_void_ballast,,"[{""type"": ""sleeper_void"", ""label"": ""sleeper_void"", ""start_m"": 206.4, ""count"": 6, ""side"": ""both"", ""directions"": ""vertical"", ""delta_gap_mm"": 0.98}, {""type"": ""ballast_condition"", ""label"": ""ballast_loose"", ""start_m"": 199.2, ""count"": 142, ""side"": ""right"", ""directions"": ""vertical"", ""stiffness_factor_eta_k"": 0.2888, ""damping_factor_eta_c"": 1.0}]"
s005_seed80930382_v160_baseline,80930382,160,train,baseline,,[]
s005_seed80930382_v160_fastener,80930382,160,train,fastener,,"[{""type"": ""fastener_failure"", ""label"": ""fastener_eta"", ""start_m"": 295.2, ""count"": 2, ""side"": ""left"", ""directions"": ""both"", ""stiffness_factor_eta_k"": 0.75, ""damping_factor_eta_c"": 1.0}]"
s005_seed80930382_v160_sleeper_void,80930382,160,train,sleeper_void,,"[{""type"": ""sleeper_void"", ""label"": ""sleeper_void"", ""start_m"": 229.2, ""count"": 4, ""side"": ""both"", ""directions"": ""vertical"", ""delta_gap_mm"": 1.57}]"
s005_seed80930382_v160_ballast,80930382,160,train,ballast,,"[{""type"": ""ballast_condition"", ""label"": ""ballast_hardened"", ""start_m"": 150.6, ""count"": 16, ""side"": ""both"", ""directions"": ""vertical"", ""stiffness_factor_eta_k"": 6.1288, ""damping_factor_eta_c"": 1.0}]"
s005_seed80930382_v160_subgrade,80930382,160,train,subgrade,,"[{""type"": ""subgrade_condition"", ""label"": ""subgrade_weakened"", ""start_m"": 268.2, ""count"": 140, ""side"": ""both"", ""directions"": ""vertical"", ""stiffness_factor_eta_k"": 0.6519, ""damping_factor_eta_c"": 1.0}]"
s005_seed80930382_v160_coupled_sleeper_void_fastener,80930382,160,train,coupled_sleeper_void_fastener,,"[{""type"": ""sleeper_void"", ""label"": ""sleeper_void"", ""start_m"": 242.4, ""count"": 1, ""side"": ""both"", ""directions"": ""vertical"", ""delta_gap_mm"": 1.7}, {""type"": ""fastener_failure"", ""label"": ""fastener_eta"", ""start_m"": 191.4, ""count"": 4, ""side"": ""right"", ""directions"": ""both"", ""stiffness_factor_eta_k"": 0.5, ""damping_factor_eta_c"": 1.0}]"
s006_seed25935677_v160_baseline,25935677,160,train,baseline,,[]
s006_seed25935677_v160_fastener,25935677,160,train,fastener,,"[{""type"": ""fastener_failure"", ""label"": ""fastener_eta"", ""start_m"": 243.6, ""count"": 9, ""side"": ""both"", ""directions"": ""both"", ""stiffness_factor_eta_k"": 0.0, ""damping_factor_eta_c"": 1.0}]"
s006_seed25935677_v160_sleeper_void,25935677,160,train,sleeper_void,,"[{""type"": ""sleeper_void"", ""label"": ""sleeper_void"", ""start_m"": 275.4, ""count"": 8, ""side"": ""right"", ""directions"": ""vertical"", ""delta_gap_mm"": 0.88}]"
s006_seed25935677_v160_ballast,25935677,160,train,ballast,,"[{""type"": ""ballast_condition"", ""label"": ""ballast_hardened"", ""start_m"": 180.0, ""count"": 78, ""side"": ""both"", ""directions"": ""vertical"", ""stiffness_factor_eta_k"": 2.1158, ""damping_factor_eta_c"": 1.0}]"
s006_seed25935677_v160_subgrade,25935677,160,train,subgrade,,"[{""type"": ""subgrade_condition"", ""label"": ""subgrade_weakened"", ""start_m"": 255.0, ""count"": 80, ""side"": ""both"", ""directions"": ""vertical"", ""stiffness_factor_eta_k"": 0.357, ""damping_factor_eta_c"": 1.0}]"
s006_seed25935677_v160_coupled_fastener_sleeper_void,25935677,160,train,coupled_fastener_sleeper_void,,"[{""type"": ""fastener_failure"", ""label"": ""fastener_eta"", ""start_m"": 160.2, ""count"": 1, ""side"": ""both"", ""directions"": ""both"", ""stiffness_factor_eta_k"": 0.1, ""damping_factor_eta_c"": 1.0}, {""type"": ""sleeper_void"", ""label"": ""sleeper_void"", ""start_m"": 153.0, ""count"": 1, ""side"": ""left"", ""directions"": ""vertical"", ""delta_gap_mm"": 2.31}]"
s007_seed75475639_v160_baseline,75475639,160,train,baseline,,[]
s007_seed75475639_v160_fastener,75475639,160,train,fastener,,"[{""type"": ""fastener_failure"", ""label"": ""fastener_eta"", ""start_m"": 268.2, ""count"": 2, ""side"": ""right"", ""directions"": ""both"", ""stiffness_factor_eta_k"": 0.1, ""damping_factor_eta_c"": 1.0}]"
s007_seed75475639_v160_sleeper_void,75475639,160,train,sleeper_void,,"[{""type"": ""sleeper_void"", ""label"": ""sleeper_void"", ""start_m"": 154.2, ""count"": 5, ""side"": ""right"", ""directions"": ""vertical"", ""delta_gap_mm"": 2.57}]"
s007_seed75475639_v160_ballast,75475639,160,train,ballast,,"[{""type"": ""ballast_condition"", ""label"": ""ballast_hardened"", ""start_m"": 243.6, ""count"": 108, ""side"": ""both"", ""directions"": ""vertical"", ""stiffness_factor_eta_k"": 4.8308, ""damping_factor_eta_c"": 1.0}]"
s007_seed75475639_v160_subgrade,75475639,160,train,subgrade,,"[{""type"": ""subgrade_condition"", ""label"": ""subgrade_weakened"", ""start_m"": 237.0, ""count"": 46, ""side"": ""both"", ""directions"": ""vertical"", ""stiffness_factor_eta_k"": 0.4993, ""damping_factor_eta_c"": 1.0}]"
s007_seed75475639_v160_coupled_ballast_fastener,75475639,160,train,coupled_ballast_fastener,,"[{""type"": ""ballast_condition"", ""label"": ""ballast_hardened"", ""start_m"": 292.8, ""count"": 44, ""side"": ""both"", ""directions"": ""vertical"", ""stiffness_factor_eta_k"": 2.3279, ""damping_factor_eta_c"": 1.0}, {""type"": ""fastener_failure"", ""label"": ""fastener_eta"", ""start_m"": 286.2, ""count"": 5, ""side"": ""left"", ""directions"": ""both"", ""stiffness_factor_eta_k"": 0.0, ""damping_factor_eta_c"": 1.0}]"
s008_seed93896902_v160_baseline,93896902,160,train,baseline,,[]
s008_seed93896902_v160_fastener,93896902,160,train,fastener,,"[{""type"": ""fastener_failure"", ""label"": ""fastener_eta"", ""start_m"": 211.2, ""count"": 3, ""side"": ""both"", ""directions"": ""both"", ""stiffness_factor_eta_k"": 0.0, ""damping_factor_eta_c"": 1.0}]"
s008_seed93896902_v160_sleeper_void,93896902,160,train,sleeper_void,,"[{""type"": ""sleeper_void"", ""label"": ""sleeper_void"", ""start_m"": 283.8, ""count"": 3, ""side"": ""both"", ""directions"": ""vertical"", ""delta_gap_mm"": 0.62}]"
s008_seed93896902_v160_ballast,93896902,160,train,ballast,,"[{""type"": ""ballast_condition"", ""label"": ""ballast_loose"", ""start_m"": 213.6, ""count"": 14, ""side"": ""left"", ""directions"": ""vertical"", ""stiffness_factor_eta_k"": 0.6154, ""damping_factor_eta_c"": 1.0}]"
s008_seed93896902_v160_subgrade,93896902,160,train,subgrade,,"[{""type"": ""subgrade_condition"", ""label"": ""subgrade_weakened"", ""start_m"": 200.4, ""count"": 123, ""side"": ""left"", ""directions"": ""vertical"", ""stiffness_factor_eta_k"": 0.7289, ""damping_factor_eta_c"": 1.0}]"
s008_seed93896902_v160_coupled_ballast_subgrade,93896902,160,train,coupled_ballast_subgrade,,"[{""type"": ""ballast_condition"", ""label"": ""ballast_hardened"", ""start_m"": 211.8, ""count"": 59, ""side"": ""left"", ""directions"": ""vertical"", ""stiffness_factor_eta_k"": 5.4298, ""damping_factor_eta_c"": 1.0}, {""type"": ""subgrade_condition"", ""label"": ""subgrade_weakened"", ""start_m"": 217.8, ""count"": 153, ""side"": ""both"", ""directions"": ""vertical"", ""stiffness_factor_eta_k"": 0.7725, ""damping_factor_eta_c"": 1.0}]"
s009_seed72037751_v160_baseline,72037751,160,train,baseline,,[]
s009_seed72037751_v160_fastener,72037751,160,train,fastener,,"[{""type"": ""fastener_failure"", ""label"": ""fastener_eta"", ""start_m"": 172.2, ""count"": 2, ""side"": ""both"", ""directions"": ""both"", ""stiffness_factor_eta_k"": 0.0, ""damping_factor_eta_c"": 1.0}]"
s009_seed72037751_v160_sleeper_void,72037751,160,train,sleeper_void,,"[{""type"": ""sleeper_void"", ""label"": ""sleeper_void"", ""start_m"": 155.4, ""count"": 5, ""side"": ""both"", ""directions"": ""vertical"", ""delta_gap_mm"": 2.2}]"
s009_seed72037751_v160_ballast,72037751,160,train,ballast,,"[{""type"": ""ballast_condition"", ""label"": ""ballast_hardened"", ""start_m"": 265.8, ""count"": 63, ""side"": ""left"", ""directions"": ""vertical"", ""stiffness_factor_eta_k"": 5.1846, ""damping_factor_eta_c"": 1.0}]"
s009_seed72037751_v160_subgrade,72037751,160,train,subgrade,,"[{""type"": ""subgrade_condition"", ""label"": ""subgrade_weakened"", ""start_m"": 151.8, ""count"": 92, ""side"": ""both"", ""directions"": ""vertical"", ""stiffness_factor_eta_k"": 0.7205, ""damping_factor_eta_c"": 1.0}]"
s009_seed72037751_v160_coupled_fastener_ballast,72037751,160,train,coupled_fastener_ballast,,"[{""type"": ""fastener_failure"", ""label"": ""fastener_eta"", ""start_m"": 168.6, ""count"": 1, ""side"": ""both"", ""directions"": ""both"", ""stiffness_factor_eta_k"": 0.25, ""damping_factor_eta_c"": 1.0}, {""type"": ""ballast_condition"", ""label"": ""ballast_hardened"", ""start_m"": 183.0, ""count"": 20, ""side"": ""both"", ""directions"": ""vertical"", ""stiffness_factor_eta_k"": 6.4626, ""damping_factor_eta_c"": 1.0}]"
s010_seed67254543_v160_baseline,67254543,160,train,baseline,,[]
s010_seed67254543_v160_fastener,67254543,160,train,fastener,,"[{""type"": ""fastener_failure"", ""label"": ""fastener_eta"", ""start_m"": 201.0, ""count"": 1, ""side"": ""right"", ""directions"": ""both"", ""stiffness_factor_eta_k"": 0.5, ""damping_factor_eta_c"": 1.0}]"
s010_seed67254543_v160_sleeper_void,67254543,160,train,sleeper_void,,"[{""type"": ""sleeper_void"", ""label"": ""sleeper_void"", ""start_m"": 295.8, ""count"": 6, ""side"": ""both"", ""directions"": ""vertical"", ""delta_gap_mm"": 2.18}]"
s010_seed67254543_v160_ballast,67254543,160,train,ballast,,"[{""type"": ""ballast_condition"", ""label"": ""ballast_hardened"", ""start_m"": 281.4, ""count"": 94, ""side"": ""right"", ""directions"": ""vertical"", ""stiffness_factor_eta_k"": 6.5086, ""damping_factor_eta_c"": 1.0}]"
s010_seed67254543_v160_subgrade,67254543,160,train,subgrade,,"[{""type"": ""subgrade_condition"", ""label"": ""subgrade_weakened"", ""start_m"": 165.6, ""count"": 134, ""side"": ""both"", ""directions"": ""vertical"", ""stiffness_factor_eta_k"": 0.7063, ""damping_factor_eta_c"": 1.0}]"
s010_seed67254543_v160_coupled_ballast_sleeper_void,67254543,160,train,coupled_ballast_sleeper_void,,"[{""type"": ""ballast_condition"", ""label"": ""ballast_loose"", ""start_m"": 168.0, ""count"": 134, ""side"": ""both"", ""directions"": ""vertical"", ""stiffness_factor_eta_k"": 0.1441, ""damping_factor_eta_c"": 1.0}, {""type"": ""sleeper_void"", ""label"": ""sleeper_void"", ""start_m"": 182.4, ""count"": 5, ""side"": ""both"", ""directions"": ""vertical"", ""delta_gap_mm"": 2.7}]"
s011_seed41396190_v160_baseline,41396190,160,train,baseline,,[]
s011_seed41396190_v160_fastener,41396190,160,train,fastener,,"[{""type"": ""fastener_failure"", ""label"": ""fastener_eta"", ""start_m"": 249.6, ""count"": 3, ""side"": ""right"", ""directions"": ""both"", ""stiffness_factor_eta_k"": 0.1, ""damping_factor_eta_c"": 1.0}]"
s011_seed41396190_v160_sleeper_void,41396190,160,train,sleeper_void,,"[{""type"": ""sleeper_void"", ""label"": ""sleeper_void"", ""start_m"": 190.2, ""count"": 6, ""side"": ""both"", ""directions"": ""vertical"", ""delta_gap_mm"": 0.82}]"
s011_seed41396190_v160_ballast,41396190,160,train,ballast,,"[{""type"": ""ballast_condition"", ""label"": ""ballast_loose"", ""start_m"": 162.6, ""count"": 137, ""side"": ""both"", ""directions"": ""vertical"", ""stiffness_factor_eta_k"": 0.6547, ""damping_factor_eta_c"": 1.0}]"
s011_seed41396190_v160_subgrade,41396190,160,train,subgrade,,"[{""type"": ""subgrade_condition"", ""label"": ""subgrade_weakened"", ""start_m"": 154.8, ""count"": 121, ""side"": ""both"", ""directions"": ""vertical"", ""stiffness_factor_eta_k"": 0.1143, ""damping_factor_eta_c"": 1.0}]"
s011_seed41396190_v160_coupled_ballast_sleeper_void,41396190,160,train,coupled_ballast_sleeper_void,,"[{""type"": ""ballast_condition"", ""label"": ""ballast_hardened"", ""start_m"": 159.0, ""count"": 72, ""side"": ""both"", ""directions"": ""vertical"", ""stiffness_factor_eta_k"": 2.1763, ""damping_factor_eta_c"": 1.0}, {""type"": ""sleeper_void"", ""label"": ""sleeper_void"", ""start_m"": 222.0, ""count"": 8, ""side"": ""both"", ""directions"": ""vertical"", ""delta_gap_mm"": 2.66}]"
s012_seed47121630_v160_baseline,47121630,160,train,baseline,,[]
s012_seed47121630_v160_fastener,47121630,160,train,fastener,,"[{""type"": ""fastener_failure"", ""label"": ""fastener_eta"", ""start_m"": 271.8, ""count"": 7, ""side"": ""both"", ""directions"": ""both"", ""stiffness_factor_eta_k"": 0.5, ""damping_factor_eta_c"": 1.0}]"
s012_seed47121630_v160_sleeper_void,47121630,160,train,sleeper_void,,"[{""type"": ""sleeper_void"", ""label"": ""sleeper_void"", ""start_m"": 208.2, ""count"": 1, ""side"": ""both"", ""directions"": ""vertical"", ""delta_gap_mm"": 2.29}]"
s012_seed47121630_v160_ballast,47121630,160,train,ballast,,"[{""type"": ""ballast_condition"", ""label"": ""ballast_hardened"", ""start_m"": 262.2, ""count"": 58, ""side"": ""both"", ""directions"": ""vertical"", ""stiffness_factor_eta_k"": 2.3865, ""damping_factor_eta_c"": 1.0}]"
s012_seed47121630_v160_subgrade,47121630,160,train,subgrade,,"[{""type"": ""subgrade_condition"", ""label"": ""subgrade_weakened"", ""start_m"": 239.4, ""count"": 123, ""side"": ""right"", ""directions"": ""vertical"", ""stiffness_factor_eta_k"": 0.5291, ""damping_factor_eta_c"": 1.0}]"
s012_seed47121630_v160_coupled_ballast_fastener,47121630,160,train,coupled_ballast_fastener,,"[{""type"": ""ballast_condition"", ""label"": ""ballast_loose"", ""start_m"": 178.8, ""count"": 36, ""side"": ""both"", ""directions"": ""vertical"", ""stiffness_factor_eta_k"": 0.1447, ""damping_factor_eta_c"": 1.0}, {""type"": ""fastener_failure"", ""label"": ""fastener_eta"", ""start_m"": 150.6, ""count"": 6, ""side"": ""both"", ""directions"": ""both"", ""stiffness_factor_eta_k"": 0.5, ""damping_factor_eta_c"": 1.0}]"
s013_seed66290043_v160_baseline,66290043,160,train,baseline,,[]
s013_seed66290043_v160_fastener,66290043,160,train,fastener,,"[{""type"": ""fastener_failure"", ""label"": ""fastener_eta"", ""start_m"": 277.8, ""count"": 3, ""side"": ""right"", ""directions"": ""both"", ""stiffness_factor_eta_k"": 0.0, ""damping_factor_eta_c"": 1.0}]"
s013_seed66290043_v160_sleeper_void,66290043,160,train,sleeper_void,,"[{""type"": ""sleeper_void"", ""label"": ""sleeper_void"", ""start_m"": 298.8, ""count"": 2, ""side"": ""left"", ""directions"": ""vertical"", ""delta_gap_mm"": 1.95}]"
s013_seed66290043_v160_ballast,66290043,160,train,ballast,,"[{""type"": ""ballast_condition"", ""label"": ""ballast_loose"", ""start_m"": 220.8, ""count"": 141, ""side"": ""left"", ""directions"": ""vertical"", ""stiffness_factor_eta_k"": 0.7351, ""damping_factor_eta_c"": 1.0}]"
s013_seed66290043_v160_subgrade,66290043,160,train,subgrade,,"[{""type"": ""subgrade_condition"", ""label"": ""subgrade_weakened"", ""start_m"": 278.4, ""count"": 124, ""side"": ""right"", ""directions"": ""vertical"", ""stiffness_factor_eta_k"": 0.1792, ""damping_factor_eta_c"": 1.0}]"
s013_seed66290043_v160_coupled_fastener_subgrade,66290043,160,train,coupled_fastener_subgrade,,"[{""type"": ""fastener_failure"", ""label"": ""fastener_eta"", ""start_m"": 262.2, ""count"": 6, ""side"": ""both"", ""directions"": ""both"", ""stiffness_factor_eta_k"": 0.5, ""damping_factor_eta_c"": 1.0}, {""type"": ""subgrade_condition"", ""label"": ""subgrade_weakened"", ""start_m"": 288.6, ""count"": 38, ""side"": ""right"", ""directions"": ""vertical"", ""stiffness_factor_eta_k"": 0.5129, ""damping_factor_eta_c"": 1.0}]"
s014_seed29905071_v160_baseline,29905071,160,train,baseline,,[]
s014_seed29905071_v160_fastener,29905071,160,train,fastener,,"[{""type"": ""fastener_failure"", ""label"": ""fastener_eta"", ""start_m"": 243.6, ""count"": 7, ""side"": ""right"", ""directions"": ""both"", ""stiffness_factor_eta_k"": 0.0, ""damping_factor_eta_c"": 1.0}]"
s014_seed29905071_v160_sleeper_void,29905071,160,train,sleeper_void,,"[{""type"": ""sleeper_void"", ""label"": ""sleeper_void"", ""start_m"": 278.4, ""count"": 1, ""side"": ""both"", ""directions"": ""vertical"", ""delta_gap_mm"": 1.27}]"
s014_seed29905071_v160_ballast,29905071,160,train,ballast,,"[{""type"": ""ballast_condition"", ""label"": ""ballast_hardened"", ""start_m"": 165.6, ""count"": 61, ""side"": ""both"", ""directions"": ""vertical"", ""stiffness_factor_eta_k"": 6.6365, ""damping_factor_eta_c"": 1.0}]"
s014_seed29905071_v160_subgrade,29905071,160,train,subgrade,,"[{""type"": ""subgrade_condition"", ""label"": ""subgrade_weakened"", ""start_m"": 264.0, ""count"": 120, ""side"": ""left"", ""directions"": ""vertical"", ""stiffness_factor_eta_k"": 0.4017, ""damping_factor_eta_c"": 1.0}]"
s014_seed29905071_v160_coupled_fastener_subgrade,29905071,160,train,coupled_fastener_subgrade,,"[{""type"": ""fastener_failure"", ""label"": ""fastener_eta"", ""start_m"": 215.4, ""count"": 7, ""side"": ""both"", ""directions"": ""both"", ""stiffness_factor_eta_k"": 0.75, ""damping_factor_eta_c"": 1.0}, {""type"": ""subgrade_condition"", ""label"": ""subgrade_weakened"", ""start_m"": 211.8, ""count"": 139, ""side"": ""right"", ""directions"": ""vertical"", ""stiffness_factor_eta_k"": 0.3671, ""damping_factor_eta_c"": 1.0}]"
s015_seed91979125_v160_baseline,91979125,160,train,baseline,,[]
s015_seed91979125_v160_fastener,91979125,160,train,fastener,,"[{""type"": ""fastener_failure"", ""label"": ""fastener_eta"", ""start_m"": 160.8, ""count"": 7, ""side"": ""right"", ""directions"": ""both"", ""stiffness_factor_eta_k"": 0.0, ""damping_factor_eta_c"": 1.0}]"
s015_seed91979125_v160_sleeper_void,91979125,160,train,sleeper_void,,"[{""type"": ""sleeper_void"", ""label"": ""sleeper_void"", ""start_m"": 218.4, ""count"": 8, ""side"": ""right"", ""directions"": ""vertical"", ""delta_gap_mm"": 1.08}]"
s015_seed91979125_v160_ballast,91979125,160,train,ballast,,"[{""type"": ""ballast_condition"", ""label"": ""ballast_hardened"", ""start_m"": 159.6, ""count"": 28, ""side"": ""both"", ""directions"": ""vertical"", ""stiffness_factor_eta_k"": 5.4747, ""damping_factor_eta_c"": 1.0}]"
s015_seed91979125_v160_subgrade,91979125,160,train,subgrade,,"[{""type"": ""subgrade_condition"", ""label"": ""subgrade_weakened"", ""start_m"": 171.0, ""count"": 166, ""side"": ""both"", ""directions"": ""vertical"", ""stiffness_factor_eta_k"": 0.6562, ""damping_factor_eta_c"": 1.0}]"
s015_seed91979125_v160_coupled_ballast_fastener,91979125,160,train,coupled_ballast_fastener,,"[{""type"": ""ballast_condition"", ""label"": ""ballast_loose"", ""start_m"": 271.8, ""count"": 163, ""side"": ""left"", ""directions"": ""vertical"", ""stiffness_factor_eta_k"": 0.7258, ""damping_factor_eta_c"": 1.0}, {""type"": ""fastener_failure"", ""label"": ""fastener_eta"", ""start_m"": 168.0, ""count"": 2, ""side"": ""right"", ""directions"": ""both"", ""stiffness_factor_eta_k"": 0.25, ""damping_factor_eta_c"": 1.0}]"
s016_seed48931274_v160_baseline,48931274,160,train,baseline,,[]
s016_seed48931274_v160_fastener,48931274,160,train,fastener,,"[{""type"": ""fastener_failure"", ""label"": ""fastener_eta"", ""start_m"": 217.2, ""count"": 4, ""side"": ""left"", ""directions"": ""both"", ""stiffness_factor_eta_k"": 0.5, ""damping_factor_eta_c"": 1.0}]"
s016_seed48931274_v160_sleeper_void,48931274,160,train,sleeper_void,,"[{""type"": ""sleeper_void"", ""label"": ""sleeper_void"", ""start_m"": 232.2, ""count"": 1, ""side"": ""right"", ""directions"": ""vertical"", ""delta_gap_mm"": 2.03}]"
s016_seed48931274_v160_ballast,48931274,160,train,ballast,,"[{""type"": ""ballast_condition"", ""label"": ""ballast_loose"", ""start_m"": 193.2, ""count"": 107, ""side"": ""both"", ""directions"": ""vertical"", ""stiffness_factor_eta_k"": 0.4377, ""damping_factor_eta_c"": 1.0}]"
s016_seed48931274_v160_subgrade,48931274,160,train,subgrade,,"[{""type"": ""subgrade_condition"", ""label"": ""subgrade_weakened"", ""start_m"": 224.4, ""count"": 139, ""side"": ""right"", ""directions"": ""vertical"", ""stiffness_factor_eta_k"": 0.3478, ""damping_factor_eta_c"": 1.0}]"
s016_seed48931274_v160_coupled_subgrade_sleeper_void,48931274,160,train,coupled_subgrade_sleeper_void,,"[{""type"": ""subgrade_condition"", ""label"": ""subgrade_weakened"", ""start_m"": 264.6, ""count"": 94, ""side"": ""left"", ""directions"": ""vertical"", ""stiffness_factor_eta_k"": 0.3167, ""damping_factor_eta_c"": 1.0}, {""type"": ""sleeper_void"", ""label"": ""sleeper_void"", ""start_m"": 183.0, ""count"": 2, ""side"": ""both"", ""directions"": ""vertical"", ""delta_gap_mm"": 1.76}]"
s017_seed84960042_v160_baseline,84960042,160,train,baseline,,[]
s017_seed84960042_v160_fastener,84960042,160,train,fastener,,"[{""type"": ""fastener_failure"", ""label"": ""fastener_eta"", ""start_m"": 252.0, ""count"": 8, ""side"": ""both"", ""directions"": ""both"", ""stiffness_factor_eta_k"": 0.25, ""damping_factor_eta_c"": 1.0}]"
s017_seed84960042_v160_sleeper_void,84960042,160,train,sleeper_void,,"[{""type"": ""sleeper_void"", ""label"": ""sleeper_void"", ""start_m"": 288.0, ""count"": 7, ""side"": ""left"", ""directions"": ""vertical"", ""delta_gap_mm"": 2.22}]"
s017_seed84960042_v160_ballast,84960042,160,train,ballast,,"[{""type"": ""ballast_condition"", ""label"": ""ballast_hardened"", ""start_m"": 201.0, ""count"": 13, ""side"": ""right"", ""directions"": ""vertical"", ""stiffness_factor_eta_k"": 3.4325, ""damping_factor_eta_c"": 1.0}]"
s017_seed84960042_v160_subgrade,84960042,160,train,subgrade,,"[{""type"": ""subgrade_condition"", ""label"": ""subgrade_weakened"", ""start_m"": 152.4, ""count"": 111, ""side"": ""both"", ""directions"": ""vertical"", ""stiffness_factor_eta_k"": 0.198, ""damping_factor_eta_c"": 1.0}]"
s017_seed84960042_v160_coupled_ballast_subgrade,84960042,160,train,coupled_ballast_subgrade,,"[{""type"": ""ballast_condition"", ""label"": ""ballast_hardened"", ""start_m"": 280.2, ""count"": 43, ""side"": ""both"", ""directions"": ""vertical"", ""stiffness_factor_eta_k"": 3.7095, ""damping_factor_eta_c"": 1.0}, {""type"": ""subgrade_condition"", ""label"": ""subgrade_weakened"", ""start_m"": 249.6, ""count"": 49, ""side"": ""left"", ""directions"": ""vertical"", ""stiffness_factor_eta_k"": 0.1793, ""damping_factor_eta_c"": 1.0}]"
s018_seed69676646_v160_baseline,69676646,160,val,baseline,,[]
s018_seed69676646_v160_fastener,69676646,160,val,fastener,,"[{""type"": ""fastener_failure"", ""label"": ""fastener_eta"", ""start_m"": 292.8, ""count"": 6, ""side"": ""both"", ""directions"": ""both"", ""stiffness_factor_eta_k"": 0.5, ""damping_factor_eta_c"": 1.0}]"
s018_seed69676646_v160_sleeper_void,69676646,160,val,sleeper_void,,"[{""type"": ""sleeper_void"", ""label"": ""sleeper_void"", ""start_m"": 273.6, ""count"": 9, ""side"": ""both"", ""directions"": ""vertical"", ""delta_gap_mm"": 2.81}]"
s018_seed69676646_v160_ballast,69676646,160,val,ballast,,"[{""type"": ""ballast_condition"", ""label"": ""ballast_loose"", ""start_m"": 268.8, ""count"": 163, ""side"": ""both"", ""directions"": ""vertical"", ""stiffness_factor_eta_k"": 0.4487, ""damping_factor_eta_c"": 1.0}]"
s018_seed69676646_v160_subgrade,69676646,160,val,subgrade,,"[{""type"": ""subgrade_condition"", ""label"": ""subgrade_weakened"", ""start_m"": 260.4, ""count"": 76, ""side"": ""right"", ""directions"": ""vertical"", ""stiffness_factor_eta_k"": 0.4969, ""damping_factor_eta_c"": 1.0}]"
s018_seed69676646_v160_coupled_sleeper_void_ballast,69676646,160,val,coupled_sleeper_void_ballast,,"[{""type"": ""sleeper_void"", ""label"": ""sleeper_void"", ""start_m"": 235.8, ""count"": 1, ""side"": ""both"", ""directions"": ""vertical"", ""delta_gap_mm"": 2.68}, {""type"": ""ballast_condition"", ""label"": ""ballast_loose"", ""start_m"": 271.2, ""count"": 72, ""side"": ""both"", ""directions"": ""vertical"", ""stiffness_factor_eta_k"": 0.3145, ""damping_factor_eta_c"": 1.0}]"
s019_seed45489883_v160_baseline,45489883,160,val,baseline,,[]
s019_seed45489883_v160_fastener,45489883,160,val,fastener,,"[{""type"": ""fastener_failure"", ""label"": ""fastener_eta"", ""start_m"": 215.4, ""count"": 9, ""side"": ""both"", ""directions"": ""both"", ""stiffness_factor_eta_k"": 0.25, ""damping_factor_eta_c"": 1.0}]"
s019_seed45489883_v160_sleeper_void,45489883,160,val,sleeper_void,,"[{""type"": ""sleeper_void"", ""label"": ""sleeper_void"", ""start_m"": 222.0, ""count"": 5, ""side"": ""both"", ""directions"": ""vertical"", ""delta_gap_mm"": 1.39}]"
s019_seed45489883_v160_ballast,45489883,160,val,ballast,,"[{""type"": ""ballast_condition"", ""label"": ""ballast_loose"", ""start_m"": 286.2, ""count"": 147, ""side"": ""left"", ""directions"": ""vertical"", ""stiffness_factor_eta_k"": 0.6413, ""damping_factor_eta_c"": 1.0}]"
s019_seed45489883_v160_subgrade,45489883,160,val,subgrade,,"[{""type"": ""subgrade_condition"", ""label"": ""subgrade_weakened"", ""start_m"": 222.6, ""count"": 163, ""side"": ""both"", ""directions"": ""vertical"", ""stiffness_factor_eta_k"": 0.641, ""damping_factor_eta_c"": 1.0}]"
s019_seed45489883_v160_coupled_fastener_sleeper_void,45489883,160,val,coupled_fastener_sleeper_void,,"[{""type"": ""fastener_failure"", ""label"": ""fastener_eta"", ""start_m"": 183.0, ""count"": 4, ""side"": ""left"", ""directions"": ""both"", ""stiffness_factor_eta_k"": 0.1, ""damping_factor_eta_c"": 1.0}, {""type"": ""sleeper_void"", ""label"": ""sleeper_void"", ""start_m"": 270.6, ""count"": 6, ""side"": ""right"", ""directions"": ""vertical"", ""delta_gap_mm"": 1.24}]"
s020_seed47089144_v160_baseline,47089144,160,val,baseline,,[]
s020_seed47089144_v160_fastener,47089144,160,val,fastener,,"[{""type"": ""fastener_failure"", ""label"": ""fastener_eta"", ""start_m"": 237.0, ""count"": 10, ""side"": ""right"", ""directions"": ""both"", ""stiffness_factor_eta_k"": 0.0, ""damping_factor_eta_c"": 1.0}]"
s020_seed47089144_v160_sleeper_void,47089144,160,val,sleeper_void,,"[{""type"": ""sleeper_void"", ""label"": ""sleeper_void"", ""start_m"": 164.4, ""count"": 9, ""side"": ""left"", ""directions"": ""vertical"", ""delta_gap_mm"": 0.55}]"
s020_seed47089144_v160_ballast,47089144,160,val,ballast,,"[{""type"": ""ballast_condition"", ""label"": ""ballast_loose"", ""start_m"": 249.0, ""count"": 81, ""side"": ""both"", ""directions"": ""vertical"", ""stiffness_factor_eta_k"": 0.5975, ""damping_factor_eta_c"": 1.0}]"
s020_seed47089144_v160_subgrade,47089144,160,val,subgrade,,"[{""type"": ""subgrade_condition"", ""label"": ""subgrade_weakened"", ""start_m"": 157.2, ""count"": 122, ""side"": ""right"", ""directions"": ""vertical"", ""stiffness_factor_eta_k"": 0.2387, ""damping_factor_eta_c"": 1.0}]"
s020_seed47089144_v160_coupled_sleeper_void_ballast,47089144,160,val,coupled_sleeper_void_ballast,,"[{""type"": ""sleeper_void"", ""label"": ""sleeper_void"", ""start_m"": 295.2, ""count"": 9, ""side"": ""left"", ""directions"": ""vertical"", ""delta_gap_mm"": 0.79}, {""type"": ""ballast_condition"", ""label"": ""ballast_loose"", ""start_m"": 244.8, ""count"": 163, ""side"": ""both"", ""directions"": ""vertical"", ""stiffness_factor_eta_k"": 0.3338, ""damping_factor_eta_c"": 1.0}]"
s021_seed47129498_v160_baseline,47129498,160,val,baseline,,[]
s021_seed47129498_v160_fastener,47129498,160,val,fastener,,"[{""type"": ""fastener_failure"", ""label"": ""fastener_eta"", ""start_m"": 183.0, ""count"": 7, ""side"": ""both"", ""directions"": ""both"", ""stiffness_factor_eta_k"": 0.1, ""damping_factor_eta_c"": 1.0}]"
s021_seed47129498_v160_sleeper_void,47129498,160,val,sleeper_void,,"[{""type"": ""sleeper_void"", ""label"": ""sleeper_void"", ""start_m"": 201.6, ""count"": 10, ""side"": ""both"", ""directions"": ""vertical"", ""delta_gap_mm"": 0.73}]"
s021_seed47129498_v160_ballast,47129498,160,val,ballast,,"[{""type"": ""ballast_condition"", ""label"": ""ballast_hardened"", ""start_m"": 271.2, ""count"": 102, ""side"": ""both"", ""directions"": ""vertical"", ""stiffness_factor_eta_k"": 6.4866, ""damping_factor_eta_c"": 1.0}]"
s021_seed47129498_v160_subgrade,47129498,160,val,subgrade,,"[{""type"": ""subgrade_condition"", ""label"": ""subgrade_weakened"", ""start_m"": 274.2, ""count"": 27, ""side"": ""both"", ""directions"": ""vertical"", ""stiffness_factor_eta_k"": 0.7139, ""damping_factor_eta_c"": 1.0}]"
s021_seed47129498_v160_coupled_ballast_fastener,47129498,160,val,coupled_ballast_fastener,,"[{""type"": ""ballast_condition"", ""label"": ""ballast_hardened"", ""start_m"": 233.4, ""count"": 76, ""side"": ""right"", ""directions"": ""vertical"", ""stiffness_factor_eta_k"": 7.7817, ""damping_factor_eta_c"": 1.0}, {""type"": ""fastener_failure"", ""label"": ""fastener_eta"", ""start_m"": 290.4, ""count"": 6, ""side"": ""both"", ""directions"": ""both"", ""stiffness_factor_eta_k"": 0.0, ""damping_factor_eta_c"": 1.0}]"
s022_seed62412871_v160_baseline,62412871,160,test,baseline,,[]
s022_seed62412871_v160_fastener,62412871,160,test,fastener,,"[{""type"": ""fastener_failure"", ""label"": ""fastener_eta"", ""start_m"": 229.2, ""count"": 1, ""side"": ""both"", ""directions"": ""both"", ""stiffness_factor_eta_k"": 0.1, ""damping_factor_eta_c"": 1.0}]"
s022_seed62412871_v160_sleeper_void,62412871,160,test,sleeper_void,,"[{""type"": ""sleeper_void"", ""label"": ""sleeper_void"", ""start_m"": 217.2, ""count"": 2, ""side"": ""both"", ""directions"": ""vertical"", ""delta_gap_mm"": 0.9}]"
s022_seed62412871_v160_ballast,62412871,160,test,ballast,,"[{""type"": ""ballast_condition"", ""label"": ""ballast_hardened"", ""start_m"": 168.0, ""count"": 109, ""side"": ""left"", ""directions"": ""vertical"", ""stiffness_factor_eta_k"": 2.5266, ""damping_factor_eta_c"": 1.0}]"
s022_seed62412871_v160_subgrade,62412871,160,test,subgrade,,"[{""type"": ""subgrade_condition"", ""label"": ""subgrade_weakened"", ""start_m"": 266.4, ""count"": 136, ""side"": ""left"", ""directions"": ""vertical"", ""stiffness_factor_eta_k"": 0.5334, ""damping_factor_eta_c"": 1.0}]"
s022_seed62412871_v160_coupled_sleeper_void_ballast,62412871,160,test,coupled_sleeper_void_ballast,,"[{""type"": ""sleeper_void"", ""label"": ""sleeper_void"", ""start_m"": 193.2, ""count"": 7, ""side"": ""right"", ""directions"": ""vertical"", ""delta_gap_mm"": 2.89}, {""type"": ""ballast_condition"", ""label"": ""ballast_loose"", ""start_m"": 258.6, ""count"": 107, ""side"": ""both"", ""directions"": ""vertical"", ""stiffness_factor_eta_k"": 0.1585, ""damping_factor_eta_c"": 1.0}]"
s023_seed89627785_v160_baseline,89627785,160,test,baseline,,[]
s023_seed89627785_v160_fastener,89627785,160,test,fastener,,"[{""type"": ""fastener_failure"", ""label"": ""fastener_eta"", ""start_m"": 172.2, ""count"": 8, ""side"": ""both"", ""directions"": ""both"", ""stiffness_factor_eta_k"": 0.1, ""damping_factor_eta_c"": 1.0}]"
s023_seed89627785_v160_sleeper_void,89627785,160,test,sleeper_void,,"[{""type"": ""sleeper_void"", ""label"": ""sleeper_void"", ""start_m"": 261.0, ""count"": 5, ""side"": ""both"", ""directions"": ""vertical"", ""delta_gap_mm"": 0.71}]"
s023_seed89627785_v160_ballast,89627785,160,test,ballast,,"[{""type"": ""ballast_condition"", ""label"": ""ballast_loose"", ""start_m"": 189.6, ""count"": 104, ""side"": ""both"", ""directions"": ""vertical"", ""stiffness_factor_eta_k"": 0.7836, ""damping_factor_eta_c"": 1.0}]"
s023_seed89627785_v160_subgrade,89627785,160,test,subgrade,,"[{""type"": ""subgrade_condition"", ""label"": ""subgrade_weakened"", ""start_m"": 284.4, ""count"": 108, ""side"": ""both"", ""directions"": ""vertical"", ""stiffness_factor_eta_k"": 0.3595, ""damping_factor_eta_c"": 1.0}]"
s023_seed89627785_v160_coupled_ballast_subgrade,89627785,160,test,coupled_ballast_subgrade,,"[{""type"": ""ballast_condition"", ""label"": ""ballast_loose"", ""start_m"": 183.0, ""count"": 78, ""side"": ""right"", ""directions"": ""vertical"", ""stiffness_factor_eta_k"": 0.4278, ""damping_factor_eta_c"": 1.0}, {""type"": ""subgrade_condition"", ""label"": ""subgrade_weakened"", ""start_m"": 199.2, ""count"": 55, ""side"": ""both"", ""directions"": ""vertical"", ""stiffness_factor_eta_k"": 0.3153, ""damping_factor_eta_c"": 1.0}]"
s024_seed88267142_v160_baseline,88267142,160,test,baseline,,[]
s024_seed88267142_v160_fastener,88267142,160,test,fastener,,"[{""type"": ""fastener_failure"", ""label"": ""fastener_eta"", ""start_m"": 265.2, ""count"": 3, ""side"": ""left"", ""directions"": ""both"", ""stiffness_factor_eta_k"": 0.75, ""damping_factor_eta_c"": 1.0}]"
s024_seed88267142_v160_sleeper_void,88267142,160,test,sleeper_void,,"[{""type"": ""sleeper_void"", ""label"": ""sleeper_void"", ""start_m"": 297.6, ""count"": 4, ""side"": ""both"", ""directions"": ""vertical"", ""delta_gap_mm"": 2.25}]"
s024_seed88267142_v160_ballast,88267142,160,test,ballast,,"[{""type"": ""ballast_condition"", ""label"": ""ballast_loose"", ""start_m"": 244.8, ""count"": 126, ""side"": ""left"", ""directions"": ""vertical"", ""stiffness_factor_eta_k"": 0.2233, ""damping_factor_eta_c"": 1.0}]"
s024_seed88267142_v160_subgrade,88267142,160,test,subgrade,,"[{""type"": ""subgrade_condition"", ""label"": ""subgrade_weakened"", ""start_m"": 273.6, ""count"": 30, ""side"": ""both"", ""directions"": ""vertical"", ""stiffness_factor_eta_k"": 0.4778, ""damping_factor_eta_c"": 1.0}]"
s024_seed88267142_v160_coupled_ballast_fastener,88267142,160,test,coupled_ballast_fastener,,"[{""type"": ""ballast_condition"", ""label"": ""ballast_loose"", ""start_m"": 223.2, ""count"": 139, ""side"": ""right"", ""directions"": ""vertical"", ""stiffness_factor_eta_k"": 0.5267, ""damping_factor_eta_c"": 1.0}, {""type"": ""fastener_failure"", ""label"": ""fastener_eta"", ""start_m"": 218.4, ""count"": 1, ""side"": ""left"", ""directions"": ""both"", ""stiffness_factor_eta_k"": 0.5, ""damping_factor_eta_c"": 1.0}]"
s025_seed35130997_v200_baseline,35130997,200,train,baseline,,[]
s025_seed35130997_v200_fastener,35130997,200,train,fastener,,"[{""type"": ""fastener_failure"", ""label"": ""fastener_eta"", ""start_m"": 274.8, ""count"": 10, ""side"": ""left"", ""directions"": ""both"", ""stiffness_factor_eta_k"": 0.1, ""damping_factor_eta_c"": 1.0}]"
s025_seed35130997_v200_sleeper_void,35130997,200,train,sleeper_void,,"[{""type"": ""sleeper_void"", ""label"": ""sleeper_void"", ""start_m"": 265.2, ""count"": 2, ""side"": ""both"", ""directions"": ""vertical"", ""delta_gap_mm"": 1.0}]"
s025_seed35130997_v200_ballast,35130997,200,train,ballast,,"[{""type"": ""ballast_condition"", ""label"": ""ballast_hardened"", ""start_m"": 183.0, ""count"": 89, ""side"": ""right"", ""directions"": ""vertical"", ""stiffness_factor_eta_k"": 5.5935, ""damping_factor_eta_c"": 1.0}]"
s025_seed35130997_v200_subgrade,35130997,200,train,subgrade,,"[{""type"": ""subgrade_condition"", ""label"": ""subgrade_weakened"", ""start_m"": 230.4, ""count"": 157, ""side"": ""both"", ""directions"": ""vertical"", ""stiffness_factor_eta_k"": 0.1865, ""damping_factor_eta_c"": 1.0}]"
s025_seed35130997_v200_coupled_sleeper_void_subgrade,35130997,200,train,coupled_sleeper_void_subgrade,,"[{""type"": ""sleeper_void"", ""label"": ""sleeper_void"", ""start_m"": 196.8, ""count"": 2, ""side"": ""left"", ""directions"": ""vertical"", ""delta_gap_mm"": 1.22}, {""type"": ""subgrade_condition"", ""label"": ""subgrade_weakened"", ""start_m"": 283.2, ""count"": 88, ""side"": ""both"", ""directions"": ""vertical"", ""stiffness_factor_eta_k"": 0.3247, ""damping_factor_eta_c"": 1.0}]"
s026_seed64860803_v200_baseline,64860803,200,train,baseline,,[]
s026_seed64860803_v200_fastener,64860803,200,train,fastener,,"[{""type"": ""fastener_failure"", ""label"": ""fastener_eta"", ""start_m"": 195.6, ""count"": 3, ""side"": ""left"", ""directions"": ""both"", ""stiffness_factor_eta_k"": 0.1, ""damping_factor_eta_c"": 1.0}]"
s026_seed64860803_v200_sleeper_void,64860803,200,train,sleeper_void,,"[{""type"": ""sleeper_void"", ""label"": ""sleeper_void"", ""start_m"": 224.4, ""count"": 3, ""side"": ""left"", ""directions"": ""vertical"", ""delta_gap_mm"": 2.47}]"
s026_seed64860803_v200_ballast,64860803,200,train,ballast,,"[{""type"": ""ballast_condition"", ""label"": ""ballast_loose"", ""start_m"": 271.8, ""count"": 25, ""side"": ""right"", ""directions"": ""vertical"", ""stiffness_factor_eta_k"": 0.1115, ""damping_factor_eta_c"": 1.0}]"
s026_seed64860803_v200_subgrade,64860803,200,train,subgrade,,"[{""type"": ""subgrade_condition"", ""label"": ""subgrade_weakened"", ""start_m"": 277.8, ""count"": 47, ""side"": ""right"", ""directions"": ""vertical"", ""stiffness_factor_eta_k"": 0.1501, ""damping_factor_eta_c"": 1.0}]"
s026_seed64860803_v200_coupled_fastener_sleeper_void,64860803,200,train,coupled_fastener_sleeper_void,,"[{""type"": ""fastener_failure"", ""label"": ""fastener_eta"", ""start_m"": 198.0, ""count"": 7, ""side"": ""both"", ""directions"": ""both"", ""stiffness_factor_eta_k"": 0.0, ""damping_factor_eta_c"": 1.0}, {""type"": ""sleeper_void"", ""label"": ""sleeper_void"", ""start_m"": 215.4, ""count"": 3, ""side"": ""left"", ""directions"": ""vertical"", ""delta_gap_mm"": 2.44}]"
s027_seed91450060_v200_baseline,91450060,200,train,baseline,,[]
s027_seed91450060_v200_fastener,91450060,200,train,fastener,,"[{""type"": ""fastener_failure"", ""label"": ""fastener_eta"", ""start_m"": 268.2, ""count"": 8, ""side"": ""right"", ""directions"": ""both"", ""stiffness_factor_eta_k"": 0.75, ""damping_factor_eta_c"": 1.0}]"
s027_seed91450060_v200_sleeper_void,91450060,200,train,sleeper_void,,"[{""type"": ""sleeper_void"", ""label"": ""sleeper_void"", ""start_m"": 258.6, ""count"": 5, ""side"": ""left"", ""directions"": ""vertical"", ""delta_gap_mm"": 1.88}]"
s027_seed91450060_v200_ballast,91450060,200,train,ballast,,"[{""type"": ""ballast_condition"", ""label"": ""ballast_hardened"", ""start_m"": 169.8, ""count"": 82, ""side"": ""left"", ""directions"": ""vertical"", ""stiffness_factor_eta_k"": 7.612, ""damping_factor_eta_c"": 1.0}]"
s027_seed91450060_v200_subgrade,91450060,200,train,subgrade,,"[{""type"": ""subgrade_condition"", ""label"": ""subgrade_weakened"", ""start_m"": 234.0, ""count"": 47, ""side"": ""both"", ""directions"": ""vertical"", ""stiffness_factor_eta_k"": 0.5724, ""damping_factor_eta_c"": 1.0}]"
s027_seed91450060_v200_coupled_sleeper_void_fastener,91450060,200,train,coupled_sleeper_void_fastener,,"[{""type"": ""sleeper_void"", ""label"": ""sleeper_void"", ""start_m"": 216.0, ""count"": 6, ""side"": ""both"", ""directions"": ""vertical"", ""delta_gap_mm"": 2.65}, {""type"": ""fastener_failure"", ""label"": ""fastener_eta"", ""start_m"": 265.2, ""count"": 6, ""side"": ""right"", ""directions"": ""both"", ""stiffness_factor_eta_k"": 0.5, ""damping_factor_eta_c"": 1.0}]"
s028_seed40898934_v200_baseline,40898934,200,train,baseline,,[]
s028_seed40898934_v200_fastener,40898934,200,train,fastener,,"[{""type"": ""fastener_failure"", ""label"": ""fastener_eta"", ""start_m"": 225.0, ""count"": 6, ""side"": ""both"", ""directions"": ""both"", ""stiffness_factor_eta_k"": 0.1, ""damping_factor_eta_c"": 1.0}]"
s028_seed40898934_v200_sleeper_void,40898934,200,train,sleeper_void,,"[{""type"": ""sleeper_void"", ""label"": ""sleeper_void"", ""start_m"": 189.0, ""count"": 2, ""side"": ""both"", ""directions"": ""vertical"", ""delta_gap_mm"": 0.57}]"
s028_seed40898934_v200_ballast,40898934,200,train,ballast,,"[{""type"": ""ballast_condition"", ""label"": ""ballast_hardened"", ""start_m"": 273.0, ""count"": 56, ""side"": ""left"", ""directions"": ""vertical"", ""stiffness_factor_eta_k"": 4.0105, ""damping_factor_eta_c"": 1.0}]"
s028_seed40898934_v200_subgrade,40898934,200,train,subgrade,,"[{""type"": ""subgrade_condition"", ""label"": ""subgrade_weakened"", ""start_m"": 229.2, ""count"": 68, ""side"": ""both"", ""directions"": ""vertical"", ""stiffness_factor_eta_k"": 0.7861, ""damping_factor_eta_c"": 1.0}]"
s028_seed40898934_v200_coupled_subgrade_fastener,40898934,200,train,coupled_subgrade_fastener,,"[{""type"": ""subgrade_condition"", ""label"": ""subgrade_weakened"", ""start_m"": 234.6, ""count"": 25, ""side"": ""left"", ""directions"": ""vertical"", ""stiffness_factor_eta_k"": 0.3064, ""damping_factor_eta_c"": 1.0}, {""type"": ""fastener_failure"", ""label"": ""fastener_eta"", ""start_m"": 223.8, ""count"": 3, ""side"": ""both"", ""directions"": ""both"", ""stiffness_factor_eta_k"": 0.25, ""damping_factor_eta_c"": 1.0}]"
s029_seed54287707_v200_baseline,54287707,200,train,baseline,,[]
s029_seed54287707_v200_fastener,54287707,200,train,fastener,,"[{""type"": ""fastener_failure"", ""label"": ""fastener_eta"", ""start_m"": 178.8, ""count"": 9, ""side"": ""left"", ""directions"": ""both"", ""stiffness_factor_eta_k"": 0.0, ""damping_factor_eta_c"": 1.0}]"
s029_seed54287707_v200_sleeper_void,54287707,200,train,sleeper_void,,"[{""type"": ""sleeper_void"", ""label"": ""sleeper_void"", ""start_m"": 282.6, ""count"": 10, ""side"": ""both"", ""directions"": ""vertical"", ""delta_gap_mm"": 1.36}]"
s029_seed54287707_v200_ballast,54287707,200,train,ballast,,"[{""type"": ""ballast_condition"", ""label"": ""ballast_hardened"", ""start_m"": 295.8, ""count"": 83, ""side"": ""left"", ""directions"": ""vertical"", ""stiffness_factor_eta_k"": 4.6209, ""damping_factor_eta_c"": 1.0}]"
s029_seed54287707_v200_subgrade,54287707,200,train,subgrade,,"[{""type"": ""subgrade_condition"", ""label"": ""subgrade_weakened"", ""start_m"": 252.6, ""count"": 86, ""side"": ""right"", ""directions"": ""vertical"", ""stiffness_factor_eta_k"": 0.4814, ""damping_factor_eta_c"": 1.0}]"
s029_seed54287707_v200_coupled_sleeper_void_fastener,54287707,200,train,coupled_sleeper_void_fastener,,"[{""type"": ""sleeper_void"", ""label"": ""sleeper_void"", ""start_m"": 213.0, ""count"": 2, ""side"": ""right"", ""directions"": ""vertical"", ""delta_gap_mm"": 2.88}, {""type"": ""fastener_failure"", ""label"": ""fastener_eta"", ""start_m"": 219.0, ""count"": 4, ""side"": ""left"", ""directions"": ""both"", ""stiffness_factor_eta_k"": 0.75, ""damping_factor_eta_c"": 1.0}]"
s030_seed56435458_v200_baseline,56435458,200,train,baseline,,[]
s030_seed56435458_v200_fastener,56435458,200,train,fastener,,"[{""type"": ""fastener_failure"", ""label"": ""fastener_eta"", ""start_m"": 245.4, ""count"": 1, ""side"": ""right"", ""directions"": ""both"", ""stiffness_factor_eta_k"": 0.0, ""damping_factor_eta_c"": 1.0}]"
s030_seed56435458_v200_sleeper_void,56435458,200,train,sleeper_void,,"[{""type"": ""sleeper_void"", ""label"": ""sleeper_void"", ""start_m"": 273.0, ""count"": 7, ""side"": ""both"", ""directions"": ""vertical"", ""delta_gap_mm"": 0.9}]"
s030_seed56435458_v200_ballast,56435458,200,train,ballast,,"[{""type"": ""ballast_condition"", ""label"": ""ballast_loose"", ""start_m"": 264.0, ""count"": 72, ""side"": ""both"", ""directions"": ""vertical"", ""stiffness_factor_eta_k"": 0.2412, ""damping_factor_eta_c"": 1.0}]"
s030_seed56435458_v200_subgrade,56435458,200,train,subgrade,,"[{""type"": ""subgrade_condition"", ""label"": ""subgrade_weakened"", ""start_m"": 170.4, ""count"": 40, ""side"": ""both"", ""directions"": ""vertical"", ""stiffness_factor_eta_k"": 0.7197, ""damping_factor_eta_c"": 1.0}]"
s030_seed56435458_v200_coupled_ballast_subgrade,56435458,200,train,coupled_ballast_subgrade,,"[{""type"": ""ballast_condition"", ""label"": ""ballast_hardened"", ""start_m"": 237.0, ""count"": 124, ""side"": ""right"", ""directions"": ""vertical"", ""stiffness_factor_eta_k"": 6.3165, ""damping_factor_eta_c"": 1.0}, {""type"": ""subgrade_condition"", ""label"": ""subgrade_weakened"", ""start_m"": 250.8, ""count"": 32, ""side"": ""right"", ""directions"": ""vertical"", ""stiffness_factor_eta_k"": 0.3141, ""damping_factor_eta_c"": 1.0}]"
s031_seed67187233_v200_baseline,67187233,200,train,baseline,,[]
s031_seed67187233_v200_fastener,67187233,200,train,fastener,,"[{""type"": ""fastener_failure"", ""label"": ""fastener_eta"", ""start_m"": 175.2, ""count"": 10, ""side"": ""left"", ""directions"": ""both"", ""stiffness_factor_eta_k"": 0.5, ""damping_factor_eta_c"": 1.0}]"
s031_seed67187233_v200_sleeper_void,67187233,200,train,sleeper_void,,"[{""type"": ""sleeper_void"", ""label"": ""sleeper_void"", ""start_m"": 277.2, ""count"": 1, ""side"": ""right"", ""directions"": ""vertical"", ""delta_gap_mm"": 2.33}]"
s031_seed67187233_v200_ballast,67187233,200,train,ballast,,"[{""type"": ""ballast_condition"", ""label"": ""ballast_loose"", ""start_m"": 229.8, ""count"": 142, ""side"": ""both"", ""directions"": ""vertical"", ""stiffness_factor_eta_k"": 0.658, ""damping_factor_eta_c"": 1.0}]"
s031_seed67187233_v200_subgrade,67187233,200,train,subgrade,,"[{""type"": ""subgrade_condition"", ""label"": ""subgrade_weakened"", ""start_m"": 189.6, ""count"": 142, ""side"": ""both"", ""directions"": ""vertical"", ""stiffness_factor_eta_k"": 0.2678, ""damping_factor_eta_c"": 1.0}]"
s031_seed67187233_v200_coupled_fastener_ballast,67187233,200,train,coupled_fastener_ballast,,"[{""type"": ""fastener_failure"", ""label"": ""fastener_eta"", ""start_m"": 183.0, ""count"": 10, ""side"": ""left"", ""directions"": ""both"", ""stiffness_factor_eta_k"": 0.75, ""damping_factor_eta_c"": 1.0}, {""type"": ""ballast_condition"", ""label"": ""ballast_hardened"", ""start_m"": 166.8, ""count"": 19, ""side"": ""left"", ""directions"": ""vertical"", ""stiffness_factor_eta_k"": 4.9428, ""damping_factor_eta_c"": 1.0}]"
s032_seed23341517_v200_baseline,23341517,200,train,baseline,,[]
s032_seed23341517_v200_fastener,23341517,200,train,fastener,,"[{""type"": ""fastener_failure"", ""label"": ""fastener_eta"", ""start_m"": 222.0, ""count"": 5, ""side"": ""left"", ""directions"": ""both"", ""stiffness_factor_eta_k"": 0.25, ""damping_factor_eta_c"": 1.0}]"
s032_seed23341517_v200_sleeper_void,23341517,200,train,sleeper_void,,"[{""type"": ""sleeper_void"", ""label"": ""sleeper_void"", ""start_m"": 273.0, ""count"": 7, ""side"": ""right"", ""directions"": ""vertical"", ""delta_gap_mm"": 0.91}]"
s032_seed23341517_v200_ballast,23341517,200,train,ballast,,"[{""type"": ""ballast_condition"", ""label"": ""ballast_hardened"", ""start_m"": 276.0, ""count"": 128, ""side"": ""both"", ""directions"": ""vertical"", ""stiffness_factor_eta_k"": 3.6817, ""damping_factor_eta_c"": 1.0}]"
s032_seed23341517_v200_subgrade,23341517,200,train,subgrade,,"[{""type"": ""subgrade_condition"", ""label"": ""subgrade_weakened"", ""start_m"": 188.4, ""count"": 42, ""side"": ""both"", ""directions"": ""vertical"", ""stiffness_factor_eta_k"": 0.3728, ""damping_factor_eta_c"": 1.0}]"
s032_seed23341517_v200_coupled_sleeper_void_subgrade,23341517,200,train,coupled_sleeper_void_subgrade,,"[{""type"": ""sleeper_void"", ""label"": ""sleeper_void"", ""start_m"": 177.6, ""count"": 1, ""side"": ""both"", ""directions"": ""vertical"", ""delta_gap_mm"": 2.21}, {""type"": ""subgrade_condition"", ""label"": ""subgrade_weakened"", ""start_m"": 263.4, ""count"": 144, ""side"": ""both"", ""directions"": ""vertical"", ""stiffness_factor_eta_k"": 0.7163, ""damping_factor_eta_c"": 1.0}]"
s033_seed66135622_v200_baseline,66135622,200,train,baseline,,[]
s033_seed66135622_v200_fastener,66135622,200,train,fastener,,"[{""type"": ""fastener_failure"", ""label"": ""fastener_eta"", ""start_m"": 251.4, ""count"": 8, ""side"": ""left"", ""directions"": ""both"", ""stiffness_factor_eta_k"": 0.5, ""damping_factor_eta_c"": 1.0}]"
s033_seed66135622_v200_sleeper_void,66135622,200,train,sleeper_void,,"[{""type"": ""sleeper_void"", ""label"": ""sleeper_void"", ""start_m"": 211.2, ""count"": 6, ""side"": ""both"", ""directions"": ""vertical"", ""delta_gap_mm"": 0.98}]"
s033_seed66135622_v200_ballast,66135622,200,train,ballast,,"[{""type"": ""ballast_condition"", ""label"": ""ballast_loose"", ""start_m"": 229.8, ""count"": 54, ""side"": ""both"", ""directions"": ""vertical"", ""stiffness_factor_eta_k"": 0.7989, ""damping_factor_eta_c"": 1.0}]"
s033_seed66135622_v200_subgrade,66135622,200,train,subgrade,,"[{""type"": ""subgrade_condition"", ""label"": ""subgrade_weakened"", ""start_m"": 294.6, ""count"": 101, ""side"": ""both"", ""directions"": ""vertical"", ""stiffness_factor_eta_k"": 0.6237, ""damping_factor_eta_c"": 1.0}]"
s033_seed66135622_v200_coupled_sleeper_void_ballast,66135622,200,train,coupled_sleeper_void_ballast,,"[{""type"": ""sleeper_void"", ""label"": ""sleeper_void"", ""start_m"": 294.0, ""count"": 7, ""side"": ""left"", ""directions"": ""vertical"", ""delta_gap_mm"": 0.59}, {""type"": ""ballast_condition"", ""label"": ""ballast_hardened"", ""start_m"": 282.6, ""count"": 149, ""side"": ""left"", ""directions"": ""vertical"", ""stiffness_factor_eta_k"": 6.8019, ""damping_factor_eta_c"": 1.0}]"
s034_seed99231899_v200_baseline,99231899,200,train,baseline,,[]
s034_seed99231899_v200_fastener,99231899,200,train,fastener,,"[{""type"": ""fastener_failure"", ""label"": ""fastener_eta"", ""start_m"": 296.4, ""count"": 6, ""side"": ""both"", ""directions"": ""both"", ""stiffness_factor_eta_k"": 0.1, ""damping_factor_eta_c"": 1.0}]"
s034_seed99231899_v200_sleeper_void,99231899,200,train,sleeper_void,,"[{""type"": ""sleeper_void"", ""label"": ""sleeper_void"", ""start_m"": 223.2, ""count"": 4, ""side"": ""both"", ""directions"": ""vertical"", ""delta_gap_mm"": 2.13}]"
s034_seed99231899_v200_ballast,99231899,200,train,ballast,,"[{""type"": ""ballast_condition"", ""label"": ""ballast_hardened"", ""start_m"": 280.2, ""count"": 44, ""side"": ""right"", ""directions"": ""vertical"", ""stiffness_factor_eta_k"": 3.6589, ""damping_factor_eta_c"": 1.0}]"
s034_seed99231899_v200_subgrade,99231899,200,train,subgrade,,"[{""type"": ""subgrade_condition"", ""label"": ""subgrade_weakened"", ""start_m"": 175.8, ""count"": 81, ""side"": ""right"", ""directions"": ""vertical"", ""stiffness_factor_eta_k"": 0.7876, ""damping_factor_eta_c"": 1.0}]"
s034_seed99231899_v200_coupled_subgrade_ballast,99231899,200,train,coupled_subgrade_ballast,,"[{""type"": ""subgrade_condition"", ""label"": ""subgrade_weakened"", ""start_m"": 284.4, ""count"": 93, ""side"": ""right"", ""directions"": ""vertical"", ""stiffness_factor_eta_k"": 0.7292, ""damping_factor_eta_c"": 1.0}, {""type"": ""ballast_condition"", ""label"": ""ballast_loose"", ""start_m"": 180.0, ""count"": 53, ""side"": ""both"", ""directions"": ""vertical"", ""stiffness_factor_eta_k"": 0.3788, ""damping_factor_eta_c"": 1.0}]"
s035_seed69082039_v200_baseline,69082039,200,train,baseline,,[]
s035_seed69082039_v200_fastener,69082039,200,train,fastener,,"[{""type"": ""fastener_failure"", ""label"": ""fastener_eta"", ""start_m"": 262.8, ""count"": 3, ""side"": ""right"", ""directions"": ""both"", ""stiffness_factor_eta_k"": 0.0, ""damping_factor_eta_c"": 1.0}]"
s035_seed69082039_v200_sleeper_void,69082039,200,train,sleeper_void,,"[{""type"": ""sleeper_void"", ""label"": ""sleeper_void"", ""start_m"": 231.0, ""count"": 3, ""side"": ""both"", ""directions"": ""vertical"", ""delta_gap_mm"": 2.25}]"
s035_seed69082039_v200_ballast,69082039,200,train,ballast,,"[{""type"": ""ballast_condition"", ""label"": ""ballast_hardened"", ""start_m"": 160.8, ""count"": 69, ""side"": ""both"", ""directions"": ""vertical"", ""stiffness_factor_eta_k"": 2.7195, ""damping_factor_eta_c"": 1.0}]"
s035_seed69082039_v200_subgrade,69082039,200,train,subgrade,,"[{""type"": ""subgrade_condition"", ""label"": ""subgrade_weakened"", ""start_m"": 264.0, ""count"": 110, ""side"": ""left"", ""directions"": ""vertical"", ""stiffness_factor_eta_k"": 0.2818, ""damping_factor_eta_c"": 1.0}]"
s035_seed69082039_v200_coupled_ballast_sleeper_void,69082039,200,train,coupled_ballast_sleeper_void,,"[{""type"": ""ballast_condition"", ""label"": ""ballast_hardened"", ""start_m"": 267.6, ""count"": 151, ""side"": ""right"", ""directions"": ""vertical"", ""stiffness_factor_eta_k"": 6.8508, ""damping_factor_eta_c"": 1.0}, {""type"": ""sleeper_void"", ""label"": ""sleeper_void"", ""start_m"": 268.8, ""count"": 2, ""side"": ""both"", ""directions"": ""vertical"", ""delta_gap_mm"": 0.53}]"
s036_seed78816363_v200_baseline,78816363,200,train,baseline,,[]
s036_seed78816363_v200_fastener,78816363,200,train,fastener,,"[{""type"": ""fastener_failure"", ""label"": ""fastener_eta"", ""start_m"": 190.2, ""count"": 9, ""side"": ""both"", ""directions"": ""both"", ""stiffness_factor_eta_k"": 0.25, ""damping_factor_eta_c"": 1.0}]"
s036_seed78816363_v200_sleeper_void,78816363,200,train,sleeper_void,,"[{""type"": ""sleeper_void"", ""label"": ""sleeper_void"", ""start_m"": 240.6, ""count"": 7, ""side"": ""both"", ""directions"": ""vertical"", ""delta_gap_mm"": 2.75}]"
s036_seed78816363_v200_ballast,78816363,200,train,ballast,,"[{""type"": ""ballast_condition"", ""label"": ""ballast_hardened"", ""start_m"": 166.2, ""count"": 115, ""side"": ""left"", ""directions"": ""vertical"", ""stiffness_factor_eta_k"": 5.0345, ""damping_factor_eta_c"": 1.0}]"
s036_seed78816363_v200_subgrade,78816363,200,train,subgrade,,"[{""type"": ""subgrade_condition"", ""label"": ""subgrade_weakened"", ""start_m"": 266.4, ""count"": 164, ""side"": ""both"", ""directions"": ""vertical"", ""stiffness_factor_eta_k"": 0.7834, ""damping_factor_eta_c"": 1.0}]"
s036_seed78816363_v200_coupled_ballast_sleeper_void,78816363,200,train,coupled_ballast_sleeper_void,,"[{""type"": ""ballast_condition"", ""label"": ""ballast_loose"", ""start_m"": 151.8, ""count"": 119, ""side"": ""both"", ""directions"": ""vertical"", ""stiffness_factor_eta_k"": 0.6629, ""damping_factor_eta_c"": 1.0}, {""type"": ""sleeper_void"", ""label"": ""sleeper_void"", ""start_m"": 213.6, ""count"": 4, ""side"": ""right"", ""directions"": ""vertical"", ""delta_gap_mm"": 2.86}]"
s037_seed26171670_v200_baseline,26171670,200,train,baseline,,[]
s037_seed26171670_v200_fastener,26171670,200,train,fastener,,"[{""type"": ""fastener_failure"", ""label"": ""fastener_eta"", ""start_m"": 291.6, ""count"": 3, ""side"": ""left"", ""directions"": ""both"", ""stiffness_factor_eta_k"": 0.1, ""damping_factor_eta_c"": 1.0}]"
s037_seed26171670_v200_sleeper_void,26171670,200,train,sleeper_void,,"[{""type"": ""sleeper_void"", ""label"": ""sleeper_void"", ""start_m"": 214.8, ""count"": 9, ""side"": ""both"", ""directions"": ""vertical"", ""delta_gap_mm"": 2.81}]"
s037_seed26171670_v200_ballast,26171670,200,train,ballast,,"[{""type"": ""ballast_condition"", ""label"": ""ballast_hardened"", ""start_m"": 174.0, ""count"": 61, ""side"": ""left"", ""directions"": ""vertical"", ""stiffness_factor_eta_k"": 3.6025, ""damping_factor_eta_c"": 1.0}]"
s037_seed26171670_v200_subgrade,26171670,200,train,subgrade,,"[{""type"": ""subgrade_condition"", ""label"": ""subgrade_weakened"", ""start_m"": 225.0, ""count"": 63, ""side"": ""both"", ""directions"": ""vertical"", ""stiffness_factor_eta_k"": 0.7253, ""damping_factor_eta_c"": 1.0}]"
s037_seed26171670_v200_coupled_subgrade_fastener,26171670,200,train,coupled_subgrade_fastener,,"[{""type"": ""subgrade_condition"", ""label"": ""subgrade_weakened"", ""start_m"": 169.8, ""count"": 80, ""side"": ""right"", ""directions"": ""vertical"", ""stiffness_factor_eta_k"": 0.1502, ""damping_factor_eta_c"": 1.0}, {""type"": ""fastener_failure"", ""label"": ""fastener_eta"", ""start_m"": 285.6, ""count"": 1, ""side"": ""right"", ""directions"": ""both"", ""stiffness_factor_eta_k"": 0.1, ""damping_factor_eta_c"": 1.0}]"
s038_seed57212486_v200_baseline,57212486,200,train,baseline,,[]
s038_seed57212486_v200_fastener,57212486,200,train,fastener,,"[{""type"": ""fastener_failure"", ""label"": ""fastener_eta"", ""start_m"": 240.6, ""count"": 7, ""side"": ""both"", ""directions"": ""both"", ""stiffness_factor_eta_k"": 0.5, ""damping_factor_eta_c"": 1.0}]"
s038_seed57212486_v200_sleeper_void,57212486,200,train,sleeper_void,,"[{""type"": ""sleeper_void"", ""label"": ""sleeper_void"", ""start_m"": 173.4, ""count"": 1, ""side"": ""both"", ""directions"": ""vertical"", ""delta_gap_mm"": 1.51}]"
s038_seed57212486_v200_ballast,57212486,200,train,ballast,,"[{""type"": ""ballast_condition"", ""label"": ""ballast_hardened"", ""start_m"": 280.8, ""count"": 21, ""side"": ""both"", ""directions"": ""vertical"", ""stiffness_factor_eta_k"": 3.9534, ""damping_factor_eta_c"": 1.0}]"
s038_seed57212486_v200_subgrade,57212486,200,train,subgrade,,"[{""type"": ""subgrade_condition"", ""label"": ""subgrade_weakened"", ""start_m"": 267.0, ""count"": 77, ""side"": ""left"", ""directions"": ""vertical"", ""stiffness_factor_eta_k"": 0.3776, ""damping_factor_eta_c"": 1.0}]"
s038_seed57212486_v200_coupled_sleeper_void_ballast,57212486,200,train,coupled_sleeper_void_ballast,,"[{""type"": ""sleeper_void"", ""label"": ""sleeper_void"", ""start_m"": 263.4, ""count"": 6, ""side"": ""both"", ""directions"": ""vertical"", ""delta_gap_mm"": 2.3}, {""type"": ""ballast_condition"", ""label"": ""ballast_hardened"", ""start_m"": 220.2, ""count"": 27, ""side"": ""right"", ""directions"": ""vertical"", ""stiffness_factor_eta_k"": 6.8965, ""damping_factor_eta_c"": 1.0}]"
s039_seed18547009_v200_baseline,18547009,200,train,baseline,,[]
s039_seed18547009_v200_fastener,18547009,200,train,fastener,,"[{""type"": ""fastener_failure"", ""label"": ""fastener_eta"", ""start_m"": 207.0, ""count"": 3, ""side"": ""right"", ""directions"": ""both"", ""stiffness_factor_eta_k"": 0.25, ""damping_factor_eta_c"": 1.0}]"
s039_seed18547009_v200_sleeper_void,18547009,200,train,sleeper_void,,"[{""type"": ""sleeper_void"", ""label"": ""sleeper_void"", ""start_m"": 159.6, ""count"": 9, ""side"": ""right"", ""directions"": ""vertical"", ""delta_gap_mm"": 2.74}]"
s039_seed18547009_v200_ballast,18547009,200,train,ballast,,"[{""type"": ""ballast_condition"", ""label"": ""ballast_hardened"", ""start_m"": 260.4, ""count"": 89, ""side"": ""both"", ""directions"": ""vertical"", ""stiffness_factor_eta_k"": 7.1891, ""damping_factor_eta_c"": 1.0}]"
s039_seed18547009_v200_subgrade,18547009,200,train,subgrade,,"[{""type"": ""subgrade_condition"", ""label"": ""subgrade_weakened"", ""start_m"": 220.8, ""count"": 63, ""side"": ""both"", ""directions"": ""vertical"", ""stiffness_factor_eta_k"": 0.3795, ""damping_factor_eta_c"": 1.0}]"
s039_seed18547009_v200_coupled_fastener_sleeper_void,18547009,200,train,coupled_fastener_sleeper_void,,"[{""type"": ""fastener_failure"", ""label"": ""fastener_eta"", ""start_m"": 162.6, ""count"": 4, ""side"": ""both"", ""directions"": ""both"", ""stiffness_factor_eta_k"": 0.1, ""damping_factor_eta_c"": 1.0}, {""type"": ""sleeper_void"", ""label"": ""sleeper_void"", ""start_m"": 261.0, ""count"": 2, ""side"": ""both"", ""directions"": ""vertical"", ""delta_gap_mm"": 1.48}]"
s040_seed90294680_v200_baseline,90294680,200,train,baseline,,[]
s040_seed90294680_v200_fastener,90294680,200,train,fastener,,"[{""type"": ""fastener_failure"", ""label"": ""fastener_eta"", ""start_m"": 204.6, ""count"": 4, ""side"": ""right"", ""directions"": ""both"", ""stiffness_factor_eta_k"": 0.0, ""damping_factor_eta_c"": 1.0}]"
s040_seed90294680_v200_sleeper_void,90294680,200,train,sleeper_void,,"[{""type"": ""sleeper_void"", ""label"": ""sleeper_void"", ""start_m"": 168.6, ""count"": 8, ""side"": ""right"", ""directions"": ""vertical"", ""delta_gap_mm"": 1.97}]"
s040_seed90294680_v200_ballast,90294680,200,train,ballast,,"[{""type"": ""ballast_condition"", ""label"": ""ballast_loose"", ""start_m"": 262.2, ""count"": 105, ""side"": ""both"", ""directions"": ""vertical"", ""stiffness_factor_eta_k"": 0.6962, ""damping_factor_eta_c"": 1.0}]"
s040_seed90294680_v200_subgrade,90294680,200,train,subgrade,,"[{""type"": ""subgrade_condition"", ""label"": ""subgrade_weakened"", ""start_m"": 203.4, ""count"": 82, ""side"": ""left"", ""directions"": ""vertical"", ""stiffness_factor_eta_k"": 0.3786, ""damping_factor_eta_c"": 1.0}]"
s040_seed90294680_v200_coupled_subgrade_ballast,90294680,200,train,coupled_subgrade_ballast,,"[{""type"": ""subgrade_condition"", ""label"": ""subgrade_weakened"", ""start_m"": 251.4, ""count"": 48, ""side"": ""both"", ""directions"": ""vertical"", ""stiffness_factor_eta_k"": 0.6129, ""damping_factor_eta_c"": 1.0}, {""type"": ""ballast_condition"", ""label"": ""ballast_hardened"", ""start_m"": 253.2, ""count"": 161, ""side"": ""both"", ""directions"": ""vertical"", ""stiffness_factor_eta_k"": 6.7366, ""damping_factor_eta_c"": 1.0}]"
s041_seed18533410_v200_baseline,18533410,200,train,baseline,,[]
s041_seed18533410_v200_fastener,18533410,200,train,fastener,,"[{""type"": ""fastener_failure"", ""label"": ""fastener_eta"", ""start_m"": 195.0, ""count"": 1, ""side"": ""both"", ""directions"": ""both"", ""stiffness_factor_eta_k"": 0.25, ""damping_factor_eta_c"": 1.0}]"
s041_seed18533410_v200_sleeper_void,18533410,200,train,sleeper_void,,"[{""type"": ""sleeper_void"", ""label"": ""sleeper_void"", ""start_m"": 255.0, ""count"": 5, ""side"": ""both"", ""directions"": ""vertical"", ""delta_gap_mm"": 0.85}]"
s041_seed18533410_v200_ballast,18533410,200,train,ballast,,"[{""type"": ""ballast_condition"", ""label"": ""ballast_loose"", ""start_m"": 194.4, ""count"": 56, ""side"": ""both"", ""directions"": ""vertical"", ""stiffness_factor_eta_k"": 0.1993, ""damping_factor_eta_c"": 1.0}]"
s041_seed18533410_v200_subgrade,18533410,200,train,subgrade,,"[{""type"": ""subgrade_condition"", ""label"": ""subgrade_weakened"", ""start_m"": 284.4, ""count"": 76, ""side"": ""left"", ""directions"": ""vertical"", ""stiffness_factor_eta_k"": 0.7571, ""damping_factor_eta_c"": 1.0}]"
s041_seed18533410_v200_coupled_sleeper_void_subgrade,18533410,200,train,coupled_sleeper_void_subgrade,,"[{""type"": ""sleeper_void"", ""label"": ""sleeper_void"", ""start_m"": 187.2, ""count"": 8, ""side"": ""both"", ""directions"": ""vertical"", ""delta_gap_mm"": 0.78}, {""type"": ""subgrade_condition"", ""label"": ""subgrade_weakened"", ""start_m"": 226.8, ""count"": 150, ""side"": ""both"", ""directions"": ""vertical"", ""stiffness_factor_eta_k"": 0.5157, ""damping_factor_eta_c"": 1.0}]"
s042_seed97384339_v200_baseline,97384339,200,val,baseline,,[]
s042_seed97384339_v200_fastener,97384339,200,val,fastener,,"[{""type"": ""fastener_failure"", ""label"": ""fastener_eta"", ""start_m"": 160.8, ""count"": 8, ""side"": ""both"", ""directions"": ""both"", ""stiffness_factor_eta_k"": 0.1, ""damping_factor_eta_c"": 1.0}]"
s042_seed97384339_v200_sleeper_void,97384339,200,val,sleeper_void,,"[{""type"": ""sleeper_void"", ""label"": ""sleeper_void"", ""start_m"": 215.4, ""count"": 4, ""side"": ""both"", ""directions"": ""vertical"", ""delta_gap_mm"": 0.95}]"
s042_seed97384339_v200_ballast,97384339,200,val,ballast,,"[{""type"": ""ballast_condition"", ""label"": ""ballast_hardened"", ""start_m"": 276.6, ""count"": 77, ""side"": ""left"", ""directions"": ""vertical"", ""stiffness_factor_eta_k"": 4.9499, ""damping_factor_eta_c"": 1.0}]"
s042_seed97384339_v200_subgrade,97384339,200,val,subgrade,,"[{""type"": ""subgrade_condition"", ""label"": ""subgrade_weakened"", ""start_m"": 232.2, ""count"": 114, ""side"": ""both"", ""directions"": ""vertical"", ""stiffness_factor_eta_k"": 0.3747, ""damping_factor_eta_c"": 1.0}]"
s042_seed97384339_v200_coupled_ballast_sleeper_void,97384339,200,val,coupled_ballast_sleeper_void,,"[{""type"": ""ballast_condition"", ""label"": ""ballast_loose"", ""start_m"": 191.4, ""count"": 36, ""side"": ""right"", ""directions"": ""vertical"", ""stiffness_factor_eta_k"": 0.6133, ""damping_factor_eta_c"": 1.0}, {""type"": ""sleeper_void"", ""label"": ""sleeper_void"", ""start_m"": 265.8, ""count"": 7, ""side"": ""both"", ""directions"": ""vertical"", ""delta_gap_mm"": 2.05}]"
s043_seed44692998_v200_baseline,44692998,200,val,baseline,,[]
s043_seed44692998_v200_fastener,44692998,200,val,fastener,,"[{""type"": ""fastener_failure"", ""label"": ""fastener_eta"", ""start_m"": 225.6, ""count"": 10, ""side"": ""right"", ""directions"": ""both"", ""stiffness_factor_eta_k"": 0.0, ""damping_factor_eta_c"": 1.0}]"
s043_seed44692998_v200_sleeper_void,44692998,200,val,sleeper_void,,"[{""type"": ""sleeper_void"", ""label"": ""sleeper_void"", ""start_m"": 195.6, ""count"": 10, ""side"": ""right"", ""directions"": ""vertical"", ""delta_gap_mm"": 1.6}]"
s043_seed44692998_v200_ballast,44692998,200,val,ballast,,"[{""type"": ""ballast_condition"", ""label"": ""ballast_hardened"", ""start_m"": 242.4, ""count"": 100, ""side"": ""right"", ""directions"": ""vertical"", ""stiffness_factor_eta_k"": 2.1103, ""damping_factor_eta_c"": 1.0}]"
s043_seed44692998_v200_subgrade,44692998,200,val,subgrade,,"[{""type"": ""subgrade_condition"", ""label"": ""subgrade_weakened"", ""start_m"": 179.4, ""count"": 94, ""side"": ""left"", ""directions"": ""vertical"", ""stiffness_factor_eta_k"": 0.2607, ""damping_factor_eta_c"": 1.0}]"
s043_seed44692998_v200_coupled_sleeper_void_ballast,44692998,200,val,coupled_sleeper_void_ballast,,"[{""type"": ""sleeper_void"", ""label"": ""sleeper_void"", ""start_m"": 195.0, ""count"": 3, ""side"": ""left"", ""directions"": ""vertical"", ""delta_gap_mm"": 2.83}, {""type"": ""ballast_condition"", ""label"": ""ballast_loose"", ""start_m"": 276.6, ""count"": 110, ""side"": ""both"", ""directions"": ""vertical"", ""stiffness_factor_eta_k"": 0.4511, ""damping_factor_eta_c"": 1.0}]"
s044_seed83864817_v200_baseline,83864817,200,val,baseline,,[]
s044_seed83864817_v200_fastener,83864817,200,val,fastener,,"[{""type"": ""fastener_failure"", ""label"": ""fastener_eta"", ""start_m"": 225.0, ""count"": 1, ""side"": ""right"", ""directions"": ""both"", ""stiffness_factor_eta_k"": 0.0, ""damping_factor_eta_c"": 1.0}]"
s044_seed83864817_v200_sleeper_void,83864817,200,val,sleeper_void,,"[{""type"": ""sleeper_void"", ""label"": ""sleeper_void"", ""start_m"": 256.2, ""count"": 4, ""side"": ""both"", ""directions"": ""vertical"", ""delta_gap_mm"": 1.84}]"
s044_seed83864817_v200_ballast,83864817,200,val,ballast,,"[{""type"": ""ballast_condition"", ""label"": ""ballast_hardened"", ""start_m"": 237.6, ""count"": 105, ""side"": ""right"", ""directions"": ""vertical"", ""stiffness_factor_eta_k"": 1.9466, ""damping_factor_eta_c"": 1.0}]"
s044_seed83864817_v200_subgrade,83864817,200,val,subgrade,,"[{""type"": ""subgrade_condition"", ""label"": ""subgrade_weakened"", ""start_m"": 178.2, ""count"": 33, ""side"": ""right"", ""directions"": ""vertical"", ""stiffness_factor_eta_k"": 0.6682, ""damping_factor_eta_c"": 1.0}]"
s044_seed83864817_v200_coupled_subgrade_ballast,83864817,200,val,coupled_subgrade_ballast,,"[{""type"": ""subgrade_condition"", ""label"": ""subgrade_weakened"", ""start_m"": 255.6, ""count"": 76, ""side"": ""right"", ""directions"": ""vertical"", ""stiffness_factor_eta_k"": 0.5428, ""damping_factor_eta_c"": 1.0}, {""type"": ""ballast_condition"", ""label"": ""ballast_hardened"", ""start_m"": 282.6, ""count"": 158, ""side"": ""both"", ""directions"": ""vertical"", ""stiffness_factor_eta_k"": 7.1859, ""damping_factor_eta_c"": 1.0}]"
s045_seed42708744_v200_baseline,42708744,200,val,baseline,,[]
s045_seed42708744_v200_fastener,42708744,200,val,fastener,,"[{""type"": ""fastener_failure"", ""label"": ""fastener_eta"", ""start_m"": 171.0, ""count"": 2, ""side"": ""left"", ""directions"": ""both"", ""stiffness_factor_eta_k"": 0.5, ""damping_factor_eta_c"": 1.0}]"
s045_seed42708744_v200_sleeper_void,42708744,200,val,sleeper_void,,"[{""type"": ""sleeper_void"", ""label"": ""sleeper_void"", ""start_m"": 183.0, ""count"": 2, ""side"": ""both"", ""directions"": ""vertical"", ""delta_gap_mm"": 2.6}]"
s045_seed42708744_v200_ballast,42708744,200,val,ballast,,"[{""type"": ""ballast_condition"", ""label"": ""ballast_loose"", ""start_m"": 216.0, ""count"": 61, ""side"": ""left"", ""directions"": ""vertical"", ""stiffness_factor_eta_k"": 0.1475, ""damping_factor_eta_c"": 1.0}]"
s045_seed42708744_v200_subgrade,42708744,200,val,subgrade,,"[{""type"": ""subgrade_condition"", ""label"": ""subgrade_weakened"", ""start_m"": 208.8, ""count"": 54, ""side"": ""right"", ""directions"": ""vertical"", ""stiffness_factor_eta_k"": 0.4173, ""damping_factor_eta_c"": 1.0}]"
s045_seed42708744_v200_coupled_ballast_fastener,42708744,200,val,coupled_ballast_fastener,,"[{""type"": ""ballast_condition"", ""label"": ""ballast_loose"", ""start_m"": 273.6, ""count"": 64, ""side"": ""both"", ""directions"": ""vertical"", ""stiffness_factor_eta_k"": 0.4103, ""damping_factor_eta_c"": 1.0}, {""type"": ""fastener_failure"", ""label"": ""fastener_eta"", ""start_m"": 165.6, ""count"": 8, ""side"": ""both"", ""directions"": ""both"", ""stiffness_factor_eta_k"": 0.25, ""damping_factor_eta_c"": 1.0}]"
s046_seed35497057_v200_baseline,35497057,200,test,baseline,,[]
s046_seed35497057_v200_fastener,35497057,200,test,fastener,,"[{""type"": ""fastener_failure"", ""label"": ""fastener_eta"", ""start_m"": 204.0, ""count"": 7, ""side"": ""left"", ""directions"": ""both"", ""stiffness_factor_eta_k"": 0.25, ""damping_factor_eta_c"": 1.0}]"
s046_seed35497057_v200_sleeper_void,35497057,200,test,sleeper_void,,"[{""type"": ""sleeper_void"", ""label"": ""sleeper_void"", ""start_m"": 192.6, ""count"": 6, ""side"": ""both"", ""directions"": ""vertical"", ""delta_gap_mm"": 2.36}]"
s046_seed35497057_v200_ballast,35497057,200,test,ballast,,"[{""type"": ""ballast_condition"", ""label"": ""ballast_loose"", ""start_m"": 219.0, ""count"": 146, ""side"": ""right"", ""directions"": ""vertical"", ""stiffness_factor_eta_k"": 0.6184, ""damping_factor_eta_c"": 1.0}]"
s046_seed35497057_v200_subgrade,35497057,200,test,subgrade,,"[{""type"": ""subgrade_condition"", ""label"": ""subgrade_weakened"", ""start_m"": 195.6, ""count"": 155, ""side"": ""right"", ""directions"": ""vertical"", ""stiffness_factor_eta_k"": 0.5934, ""damping_factor_eta_c"": 1.0}]"
s046_seed35497057_v200_coupled_fastener_subgrade,35497057,200,test,coupled_fastener_subgrade,,"[{""type"": ""fastener_failure"", ""label"": ""fastener_eta"", ""start_m"": 203.4, ""count"": 3, ""side"": ""both"", ""directions"": ""both"", ""stiffness_factor_eta_k"": 0.5, ""damping_factor_eta_c"": 1.0}, {""type"": ""subgrade_condition"", ""label"": ""subgrade_weakened"", ""start_m"": 180.0, ""count"": 79, ""side"": ""both"", ""directions"": ""vertical"", ""stiffness_factor_eta_k"": 0.665, ""damping_factor_eta_c"": 1.0}]"
s047_seed51950605_v200_baseline,51950605,200,test,baseline,,[]
s047_seed51950605_v200_fastener,51950605,200,test,fastener,,"[{""type"": ""fastener_failure"", ""label"": ""fastener_eta"", ""start_m"": 154.2, ""count"": 1, ""side"": ""both"", ""directions"": ""both"", ""stiffness_factor_eta_k"": 0.25, ""damping_factor_eta_c"": 1.0}]"
s047_seed51950605_v200_sleeper_void,51950605,200,test,sleeper_void,,"[{""type"": ""sleeper_void"", ""label"": ""sleeper_void"", ""start_m"": 291.0, ""count"": 1, ""side"": ""right"", ""directions"": ""vertical"", ""delta_gap_mm"": 0.82}]"
s047_seed51950605_v200_ballast,51950605,200,test,ballast,,"[{""type"": ""ballast_condition"", ""label"": ""ballast_loose"", ""start_m"": 157.2, ""count"": 165, ""side"": ""left"", ""directions"": ""vertical"", ""stiffness_factor_eta_k"": 0.391, ""damping_factor_eta_c"": 1.0}]"
s047_seed51950605_v200_subgrade,51950605,200,test,subgrade,,"[{""type"": ""subgrade_condition"", ""label"": ""subgrade_weakened"", ""start_m"": 272.4, ""count"": 47, ""side"": ""left"", ""directions"": ""vertical"", ""stiffness_factor_eta_k"": 0.2633, ""damping_factor_eta_c"": 1.0}]"
s047_seed51950605_v200_coupled_fastener_ballast,51950605,200,test,coupled_fastener_ballast,,"[{""type"": ""fastener_failure"", ""label"": ""fastener_eta"", ""start_m"": 217.8, ""count"": 5, ""side"": ""both"", ""directions"": ""both"", ""stiffness_factor_eta_k"": 0.1, ""damping_factor_eta_c"": 1.0}, {""type"": ""ballast_condition"", ""label"": ""ballast_loose"", ""start_m"": 210.0, ""count"": 71, ""side"": ""left"", ""directions"": ""vertical"", ""stiffness_factor_eta_k"": 0.7285, ""damping_factor_eta_c"": 1.0}]"
s048_seed31769732_v200_baseline,31769732,200,test,baseline,,[]
s048_seed31769732_v200_fastener,31769732,200,test,fastener,,"[{""type"": ""fastener_failure"", ""label"": ""fastener_eta"", ""start_m"": 160.8, ""count"": 2, ""side"": ""both"", ""directions"": ""both"", ""stiffness_factor_eta_k"": 0.75, ""damping_factor_eta_c"": 1.0}]"
s048_seed31769732_v200_sleeper_void,31769732,200,test,sleeper_void,,"[{""type"": ""sleeper_void"", ""label"": ""sleeper_void"", ""start_m"": 194.4, ""count"": 1, ""side"": ""right"", ""directions"": ""vertical"", ""delta_gap_mm"": 0.71}]"
s048_seed31769732_v200_ballast,31769732,200,test,ballast,,"[{""type"": ""ballast_condition"", ""label"": ""ballast_hardened"", ""start_m"": 169.8, ""count"": 50, ""side"": ""left"", ""directions"": ""vertical"", ""stiffness_factor_eta_k"": 5.9208, ""damping_factor_eta_c"": 1.0}]"
s048_seed31769732_v200_subgrade,31769732,200,test,subgrade,,"[{""type"": ""subgrade_condition"", ""label"": ""subgrade_weakened"", ""start_m"": 176.4, ""count"": 136, ""side"": ""left"", ""directions"": ""vertical"", ""stiffness_factor_eta_k"": 0.703, ""damping_factor_eta_c"": 1.0}]"
s048_seed31769732_v200_coupled_subgrade_ballast,31769732,200,test,coupled_subgrade_ballast,,"[{""type"": ""subgrade_condition"", ""label"": ""subgrade_weakened"", ""start_m"": 207.6, ""count"": 117, ""side"": ""both"", ""directions"": ""vertical"", ""stiffness_factor_eta_k"": 0.3062, ""damping_factor_eta_c"": 1.0}, {""type"": ""ballast_condition"", ""label"": ""ballast_loose"", ""start_m"": 216.6, ""count"": 148, ""side"": ""both"", ""directions"": ""vertical"", ""stiffness_factor_eta_k"": 0.5754, ""damping_factor_eta_c"": 1.0}]"
s049_seed94369616_v215_baseline,94369616,215,train,baseline,,[]
s049_seed94369616_v215_fastener,94369616,215,train,fastener,,"[{""type"": ""fastener_failure"", ""label"": ""fastener_eta"", ""start_m"": 298.8, ""count"": 5, ""side"": ""both"", ""directions"": ""both"", ""stiffness_factor_eta_k"": 0.5, ""damping_factor_eta_c"": 1.0}]"
s049_seed94369616_v215_sleeper_void,94369616,215,train,sleeper_void,,"[{""type"": ""sleeper_void"", ""label"": ""sleeper_void"", ""start_m"": 241.2, ""count"": 10, ""side"": ""both"", ""directions"": ""vertical"", ""delta_gap_mm"": 1.49}]"
s049_seed94369616_v215_ballast,94369616,215,train,ballast,,"[{""type"": ""ballast_condition"", ""label"": ""ballast_hardened"", ""start_m"": 228.6, ""count"": 19, ""side"": ""both"", ""directions"": ""vertical"", ""stiffness_factor_eta_k"": 6.3966, ""damping_factor_eta_c"": 1.0}]"
s049_seed94369616_v215_subgrade,94369616,215,train,subgrade,,"[{""type"": ""subgrade_condition"", ""label"": ""subgrade_weakened"", ""start_m"": 259.2, ""count"": 139, ""side"": ""left"", ""directions"": ""vertical"", ""stiffness_factor_eta_k"": 0.676, ""damping_factor_eta_c"": 1.0}]"
s049_seed94369616_v215_coupled_fastener_ballast,94369616,215,train,coupled_fastener_ballast,,"[{""type"": ""fastener_failure"", ""label"": ""fastener_eta"", ""start_m"": 267.0, ""count"": 5, ""side"": ""right"", ""directions"": ""both"", ""stiffness_factor_eta_k"": 0.25, ""damping_factor_eta_c"": 1.0}, {""type"": ""ballast_condition"", ""label"": ""ballast_loose"", ""start_m"": 158.4, ""count"": 29, ""side"": ""both"", ""directions"": ""vertical"", ""stiffness_factor_eta_k"": 0.1225, ""damping_factor_eta_c"": 1.0}]"
s050_seed73599946_v215_baseline,73599946,215,train,baseline,,[]
s050_seed73599946_v215_fastener,73599946,215,train,fastener,,"[{""type"": ""fastener_failure"", ""label"": ""fastener_eta"", ""start_m"": 196.8, ""count"": 1, ""side"": ""right"", ""directions"": ""both"", ""stiffness_factor_eta_k"": 0.1, ""damping_factor_eta_c"": 1.0}]"
s050_seed73599946_v215_sleeper_void,73599946,215,train,sleeper_void,,"[{""type"": ""sleeper_void"", ""label"": ""sleeper_void"", ""start_m"": 209.4, ""count"": 1, ""side"": ""left"", ""directions"": ""vertical"", ""delta_gap_mm"": 2.36}]"
s050_seed73599946_v215_ballast,73599946,215,train,ballast,,"[{""type"": ""ballast_condition"", ""label"": ""ballast_hardened"", ""start_m"": 261.6, ""count"": 157, ""side"": ""both"", ""directions"": ""vertical"", ""stiffness_factor_eta_k"": 5.8417, ""damping_factor_eta_c"": 1.0}]"
s050_seed73599946_v215_subgrade,73599946,215,train,subgrade,,"[{""type"": ""subgrade_condition"", ""label"": ""subgrade_weakened"", ""start_m"": 184.2, ""count"": 127, ""side"": ""both"", ""directions"": ""vertical"", ""stiffness_factor_eta_k"": 0.4416, ""damping_factor_eta_c"": 1.0}]"
s050_seed73599946_v215_coupled_subgrade_fastener,73599946,215,train,coupled_subgrade_fastener,,"[{""type"": ""subgrade_condition"", ""label"": ""subgrade_weakened"", ""start_m"": 257.4, ""count"": 48, ""side"": ""right"", ""directions"": ""vertical"", ""stiffness_factor_eta_k"": 0.2648, ""damping_factor_eta_c"": 1.0}, {""type"": ""fastener_failure"", ""label"": ""fastener_eta"", ""start_m"": 258.0, ""count"": 10, ""side"": ""right"", ""directions"": ""both"", ""stiffness_factor_eta_k"": 0.25, ""damping_factor_eta_c"": 1.0}]"
s051_seed78825186_v215_baseline,78825186,215,train,baseline,,[]
s051_seed78825186_v215_fastener,78825186,215,train,fastener,,"[{""type"": ""fastener_failure"", ""label"": ""fastener_eta"", ""start_m"": 202.8, ""count"": 1, ""side"": ""both"", ""directions"": ""both"", ""stiffness_factor_eta_k"": 0.75, ""damping_factor_eta_c"": 1.0}]"
s051_seed78825186_v215_sleeper_void,78825186,215,train,sleeper_void,,"[{""type"": ""sleeper_void"", ""label"": ""sleeper_void"", ""start_m"": 192.6, ""count"": 1, ""side"": ""left"", ""directions"": ""vertical"", ""delta_gap_mm"": 1.4}]"
s051_seed78825186_v215_ballast,78825186,215,train,ballast,,"[{""type"": ""ballast_condition"", ""label"": ""ballast_loose"", ""start_m"": 215.4, ""count"": 166, ""side"": ""both"", ""directions"": ""vertical"", ""stiffness_factor_eta_k"": 0.3413, ""damping_factor_eta_c"": 1.0}]"
s051_seed78825186_v215_subgrade,78825186,215,train,subgrade,,"[{""type"": ""subgrade_condition"", ""label"": ""subgrade_weakened"", ""start_m"": 210.0, ""count"": 81, ""side"": ""right"", ""directions"": ""vertical"", ""stiffness_factor_eta_k"": 0.325, ""damping_factor_eta_c"": 1.0}]"
s051_seed78825186_v215_coupled_subgrade_ballast,78825186,215,train,coupled_subgrade_ballast,,"[{""type"": ""subgrade_condition"", ""label"": ""subgrade_weakened"", ""start_m"": 225.0, ""count"": 29, ""side"": ""both"", ""directions"": ""vertical"", ""stiffness_factor_eta_k"": 0.5825, ""damping_factor_eta_c"": 1.0}, {""type"": ""ballast_condition"", ""label"": ""ballast_loose"", ""start_m"": 188.4, ""count"": 67, ""side"": ""left"", ""directions"": ""vertical"", ""stiffness_factor_eta_k"": 0.6335, ""damping_factor_eta_c"": 1.0}]"
s052_seed85399051_v215_baseline,85399051,215,train,baseline,,[]
s052_seed85399051_v215_fastener,85399051,215,train,fastener,,"[{""type"": ""fastener_failure"", ""label"": ""fastener_eta"", ""start_m"": 231.6, ""count"": 9, ""side"": ""both"", ""directions"": ""both"", ""stiffness_factor_eta_k"": 0.75, ""damping_factor_eta_c"": 1.0}]"
s052_seed85399051_v215_sleeper_void,85399051,215,train,sleeper_void,,"[{""type"": ""sleeper_void"", ""label"": ""sleeper_void"", ""start_m"": 292.8, ""count"": 10, ""side"": ""left"", ""directions"": ""vertical"", ""delta_gap_mm"": 1.07}]"
s052_seed85399051_v215_ballast,85399051,215,train,ballast,,"[{""type"": ""ballast_condition"", ""label"": ""ballast_loose"", ""start_m"": 214.8, ""count"": 61, ""side"": ""both"", ""directions"": ""vertical"", ""stiffness_factor_eta_k"": 0.3378, ""damping_factor_eta_c"": 1.0}]"
s052_seed85399051_v215_subgrade,85399051,215,train,subgrade,,"[{""type"": ""subgrade_condition"", ""label"": ""subgrade_weakened"", ""start_m"": 268.8, ""count"": 114, ""side"": ""both"", ""directions"": ""vertical"", ""stiffness_factor_eta_k"": 0.693, ""damping_factor_eta_c"": 1.0}]"
s052_seed85399051_v215_coupled_ballast_sleeper_void,85399051,215,train,coupled_ballast_sleeper_void,,"[{""type"": ""ballast_condition"", ""label"": ""ballast_loose"", ""start_m"": 222.0, ""count"": 160, ""side"": ""right"", ""directions"": ""vertical"", ""stiffness_factor_eta_k"": 0.3992, ""damping_factor_eta_c"": 1.0}, {""type"": ""sleeper_void"", ""label"": ""sleeper_void"", ""start_m"": 208.8, ""count"": 2, ""side"": ""right"", ""directions"": ""vertical"", ""delta_gap_mm"": 2.42}]"
s053_seed29657402_v215_baseline,29657402,215,train,baseline,,[]
s053_seed29657402_v215_fastener,29657402,215,train,fastener,,"[{""type"": ""fastener_failure"", ""label"": ""fastener_eta"", ""start_m"": 151.8, ""count"": 8, ""side"": ""both"", ""directions"": ""both"", ""stiffness_factor_eta_k"": 0.1, ""damping_factor_eta_c"": 1.0}]"
s053_seed29657402_v215_sleeper_void,29657402,215,train,sleeper_void,,"[{""type"": ""sleeper_void"", ""label"": ""sleeper_void"", ""start_m"": 170.4, ""count"": 10, ""side"": ""both"", ""directions"": ""vertical"", ""delta_gap_mm"": 2.69}]"
s053_seed29657402_v215_ballast,29657402,215,train,ballast,,"[{""type"": ""ballast_condition"", ""label"": ""ballast_hardened"", ""start_m"": 182.4, ""count"": 30, ""side"": ""right"", ""directions"": ""vertical"", ""stiffness_factor_eta_k"": 6.8597, ""damping_factor_eta_c"": 1.0}]"
s053_seed29657402_v215_subgrade,29657402,215,train,subgrade,,"[{""type"": ""subgrade_condition"", ""label"": ""subgrade_weakened"", ""start_m"": 187.8, ""count"": 160, ""side"": ""both"", ""directions"": ""vertical"", ""stiffness_factor_eta_k"": 0.3976, ""damping_factor_eta_c"": 1.0}]"
s053_seed29657402_v215_coupled_fastener_ballast,29657402,215,train,coupled_fastener_ballast,,"[{""type"": ""fastener_failure"", ""label"": ""fastener_eta"", ""start_m"": 208.8, ""count"": 6, ""side"": ""both"", ""directions"": ""both"", ""stiffness_factor_eta_k"": 0.5, ""damping_factor_eta_c"": 1.0}, {""type"": ""ballast_condition"", ""label"": ""ballast_hardened"", ""start_m"": 259.2, ""count"": 96, ""side"": ""right"", ""directions"": ""vertical"", ""stiffness_factor_eta_k"": 7.2203, ""damping_factor_eta_c"": 1.0}]"
s054_seed74712047_v215_baseline,74712047,215,train,baseline,,[]
s054_seed74712047_v215_fastener,74712047,215,train,fastener,,"[{""type"": ""fastener_failure"", ""label"": ""fastener_eta"", ""start_m"": 238.2, ""count"": 2, ""side"": ""both"", ""directions"": ""both"", ""stiffness_factor_eta_k"": 0.0, ""damping_factor_eta_c"": 1.0}]"
s054_seed74712047_v215_sleeper_void,74712047,215,train,sleeper_void,,"[{""type"": ""sleeper_void"", ""label"": ""sleeper_void"", ""start_m"": 256.8, ""count"": 6, ""side"": ""both"", ""directions"": ""vertical"", ""delta_gap_mm"": 1.77}]"
s054_seed74712047_v215_ballast,74712047,215,train,ballast,,"[{""type"": ""ballast_condition"", ""label"": ""ballast_loose"", ""start_m"": 185.4, ""count"": 56, ""side"": ""right"", ""directions"": ""vertical"", ""stiffness_factor_eta_k"": 0.3673, ""damping_factor_eta_c"": 1.0}]"
s054_seed74712047_v215_subgrade,74712047,215,train,subgrade,,"[{""type"": ""subgrade_condition"", ""label"": ""subgrade_weakened"", ""start_m"": 230.4, ""count"": 123, ""side"": ""both"", ""directions"": ""vertical"", ""stiffness_factor_eta_k"": 0.6115, ""damping_factor_eta_c"": 1.0}]"
s054_seed74712047_v215_coupled_sleeper_void_subgrade,74712047,215,train,coupled_sleeper_void_subgrade,,"[{""type"": ""sleeper_void"", ""label"": ""sleeper_void"", ""start_m"": 255.0, ""count"": 1, ""side"": ""right"", ""directions"": ""vertical"", ""delta_gap_mm"": 1.45}, {""type"": ""subgrade_condition"", ""label"": ""subgrade_weakened"", ""start_m"": 274.2, ""count"": 110, ""side"": ""both"", ""directions"": ""vertical"", ""stiffness_factor_eta_k"": 0.69, ""damping_factor_eta_c"": 1.0}]"
s055_seed15258332_v215_baseline,15258332,215,train,baseline,,[]
s055_seed15258332_v215_fastener,15258332,215,train,fastener,,"[{""type"": ""fastener_failure"", ""label"": ""fastener_eta"", ""start_m"": 234.6, ""count"": 9, ""side"": ""both"", ""directions"": ""both"", ""stiffness_factor_eta_k"": 0.1, ""damping_factor_eta_c"": 1.0}]"
s055_seed15258332_v215_sleeper_void,15258332,215,train,sleeper_void,,"[{""type"": ""sleeper_void"", ""label"": ""sleeper_void"", ""start_m"": 210.0, ""count"": 4, ""side"": ""both"", ""directions"": ""vertical"", ""delta_gap_mm"": 1.26}]"
s055_seed15258332_v215_ballast,15258332,215,train,ballast,,"[{""type"": ""ballast_condition"", ""label"": ""ballast_hardened"", ""start_m"": 291.0, ""count"": 44, ""side"": ""right"", ""directions"": ""vertical"", ""stiffness_factor_eta_k"": 7.5695, ""damping_factor_eta_c"": 1.0}]"
s055_seed15258332_v215_subgrade,15258332,215,train,subgrade,,"[{""type"": ""subgrade_condition"", ""label"": ""subgrade_weakened"", ""start_m"": 225.6, ""count"": 65, ""side"": ""right"", ""directions"": ""vertical"", ""stiffness_factor_eta_k"": 0.7814, ""damping_factor_eta_c"": 1.0}]"
s055_seed15258332_v215_coupled_fastener_subgrade,15258332,215,train,coupled_fastener_subgrade,,"[{""type"": ""fastener_failure"", ""label"": ""fastener_eta"", ""start_m"": 255.6, ""count"": 8, ""side"": ""both"", ""directions"": ""both"", ""stiffness_factor_eta_k"": 0.75, ""damping_factor_eta_c"": 1.0}, {""type"": ""subgrade_condition"", ""label"": ""subgrade_weakened"", ""start_m"": 159.6, ""count"": 85, ""side"": ""right"", ""directions"": ""vertical"", ""stiffness_factor_eta_k"": 0.1236, ""damping_factor_eta_c"": 1.0}]"
s056_seed68162758_v215_baseline,68162758,215,train,baseline,,[]
s056_seed68162758_v215_fastener,68162758,215,train,fastener,,"[{""type"": ""fastener_failure"", ""label"": ""fastener_eta"", ""start_m"": 250.2, ""count"": 8, ""side"": ""left"", ""directions"": ""both"", ""stiffness_factor_eta_k"": 0.75, ""damping_factor_eta_c"": 1.0}]"
s056_seed68162758_v215_sleeper_void,68162758,215,train,sleeper_void,,"[{""type"": ""sleeper_void"", ""label"": ""sleeper_void"", ""start_m"": 208.2, ""count"": 9, ""side"": ""right"", ""directions"": ""vertical"", ""delta_gap_mm"": 1.08}]"
s056_seed68162758_v215_ballast,68162758,215,train,ballast,,"[{""type"": ""ballast_condition"", ""label"": ""ballast_hardened"", ""start_m"": 225.6, ""count"": 29, ""side"": ""left"", ""directions"": ""vertical"", ""stiffness_factor_eta_k"": 4.0528, ""damping_factor_eta_c"": 1.0}]"
s056_seed68162758_v215_subgrade,68162758,215,train,subgrade,,"[{""type"": ""subgrade_condition"", ""label"": ""subgrade_weakened"", ""start_m"": 179.4, ""count"": 94, ""side"": ""right"", ""directions"": ""vertical"", ""stiffness_factor_eta_k"": 0.7686, ""damping_factor_eta_c"": 1.0}]"
s056_seed68162758_v215_coupled_fastener_subgrade,68162758,215,train,coupled_fastener_subgrade,,"[{""type"": ""fastener_failure"", ""label"": ""fastener_eta"", ""start_m"": 225.0, ""count"": 3, ""side"": ""right"", ""directions"": ""both"", ""stiffness_factor_eta_k"": 0.25, ""damping_factor_eta_c"": 1.0}, {""type"": ""subgrade_condition"", ""label"": ""subgrade_weakened"", ""start_m"": 174.0, ""count"": 115, ""side"": ""right"", ""directions"": ""vertical"", ""stiffness_factor_eta_k"": 0.4743, ""damping_factor_eta_c"": 1.0}]"
s057_seed65657739_v215_baseline,65657739,215,train,baseline,,[]
s057_seed65657739_v215_fastener,65657739,215,train,fastener,,"[{""type"": ""fastener_failure"", ""label"": ""fastener_eta"", ""start_m"": 277.8, ""count"": 6, ""side"": ""both"", ""directions"": ""both"", ""stiffness_factor_eta_k"": 0.0, ""damping_factor_eta_c"": 1.0}]"
s057_seed65657739_v215_sleeper_void,65657739,215,train,sleeper_void,,"[{""type"": ""sleeper_void"", ""label"": ""sleeper_void"", ""start_m"": 165.6, ""count"": 2, ""side"": ""left"", ""directions"": ""vertical"", ""delta_gap_mm"": 1.47}]"
s057_seed65657739_v215_ballast,65657739,215,train,ballast,,"[{""type"": ""ballast_condition"", ""label"": ""ballast_hardened"", ""start_m"": 228.0, ""count"": 96, ""side"": ""both"", ""directions"": ""vertical"", ""stiffness_factor_eta_k"": 5.6802, ""damping_factor_eta_c"": 1.0}]"
s057_seed65657739_v215_subgrade,65657739,215,train,subgrade,,"[{""type"": ""subgrade_condition"", ""label"": ""subgrade_weakened"", ""start_m"": 286.8, ""count"": 92, ""side"": ""both"", ""directions"": ""vertical"", ""stiffness_factor_eta_k"": 0.3243, ""damping_factor_eta_c"": 1.0}]"
s057_seed65657739_v215_coupled_sleeper_void_subgrade,65657739,215,train,coupled_sleeper_void_subgrade,,"[{""type"": ""sleeper_void"", ""label"": ""sleeper_void"", ""start_m"": 185.4, ""count"": 5, ""side"": ""right"", ""directions"": ""vertical"", ""delta_gap_mm"": 1.71}, {""type"": ""subgrade_condition"", ""label"": ""subgrade_weakened"", ""start_m"": 204.0, ""count"": 160, ""side"": ""left"", ""directions"": ""vertical"", ""stiffness_factor_eta_k"": 0.3517, ""damping_factor_eta_c"": 1.0}]"
s058_seed42589834_v215_baseline,42589834,215,train,baseline,,[]
s058_seed42589834_v215_fastener,42589834,215,train,fastener,,"[{""type"": ""fastener_failure"", ""label"": ""fastener_eta"", ""start_m"": 219.6, ""count"": 8, ""side"": ""both"", ""directions"": ""both"", ""stiffness_factor_eta_k"": 0.75, ""damping_factor_eta_c"": 1.0}]"
s058_seed42589834_v215_sleeper_void,42589834,215,train,sleeper_void,,"[{""type"": ""sleeper_void"", ""label"": ""sleeper_void"", ""start_m"": 292.8, ""count"": 5, ""side"": ""right"", ""directions"": ""vertical"", ""delta_gap_mm"": 0.83}]"
s058_seed42589834_v215_ballast,42589834,215,train,ballast,,"[{""type"": ""ballast_condition"", ""label"": ""ballast_loose"", ""start_m"": 218.4, ""count"": 28, ""side"": ""left"", ""directions"": ""vertical"", ""stiffness_factor_eta_k"": 0.2619, ""damping_factor_eta_c"": 1.0}]"
s058_seed42589834_v215_subgrade,42589834,215,train,subgrade,,"[{""type"": ""subgrade_condition"", ""label"": ""subgrade_weakened"", ""start_m"": 289.8, ""count"": 115, ""side"": ""both"", ""directions"": ""vertical"", ""stiffness_factor_eta_k"": 0.3596, ""damping_factor_eta_c"": 1.0}]"
s058_seed42589834_v215_coupled_subgrade_fastener,42589834,215,train,coupled_subgrade_fastener,,"[{""type"": ""subgrade_condition"", ""label"": ""subgrade_weakened"", ""start_m"": 247.2, ""count"": 55, ""side"": ""right"", ""directions"": ""vertical"", ""stiffness_factor_eta_k"": 0.7045, ""damping_factor_eta_c"": 1.0}, {""type"": ""fastener_failure"", ""label"": ""fastener_eta"", ""start_m"": 156.0, ""count"": 2, ""side"": ""both"", ""directions"": ""both"", ""stiffness_factor_eta_k"": 0.5, ""damping_factor_eta_c"": 1.0}]"
s059_seed63273372_v215_baseline,63273372,215,train,baseline,,[]
s059_seed63273372_v215_fastener,63273372,215,train,fastener,,"[{""type"": ""fastener_failure"", ""label"": ""fastener_eta"", ""start_m"": 185.4, ""count"": 8, ""side"": ""both"", ""directions"": ""both"", ""stiffness_factor_eta_k"": 0.5, ""damping_factor_eta_c"": 1.0}]"
s059_seed63273372_v215_sleeper_void,63273372,215,train,sleeper_void,,"[{""type"": ""sleeper_void"", ""label"": ""sleeper_void"", ""start_m"": 156.0, ""count"": 7, ""side"": ""both"", ""directions"": ""vertical"", ""delta_gap_mm"": 1.97}]"
s059_seed63273372_v215_ballast,63273372,215,train,ballast,,"[{""type"": ""ballast_condition"", ""label"": ""ballast_hardened"", ""start_m"": 169.2, ""count"": 55, ""side"": ""both"", ""directions"": ""vertical"", ""stiffness_factor_eta_k"": 3.0834, ""damping_factor_eta_c"": 1.0}]"
s059_seed63273372_v215_subgrade,63273372,215,train,subgrade,,"[{""type"": ""subgrade_condition"", ""label"": ""subgrade_weakened"", ""start_m"": 256.2, ""count"": 98, ""side"": ""both"", ""directions"": ""vertical"", ""stiffness_factor_eta_k"": 0.3384, ""damping_factor_eta_c"": 1.0}]"
s059_seed63273372_v215_coupled_fastener_ballast,63273372,215,train,coupled_fastener_ballast,,"[{""type"": ""fastener_failure"", ""label"": ""fastener_eta"", ""start_m"": 292.2, ""count"": 9, ""side"": ""both"", ""directions"": ""both"", ""stiffness_factor_eta_k"": 0.25, ""damping_factor_eta_c"": 1.0}, {""type"": ""ballast_condition"", ""label"": ""ballast_hardened"", ""start_m"": 231.6, ""count"": 63, ""side"": ""right"", ""directions"": ""vertical"", ""stiffness_factor_eta_k"": 1.656, ""damping_factor_eta_c"": 1.0}]"
s060_seed23956834_v215_baseline,23956834,215,train,baseline,,[]
s060_seed23956834_v215_fastener,23956834,215,train,fastener,,"[{""type"": ""fastener_failure"", ""label"": ""fastener_eta"", ""start_m"": 159.6, ""count"": 6, ""side"": ""both"", ""directions"": ""both"", ""stiffness_factor_eta_k"": 0.1, ""damping_factor_eta_c"": 1.0}]"
s060_seed23956834_v215_sleeper_void,23956834,215,train,sleeper_void,,"[{""type"": ""sleeper_void"", ""label"": ""sleeper_void"", ""start_m"": 235.2, ""count"": 2, ""side"": ""both"", ""directions"": ""vertical"", ""delta_gap_mm"": 2.2}]"
s060_seed23956834_v215_ballast,23956834,215,train,ballast,,"[{""type"": ""ballast_condition"", ""label"": ""ballast_hardened"", ""start_m"": 155.4, ""count"": 161, ""side"": ""left"", ""directions"": ""vertical"", ""stiffness_factor_eta_k"": 6.4679, ""damping_factor_eta_c"": 1.0}]"
s060_seed23956834_v215_subgrade,23956834,215,train,subgrade,,"[{""type"": ""subgrade_condition"", ""label"": ""subgrade_weakened"", ""start_m"": 213.0, ""count"": 26, ""side"": ""left"", ""directions"": ""vertical"", ""stiffness_factor_eta_k"": 0.1165, ""damping_factor_eta_c"": 1.0}]"
s060_seed23956834_v215_coupled_sleeper_void_fastener,23956834,215,train,coupled_sleeper_void_fastener,,"[{""type"": ""sleeper_void"", ""label"": ""sleeper_void"", ""start_m"": 219.0, ""count"": 6, ""side"": ""right"", ""directions"": ""vertical"", ""delta_gap_mm"": 1.86}, {""type"": ""fastener_failure"", ""label"": ""fastener_eta"", ""start_m"": 213.6, ""count"": 9, ""side"": ""left"", ""directions"": ""both"", ""stiffness_factor_eta_k"": 0.1, ""damping_factor_eta_c"": 1.0}]"
s061_seed43860874_v215_baseline,43860874,215,train,baseline,,[]
s061_seed43860874_v215_fastener,43860874,215,train,fastener,,"[{""type"": ""fastener_failure"", ""label"": ""fastener_eta"", ""start_m"": 224.4, ""count"": 7, ""side"": ""left"", ""directions"": ""both"", ""stiffness_factor_eta_k"": 0.1, ""damping_factor_eta_c"": 1.0}]"
s061_seed43860874_v215_sleeper_void,43860874,215,train,sleeper_void,,"[{""type"": ""sleeper_void"", ""label"": ""sleeper_void"", ""start_m"": 171.6, ""count"": 3, ""side"": ""both"", ""directions"": ""vertical"", ""delta_gap_mm"": 2.45}]"
s061_seed43860874_v215_ballast,43860874,215,train,ballast,,"[{""type"": ""ballast_condition"", ""label"": ""ballast_loose"", ""start_m"": 238.2, ""count"": 116, ""side"": ""left"", ""directions"": ""vertical"", ""stiffness_factor_eta_k"": 0.2397, ""damping_factor_eta_c"": 1.0}]"
s061_seed43860874_v215_subgrade,43860874,215,train,subgrade,,"[{""type"": ""subgrade_condition"", ""label"": ""subgrade_weakened"", ""start_m"": 183.6, ""count"": 73, ""side"": ""left"", ""directions"": ""vertical"", ""stiffness_factor_eta_k"": 0.4838, ""damping_factor_eta_c"": 1.0}]"
s061_seed43860874_v215_coupled_ballast_sleeper_void,43860874,215,train,coupled_ballast_sleeper_void,,"[{""type"": ""ballast_condition"", ""label"": ""ballast_loose"", ""start_m"": 260.4, ""count"": 67, ""side"": ""both"", ""directions"": ""vertical"", ""stiffness_factor_eta_k"": 0.2653, ""damping_factor_eta_c"": 1.0}, {""type"": ""sleeper_void"", ""label"": ""sleeper_void"", ""start_m"": 263.4, ""count"": 10, ""side"": ""left"", ""directions"": ""vertical"", ""delta_gap_mm"": 1.98}]"
s062_seed37607718_v215_baseline,37607718,215,train,baseline,,[]
s062_seed37607718_v215_fastener,37607718,215,train,fastener,,"[{""type"": ""fastener_failure"", ""label"": ""fastener_eta"", ""start_m"": 226.8, ""count"": 10, ""side"": ""both"", ""directions"": ""both"", ""stiffness_factor_eta_k"": 0.75, ""damping_factor_eta_c"": 1.0}]"
s062_seed37607718_v215_sleeper_void,37607718,215,train,sleeper_void,,"[{""type"": ""sleeper_void"", ""label"": ""sleeper_void"", ""start_m"": 254.4, ""count"": 7, ""side"": ""left"", ""directions"": ""vertical"", ""delta_gap_mm"": 0.84}]"
s062_seed37607718_v215_ballast,37607718,215,train,ballast,,"[{""type"": ""ballast_condition"", ""label"": ""ballast_hardened"", ""start_m"": 177.0, ""count"": 94, ""side"": ""both"", ""directions"": ""vertical"", ""stiffness_factor_eta_k"": 5.8758, ""damping_factor_eta_c"": 1.0}]"
s062_seed37607718_v215_subgrade,37607718,215,train,subgrade,,"[{""type"": ""subgrade_condition"", ""label"": ""subgrade_weakened"", ""start_m"": 199.2, ""count"": 62, ""side"": ""left"", ""directions"": ""vertical"", ""stiffness_factor_eta_k"": 0.6928, ""damping_factor_eta_c"": 1.0}]"
s062_seed37607718_v215_coupled_fastener_subgrade,37607718,215,train,coupled_fastener_subgrade,,"[{""type"": ""fastener_failure"", ""label"": ""fastener_eta"", ""start_m"": 211.2, ""count"": 8, ""side"": ""both"", ""directions"": ""both"", ""stiffness_factor_eta_k"": 0.1, ""damping_factor_eta_c"": 1.0}, {""type"": ""subgrade_condition"", ""label"": ""subgrade_weakened"", ""start_m"": 244.2, ""count"": 117, ""side"": ""both"", ""directions"": ""vertical"", ""stiffness_factor_eta_k"": 0.2432, ""damping_factor_eta_c"": 1.0}]"
s063_seed88424244_v215_baseline,88424244,215,train,baseline,,[]
s063_seed88424244_v215_fastener,88424244,215,train,fastener,,"[{""type"": ""fastener_failure"", ""label"": ""fastener_eta"", ""start_m"": 200.4, ""count"": 3, ""side"": ""both"", ""directions"": ""both"", ""stiffness_factor_eta_k"": 0.75, ""damping_factor_eta_c"": 1.0}]"
s063_seed88424244_v215_sleeper_void,88424244,215,train,sleeper_void,,"[{""type"": ""sleeper_void"", ""label"": ""sleeper_void"", ""start_m"": 263.4, ""count"": 9, ""side"": ""left"", ""directions"": ""vertical"", ""delta_gap_mm"": 2.65}]"
s063_seed88424244_v215_ballast,88424244,215,train,ballast,,"[{""type"": ""ballast_condition"", ""label"": ""ballast_hardened"", ""start_m"": 295.8, ""count"": 135, ""side"": ""left"", ""directions"": ""vertical"", ""stiffness_factor_eta_k"": 7.3075, ""damping_factor_eta_c"": 1.0}]"
s063_seed88424244_v215_subgrade,88424244,215,train,subgrade,,"[{""type"": ""subgrade_condition"", ""label"": ""subgrade_weakened"", ""start_m"": 153.6, ""count"": 157, ""side"": ""right"", ""directions"": ""vertical"", ""stiffness_factor_eta_k"": 0.4436, ""damping_factor_eta_c"": 1.0}]"
s063_seed88424244_v215_coupled_sleeper_void_ballast,88424244,215,train,coupled_sleeper_void_ballast,,"[{""type"": ""sleeper_void"", ""label"": ""sleeper_void"", ""start_m"": 266.4, ""count"": 2, ""side"": ""right"", ""directions"": ""vertical"", ""delta_gap_mm"": 2.01}, {""type"": ""ballast_condition"", ""label"": ""ballast_loose"", ""start_m"": 193.2, ""count"": 58, ""side"": ""right"", ""directions"": ""vertical"", ""stiffness_factor_eta_k"": 0.2841, ""damping_factor_eta_c"": 1.0}]"
s064_seed96873032_v215_baseline,96873032,215,train,baseline,,[]
s064_seed96873032_v215_fastener,96873032,215,train,fastener,,"[{""type"": ""fastener_failure"", ""label"": ""fastener_eta"", ""start_m"": 258.0, ""count"": 6, ""side"": ""right"", ""directions"": ""both"", ""stiffness_factor_eta_k"": 0.5, ""damping_factor_eta_c"": 1.0}]"
s064_seed96873032_v215_sleeper_void,96873032,215,train,sleeper_void,,"[{""type"": ""sleeper_void"", ""label"": ""sleeper_void"", ""start_m"": 157.8, ""count"": 7, ""side"": ""both"", ""directions"": ""vertical"", ""delta_gap_mm"": 2.72}]"
s064_seed96873032_v215_ballast,96873032,215,train,ballast,,"[{""type"": ""ballast_condition"", ""label"": ""ballast_loose"", ""start_m"": 175.8, ""count"": 11, ""side"": ""both"", ""directions"": ""vertical"", ""stiffness_factor_eta_k"": 0.5754, ""damping_factor_eta_c"": 1.0}]"
s064_seed96873032_v215_subgrade,96873032,215,train,subgrade,,"[{""type"": ""subgrade_condition"", ""label"": ""subgrade_weakened"", ""start_m"": 220.2, ""count"": 60, ""side"": ""left"", ""directions"": ""vertical"", ""stiffness_factor_eta_k"": 0.1688, ""damping_factor_eta_c"": 1.0}]"
s064_seed96873032_v215_coupled_fastener_sleeper_void,96873032,215,train,coupled_fastener_sleeper_void,,"[{""type"": ""fastener_failure"", ""label"": ""fastener_eta"", ""start_m"": 279.0, ""count"": 2, ""side"": ""both"", ""directions"": ""both"", ""stiffness_factor_eta_k"": 0.1, ""damping_factor_eta_c"": 1.0}, {""type"": ""sleeper_void"", ""label"": ""sleeper_void"", ""start_m"": 165.0, ""count"": 5, ""side"": ""both"", ""directions"": ""vertical"", ""delta_gap_mm"": 1.65}]"
s065_seed12550332_v215_baseline,12550332,215,train,baseline,,[]
s065_seed12550332_v215_fastener,12550332,215,train,fastener,,"[{""type"": ""fastener_failure"", ""label"": ""fastener_eta"", ""start_m"": 156.0, ""count"": 10, ""side"": ""both"", ""directions"": ""both"", ""stiffness_factor_eta_k"": 0.1, ""damping_factor_eta_c"": 1.0}]"
s065_seed12550332_v215_sleeper_void,12550332,215,train,sleeper_void,,"[{""type"": ""sleeper_void"", ""label"": ""sleeper_void"", ""start_m"": 160.2, ""count"": 1, ""side"": ""left"", ""directions"": ""vertical"", ""delta_gap_mm"": 0.82}]"
s065_seed12550332_v215_ballast,12550332,215,train,ballast,,"[{""type"": ""ballast_condition"", ""label"": ""ballast_loose"", ""start_m"": 166.8, ""count"": 144, ""side"": ""left"", ""directions"": ""vertical"", ""stiffness_factor_eta_k"": 0.7601, ""damping_factor_eta_c"": 1.0}]"
s065_seed12550332_v215_subgrade,12550332,215,train,subgrade,,"[{""type"": ""subgrade_condition"", ""label"": ""subgrade_weakened"", ""start_m"": 286.2, ""count"": 106, ""side"": ""both"", ""directions"": ""vertical"", ""stiffness_factor_eta_k"": 0.7199, ""damping_factor_eta_c"": 1.0}]"
s065_seed12550332_v215_coupled_subgrade_fastener,12550332,215,train,coupled_subgrade_fastener,,"[{""type"": ""subgrade_condition"", ""label"": ""subgrade_weakened"", ""start_m"": 233.4, ""count"": 134, ""side"": ""right"", ""directions"": ""vertical"", ""stiffness_factor_eta_k"": 0.5254, ""damping_factor_eta_c"": 1.0}, {""type"": ""fastener_failure"", ""label"": ""fastener_eta"", ""start_m"": 271.8, ""count"": 10, ""side"": ""left"", ""directions"": ""both"", ""stiffness_factor_eta_k"": 0.25, ""damping_factor_eta_c"": 1.0}]"
s066_seed46101132_v215_baseline,46101132,215,val,baseline,,[]
s066_seed46101132_v215_fastener,46101132,215,val,fastener,,"[{""type"": ""fastener_failure"", ""label"": ""fastener_eta"", ""start_m"": 241.8, ""count"": 9, ""side"": ""both"", ""directions"": ""both"", ""stiffness_factor_eta_k"": 0.1, ""damping_factor_eta_c"": 1.0}]"
s066_seed46101132_v215_sleeper_void,46101132,215,val,sleeper_void,,"[{""type"": ""sleeper_void"", ""label"": ""sleeper_void"", ""start_m"": 223.8, ""count"": 8, ""side"": ""both"", ""directions"": ""vertical"", ""delta_gap_mm"": 1.82}]"
s066_seed46101132_v215_ballast,46101132,215,val,ballast,,"[{""type"": ""ballast_condition"", ""label"": ""ballast_loose"", ""start_m"": 156.6, ""count"": 160, ""side"": ""both"", ""directions"": ""vertical"", ""stiffness_factor_eta_k"": 0.7536, ""damping_factor_eta_c"": 1.0}]"
s066_seed46101132_v215_subgrade,46101132,215,val,subgrade,,"[{""type"": ""subgrade_condition"", ""label"": ""subgrade_weakened"", ""start_m"": 153.0, ""count"": 135, ""side"": ""left"", ""directions"": ""vertical"", ""stiffness_factor_eta_k"": 0.7059, ""damping_factor_eta_c"": 1.0}]"
s066_seed46101132_v215_coupled_subgrade_fastener,46101132,215,val,coupled_subgrade_fastener,,"[{""type"": ""subgrade_condition"", ""label"": ""subgrade_weakened"", ""start_m"": 295.2, ""count"": 61, ""side"": ""left"", ""directions"": ""vertical"", ""stiffness_factor_eta_k"": 0.1572, ""damping_factor_eta_c"": 1.0}, {""type"": ""fastener_failure"", ""label"": ""fastener_eta"", ""start_m"": 285.0, ""count"": 6, ""side"": ""right"", ""directions"": ""both"", ""stiffness_factor_eta_k"": 0.5, ""damping_factor_eta_c"": 1.0}]"
s067_seed76750189_v215_baseline,76750189,215,val,baseline,,[]
s067_seed76750189_v215_fastener,76750189,215,val,fastener,,"[{""type"": ""fastener_failure"", ""label"": ""fastener_eta"", ""start_m"": 265.2, ""count"": 5, ""side"": ""right"", ""directions"": ""both"", ""stiffness_factor_eta_k"": 0.1, ""damping_factor_eta_c"": 1.0}]"
s067_seed76750189_v215_sleeper_void,76750189,215,val,sleeper_void,,"[{""type"": ""sleeper_void"", ""label"": ""sleeper_void"", ""start_m"": 291.6, ""count"": 2, ""side"": ""right"", ""directions"": ""vertical"", ""delta_gap_mm"": 1.67}]"
s067_seed76750189_v215_ballast,76750189,215,val,ballast,,"[{""type"": ""ballast_condition"", ""label"": ""ballast_loose"", ""start_m"": 172.8, ""count"": 12, ""side"": ""both"", ""directions"": ""vertical"", ""stiffness_factor_eta_k"": 0.2937, ""damping_factor_eta_c"": 1.0}]"
s067_seed76750189_v215_subgrade,76750189,215,val,subgrade,,"[{""type"": ""subgrade_condition"", ""label"": ""subgrade_weakened"", ""start_m"": 157.8, ""count"": 101, ""side"": ""both"", ""directions"": ""vertical"", ""stiffness_factor_eta_k"": 0.1393, ""damping_factor_eta_c"": 1.0}]"
s067_seed76750189_v215_coupled_subgrade_ballast,76750189,215,val,coupled_subgrade_ballast,,"[{""type"": ""subgrade_condition"", ""label"": ""subgrade_weakened"", ""start_m"": 255.6, ""count"": 61, ""side"": ""both"", ""directions"": ""vertical"", ""stiffness_factor_eta_k"": 0.6771, ""damping_factor_eta_c"": 1.0}, {""type"": ""ballast_condition"", ""label"": ""ballast_hardened"", ""start_m"": 176.4, ""count"": 130, ""side"": ""both"", ""directions"": ""vertical"", ""stiffness_factor_eta_k"": 4.4439, ""damping_factor_eta_c"": 1.0}]"
s068_seed52458309_v215_baseline,52458309,215,val,baseline,,[]
s068_seed52458309_v215_fastener,52458309,215,val,fastener,,"[{""type"": ""fastener_failure"", ""label"": ""fastener_eta"", ""start_m"": 207.0, ""count"": 8, ""side"": ""both"", ""directions"": ""both"", ""stiffness_factor_eta_k"": 0.0, ""damping_factor_eta_c"": 1.0}]"
s068_seed52458309_v215_sleeper_void,52458309,215,val,sleeper_void,,"[{""type"": ""sleeper_void"", ""label"": ""sleeper_void"", ""start_m"": 235.8, ""count"": 3, ""side"": ""left"", ""directions"": ""vertical"", ""delta_gap_mm"": 0.98}]"
s068_seed52458309_v215_ballast,52458309,215,val,ballast,,"[{""type"": ""ballast_condition"", ""label"": ""ballast_loose"", ""start_m"": 211.2, ""count"": 78, ""side"": ""both"", ""directions"": ""vertical"", ""stiffness_factor_eta_k"": 0.5801, ""damping_factor_eta_c"": 1.0}]"
s068_seed52458309_v215_subgrade,52458309,215,val,subgrade,,"[{""type"": ""subgrade_condition"", ""label"": ""subgrade_weakened"", ""start_m"": 277.8, ""count"": 144, ""side"": ""both"", ""directions"": ""vertical"", ""stiffness_factor_eta_k"": 0.7943, ""damping_factor_eta_c"": 1.0}]"
s068_seed52458309_v215_coupled_fastener_sleeper_void,52458309,215,val,coupled_fastener_sleeper_void,,"[{""type"": ""fastener_failure"", ""label"": ""fastener_eta"", ""start_m"": 298.8, ""count"": 7, ""side"": ""both"", ""directions"": ""both"", ""stiffness_factor_eta_k"": 0.75, ""damping_factor_eta_c"": 1.0}, {""type"": ""sleeper_void"", ""label"": ""sleeper_void"", ""start_m"": 202.8, ""count"": 1, ""side"": ""both"", ""directions"": ""vertical"", ""delta_gap_mm"": 1.51}]"
s069_seed49194748_v215_baseline,49194748,215,test,baseline,,[]
s069_seed49194748_v215_fastener,49194748,215,test,fastener,,"[{""type"": ""fastener_failure"", ""label"": ""fastener_eta"", ""start_m"": 288.6, ""count"": 2, ""side"": ""left"", ""directions"": ""both"", ""stiffness_factor_eta_k"": 0.0, ""damping_factor_eta_c"": 1.0}]"
s069_seed49194748_v215_sleeper_void,49194748,215,test,sleeper_void,,"[{""type"": ""sleeper_void"", ""label"": ""sleeper_void"", ""start_m"": 222.6, ""count"": 1, ""side"": ""right"", ""directions"": ""vertical"", ""delta_gap_mm"": 1.12}]"
s069_seed49194748_v215_ballast,49194748,215,test,ballast,,"[{""type"": ""ballast_condition"", ""label"": ""ballast_hardened"", ""start_m"": 288.0, ""count"": 118, ""side"": ""left"", ""directions"": ""vertical"", ""stiffness_factor_eta_k"": 4.026, ""damping_factor_eta_c"": 1.0}]"
s069_seed49194748_v215_subgrade,49194748,215,test,subgrade,,"[{""type"": ""subgrade_condition"", ""label"": ""subgrade_weakened"", ""start_m"": 287.4, ""count"": 96, ""side"": ""both"", ""directions"": ""vertical"", ""stiffness_factor_eta_k"": 0.4327, ""damping_factor_eta_c"": 1.0}]"
s069_seed49194748_v215_coupled_subgrade_ballast,49194748,215,test,coupled_subgrade_ballast,,"[{""type"": ""subgrade_condition"", ""label"": ""subgrade_weakened"", ""start_m"": 174.6, ""count"": 158, ""side"": ""right"", ""directions"": ""vertical"", ""stiffness_factor_eta_k"": 0.4329, ""damping_factor_eta_c"": 1.0}, {""type"": ""ballast_condition"", ""label"": ""ballast_hardened"", ""start_m"": 196.2, ""count"": 150, ""side"": ""both"", ""directions"": ""vertical"", ""stiffness_factor_eta_k"": 2.9168, ""damping_factor_eta_c"": 1.0}]"
s070_seed25000043_v215_baseline,25000043,215,test,baseline,,[]
s070_seed25000043_v215_fastener,25000043,215,test,fastener,,"[{""type"": ""fastener_failure"", ""label"": ""fastener_eta"", ""start_m"": 214.2, ""count"": 3, ""side"": ""left"", ""directions"": ""both"", ""stiffness_factor_eta_k"": 0.25, ""damping_factor_eta_c"": 1.0}]"
s070_seed25000043_v215_sleeper_void,25000043,215,test,sleeper_void,,"[{""type"": ""sleeper_void"", ""label"": ""sleeper_void"", ""start_m"": 253.2, ""count"": 2, ""side"": ""both"", ""directions"": ""vertical"", ""delta_gap_mm"": 2.98}]"
s070_seed25000043_v215_ballast,25000043,215,test,ballast,,"[{""type"": ""ballast_condition"", ""label"": ""ballast_hardened"", ""start_m"": 297.6, ""count"": 57, ""side"": ""right"", ""directions"": ""vertical"", ""stiffness_factor_eta_k"": 7.9199, ""damping_factor_eta_c"": 1.0}]"
s070_seed25000043_v215_subgrade,25000043,215,test,subgrade,,"[{""type"": ""subgrade_condition"", ""label"": ""subgrade_weakened"", ""start_m"": 189.0, ""count"": 100, ""side"": ""left"", ""directions"": ""vertical"", ""stiffness_factor_eta_k"": 0.1319, ""damping_factor_eta_c"": 1.0}]"
s070_seed25000043_v215_coupled_fastener_sleeper_void,25000043,215,test,coupled_fastener_sleeper_void,,"[{""type"": ""fastener_failure"", ""label"": ""fastener_eta"", ""start_m"": 189.6, ""count"": 6, ""side"": ""right"", ""directions"": ""both"", ""stiffness_factor_eta_k"": 0.1, ""damping_factor_eta_c"": 1.0}, {""type"": ""sleeper_void"", ""label"": ""sleeper_void"", ""start_m"": 216.6, ""count"": 6, ""side"": ""both"", ""directions"": ""vertical"", ""delta_gap_mm"": 0.68}]"
s071_seed12458220_v215_baseline,12458220,215,test,baseline,,[]
s071_seed12458220_v215_fastener,12458220,215,test,fastener,,"[{""type"": ""fastener_failure"", ""label"": ""fastener_eta"", ""start_m"": 264.6, ""count"": 5, ""side"": ""both"", ""directions"": ""both"", ""stiffness_factor_eta_k"": 0.25, ""damping_factor_eta_c"": 1.0}]"
s071_seed12458220_v215_sleeper_void,12458220,215,test,sleeper_void,,"[{""type"": ""sleeper_void"", ""label"": ""sleeper_void"", ""start_m"": 281.4, ""count"": 7, ""side"": ""left"", ""directions"": ""vertical"", ""delta_gap_mm"": 1.96}]"
s071_seed12458220_v215_ballast,12458220,215,test,ballast,,"[{""type"": ""ballast_condition"", ""label"": ""ballast_loose"", ""start_m"": 182.4, ""count"": 96, ""side"": ""both"", ""directions"": ""vertical"", ""stiffness_factor_eta_k"": 0.7587, ""damping_factor_eta_c"": 1.0}]"
s071_seed12458220_v215_subgrade,12458220,215,test,subgrade,,"[{""type"": ""subgrade_condition"", ""label"": ""subgrade_weakened"", ""start_m"": 165.6, ""count"": 68, ""side"": ""right"", ""directions"": ""vertical"", ""stiffness_factor_eta_k"": 0.1892, ""damping_factor_eta_c"": 1.0}]"
s071_seed12458220_v215_coupled_subgrade_fastener,12458220,215,test,coupled_subgrade_fastener,,"[{""type"": ""subgrade_condition"", ""label"": ""subgrade_weakened"", ""start_m"": 254.4, ""count"": 44, ""side"": ""left"", ""directions"": ""vertical"", ""stiffness_factor_eta_k"": 0.3644, ""damping_factor_eta_c"": 1.0}, {""type"": ""fastener_failure"", ""label"": ""fastener_eta"", ""start_m"": 240.6, ""count"": 3, ""side"": ""left"", ""directions"": ""both"", ""stiffness_factor_eta_k"": 0.5, ""damping_factor_eta_c"": 1.0}]"
s072_seed56001826_v215_baseline,56001826,215,test,baseline,,[]
s072_seed56001826_v215_fastener,56001826,215,test,fastener,,"[{""type"": ""fastener_failure"", ""label"": ""fastener_eta"", ""start_m"": 292.2, ""count"": 2, ""side"": ""both"", ""directions"": ""both"", ""stiffness_factor_eta_k"": 0.1, ""damping_factor_eta_c"": 1.0}]"
s072_seed56001826_v215_sleeper_void,56001826,215,test,sleeper_void,,"[{""type"": ""sleeper_void"", ""label"": ""sleeper_void"", ""start_m"": 225.0, ""count"": 2, ""side"": ""both"", ""directions"": ""vertical"", ""delta_gap_mm"": 1.11}]"
s072_seed56001826_v215_ballast,56001826,215,test,ballast,,"[{""type"": ""ballast_condition"", ""label"": ""ballast_loose"", ""start_m"": 292.8, ""count"": 18, ""side"": ""both"", ""directions"": ""vertical"", ""stiffness_factor_eta_k"": 0.2575, ""damping_factor_eta_c"": 1.0}]"
s072_seed56001826_v215_subgrade,56001826,215,test,subgrade,,"[{""type"": ""subgrade_condition"", ""label"": ""subgrade_weakened"", ""start_m"": 256.8, ""count"": 46, ""side"": ""right"", ""directions"": ""vertical"", ""stiffness_factor_eta_k"": 0.3835, ""damping_factor_eta_c"": 1.0}]"
s072_seed56001826_v215_coupled_sleeper_void_ballast,56001826,215,test,coupled_sleeper_void_ballast,,"[{""type"": ""sleeper_void"", ""label"": ""sleeper_void"", ""start_m"": 268.2, ""count"": 6, ""side"": ""both"", ""directions"": ""vertical"", ""delta_gap_mm"": 0.65}, {""type"": ""ballast_condition"", ""label"": ""ballast_loose"", ""start_m"": 176.4, ""count"": 75, ""side"": ""both"", ""directions"": ""vertical"", ""stiffness_factor_eta_k"": 0.6254, ""damping_factor_eta_c"": 1.0}]"
s073_seed69648059_v250_baseline,69648059,250,train,baseline,,[]
s073_seed69648059_v250_fastener,69648059,250,train,fastener,,"[{""type"": ""fastener_failure"", ""label"": ""fastener_eta"", ""start_m"": 288.0, ""count"": 3, ""side"": ""both"", ""directions"": ""both"", ""stiffness_factor_eta_k"": 0.1, ""damping_factor_eta_c"": 1.0}]"
s073_seed69648059_v250_sleeper_void,69648059,250,train,sleeper_void,,"[{""type"": ""sleeper_void"", ""label"": ""sleeper_void"", ""start_m"": 165.0, ""count"": 7, ""side"": ""left"", ""directions"": ""vertical"", ""delta_gap_mm"": 1.15}]"
s073_seed69648059_v250_ballast,69648059,250,train,ballast,,"[{""type"": ""ballast_condition"", ""label"": ""ballast_hardened"", ""start_m"": 153.6, ""count"": 140, ""side"": ""both"", ""directions"": ""vertical"", ""stiffness_factor_eta_k"": 6.9189, ""damping_factor_eta_c"": 1.0}]"
s073_seed69648059_v250_subgrade,69648059,250,train,subgrade,,"[{""type"": ""subgrade_condition"", ""label"": ""subgrade_weakened"", ""start_m"": 280.2, ""count"": 160, ""side"": ""left"", ""directions"": ""vertical"", ""stiffness_factor_eta_k"": 0.5977, ""damping_factor_eta_c"": 1.0}]"
s073_seed69648059_v250_coupled_fastener_subgrade,69648059,250,train,coupled_fastener_subgrade,,"[{""type"": ""fastener_failure"", ""label"": ""fastener_eta"", ""start_m"": 216.6, ""count"": 2, ""side"": ""right"", ""directions"": ""both"", ""stiffness_factor_eta_k"": 0.75, ""damping_factor_eta_c"": 1.0}, {""type"": ""subgrade_condition"", ""label"": ""subgrade_weakened"", ""start_m"": 192.6, ""count"": 60, ""side"": ""left"", ""directions"": ""vertical"", ""stiffness_factor_eta_k"": 0.7296, ""damping_factor_eta_c"": 1.0}]"
s074_seed87908906_v250_baseline,87908906,250,train,baseline,,[]
s074_seed87908906_v250_fastener,87908906,250,train,fastener,,"[{""type"": ""fastener_failure"", ""label"": ""fastener_eta"", ""start_m"": 185.4, ""count"": 5, ""side"": ""both"", ""directions"": ""both"", ""stiffness_factor_eta_k"": 0.1, ""damping_factor_eta_c"": 1.0}]"
s074_seed87908906_v250_sleeper_void,87908906,250,train,sleeper_void,,"[{""type"": ""sleeper_void"", ""label"": ""sleeper_void"", ""start_m"": 292.8, ""count"": 4, ""side"": ""right"", ""directions"": ""vertical"", ""delta_gap_mm"": 1.3}]"
s074_seed87908906_v250_ballast,87908906,250,train,ballast,,"[{""type"": ""ballast_condition"", ""label"": ""ballast_loose"", ""start_m"": 214.2, ""count"": 95, ""side"": ""right"", ""directions"": ""vertical"", ""stiffness_factor_eta_k"": 0.3791, ""damping_factor_eta_c"": 1.0}]"
s074_seed87908906_v250_subgrade,87908906,250,train,subgrade,,"[{""type"": ""subgrade_condition"", ""label"": ""subgrade_weakened"", ""start_m"": 202.8, ""count"": 30, ""side"": ""right"", ""directions"": ""vertical"", ""stiffness_factor_eta_k"": 0.3504, ""damping_factor_eta_c"": 1.0}]"
s074_seed87908906_v250_coupled_sleeper_void_ballast,87908906,250,train,coupled_sleeper_void_ballast,,"[{""type"": ""sleeper_void"", ""label"": ""sleeper_void"", ""start_m"": 183.0, ""count"": 7, ""side"": ""right"", ""directions"": ""vertical"", ""delta_gap_mm"": 0.88}, {""type"": ""ballast_condition"", ""label"": ""ballast_loose"", ""start_m"": 241.2, ""count"": 114, ""side"": ""right"", ""directions"": ""vertical"", ""stiffness_factor_eta_k"": 0.6974, ""damping_factor_eta_c"": 1.0}]"
s075_seed68021725_v250_baseline,68021725,250,train,baseline,,[]
s075_seed68021725_v250_fastener,68021725,250,train,fastener,,"[{""type"": ""fastener_failure"", ""label"": ""fastener_eta"", ""start_m"": 191.4, ""count"": 8, ""side"": ""both"", ""directions"": ""both"", ""stiffness_factor_eta_k"": 0.1, ""damping_factor_eta_c"": 1.0}]"
s075_seed68021725_v250_sleeper_void,68021725,250,train,sleeper_void,,"[{""type"": ""sleeper_void"", ""label"": ""sleeper_void"", ""start_m"": 178.8, ""count"": 6, ""side"": ""left"", ""directions"": ""vertical"", ""delta_gap_mm"": 0.57}]"
s075_seed68021725_v250_ballast,68021725,250,train,ballast,,"[{""type"": ""ballast_condition"", ""label"": ""ballast_loose"", ""start_m"": 200.4, ""count"": 104, ""side"": ""both"", ""directions"": ""vertical"", ""stiffness_factor_eta_k"": 0.6524, ""damping_factor_eta_c"": 1.0}]"
s075_seed68021725_v250_subgrade,68021725,250,train,subgrade,,"[{""type"": ""subgrade_condition"", ""label"": ""subgrade_weakened"", ""start_m"": 240.0, ""count"": 84, ""side"": ""both"", ""directions"": ""vertical"", ""stiffness_factor_eta_k"": 0.341, ""damping_factor_eta_c"": 1.0}]"
s075_seed68021725_v250_coupled_subgrade_sleeper_void,68021725,250,train,coupled_subgrade_sleeper_void,,"[{""type"": ""subgrade_condition"", ""label"": ""subgrade_weakened"", ""start_m"": 275.4, ""count"": 53, ""side"": ""right"", ""directions"": ""vertical"", ""stiffness_factor_eta_k"": 0.2435, ""damping_factor_eta_c"": 1.0}, {""type"": ""sleeper_void"", ""label"": ""sleeper_void"", ""start_m"": 279.6, ""count"": 4, ""side"": ""right"", ""directions"": ""vertical"", ""delta_gap_mm"": 2.61}]"
s076_seed48935295_v250_baseline,48935295,250,train,baseline,,[]
s076_seed48935295_v250_fastener,48935295,250,train,fastener,,"[{""type"": ""fastener_failure"", ""label"": ""fastener_eta"", ""start_m"": 232.8, ""count"": 2, ""side"": ""both"", ""directions"": ""both"", ""stiffness_factor_eta_k"": 0.1, ""damping_factor_eta_c"": 1.0}]"
s076_seed48935295_v250_sleeper_void,48935295,250,train,sleeper_void,,"[{""type"": ""sleeper_void"", ""label"": ""sleeper_void"", ""start_m"": 263.4, ""count"": 10, ""side"": ""left"", ""directions"": ""vertical"", ""delta_gap_mm"": 0.83}]"
s076_seed48935295_v250_ballast,48935295,250,train,ballast,,"[{""type"": ""ballast_condition"", ""label"": ""ballast_loose"", ""start_m"": 266.4, ""count"": 110, ""side"": ""left"", ""directions"": ""vertical"", ""stiffness_factor_eta_k"": 0.1914, ""damping_factor_eta_c"": 1.0}]"
s076_seed48935295_v250_subgrade,48935295,250,train,subgrade,,"[{""type"": ""subgrade_condition"", ""label"": ""subgrade_weakened"", ""start_m"": 245.4, ""count"": 144, ""side"": ""both"", ""directions"": ""vertical"", ""stiffness_factor_eta_k"": 0.5439, ""damping_factor_eta_c"": 1.0}]"
s076_seed48935295_v250_coupled_ballast_fastener,48935295,250,train,coupled_ballast_fastener,,"[{""type"": ""ballast_condition"", ""label"": ""ballast_hardened"", ""start_m"": 259.8, ""count"": 159, ""side"": ""both"", ""directions"": ""vertical"", ""stiffness_factor_eta_k"": 4.9908, ""damping_factor_eta_c"": 1.0}, {""type"": ""fastener_failure"", ""label"": ""fastener_eta"", ""start_m"": 157.8, ""count"": 5, ""side"": ""left"", ""directions"": ""both"", ""stiffness_factor_eta_k"": 0.25, ""damping_factor_eta_c"": 1.0}]"
s077_seed91226907_v250_baseline,91226907,250,train,baseline,,[]
s077_seed91226907_v250_fastener,91226907,250,train,fastener,,"[{""type"": ""fastener_failure"", ""label"": ""fastener_eta"", ""start_m"": 279.6, ""count"": 7, ""side"": ""both"", ""directions"": ""both"", ""stiffness_factor_eta_k"": 0.5, ""damping_factor_eta_c"": 1.0}]"
s077_seed91226907_v250_sleeper_void,91226907,250,train,sleeper_void,,"[{""type"": ""sleeper_void"", ""label"": ""sleeper_void"", ""start_m"": 175.2, ""count"": 4, ""side"": ""left"", ""directions"": ""vertical"", ""delta_gap_mm"": 0.65}]"
s077_seed91226907_v250_ballast,91226907,250,train,ballast,,"[{""type"": ""ballast_condition"", ""label"": ""ballast_loose"", ""start_m"": 280.8, ""count"": 14, ""side"": ""both"", ""directions"": ""vertical"", ""stiffness_factor_eta_k"": 0.6439, ""damping_factor_eta_c"": 1.0}]"
s077_seed91226907_v250_subgrade,91226907,250,train,subgrade,,"[{""type"": ""subgrade_condition"", ""label"": ""subgrade_weakened"", ""start_m"": 150.0, ""count"": 34, ""side"": ""both"", ""directions"": ""vertical"", ""stiffness_factor_eta_k"": 0.1005, ""damping_factor_eta_c"": 1.0}]"
s077_seed91226907_v250_coupled_ballast_sleeper_void,91226907,250,train,coupled_ballast_sleeper_void,,"[{""type"": ""ballast_condition"", ""label"": ""ballast_loose"", ""start_m"": 162.6, ""count"": 120, ""side"": ""right"", ""directions"": ""vertical"", ""stiffness_factor_eta_k"": 0.296, ""damping_factor_eta_c"": 1.0}, {""type"": ""sleeper_void"", ""label"": ""sleeper_void"", ""start_m"": 292.8, ""count"": 5, ""side"": ""right"", ""directions"": ""vertical"", ""delta_gap_mm"": 2.12}]"
s078_seed74088663_v250_baseline,74088663,250,train,baseline,,[]
s078_seed74088663_v250_fastener,74088663,250,train,fastener,,"[{""type"": ""fastener_failure"", ""label"": ""fastener_eta"", ""start_m"": 192.6, ""count"": 2, ""side"": ""right"", ""directions"": ""both"", ""stiffness_factor_eta_k"": 0.75, ""damping_factor_eta_c"": 1.0}]"
s078_seed74088663_v250_sleeper_void,74088663,250,train,sleeper_void,,"[{""type"": ""sleeper_void"", ""label"": ""sleeper_void"", ""start_m"": 274.2, ""count"": 3, ""side"": ""both"", ""directions"": ""vertical"", ""delta_gap_mm"": 2.13}]"
s078_seed74088663_v250_ballast,74088663,250,train,ballast,,"[{""type"": ""ballast_condition"", ""label"": ""ballast_hardened"", ""start_m"": 261.0, ""count"": 139, ""side"": ""both"", ""directions"": ""vertical"", ""stiffness_factor_eta_k"": 5.533, ""damping_factor_eta_c"": 1.0}]"
s078_seed74088663_v250_subgrade,74088663,250,train,subgrade,,"[{""type"": ""subgrade_condition"", ""label"": ""subgrade_weakened"", ""start_m"": 208.2, ""count"": 130, ""side"": ""both"", ""directions"": ""vertical"", ""stiffness_factor_eta_k"": 0.3346, ""damping_factor_eta_c"": 1.0}]"
s078_seed74088663_v250_coupled_sleeper_void_ballast,74088663,250,train,coupled_sleeper_void_ballast,,"[{""type"": ""sleeper_void"", ""label"": ""sleeper_void"", ""start_m"": 229.2, ""count"": 2, ""side"": ""right"", ""directions"": ""vertical"", ""delta_gap_mm"": 1.43}, {""type"": ""ballast_condition"", ""label"": ""ballast_loose"", ""start_m"": 288.0, ""count"": 143, ""side"": ""both"", ""directions"": ""vertical"", ""stiffness_factor_eta_k"": 0.1724, ""damping_factor_eta_c"": 1.0}]"
s079_seed54432337_v250_baseline,54432337,250,train,baseline,,[]
s079_seed54432337_v250_fastener,54432337,250,train,fastener,,"[{""type"": ""fastener_failure"", ""label"": ""fastener_eta"", ""start_m"": 256.8, ""count"": 8, ""side"": ""right"", ""directions"": ""both"", ""stiffness_factor_eta_k"": 0.75, ""damping_factor_eta_c"": 1.0}]"
s079_seed54432337_v250_sleeper_void,54432337,250,train,sleeper_void,,"[{""type"": ""sleeper_void"", ""label"": ""sleeper_void"", ""start_m"": 211.2, ""count"": 9, ""side"": ""both"", ""directions"": ""vertical"", ""delta_gap_mm"": 2.73}]"
s079_seed54432337_v250_ballast,54432337,250,train,ballast,,"[{""type"": ""ballast_condition"", ""label"": ""ballast_loose"", ""start_m"": 216.6, ""count"": 87, ""side"": ""both"", ""directions"": ""vertical"", ""stiffness_factor_eta_k"": 0.5468, ""damping_factor_eta_c"": 1.0}]"
s079_seed54432337_v250_subgrade,54432337,250,train,subgrade,,"[{""type"": ""subgrade_condition"", ""label"": ""subgrade_weakened"", ""start_m"": 226.2, ""count"": 118, ""side"": ""both"", ""directions"": ""vertical"", ""stiffness_factor_eta_k"": 0.7826, ""damping_factor_eta_c"": 1.0}]"
s079_seed54432337_v250_coupled_subgrade_ballast,54432337,250,train,coupled_subgrade_ballast,,"[{""type"": ""subgrade_condition"", ""label"": ""subgrade_weakened"", ""start_m"": 212.4, ""count"": 114, ""side"": ""right"", ""directions"": ""vertical"", ""stiffness_factor_eta_k"": 0.4355, ""damping_factor_eta_c"": 1.0}, {""type"": ""ballast_condition"", ""label"": ""ballast_loose"", ""start_m"": 297.6, ""count"": 96, ""side"": ""both"", ""directions"": ""vertical"", ""stiffness_factor_eta_k"": 0.6193, ""damping_factor_eta_c"": 1.0}]"
s080_seed48623433_v250_baseline,48623433,250,train,baseline,,[]
s080_seed48623433_v250_fastener,48623433,250,train,fastener,,"[{""type"": ""fastener_failure"", ""label"": ""fastener_eta"", ""start_m"": 193.2, ""count"": 6, ""side"": ""left"", ""directions"": ""both"", ""stiffness_factor_eta_k"": 0.75, ""damping_factor_eta_c"": 1.0}]"
s080_seed48623433_v250_sleeper_void,48623433,250,train,sleeper_void,,"[{""type"": ""sleeper_void"", ""label"": ""sleeper_void"", ""start_m"": 299.4, ""count"": 10, ""side"": ""both"", ""directions"": ""vertical"", ""delta_gap_mm"": 1.75}]"
s080_seed48623433_v250_ballast,48623433,250,train,ballast,,"[{""type"": ""ballast_condition"", ""label"": ""ballast_loose"", ""start_m"": 296.4, ""count"": 117, ""side"": ""right"", ""directions"": ""vertical"", ""stiffness_factor_eta_k"": 0.4602, ""damping_factor_eta_c"": 1.0}]"
s080_seed48623433_v250_subgrade,48623433,250,train,subgrade,,"[{""type"": ""subgrade_condition"", ""label"": ""subgrade_weakened"", ""start_m"": 183.6, ""count"": 116, ""side"": ""both"", ""directions"": ""vertical"", ""stiffness_factor_eta_k"": 0.3521, ""damping_factor_eta_c"": 1.0}]"
s080_seed48623433_v250_coupled_fastener_sleeper_void,48623433,250,train,coupled_fastener_sleeper_void,,"[{""type"": ""fastener_failure"", ""label"": ""fastener_eta"", ""start_m"": 228.6, ""count"": 9, ""side"": ""right"", ""directions"": ""both"", ""stiffness_factor_eta_k"": 0.75, ""damping_factor_eta_c"": 1.0}, {""type"": ""sleeper_void"", ""label"": ""sleeper_void"", ""start_m"": 174.0, ""count"": 5, ""side"": ""right"", ""directions"": ""vertical"", ""delta_gap_mm"": 2.72}]"
s081_seed17756380_v250_baseline,17756380,250,train,baseline,,[]
s081_seed17756380_v250_fastener,17756380,250,train,fastener,,"[{""type"": ""fastener_failure"", ""label"": ""fastener_eta"", ""start_m"": 198.0, ""count"": 9, ""side"": ""both"", ""directions"": ""both"", ""stiffness_factor_eta_k"": 0.0, ""damping_factor_eta_c"": 1.0}]"
s081_seed17756380_v250_sleeper_void,17756380,250,train,sleeper_void,,"[{""type"": ""sleeper_void"", ""label"": ""sleeper_void"", ""start_m"": 254.4, ""count"": 9, ""side"": ""both"", ""directions"": ""vertical"", ""delta_gap_mm"": 2.1}]"
s081_seed17756380_v250_ballast,17756380,250,train,ballast,,"[{""type"": ""ballast_condition"", ""label"": ""ballast_hardened"", ""start_m"": 285.6, ""count"": 84, ""side"": ""both"", ""directions"": ""vertical"", ""stiffness_factor_eta_k"": 4.1692, ""damping_factor_eta_c"": 1.0}]"
s081_seed17756380_v250_subgrade,17756380,250,train,subgrade,,"[{""type"": ""subgrade_condition"", ""label"": ""subgrade_weakened"", ""start_m"": 234.6, ""count"": 96, ""side"": ""left"", ""directions"": ""vertical"", ""stiffness_factor_eta_k"": 0.3602, ""damping_factor_eta_c"": 1.0}]"
s081_seed17756380_v250_coupled_sleeper_void_subgrade,17756380,250,train,coupled_sleeper_void_subgrade,,"[{""type"": ""sleeper_void"", ""label"": ""sleeper_void"", ""start_m"": 205.8, ""count"": 3, ""side"": ""left"", ""directions"": ""vertical"", ""delta_gap_mm"": 2.38}, {""type"": ""subgrade_condition"", ""label"": ""subgrade_weakened"", ""start_m"": 169.8, ""count"": 136, ""side"": ""both"", ""directions"": ""vertical"", ""stiffness_factor_eta_k"": 0.6748, ""damping_factor_eta_c"": 1.0}]"
s082_seed97586033_v250_baseline,97586033,250,train,baseline,,[]
s082_seed97586033_v250_fastener,97586033,250,train,fastener,,"[{""type"": ""fastener_failure"", ""label"": ""fastener_eta"", ""start_m"": 214.8, ""count"": 6, ""side"": ""both"", ""directions"": ""both"", ""stiffness_factor_eta_k"": 0.1, ""damping_factor_eta_c"": 1.0}]"
s082_seed97586033_v250_sleeper_void,97586033,250,train,sleeper_void,,"[{""type"": ""sleeper_void"", ""label"": ""sleeper_void"", ""start_m"": 159.6, ""count"": 1, ""side"": ""both"", ""directions"": ""vertical"", ""delta_gap_mm"": 2.12}]"
s082_seed97586033_v250_ballast,97586033,250,train,ballast,,"[{""type"": ""ballast_condition"", ""label"": ""ballast_hardened"", ""start_m"": 162.0, ""count"": 137, ""side"": ""right"", ""directions"": ""vertical"", ""stiffness_factor_eta_k"": 3.4997, ""damping_factor_eta_c"": 1.0}]"
s082_seed97586033_v250_subgrade,97586033,250,train,subgrade,,"[{""type"": ""subgrade_condition"", ""label"": ""subgrade_weakened"", ""start_m"": 231.6, ""count"": 74, ""side"": ""both"", ""directions"": ""vertical"", ""stiffness_factor_eta_k"": 0.3816, ""damping_factor_eta_c"": 1.0}]"
s082_seed97586033_v250_coupled_ballast_sleeper_void,97586033,250,train,coupled_ballast_sleeper_void,,"[{""type"": ""ballast_condition"", ""label"": ""ballast_hardened"", ""start_m"": 216.0, ""count"": 82, ""side"": ""right"", ""directions"": ""vertical"", ""stiffness_factor_eta_k"": 3.4941, ""damping_factor_eta_c"": 1.0}, {""type"": ""sleeper_void"", ""label"": ""sleeper_void"", ""start_m"": 275.4, ""count"": 1, ""side"": ""both"", ""directions"": ""vertical"", ""delta_gap_mm"": 2.97}]"
s083_seed19673014_v250_baseline,19673014,250,train,baseline,,[]
s083_seed19673014_v250_fastener,19673014,250,train,fastener,,"[{""type"": ""fastener_failure"", ""label"": ""fastener_eta"", ""start_m"": 267.0, ""count"": 4, ""side"": ""both"", ""directions"": ""both"", ""stiffness_factor_eta_k"": 0.25, ""damping_factor_eta_c"": 1.0}]"
s083_seed19673014_v250_sleeper_void,19673014,250,train,sleeper_void,,"[{""type"": ""sleeper_void"", ""label"": ""sleeper_void"", ""start_m"": 238.8, ""count"": 2, ""side"": ""both"", ""directions"": ""vertical"", ""delta_gap_mm"": 0.78}]"
s083_seed19673014_v250_ballast,19673014,250,train,ballast,,"[{""type"": ""ballast_condition"", ""label"": ""ballast_loose"", ""start_m"": 225.6, ""count"": 87, ""side"": ""both"", ""directions"": ""vertical"", ""stiffness_factor_eta_k"": 0.7096, ""damping_factor_eta_c"": 1.0}]"
s083_seed19673014_v250_subgrade,19673014,250,train,subgrade,,"[{""type"": ""subgrade_condition"", ""label"": ""subgrade_weakened"", ""start_m"": 231.6, ""count"": 140, ""side"": ""both"", ""directions"": ""vertical"", ""stiffness_factor_eta_k"": 0.3278, ""damping_factor_eta_c"": 1.0}]"
s083_seed19673014_v250_coupled_fastener_sleeper_void,19673014,250,train,coupled_fastener_sleeper_void,,"[{""type"": ""fastener_failure"", ""label"": ""fastener_eta"", ""start_m"": 255.6, ""count"": 2, ""side"": ""left"", ""directions"": ""both"", ""stiffness_factor_eta_k"": 0.1, ""damping_factor_eta_c"": 1.0}, {""type"": ""sleeper_void"", ""label"": ""sleeper_void"", ""start_m"": 192.6, ""count"": 9, ""side"": ""right"", ""directions"": ""vertical"", ""delta_gap_mm"": 2.28}]"
s084_seed31337175_v250_baseline,31337175,250,train,baseline,,[]
s084_seed31337175_v250_fastener,31337175,250,train,fastener,,"[{""type"": ""fastener_failure"", ""label"": ""fastener_eta"", ""start_m"": 152.4, ""count"": 2, ""side"": ""both"", ""directions"": ""both"", ""stiffness_factor_eta_k"": 0.1, ""damping_factor_eta_c"": 1.0}]"
s084_seed31337175_v250_sleeper_void,31337175,250,train,sleeper_void,,"[{""type"": ""sleeper_void"", ""label"": ""sleeper_void"", ""start_m"": 291.6, ""count"": 4, ""side"": ""right"", ""directions"": ""vertical"", ""delta_gap_mm"": 0.68}]"
s084_seed31337175_v250_ballast,31337175,250,train,ballast,,"[{""type"": ""ballast_condition"", ""label"": ""ballast_loose"", ""start_m"": 158.4, ""count"": 167, ""side"": ""both"", ""directions"": ""vertical"", ""stiffness_factor_eta_k"": 0.6537, ""damping_factor_eta_c"": 1.0}]"
s084_seed31337175_v250_subgrade,31337175,250,train,subgrade,,"[{""type"": ""subgrade_condition"", ""label"": ""subgrade_weakened"", ""start_m"": 189.6, ""count"": 77, ""side"": ""left"", ""directions"": ""vertical"", ""stiffness_factor_eta_k"": 0.3104, ""damping_factor_eta_c"": 1.0}]"
s084_seed31337175_v250_coupled_subgrade_ballast,31337175,250,train,coupled_subgrade_ballast,,"[{""type"": ""subgrade_condition"", ""label"": ""subgrade_weakened"", ""start_m"": 298.2, ""count"": 40, ""side"": ""right"", ""directions"": ""vertical"", ""stiffness_factor_eta_k"": 0.3264, ""damping_factor_eta_c"": 1.0}, {""type"": ""ballast_condition"", ""label"": ""ballast_hardened"", ""start_m"": 268.2, ""count"": 29, ""side"": ""left"", ""directions"": ""vertical"", ""stiffness_factor_eta_k"": 4.3435, ""damping_factor_eta_c"": 1.0}]"
s085_seed56500237_v250_baseline,56500237,250,train,baseline,,[]
s085_seed56500237_v250_fastener,56500237,250,train,fastener,,"[{""type"": ""fastener_failure"", ""label"": ""fastener_eta"", ""start_m"": 165.6, ""count"": 7, ""side"": ""both"", ""directions"": ""both"", ""stiffness_factor_eta_k"": 0.0, ""damping_factor_eta_c"": 1.0}]"
s085_seed56500237_v250_sleeper_void,56500237,250,train,sleeper_void,,"[{""type"": ""sleeper_void"", ""label"": ""sleeper_void"", ""start_m"": 258.0, ""count"": 10, ""side"": ""both"", ""directions"": ""vertical"", ""delta_gap_mm"": 1.35}]"
s085_seed56500237_v250_ballast,56500237,250,train,ballast,,"[{""type"": ""ballast_condition"", ""label"": ""ballast_loose"", ""start_m"": 181.2, ""count"": 120, ""side"": ""left"", ""directions"": ""vertical"", ""stiffness_factor_eta_k"": 0.7422, ""damping_factor_eta_c"": 1.0}]"
s085_seed56500237_v250_subgrade,56500237,250,train,subgrade,,"[{""type"": ""subgrade_condition"", ""label"": ""subgrade_weakened"", ""start_m"": 211.2, ""count"": 146, ""side"": ""right"", ""directions"": ""vertical"", ""stiffness_factor_eta_k"": 0.3592, ""damping_factor_eta_c"": 1.0}]"
s085_seed56500237_v250_coupled_sleeper_void_fastener,56500237,250,train,coupled_sleeper_void_fastener,,"[{""type"": ""sleeper_void"", ""label"": ""sleeper_void"", ""start_m"": 223.2, ""count"": 2, ""side"": ""left"", ""directions"": ""vertical"", ""delta_gap_mm"": 2.52}, {""type"": ""fastener_failure"", ""label"": ""fastener_eta"", ""start_m"": 201.6, ""count"": 2, ""side"": ""both"", ""directions"": ""both"", ""stiffness_factor_eta_k"": 0.75, ""damping_factor_eta_c"": 1.0}]"
s086_seed34271439_v250_baseline,34271439,250,train,baseline,,[]
s086_seed34271439_v250_fastener,34271439,250,train,fastener,,"[{""type"": ""fastener_failure"", ""label"": ""fastener_eta"", ""start_m"": 160.8, ""count"": 9, ""side"": ""both"", ""directions"": ""both"", ""stiffness_factor_eta_k"": 0.1, ""damping_factor_eta_c"": 1.0}]"
s086_seed34271439_v250_sleeper_void,34271439,250,train,sleeper_void,,"[{""type"": ""sleeper_void"", ""label"": ""sleeper_void"", ""start_m"": 189.0, ""count"": 8, ""side"": ""left"", ""directions"": ""vertical"", ""delta_gap_mm"": 2.17}]"
s086_seed34271439_v250_ballast,34271439,250,train,ballast,,"[{""type"": ""ballast_condition"", ""label"": ""ballast_hardened"", ""start_m"": 211.2, ""count"": 84, ""side"": ""both"", ""directions"": ""vertical"", ""stiffness_factor_eta_k"": 2.0165, ""damping_factor_eta_c"": 1.0}]"
s086_seed34271439_v250_subgrade,34271439,250,train,subgrade,,"[{""type"": ""subgrade_condition"", ""label"": ""subgrade_weakened"", ""start_m"": 290.4, ""count"": 144, ""side"": ""right"", ""directions"": ""vertical"", ""stiffness_factor_eta_k"": 0.4351, ""damping_factor_eta_c"": 1.0}]"
s086_seed34271439_v250_coupled_ballast_subgrade,34271439,250,train,coupled_ballast_subgrade,,"[{""type"": ""ballast_condition"", ""label"": ""ballast_hardened"", ""start_m"": 163.2, ""count"": 154, ""side"": ""both"", ""directions"": ""vertical"", ""stiffness_factor_eta_k"": 3.609, ""damping_factor_eta_c"": 1.0}, {""type"": ""subgrade_condition"", ""label"": ""subgrade_weakened"", ""start_m"": 205.2, ""count"": 59, ""side"": ""both"", ""directions"": ""vertical"", ""stiffness_factor_eta_k"": 0.5293, ""damping_factor_eta_c"": 1.0}]"
s087_seed24576532_v250_baseline,24576532,250,train,baseline,,[]
s087_seed24576532_v250_fastener,24576532,250,train,fastener,,"[{""type"": ""fastener_failure"", ""label"": ""fastener_eta"", ""start_m"": 154.8, ""count"": 9, ""side"": ""both"", ""directions"": ""both"", ""stiffness_factor_eta_k"": 0.75, ""damping_factor_eta_c"": 1.0}]"
s087_seed24576532_v250_sleeper_void,24576532,250,train,sleeper_void,,"[{""type"": ""sleeper_void"", ""label"": ""sleeper_void"", ""start_m"": 171.0, ""count"": 4, ""side"": ""both"", ""directions"": ""vertical"", ""delta_gap_mm"": 1.33}]"
s087_seed24576532_v250_ballast,24576532,250,train,ballast,,"[{""type"": ""ballast_condition"", ""label"": ""ballast_hardened"", ""start_m"": 300.0, ""count"": 76, ""side"": ""left"", ""directions"": ""vertical"", ""stiffness_factor_eta_k"": 3.8826, ""damping_factor_eta_c"": 1.0}]"
s087_seed24576532_v250_subgrade,24576532,250,train,subgrade,,"[{""type"": ""subgrade_condition"", ""label"": ""subgrade_weakened"", ""start_m"": 167.4, ""count"": 68, ""side"": ""left"", ""directions"": ""vertical"", ""stiffness_factor_eta_k"": 0.2726, ""damping_factor_eta_c"": 1.0}]"
s087_seed24576532_v250_coupled_sleeper_void_subgrade,24576532,250,train,coupled_sleeper_void_subgrade,,"[{""type"": ""sleeper_void"", ""label"": ""sleeper_void"", ""start_m"": 216.6, ""count"": 5, ""side"": ""both"", ""directions"": ""vertical"", ""delta_gap_mm"": 0.78}, {""type"": ""subgrade_condition"", ""label"": ""subgrade_weakened"", ""start_m"": 210.0, ""count"": 126, ""side"": ""both"", ""directions"": ""vertical"", ""stiffness_factor_eta_k"": 0.3043, ""damping_factor_eta_c"": 1.0}]"
s088_seed54586931_v250_baseline,54586931,250,train,baseline,,[]
s088_seed54586931_v250_fastener,54586931,250,train,fastener,,"[{""type"": ""fastener_failure"", ""label"": ""fastener_eta"", ""start_m"": 253.8, ""count"": 7, ""side"": ""right"", ""directions"": ""both"", ""stiffness_factor_eta_k"": 0.1, ""damping_factor_eta_c"": 1.0}]"
s088_seed54586931_v250_sleeper_void,54586931,250,train,sleeper_void,,"[{""type"": ""sleeper_void"", ""label"": ""sleeper_void"", ""start_m"": 158.4, ""count"": 10, ""side"": ""right"", ""directions"": ""vertical"", ""delta_gap_mm"": 1.98}]"
s088_seed54586931_v250_ballast,54586931,250,train,ballast,,"[{""type"": ""ballast_condition"", ""label"": ""ballast_loose"", ""start_m"": 251.4, ""count"": 112, ""side"": ""right"", ""directions"": ""vertical"", ""stiffness_factor_eta_k"": 0.4342, ""damping_factor_eta_c"": 1.0}]"
s088_seed54586931_v250_subgrade,54586931,250,train,subgrade,,"[{""type"": ""subgrade_condition"", ""label"": ""subgrade_weakened"", ""start_m"": 300.0, ""count"": 87, ""side"": ""right"", ""directions"": ""vertical"", ""stiffness_factor_eta_k"": 0.4176, ""damping_factor_eta_c"": 1.0}]"
s088_seed54586931_v250_coupled_fastener_ballast,54586931,250,train,coupled_fastener_ballast,,"[{""type"": ""fastener_failure"", ""label"": ""fastener_eta"", ""start_m"": 171.0, ""count"": 7, ""side"": ""right"", ""directions"": ""both"", ""stiffness_factor_eta_k"": 0.75, ""damping_factor_eta_c"": 1.0}, {""type"": ""ballast_condition"", ""label"": ""ballast_loose"", ""start_m"": 175.2, ""count"": 145, ""side"": ""right"", ""directions"": ""vertical"", ""stiffness_factor_eta_k"": 0.5752, ""damping_factor_eta_c"": 1.0}]"
s089_seed36231494_v250_baseline,36231494,250,train,baseline,,[]
s089_seed36231494_v250_fastener,36231494,250,train,fastener,,"[{""type"": ""fastener_failure"", ""label"": ""fastener_eta"", ""start_m"": 244.8, ""count"": 5, ""side"": ""right"", ""directions"": ""both"", ""stiffness_factor_eta_k"": 0.0, ""damping_factor_eta_c"": 1.0}]"
s089_seed36231494_v250_sleeper_void,36231494,250,train,sleeper_void,,"[{""type"": ""sleeper_void"", ""label"": ""sleeper_void"", ""start_m"": 252.0, ""count"": 9, ""side"": ""left"", ""directions"": ""vertical"", ""delta_gap_mm"": 1.95}]"
s089_seed36231494_v250_ballast,36231494,250,train,ballast,,"[{""type"": ""ballast_condition"", ""label"": ""ballast_hardened"", ""start_m"": 282.6, ""count"": 159, ""side"": ""both"", ""directions"": ""vertical"", ""stiffness_factor_eta_k"": 2.8761, ""damping_factor_eta_c"": 1.0}]"
s089_seed36231494_v250_subgrade,36231494,250,train,subgrade,,"[{""type"": ""subgrade_condition"", ""label"": ""subgrade_weakened"", ""start_m"": 291.0, ""count"": 36, ""side"": ""right"", ""directions"": ""vertical"", ""stiffness_factor_eta_k"": 0.6053, ""damping_factor_eta_c"": 1.0}]"
s089_seed36231494_v250_coupled_subgrade_sleeper_void,36231494,250,train,coupled_subgrade_sleeper_void,,"[{""type"": ""subgrade_condition"", ""label"": ""subgrade_weakened"", ""start_m"": 153.6, ""count"": 74, ""side"": ""both"", ""directions"": ""vertical"", ""stiffness_factor_eta_k"": 0.2316, ""damping_factor_eta_c"": 1.0}, {""type"": ""sleeper_void"", ""label"": ""sleeper_void"", ""start_m"": 235.8, ""count"": 3, ""side"": ""left"", ""directions"": ""vertical"", ""delta_gap_mm"": 1.85}]"
s090_seed35968468_v250_baseline,35968468,250,val,baseline,,[]
s090_seed35968468_v250_fastener,35968468,250,val,fastener,,"[{""type"": ""fastener_failure"", ""label"": ""fastener_eta"", ""start_m"": 276.6, ""count"": 9, ""side"": ""both"", ""directions"": ""both"", ""stiffness_factor_eta_k"": 0.1, ""damping_factor_eta_c"": 1.0}]"
s090_seed35968468_v250_sleeper_void,35968468,250,val,sleeper_void,,"[{""type"": ""sleeper_void"", ""label"": ""sleeper_void"", ""start_m"": 175.8, ""count"": 2, ""side"": ""right"", ""directions"": ""vertical"", ""delta_gap_mm"": 1.73}]"
s090_seed35968468_v250_ballast,35968468,250,val,ballast,,"[{""type"": ""ballast_condition"", ""label"": ""ballast_hardened"", ""start_m"": 200.4, ""count"": 127, ""side"": ""both"", ""directions"": ""vertical"", ""stiffness_factor_eta_k"": 3.4885, ""damping_factor_eta_c"": 1.0}]"
s090_seed35968468_v250_subgrade,35968468,250,val,subgrade,,"[{""type"": ""subgrade_condition"", ""label"": ""subgrade_weakened"", ""start_m"": 295.2, ""count"": 43, ""side"": ""both"", ""directions"": ""vertical"", ""stiffness_factor_eta_k"": 0.5666, ""damping_factor_eta_c"": 1.0}]"
s090_seed35968468_v250_coupled_fastener_sleeper_void,35968468,250,val,coupled_fastener_sleeper_void,,"[{""type"": ""fastener_failure"", ""label"": ""fastener_eta"", ""start_m"": 232.8, ""count"": 7, ""side"": ""left"", ""directions"": ""both"", ""stiffness_factor_eta_k"": 0.5, ""damping_factor_eta_c"": 1.0}, {""type"": ""sleeper_void"", ""label"": ""sleeper_void"", ""start_m"": 228.6, ""count"": 8, ""side"": ""right"", ""directions"": ""vertical"", ""delta_gap_mm"": 2.5}]"
s091_seed87922783_v250_baseline,87922783,250,val,baseline,,[]
s091_seed87922783_v250_fastener,87922783,250,val,fastener,,"[{""type"": ""fastener_failure"", ""label"": ""fastener_eta"", ""start_m"": 155.4, ""count"": 8, ""side"": ""both"", ""directions"": ""both"", ""stiffness_factor_eta_k"": 0.0, ""damping_factor_eta_c"": 1.0}]"
s091_seed87922783_v250_sleeper_void,87922783,250,val,sleeper_void,,"[{""type"": ""sleeper_void"", ""label"": ""sleeper_void"", ""start_m"": 297.6, ""count"": 9, ""side"": ""right"", ""directions"": ""vertical"", ""delta_gap_mm"": 1.56}]"
s091_seed87922783_v250_ballast,87922783,250,val,ballast,,"[{""type"": ""ballast_condition"", ""label"": ""ballast_loose"", ""start_m"": 286.2, ""count"": 82, ""side"": ""both"", ""directions"": ""vertical"", ""stiffness_factor_eta_k"": 0.6212, ""damping_factor_eta_c"": 1.0}]"
s091_seed87922783_v250_subgrade,87922783,250,val,subgrade,,"[{""type"": ""subgrade_condition"", ""label"": ""subgrade_weakened"", ""start_m"": 290.4, ""count"": 37, ""side"": ""right"", ""directions"": ""vertical"", ""stiffness_factor_eta_k"": 0.2375, ""damping_factor_eta_c"": 1.0}]"
s091_seed87922783_v250_coupled_ballast_sleeper_void,87922783,250,val,coupled_ballast_sleeper_void,,"[{""type"": ""ballast_condition"", ""label"": ""ballast_hardened"", ""start_m"": 187.2, ""count"": 106, ""side"": ""right"", ""directions"": ""vertical"", ""stiffness_factor_eta_k"": 1.8808, ""damping_factor_eta_c"": 1.0}, {""type"": ""sleeper_void"", ""label"": ""sleeper_void"", ""start_m"": 255.0, ""count"": 4, ""side"": ""both"", ""directions"": ""vertical"", ""delta_gap_mm"": 1.62}]"
s092_seed97168267_v250_baseline,97168267,250,val,baseline,,[]
s092_seed97168267_v250_fastener,97168267,250,val,fastener,,"[{""type"": ""fastener_failure"", ""label"": ""fastener_eta"", ""start_m"": 273.0, ""count"": 8, ""side"": ""right"", ""directions"": ""both"", ""stiffness_factor_eta_k"": 0.5, ""damping_factor_eta_c"": 1.0}]"
s092_seed97168267_v250_sleeper_void,97168267,250,val,sleeper_void,,"[{""type"": ""sleeper_void"", ""label"": ""sleeper_void"", ""start_m"": 201.6, ""count"": 9, ""side"": ""both"", ""directions"": ""vertical"", ""delta_gap_mm"": 2.77}]"
s092_seed97168267_v250_ballast,97168267,250,val,ballast,,"[{""type"": ""ballast_condition"", ""label"": ""ballast_hardened"", ""start_m"": 280.2, ""count"": 34, ""side"": ""left"", ""directions"": ""vertical"", ""stiffness_factor_eta_k"": 6.5382, ""damping_factor_eta_c"": 1.0}]"
s092_seed97168267_v250_subgrade,97168267,250,val,subgrade,,"[{""type"": ""subgrade_condition"", ""label"": ""subgrade_weakened"", ""start_m"": 218.4, ""count"": 143, ""side"": ""right"", ""directions"": ""vertical"", ""stiffness_factor_eta_k"": 0.1192, ""damping_factor_eta_c"": 1.0}]"
s092_seed97168267_v250_coupled_ballast_fastener,97168267,250,val,coupled_ballast_fastener,,"[{""type"": ""ballast_condition"", ""label"": ""ballast_loose"", ""start_m"": 173.4, ""count"": 18, ""side"": ""left"", ""directions"": ""vertical"", ""stiffness_factor_eta_k"": 0.6876, ""damping_factor_eta_c"": 1.0}, {""type"": ""fastener_failure"", ""label"": ""fastener_eta"", ""start_m"": 223.2, ""count"": 8, ""side"": ""right"", ""directions"": ""both"", ""stiffness_factor_eta_k"": 0.5, ""damping_factor_eta_c"": 1.0}]"
s093_seed38985071_v250_baseline,38985071,250,test,baseline,,[]
s093_seed38985071_v250_fastener,38985071,250,test,fastener,,"[{""type"": ""fastener_failure"", ""label"": ""fastener_eta"", ""start_m"": 295.8, ""count"": 2, ""side"": ""both"", ""directions"": ""both"", ""stiffness_factor_eta_k"": 0.25, ""damping_factor_eta_c"": 1.0}]"
s093_seed38985071_v250_sleeper_void,38985071,250,test,sleeper_void,,"[{""type"": ""sleeper_void"", ""label"": ""sleeper_void"", ""start_m"": 280.8, ""count"": 10, ""side"": ""right"", ""directions"": ""vertical"", ""delta_gap_mm"": 1.72}]"
s093_seed38985071_v250_ballast,38985071,250,test,ballast,,"[{""type"": ""ballast_condition"", ""label"": ""ballast_hardened"", ""start_m"": 191.4, ""count"": 65, ""side"": ""both"", ""directions"": ""vertical"", ""stiffness_factor_eta_k"": 4.9828, ""damping_factor_eta_c"": 1.0}]"
s093_seed38985071_v250_subgrade,38985071,250,test,subgrade,,"[{""type"": ""subgrade_condition"", ""label"": ""subgrade_weakened"", ""start_m"": 165.6, ""count"": 24, ""side"": ""right"", ""directions"": ""vertical"", ""stiffness_factor_eta_k"": 0.363, ""damping_factor_eta_c"": 1.0}]"
s093_seed38985071_v250_coupled_sleeper_void_fastener,38985071,250,test,coupled_sleeper_void_fastener,,"[{""type"": ""sleeper_void"", ""label"": ""sleeper_void"", ""start_m"": 294.0, ""count"": 7, ""side"": ""left"", ""directions"": ""vertical"", ""delta_gap_mm"": 1.03}, {""type"": ""fastener_failure"", ""label"": ""fastener_eta"", ""start_m"": 293.4, ""count"": 5, ""side"": ""both"", ""directions"": ""both"", ""stiffness_factor_eta_k"": 0.0, ""damping_factor_eta_c"": 1.0}]"
s094_seed93156407_v250_baseline,93156407,250,test,baseline,,[]
s094_seed93156407_v250_fastener,93156407,250,test,fastener,,"[{""type"": ""fastener_failure"", ""label"": ""fastener_eta"", ""start_m"": 208.2, ""count"": 2, ""side"": ""both"", ""directions"": ""both"", ""stiffness_factor_eta_k"": 0.1, ""damping_factor_eta_c"": 1.0}]"
s094_seed93156407_v250_sleeper_void,93156407,250,test,sleeper_void,,"[{""type"": ""sleeper_void"", ""label"": ""sleeper_void"", ""start_m"": 277.8, ""count"": 4, ""side"": ""both"", ""directions"": ""vertical"", ""delta_gap_mm"": 2.39}]"
s094_seed93156407_v250_ballast,93156407,250,test,ballast,,"[{""type"": ""ballast_condition"", ""label"": ""ballast_loose"", ""start_m"": 164.4, ""count"": 62, ""side"": ""left"", ""directions"": ""vertical"", ""stiffness_factor_eta_k"": 0.7203, ""damping_factor_eta_c"": 1.0}]"
s094_seed93156407_v250_subgrade,93156407,250,test,subgrade,,"[{""type"": ""subgrade_condition"", ""label"": ""subgrade_weakened"", ""start_m"": 195.6, ""count"": 166, ""side"": ""both"", ""directions"": ""vertical"", ""stiffness_factor_eta_k"": 0.3167, ""damping_factor_eta_c"": 1.0}]"
s094_seed93156407_v250_coupled_fastener_ballast,93156407,250,test,coupled_fastener_ballast,,"[{""type"": ""fastener_failure"", ""label"": ""fastener_eta"", ""start_m"": 196.8, ""count"": 9, ""side"": ""both"", ""directions"": ""both"", ""stiffness_factor_eta_k"": 0.1, ""damping_factor_eta_c"": 1.0}, {""type"": ""ballast_condition"", ""label"": ""ballast_loose"", ""start_m"": 253.2, ""count"": 137, ""side"": ""left"", ""directions"": ""vertical"", ""stiffness_factor_eta_k"": 0.5215, ""damping_factor_eta_c"": 1.0}]"
s095_seed60173705_v250_baseline,60173705,250,test,baseline,,[]
s095_seed60173705_v250_fastener,60173705,250,test,fastener,,"[{""type"": ""fastener_failure"", ""label"": ""fastener_eta"", ""start_m"": 256.2, ""count"": 9, ""side"": ""both"", ""directions"": ""both"", ""stiffness_factor_eta_k"": 0.75, ""damping_factor_eta_c"": 1.0}]"
s095_seed60173705_v250_sleeper_void,60173705,250,test,sleeper_void,,"[{""type"": ""sleeper_void"", ""label"": ""sleeper_void"", ""start_m"": 170.4, ""count"": 6, ""side"": ""right"", ""directions"": ""vertical"", ""delta_gap_mm"": 1.0}]"
s095_seed60173705_v250_ballast,60173705,250,test,ballast,,"[{""type"": ""ballast_condition"", ""label"": ""ballast_loose"", ""start_m"": 214.8, ""count"": 167, ""side"": ""both"", ""directions"": ""vertical"", ""stiffness_factor_eta_k"": 0.1935, ""damping_factor_eta_c"": 1.0}]"
s095_seed60173705_v250_subgrade,60173705,250,test,subgrade,,"[{""type"": ""subgrade_condition"", ""label"": ""subgrade_weakened"", ""start_m"": 238.2, ""count"": 93, ""side"": ""both"", ""directions"": ""vertical"", ""stiffness_factor_eta_k"": 0.3616, ""damping_factor_eta_c"": 1.0}]"
s095_seed60173705_v250_coupled_sleeper_void_fastener,60173705,250,test,coupled_sleeper_void_fastener,,"[{""type"": ""sleeper_void"", ""label"": ""sleeper_void"", ""start_m"": 181.8, ""count"": 5, ""side"": ""both"", ""directions"": ""vertical"", ""delta_gap_mm"": 0.68}, {""type"": ""fastener_failure"", ""label"": ""fastener_eta"", ""start_m"": 228.0, ""count"": 4, ""side"": ""both"", ""directions"": ""both"", ""stiffness_factor_eta_k"": 0.75, ""damping_factor_eta_c"": 1.0}]"
s096_seed14234665_v250_baseline,14234665,250,test,baseline,,[]
s096_seed14234665_v250_fastener,14234665,250,test,fastener,,"[{""type"": ""fastener_failure"", ""label"": ""fastener_eta"", ""start_m"": 255.6, ""count"": 7, ""side"": ""right"", ""directions"": ""both"", ""stiffness_factor_eta_k"": 0.1, ""damping_factor_eta_c"": 1.0}]"
s096_seed14234665_v250_sleeper_void,14234665,250,test,sleeper_void,,"[{""type"": ""sleeper_void"", ""label"": ""sleeper_void"", ""start_m"": 233.4, ""count"": 6, ""side"": ""both"", ""directions"": ""vertical"", ""delta_gap_mm"": 2.66}]"
s096_seed14234665_v250_ballast,14234665,250,test,ballast,,"[{""type"": ""ballast_condition"", ""label"": ""ballast_hardened"", ""start_m"": 230.4, ""count"": 82, ""side"": ""right"", ""directions"": ""vertical"", ""stiffness_factor_eta_k"": 1.886, ""damping_factor_eta_c"": 1.0}]"
s096_seed14234665_v250_subgrade,14234665,250,test,subgrade,,"[{""type"": ""subgrade_condition"", ""label"": ""subgrade_weakened"", ""start_m"": 201.6, ""count"": 147, ""side"": ""left"", ""directions"": ""vertical"", ""stiffness_factor_eta_k"": 0.5634, ""damping_factor_eta_c"": 1.0}]"
s096_seed14234665_v250_coupled_sleeper_void_fastener,14234665,250,test,coupled_sleeper_void_fastener,,"[{""type"": ""sleeper_void"", ""label"": ""sleeper_void"", ""start_m"": 237.6, ""count"": 10, ""side"": ""both"", ""directions"": ""vertical"", ""delta_gap_mm"": 1.95}, {""type"": ""fastener_failure"", ""label"": ""fastener_eta"", ""start_m"": 224.4, ""count"": 6, ""side"": ""both"", ""directions"": ""both"", ""stiffness_factor_eta_k"": 0.75, ""damping_factor_eta_c"": 1.0}]"
v2l001_seed30250811_v200_baseline,30250811,200,train,baseline,legacy_seed30250811_cross_speed,[]
v2l001_seed30250811_v200_fastener,30250811,200,train,fastener,legacy_seed30250811_cross_speed,"[{""type"": ""fastener_failure"", ""label"": ""fastener_eta"", ""start_m"": 191.4, ""count"": 4, ""side"": ""both"", ""directions"": ""both"", ""stiffness_factor_eta_k"": 0.0, ""damping_factor_eta_c"": 1.0}]"
v2l002_seed29721531_v215_baseline,29721531,215,train,baseline,legacy_seed29721531_cross_speed,[]
v2l002_seed29721531_v215_sleeper_void,29721531,215,train,sleeper_void,legacy_seed29721531_cross_speed,"[{""type"": ""sleeper_void"", ""label"": ""sleeper_void"", ""start_m"": 180.0, ""count"": 5, ""side"": ""left"", ""directions"": ""vertical"", ""delta_gap_mm"": 2.33}]"
v2l003_seed87860543_v200_baseline,87860543,200,train,baseline,legacy_seed87860543_cross_speed,[]
v2l003_seed87860543_v200_ballast,87860543,200,train,ballast,legacy_seed87860543_cross_speed,"[{""type"": ""ballast_condition"", ""label"": ""ballast_loose"", ""start_m"": 220.8, ""count"": 145, ""side"": ""right"", ""directions"": ""vertical"", ""stiffness_factor_eta_k"": 0.2563, ""damping_factor_eta_c"": 1.0}]"
v2l004_seed74178924_v215_baseline,74178924,215,train,baseline,legacy_seed74178924_cross_speed,[]
v2l004_seed74178924_v215_subgrade,74178924,215,train,subgrade,legacy_seed74178924_cross_speed,"[{""type"": ""subgrade_condition"", ""label"": ""subgrade_weakened"", ""start_m"": 198.0, ""count"": 66, ""side"": ""right"", ""directions"": ""vertical"", ""stiffness_factor_eta_k"": 0.1846, ""damping_factor_eta_c"": 1.0}]"
v2l005_seed80930382_v200_baseline,80930382,200,train,baseline,legacy_seed80930382_cross_speed,[]
v2l005_seed80930382_v200_fastener,80930382,200,train,fastener,legacy_seed80930382_cross_speed,"[{""type"": ""fastener_failure"", ""label"": ""fastener_eta"", ""start_m"": 295.2, ""count"": 2, ""side"": ""left"", ""directions"": ""both"", ""stiffness_factor_eta_k"": 0.75, ""damping_factor_eta_c"": 1.0}]"
v2l006_seed25935677_v215_baseline,25935677,215,train,baseline,legacy_seed25935677_cross_speed,[]
v2l006_seed25935677_v215_sleeper_void,25935677,215,train,sleeper_void,legacy_seed25935677_cross_speed,"[{""type"": ""sleeper_void"", ""label"": ""sleeper_void"", ""start_m"": 275.4, ""count"": 8, ""side"": ""right"", ""directions"": ""vertical"", ""delta_gap_mm"": 0.88}]"
v2l007_seed75475639_v200_baseline,75475639,200,train,baseline,legacy_seed75475639_cross_speed,[]
v2l007_seed75475639_v200_ballast,75475639,200,train,ballast,legacy_seed75475639_cross_speed,"[{""type"": ""ballast_condition"", ""label"": ""ballast_hardened"", ""start_m"": 243.6, ""count"": 108, ""side"": ""both"", ""directions"": ""vertical"", ""stiffness_factor_eta_k"": 4.8308, ""damping_factor_eta_c"": 1.0}]"
v2l008_seed93896902_v215_baseline,93896902,215,train,baseline,legacy_seed93896902_cross_speed,[]
v2l008_seed93896902_v215_subgrade,93896902,215,train,subgrade,legacy_seed93896902_cross_speed,"[{""type"": ""subgrade_condition"", ""label"": ""subgrade_weakened"", ""start_m"": 200.4, ""count"": 123, ""side"": ""left"", ""directions"": ""vertical"", ""stiffness_factor_eta_k"": 0.7289, ""damping_factor_eta_c"": 1.0}]"
v2l009_seed72037751_v200_baseline,72037751,200,train,baseline,legacy_seed72037751_cross_speed,[]
v2l009_seed72037751_v200_fastener,72037751,200,train,fastener,legacy_seed72037751_cross_speed,"[{""type"": ""fastener_failure"", ""label"": ""fastener_eta"", ""start_m"": 172.2, ""count"": 2, ""side"": ""both"", ""directions"": ""both"", ""stiffness_factor_eta_k"": 0.0, ""damping_factor_eta_c"": 1.0}]"
v2l010_seed67254543_v215_baseline,67254543,215,train,baseline,legacy_seed67254543_cross_speed,[]
v2l010_seed67254543_v215_sleeper_void,67254543,215,train,sleeper_void,legacy_seed67254543_cross_speed,"[{""type"": ""sleeper_void"", ""label"": ""sleeper_void"", ""start_m"": 295.8, ""count"": 6, ""side"": ""both"", ""directions"": ""vertical"", ""delta_gap_mm"": 2.18}]"
v2l011_seed41396190_v200_baseline,41396190,200,train,baseline,legacy_seed41396190_cross_speed,[]
v2l011_seed41396190_v200_ballast,41396190,200,train,ballast,legacy_seed41396190_cross_speed,"[{""type"": ""ballast_condition"", ""label"": ""ballast_loose"", ""start_m"": 162.6, ""count"": 137, ""side"": ""both"", ""directions"": ""vertical"", ""stiffness_factor_eta_k"": 0.6547, ""damping_factor_eta_c"": 1.0}]"
v2l012_seed47121630_v215_baseline,47121630,215,train,baseline,legacy_seed47121630_cross_speed,[]
v2l012_seed47121630_v215_subgrade,47121630,215,train,subgrade,legacy_seed47121630_cross_speed,"[{""type"": ""subgrade_condition"", ""label"": ""subgrade_weakened"", ""start_m"": 239.4, ""count"": 123, ""side"": ""right"", ""directions"": ""vertical"", ""stiffness_factor_eta_k"": 0.5291, ""damping_factor_eta_c"": 1.0}]"
v2l013_seed66290043_v200_baseline,66290043,200,train,baseline,legacy_seed66290043_cross_speed,[]
v2l013_seed66290043_v200_fastener,66290043,200,train,fastener,legacy_seed66290043_cross_speed,"[{""type"": ""fastener_failure"", ""label"": ""fastener_eta"", ""start_m"": 277.8, ""count"": 3, ""side"": ""right"", ""directions"": ""both"", ""stiffness_factor_eta_k"": 0.0, ""damping_factor_eta_c"": 1.0}]"
v2l014_seed29905071_v215_baseline,29905071,215,train,baseline,legacy_seed29905071_cross_speed,[]
v2l014_seed29905071_v215_sleeper_void,29905071,215,train,sleeper_void,legacy_seed29905071_cross_speed,"[{""type"": ""sleeper_void"", ""label"": ""sleeper_void"", ""start_m"": 278.4, ""count"": 1, ""side"": ""both"", ""directions"": ""vertical"", ""delta_gap_mm"": 1.27}]"
v2l015_seed91979125_v200_baseline,91979125,200,train,baseline,legacy_seed91979125_cross_speed,[]
v2l015_seed91979125_v200_ballast,91979125,200,train,ballast,legacy_seed91979125_cross_speed,"[{""type"": ""ballast_condition"", ""label"": ""ballast_hardened"", ""start_m"": 159.6, ""count"": 28, ""side"": ""both"", ""directions"": ""vertical"", ""stiffness_factor_eta_k"": 5.4747, ""damping_factor_eta_c"": 1.0}]"
v2l016_seed48931274_v215_baseline,48931274,215,train,baseline,legacy_seed48931274_cross_speed,[]
v2l016_seed48931274_v215_subgrade,48931274,215,train,subgrade,legacy_seed48931274_cross_speed,"[{""type"": ""subgrade_condition"", ""label"": ""subgrade_weakened"", ""start_m"": 224.4, ""count"": 139, ""side"": ""right"", ""directions"": ""vertical"", ""stiffness_factor_eta_k"": 0.3478, ""damping_factor_eta_c"": 1.0}]"
v2l017_seed84960042_v200_baseline,84960042,200,train,baseline,legacy_seed84960042_cross_speed,[]
v2l017_seed84960042_v200_fastener,84960042,200,train,fastener,legacy_seed84960042_cross_speed,"[{""type"": ""fastener_failure"", ""label"": ""fastener_eta"", ""start_m"": 252.0, ""count"": 8, ""side"": ""both"", ""directions"": ""both"", ""stiffness_factor_eta_k"": 0.25, ""damping_factor_eta_c"": 1.0}]"
v2l018_seed69676646_v215_baseline,69676646,215,val,baseline,legacy_seed69676646_cross_speed,[]
v2l018_seed69676646_v215_sleeper_void,69676646,215,val,sleeper_void,legacy_seed69676646_cross_speed,"[{""type"": ""sleeper_void"", ""label"": ""sleeper_void"", ""start_m"": 273.6, ""count"": 9, ""side"": ""both"", ""directions"": ""vertical"", ""delta_gap_mm"": 2.81}]"
v2l019_seed45489883_v200_baseline,45489883,200,val,baseline,legacy_seed45489883_cross_speed,[]
v2l019_seed45489883_v200_ballast,45489883,200,val,ballast,legacy_seed45489883_cross_speed,"[{""type"": ""ballast_condition"", ""label"": ""ballast_loose"", ""start_m"": 286.2, ""count"": 147, ""side"": ""left"", ""directions"": ""vertical"", ""stiffness_factor_eta_k"": 0.6413, ""damping_factor_eta_c"": 1.0}]"
v2l020_seed47089144_v215_baseline,47089144,215,val,baseline,legacy_seed47089144_cross_speed,[]
v2l020_seed47089144_v215_subgrade,47089144,215,val,subgrade,legacy_seed47089144_cross_speed,"[{""type"": ""subgrade_condition"", ""label"": ""subgrade_weakened"", ""start_m"": 157.2, ""count"": 122, ""side"": ""right"", ""directions"": ""vertical"", ""stiffness_factor_eta_k"": 0.2387, ""damping_factor_eta_c"": 1.0}]"
v2l021_seed47129498_v200_baseline,47129498,200,val,baseline,legacy_seed47129498_cross_speed,[]
v2l021_seed47129498_v200_fastener,47129498,200,val,fastener,legacy_seed47129498_cross_speed,"[{""type"": ""fastener_failure"", ""label"": ""fastener_eta"", ""start_m"": 183.0, ""count"": 7, ""side"": ""both"", ""directions"": ""both"", ""stiffness_factor_eta_k"": 0.1, ""damping_factor_eta_c"": 1.0}]"
v2l022_seed62412871_v215_baseline,62412871,215,test,baseline,legacy_seed62412871_cross_speed,[]
v2l022_seed62412871_v215_sleeper_void,62412871,215,test,sleeper_void,legacy_seed62412871_cross_speed,"[{""type"": ""sleeper_void"", ""label"": ""sleeper_void"", ""start_m"": 217.2, ""count"": 2, ""side"": ""both"", ""directions"": ""vertical"", ""delta_gap_mm"": 0.9}]"
v2l023_seed89627785_v200_baseline,89627785,200,test,baseline,legacy_seed89627785_cross_speed,[]
v2l023_seed89627785_v200_ballast,89627785,200,test,ballast,legacy_seed89627785_cross_speed,"[{""type"": ""ballast_condition"", ""label"": ""ballast_loose"", ""start_m"": 189.6, ""count"": 104, ""side"": ""both"", ""directions"": ""vertical"", ""stiffness_factor_eta_k"": 0.7836, ""damping_factor_eta_c"": 1.0}]"
v2l024_seed88267142_v215_baseline,88267142,215,test,baseline,legacy_seed88267142_cross_speed,[]
v2l024_seed88267142_v215_subgrade,88267142,215,test,subgrade,legacy_seed88267142_cross_speed,"[{""type"": ""subgrade_condition"", ""label"": ""subgrade_weakened"", ""start_m"": 273.6, ""count"": 30, ""side"": ""both"", ""directions"": ""vertical"", ""stiffness_factor_eta_k"": 0.4778, ""damping_factor_eta_c"": 1.0}]"
v2l025_seed35130997_v215_baseline,35130997,215,train,baseline,legacy_seed35130997_cross_speed,[]
v2l025_seed35130997_v215_fastener,35130997,215,train,fastener,legacy_seed35130997_cross_speed,"[{""type"": ""fastener_failure"", ""label"": ""fastener_eta"", ""start_m"": 274.8, ""count"": 10, ""side"": ""left"", ""directions"": ""both"", ""stiffness_factor_eta_k"": 0.1, ""damping_factor_eta_c"": 1.0}]"
v2l026_seed64860803_v250_baseline,64860803,250,train,baseline,legacy_seed64860803_cross_speed,[]
v2l026_seed64860803_v250_sleeper_void,64860803,250,train,sleeper_void,legacy_seed64860803_cross_speed,"[{""type"": ""sleeper_void"", ""label"": ""sleeper_void"", ""start_m"": 224.4, ""count"": 3, ""side"": ""left"", ""directions"": ""vertical"", ""delta_gap_mm"": 2.47}]"
v2l027_seed91450060_v215_baseline,91450060,215,train,baseline,legacy_seed91450060_cross_speed,[]
v2l027_seed91450060_v215_ballast,91450060,215,train,ballast,legacy_seed91450060_cross_speed,"[{""type"": ""ballast_condition"", ""label"": ""ballast_hardened"", ""start_m"": 169.8, ""count"": 82, ""side"": ""left"", ""directions"": ""vertical"", ""stiffness_factor_eta_k"": 7.612, ""damping_factor_eta_c"": 1.0}]"
v2l028_seed40898934_v250_baseline,40898934,250,train,baseline,legacy_seed40898934_cross_speed,[]
v2l028_seed40898934_v250_subgrade,40898934,250,train,subgrade,legacy_seed40898934_cross_speed,"[{""type"": ""subgrade_condition"", ""label"": ""subgrade_weakened"", ""start_m"": 229.2, ""count"": 68, ""side"": ""both"", ""directions"": ""vertical"", ""stiffness_factor_eta_k"": 0.7861, ""damping_factor_eta_c"": 1.0}]"
v2l029_seed54287707_v215_baseline,54287707,215,train,baseline,legacy_seed54287707_cross_speed,[]
v2l029_seed54287707_v215_fastener,54287707,215,train,fastener,legacy_seed54287707_cross_speed,"[{""type"": ""fastener_failure"", ""label"": ""fastener_eta"", ""start_m"": 178.8, ""count"": 9, ""side"": ""left"", ""directions"": ""both"", ""stiffness_factor_eta_k"": 0.0, ""damping_factor_eta_c"": 1.0}]"
v2l030_seed56435458_v250_baseline,56435458,250,train,baseline,legacy_seed56435458_cross_speed,[]
v2l030_seed56435458_v250_sleeper_void,56435458,250,train,sleeper_void,legacy_seed56435458_cross_speed,"[{""type"": ""sleeper_void"", ""label"": ""sleeper_void"", ""start_m"": 273.0, ""count"": 7, ""side"": ""both"", ""directions"": ""vertical"", ""delta_gap_mm"": 0.9}]"
v2l031_seed67187233_v215_baseline,67187233,215,train,baseline,legacy_seed67187233_cross_speed,[]
v2l031_seed67187233_v215_ballast,67187233,215,train,ballast,legacy_seed67187233_cross_speed,"[{""type"": ""ballast_condition"", ""label"": ""ballast_loose"", ""start_m"": 229.8, ""count"": 142, ""side"": ""both"", ""directions"": ""vertical"", ""stiffness_factor_eta_k"": 0.658, ""damping_factor_eta_c"": 1.0}]"
v2l032_seed23341517_v250_baseline,23341517,250,train,baseline,legacy_seed23341517_cross_speed,[]
v2l032_seed23341517_v250_subgrade,23341517,250,train,subgrade,legacy_seed23341517_cross_speed,"[{""type"": ""subgrade_condition"", ""label"": ""subgrade_weakened"", ""start_m"": 188.4, ""count"": 42, ""side"": ""both"", ""directions"": ""vertical"", ""stiffness_factor_eta_k"": 0.3728, ""damping_factor_eta_c"": 1.0}]"
v2l033_seed66135622_v215_baseline,66135622,215,train,baseline,legacy_seed66135622_cross_speed,[]
v2l033_seed66135622_v215_fastener,66135622,215,train,fastener,legacy_seed66135622_cross_speed,"[{""type"": ""fastener_failure"", ""label"": ""fastener_eta"", ""start_m"": 251.4, ""count"": 8, ""side"": ""left"", ""directions"": ""both"", ""stiffness_factor_eta_k"": 0.5, ""damping_factor_eta_c"": 1.0}]"
v2l034_seed99231899_v250_baseline,99231899,250,train,baseline,legacy_seed99231899_cross_speed,[]
v2l034_seed99231899_v250_sleeper_void,99231899,250,train,sleeper_void,legacy_seed99231899_cross_speed,"[{""type"": ""sleeper_void"", ""label"": ""sleeper_void"", ""start_m"": 223.2, ""count"": 4, ""side"": ""both"", ""directions"": ""vertical"", ""delta_gap_mm"": 2.13}]"
v2l035_seed69082039_v215_baseline,69082039,215,train,baseline,legacy_seed69082039_cross_speed,[]
v2l035_seed69082039_v215_ballast,69082039,215,train,ballast,legacy_seed69082039_cross_speed,"[{""type"": ""ballast_condition"", ""label"": ""ballast_hardened"", ""start_m"": 160.8, ""count"": 69, ""side"": ""both"", ""directions"": ""vertical"", ""stiffness_factor_eta_k"": 2.7195, ""damping_factor_eta_c"": 1.0}]"
v2l036_seed78816363_v250_baseline,78816363,250,train,baseline,legacy_seed78816363_cross_speed,[]
v2l036_seed78816363_v250_subgrade,78816363,250,train,subgrade,legacy_seed78816363_cross_speed,"[{""type"": ""subgrade_condition"", ""label"": ""subgrade_weakened"", ""start_m"": 266.4, ""count"": 164, ""side"": ""both"", ""directions"": ""vertical"", ""stiffness_factor_eta_k"": 0.7834, ""damping_factor_eta_c"": 1.0}]"
v2l037_seed26171670_v215_baseline,26171670,215,train,baseline,legacy_seed26171670_cross_speed,[]
v2l037_seed26171670_v215_fastener,26171670,215,train,fastener,legacy_seed26171670_cross_speed,"[{""type"": ""fastener_failure"", ""label"": ""fastener_eta"", ""start_m"": 291.6, ""count"": 3, ""side"": ""left"", ""directions"": ""both"", ""stiffness_factor_eta_k"": 0.1, ""damping_factor_eta_c"": 1.0}]"
v2l038_seed57212486_v250_baseline,57212486,250,train,baseline,legacy_seed57212486_cross_speed,[]
v2l038_seed57212486_v250_sleeper_void,57212486,250,train,sleeper_void,legacy_seed57212486_cross_speed,"[{""type"": ""sleeper_void"", ""label"": ""sleeper_void"", ""start_m"": 173.4, ""count"": 1, ""side"": ""both"", ""directions"": ""vertical"", ""delta_gap_mm"": 1.51}]"
v2l039_seed18547009_v215_baseline,18547009,215,train,baseline,legacy_seed18547009_cross_speed,[]
v2l039_seed18547009_v215_ballast,18547009,215,train,ballast,legacy_seed18547009_cross_speed,"[{""type"": ""ballast_condition"", ""label"": ""ballast_hardened"", ""start_m"": 260.4, ""count"": 89, ""side"": ""both"", ""directions"": ""vertical"", ""stiffness_factor_eta_k"": 7.1891, ""damping_factor_eta_c"": 1.0}]"
v2l040_seed90294680_v250_baseline,90294680,250,train,baseline,legacy_seed90294680_cross_speed,[]
v2l040_seed90294680_v250_subgrade,90294680,250,train,subgrade,legacy_seed90294680_cross_speed,"[{""type"": ""subgrade_condition"", ""label"": ""subgrade_weakened"", ""start_m"": 203.4, ""count"": 82, ""side"": ""left"", ""directions"": ""vertical"", ""stiffness_factor_eta_k"": 0.3786, ""damping_factor_eta_c"": 1.0}]"
v2l041_seed18533410_v215_baseline,18533410,215,train,baseline,legacy_seed18533410_cross_speed,[]
v2l041_seed18533410_v215_fastener,18533410,215,train,fastener,legacy_seed18533410_cross_speed,"[{""type"": ""fastener_failure"", ""label"": ""fastener_eta"", ""start_m"": 195.0, ""count"": 1, ""side"": ""both"", ""directions"": ""both"", ""stiffness_factor_eta_k"": 0.25, ""damping_factor_eta_c"": 1.0}]"
v2l042_seed97384339_v250_baseline,97384339,250,val,baseline,legacy_seed97384339_cross_speed,[]
v2l042_seed97384339_v250_sleeper_void,97384339,250,val,sleeper_void,legacy_seed97384339_cross_speed,"[{""type"": ""sleeper_void"", ""label"": ""sleeper_void"", ""start_m"": 215.4, ""count"": 4, ""side"": ""both"", ""directions"": ""vertical"", ""delta_gap_mm"": 0.95}]"
v2l043_seed44692998_v215_baseline,44692998,215,val,baseline,legacy_seed44692998_cross_speed,[]
v2l043_seed44692998_v215_ballast,44692998,215,val,ballast,legacy_seed44692998_cross_speed,"[{""type"": ""ballast_condition"", ""label"": ""ballast_hardened"", ""start_m"": 242.4, ""count"": 100, ""side"": ""right"", ""directions"": ""vertical"", ""stiffness_factor_eta_k"": 2.1103, ""damping_factor_eta_c"": 1.0}]"
v2l044_seed83864817_v250_baseline,83864817,250,val,baseline,legacy_seed83864817_cross_speed,[]
v2l044_seed83864817_v250_subgrade,83864817,250,val,subgrade,legacy_seed83864817_cross_speed,"[{""type"": ""subgrade_condition"", ""label"": ""subgrade_weakened"", ""start_m"": 178.2, ""count"": 33, ""side"": ""right"", ""directions"": ""vertical"", ""stiffness_factor_eta_k"": 0.6682, ""damping_factor_eta_c"": 1.0}]"
v2l045_seed42708744_v215_baseline,42708744,215,val,baseline,legacy_seed42708744_cross_speed,[]
v2l045_seed42708744_v215_fastener,42708744,215,val,fastener,legacy_seed42708744_cross_speed,"[{""type"": ""fastener_failure"", ""label"": ""fastener_eta"", ""start_m"": 171.0, ""count"": 2, ""side"": ""left"", ""directions"": ""both"", ""stiffness_factor_eta_k"": 0.5, ""damping_factor_eta_c"": 1.0}]"
v2l046_seed35497057_v250_baseline,35497057,250,test,baseline,legacy_seed35497057_cross_speed,[]
v2l046_seed35497057_v250_sleeper_void,35497057,250,test,sleeper_void,legacy_seed35497057_cross_speed,"[{""type"": ""sleeper_void"", ""label"": ""sleeper_void"", ""start_m"": 192.6, ""count"": 6, ""side"": ""both"", ""directions"": ""vertical"", ""delta_gap_mm"": 2.36}]"
v2l047_seed51950605_v215_baseline,51950605,215,test,baseline,legacy_seed51950605_cross_speed,[]
v2l047_seed51950605_v215_ballast,51950605,215,test,ballast,legacy_seed51950605_cross_speed,"[{""type"": ""ballast_condition"", ""label"": ""ballast_loose"", ""start_m"": 157.2, ""count"": 165, ""side"": ""left"", ""directions"": ""vertical"", ""stiffness_factor_eta_k"": 0.391, ""damping_factor_eta_c"": 1.0}]"
v2l048_seed31769732_v250_baseline,31769732,250,test,baseline,legacy_seed31769732_cross_speed,[]
v2l048_seed31769732_v250_subgrade,31769732,250,test,subgrade,legacy_seed31769732_cross_speed,"[{""type"": ""subgrade_condition"", ""label"": ""subgrade_weakened"", ""start_m"": 176.4, ""count"": 136, ""side"": ""left"", ""directions"": ""vertical"", ""stiffness_factor_eta_k"": 0.703, ""damping_factor_eta_c"": 1.0}]"
v2l049_seed94369616_v250_baseline,94369616,250,train,baseline,legacy_seed94369616_cross_speed,[]
v2l049_seed94369616_v250_fastener,94369616,250,train,fastener,legacy_seed94369616_cross_speed,"[{""type"": ""fastener_failure"", ""label"": ""fastener_eta"", ""start_m"": 298.8, ""count"": 5, ""side"": ""both"", ""directions"": ""both"", ""stiffness_factor_eta_k"": 0.5, ""damping_factor_eta_c"": 1.0}]"
v2l050_seed73599946_v160_baseline,73599946,160,train,baseline,legacy_seed73599946_cross_speed,[]
v2l050_seed73599946_v160_sleeper_void,73599946,160,train,sleeper_void,legacy_seed73599946_cross_speed,"[{""type"": ""sleeper_void"", ""label"": ""sleeper_void"", ""start_m"": 209.4, ""count"": 1, ""side"": ""left"", ""directions"": ""vertical"", ""delta_gap_mm"": 2.36}]"
v2l051_seed78825186_v250_baseline,78825186,250,train,baseline,legacy_seed78825186_cross_speed,[]
v2l051_seed78825186_v250_ballast,78825186,250,train,ballast,legacy_seed78825186_cross_speed,"[{""type"": ""ballast_condition"", ""label"": ""ballast_loose"", ""start_m"": 215.4, ""count"": 166, ""side"": ""both"", ""directions"": ""vertical"", ""stiffness_factor_eta_k"": 0.3413, ""damping_factor_eta_c"": 1.0}]"
v2l052_seed85399051_v160_baseline,85399051,160,train,baseline,legacy_seed85399051_cross_speed,[]
v2l052_seed85399051_v160_subgrade,85399051,160,train,subgrade,legacy_seed85399051_cross_speed,"[{""type"": ""subgrade_condition"", ""label"": ""subgrade_weakened"", ""start_m"": 268.8, ""count"": 114, ""side"": ""both"", ""directions"": ""vertical"", ""stiffness_factor_eta_k"": 0.693, ""damping_factor_eta_c"": 1.0}]"
v2l053_seed29657402_v250_baseline,29657402,250,train,baseline,legacy_seed29657402_cross_speed,[]
v2l053_seed29657402_v250_fastener,29657402,250,train,fastener,legacy_seed29657402_cross_speed,"[{""type"": ""fastener_failure"", ""label"": ""fastener_eta"", ""start_m"": 151.8, ""count"": 8, ""side"": ""both"", ""directions"": ""both"", ""stiffness_factor_eta_k"": 0.1, ""damping_factor_eta_c"": 1.0}]"
v2l054_seed74712047_v160_baseline,74712047,160,train,baseline,legacy_seed74712047_cross_speed,[]
v2l054_seed74712047_v160_sleeper_void,74712047,160,train,sleeper_void,legacy_seed74712047_cross_speed,"[{""type"": ""sleeper_void"", ""label"": ""sleeper_void"", ""start_m"": 256.8, ""count"": 6, ""side"": ""both"", ""directions"": ""vertical"", ""delta_gap_mm"": 1.77}]"
v2l055_seed15258332_v250_baseline,15258332,250,train,baseline,legacy_seed15258332_cross_speed,[]
v2l055_seed15258332_v250_ballast,15258332,250,train,ballast,legacy_seed15258332_cross_speed,"[{""type"": ""ballast_condition"", ""label"": ""ballast_hardened"", ""start_m"": 291.0, ""count"": 44, ""side"": ""right"", ""directions"": ""vertical"", ""stiffness_factor_eta_k"": 7.5695, ""damping_factor_eta_c"": 1.0}]"
v2l056_seed68162758_v160_baseline,68162758,160,train,baseline,legacy_seed68162758_cross_speed,[]
v2l056_seed68162758_v160_subgrade,68162758,160,train,subgrade,legacy_seed68162758_cross_speed,"[{""type"": ""subgrade_condition"", ""label"": ""subgrade_weakened"", ""start_m"": 179.4, ""count"": 94, ""side"": ""right"", ""directions"": ""vertical"", ""stiffness_factor_eta_k"": 0.7686, ""damping_factor_eta_c"": 1.0}]"
v2l057_seed65657739_v250_baseline,65657739,250,train,baseline,legacy_seed65657739_cross_speed,[]
v2l057_seed65657739_v250_fastener,65657739,250,train,fastener,legacy_seed65657739_cross_speed,"[{""type"": ""fastener_failure"", ""label"": ""fastener_eta"", ""start_m"": 277.8, ""count"": 6, ""side"": ""both"", ""directions"": ""both"", ""stiffness_factor_eta_k"": 0.0, ""damping_factor_eta_c"": 1.0}]"
v2l058_seed42589834_v160_baseline,42589834,160,train,baseline,legacy_seed42589834_cross_speed,[]
v2l058_seed42589834_v160_sleeper_void,42589834,160,train,sleeper_void,legacy_seed42589834_cross_speed,"[{""type"": ""sleeper_void"", ""label"": ""sleeper_void"", ""start_m"": 292.8, ""count"": 5, ""side"": ""right"", ""directions"": ""vertical"", ""delta_gap_mm"": 0.83}]"
v2l059_seed63273372_v250_baseline,63273372,250,train,baseline,legacy_seed63273372_cross_speed,[]
v2l059_seed63273372_v250_ballast,63273372,250,train,ballast,legacy_seed63273372_cross_speed,"[{""type"": ""ballast_condition"", ""label"": ""ballast_hardened"", ""start_m"": 169.2, ""count"": 55, ""side"": ""both"", ""directions"": ""vertical"", ""stiffness_factor_eta_k"": 3.0834, ""damping_factor_eta_c"": 1.0}]"
v2l060_seed23956834_v160_baseline,23956834,160,train,baseline,legacy_seed23956834_cross_speed,[]
v2l060_seed23956834_v160_subgrade,23956834,160,train,subgrade,legacy_seed23956834_cross_speed,"[{""type"": ""subgrade_condition"", ""label"": ""subgrade_weakened"", ""start_m"": 213.0, ""count"": 26, ""side"": ""left"", ""directions"": ""vertical"", ""stiffness_factor_eta_k"": 0.1165, ""damping_factor_eta_c"": 1.0}]"
v2l061_seed43860874_v250_baseline,43860874,250,train,baseline,legacy_seed43860874_cross_speed,[]
v2l061_seed43860874_v250_fastener,43860874,250,train,fastener,legacy_seed43860874_cross_speed,"[{""type"": ""fastener_failure"", ""label"": ""fastener_eta"", ""start_m"": 224.4, ""count"": 7, ""side"": ""left"", ""directions"": ""both"", ""stiffness_factor_eta_k"": 0.1, ""damping_factor_eta_c"": 1.0}]"
v2l062_seed37607718_v160_baseline,37607718,160,train,baseline,legacy_seed37607718_cross_speed,[]
v2l062_seed37607718_v160_sleeper_void,37607718,160,train,sleeper_void,legacy_seed37607718_cross_speed,"[{""type"": ""sleeper_void"", ""label"": ""sleeper_void"", ""start_m"": 254.4, ""count"": 7, ""side"": ""left"", ""directions"": ""vertical"", ""delta_gap_mm"": 0.84}]"
v2l063_seed88424244_v250_baseline,88424244,250,train,baseline,legacy_seed88424244_cross_speed,[]
v2l063_seed88424244_v250_ballast,88424244,250,train,ballast,legacy_seed88424244_cross_speed,"[{""type"": ""ballast_condition"", ""label"": ""ballast_hardened"", ""start_m"": 295.8, ""count"": 135, ""side"": ""left"", ""directions"": ""vertical"", ""stiffness_factor_eta_k"": 7.3075, ""damping_factor_eta_c"": 1.0}]"
v2l064_seed96873032_v160_baseline,96873032,160,train,baseline,legacy_seed96873032_cross_speed,[]
v2l064_seed96873032_v160_subgrade,96873032,160,train,subgrade,legacy_seed96873032_cross_speed,"[{""type"": ""subgrade_condition"", ""label"": ""subgrade_weakened"", ""start_m"": 220.2, ""count"": 60, ""side"": ""left"", ""directions"": ""vertical"", ""stiffness_factor_eta_k"": 0.1688, ""damping_factor_eta_c"": 1.0}]"
v2l065_seed12550332_v250_baseline,12550332,250,train,baseline,legacy_seed12550332_cross_speed,[]
v2l065_seed12550332_v250_fastener,12550332,250,train,fastener,legacy_seed12550332_cross_speed,"[{""type"": ""fastener_failure"", ""label"": ""fastener_eta"", ""start_m"": 156.0, ""count"": 10, ""side"": ""both"", ""directions"": ""both"", ""stiffness_factor_eta_k"": 0.1, ""damping_factor_eta_c"": 1.0}]"
v2l066_seed46101132_v160_baseline,46101132,160,val,baseline,legacy_seed46101132_cross_speed,[]
v2l066_seed46101132_v160_sleeper_void,46101132,160,val,sleeper_void,legacy_seed46101132_cross_speed,"[{""type"": ""sleeper_void"", ""label"": ""sleeper_void"", ""start_m"": 223.8, ""count"": 8, ""side"": ""both"", ""directions"": ""vertical"", ""delta_gap_mm"": 1.82}]"
v2l067_seed76750189_v250_baseline,76750189,250,val,baseline,legacy_seed76750189_cross_speed,[]
v2l067_seed76750189_v250_ballast,76750189,250,val,ballast,legacy_seed76750189_cross_speed,"[{""type"": ""ballast_condition"", ""label"": ""ballast_loose"", ""start_m"": 172.8, ""count"": 12, ""side"": ""both"", ""directions"": ""vertical"", ""stiffness_factor_eta_k"": 0.2937, ""damping_factor_eta_c"": 1.0}]"
v2l068_seed52458309_v160_baseline,52458309,160,val,baseline,legacy_seed52458309_cross_speed,[]
v2l068_seed52458309_v160_subgrade,52458309,160,val,subgrade,legacy_seed52458309_cross_speed,"[{""type"": ""subgrade_condition"", ""label"": ""subgrade_weakened"", ""start_m"": 277.8, ""count"": 144, ""side"": ""both"", ""directions"": ""vertical"", ""stiffness_factor_eta_k"": 0.7943, ""damping_factor_eta_c"": 1.0}]"
v2l069_seed49194748_v250_baseline,49194748,250,test,baseline,legacy_seed49194748_cross_speed,[]
v2l069_seed49194748_v250_fastener,49194748,250,test,fastener,legacy_seed49194748_cross_speed,"[{""type"": ""fastener_failure"", ""label"": ""fastener_eta"", ""start_m"": 288.6, ""count"": 2, ""side"": ""left"", ""directions"": ""both"", ""stiffness_factor_eta_k"": 0.0, ""damping_factor_eta_c"": 1.0}]"
v2l070_seed25000043_v160_baseline,25000043,160,test,baseline,legacy_seed25000043_cross_speed,[]
v2l070_seed25000043_v160_sleeper_void,25000043,160,test,sleeper_void,legacy_seed25000043_cross_speed,"[{""type"": ""sleeper_void"", ""label"": ""sleeper_void"", ""start_m"": 253.2, ""count"": 2, ""side"": ""both"", ""directions"": ""vertical"", ""delta_gap_mm"": 2.98}]"
v2l071_seed12458220_v250_baseline,12458220,250,test,baseline,legacy_seed12458220_cross_speed,[]
v2l071_seed12458220_v250_ballast,12458220,250,test,ballast,legacy_seed12458220_cross_speed,"[{""type"": ""ballast_condition"", ""label"": ""ballast_loose"", ""start_m"": 182.4, ""count"": 96, ""side"": ""both"", ""directions"": ""vertical"", ""stiffness_factor_eta_k"": 0.7587, ""damping_factor_eta_c"": 1.0}]"
v2l072_seed56001826_v160_baseline,56001826,160,test,baseline,legacy_seed56001826_cross_speed,[]
v2l072_seed56001826_v160_subgrade,56001826,160,test,subgrade,legacy_seed56001826_cross_speed,"[{""type"": ""subgrade_condition"", ""label"": ""subgrade_weakened"", ""start_m"": 256.8, ""count"": 46, ""side"": ""right"", ""directions"": ""vertical"", ""stiffness_factor_eta_k"": 0.3835, ""damping_factor_eta_c"": 1.0}]"
v2l073_seed69648059_v160_baseline,69648059,160,train,baseline,legacy_seed69648059_cross_speed,[]
v2l073_seed69648059_v160_fastener,69648059,160,train,fastener,legacy_seed69648059_cross_speed,"[{""type"": ""fastener_failure"", ""label"": ""fastener_eta"", ""start_m"": 288.0, ""count"": 3, ""side"": ""both"", ""directions"": ""both"", ""stiffness_factor_eta_k"": 0.1, ""damping_factor_eta_c"": 1.0}]"
v2l074_seed87908906_v200_baseline,87908906,200,train,baseline,legacy_seed87908906_cross_speed,[]
v2l074_seed87908906_v200_sleeper_void,87908906,200,train,sleeper_void,legacy_seed87908906_cross_speed,"[{""type"": ""sleeper_void"", ""label"": ""sleeper_void"", ""start_m"": 292.8, ""count"": 4, ""side"": ""right"", ""directions"": ""vertical"", ""delta_gap_mm"": 1.3}]"
v2l075_seed68021725_v160_baseline,68021725,160,train,baseline,legacy_seed68021725_cross_speed,[]
v2l075_seed68021725_v160_ballast,68021725,160,train,ballast,legacy_seed68021725_cross_speed,"[{""type"": ""ballast_condition"", ""label"": ""ballast_loose"", ""start_m"": 200.4, ""count"": 104, ""side"": ""both"", ""directions"": ""vertical"", ""stiffness_factor_eta_k"": 0.6524, ""damping_factor_eta_c"": 1.0}]"
v2l076_seed48935295_v200_baseline,48935295,200,train,baseline,legacy_seed48935295_cross_speed,[]
v2l076_seed48935295_v200_subgrade,48935295,200,train,subgrade,legacy_seed48935295_cross_speed,"[{""type"": ""subgrade_condition"", ""label"": ""subgrade_weakened"", ""start_m"": 245.4, ""count"": 144, ""side"": ""both"", ""directions"": ""vertical"", ""stiffness_factor_eta_k"": 0.5439, ""damping_factor_eta_c"": 1.0}]"
v2l077_seed91226907_v160_baseline,91226907,160,train,baseline,legacy_seed91226907_cross_speed,[]
v2l077_seed91226907_v160_fastener,91226907,160,train,fastener,legacy_seed91226907_cross_speed,"[{""type"": ""fastener_failure"", ""label"": ""fastener_eta"", ""start_m"": 279.6, ""count"": 7, ""side"": ""both"", ""directions"": ""both"", ""stiffness_factor_eta_k"": 0.5, ""damping_factor_eta_c"": 1.0}]"
v2l078_seed74088663_v200_baseline,74088663,200,train,baseline,legacy_seed74088663_cross_speed,[]
v2l078_seed74088663_v200_sleeper_void,74088663,200,train,sleeper_void,legacy_seed74088663_cross_speed,"[{""type"": ""sleeper_void"", ""label"": ""sleeper_void"", ""start_m"": 274.2, ""count"": 3, ""side"": ""both"", ""directions"": ""vertical"", ""delta_gap_mm"": 2.13}]"
v2l079_seed54432337_v160_baseline,54432337,160,train,baseline,legacy_seed54432337_cross_speed,[]
v2l079_seed54432337_v160_ballast,54432337,160,train,ballast,legacy_seed54432337_cross_speed,"[{""type"": ""ballast_condition"", ""label"": ""ballast_loose"", ""start_m"": 216.6, ""count"": 87, ""side"": ""both"", ""directions"": ""vertical"", ""stiffness_factor_eta_k"": 0.5468, ""damping_factor_eta_c"": 1.0}]"
v2l080_seed48623433_v200_baseline,48623433,200,train,baseline,legacy_seed48623433_cross_speed,[]
v2l080_seed48623433_v200_subgrade,48623433,200,train,subgrade,legacy_seed48623433_cross_speed,"[{""type"": ""subgrade_condition"", ""label"": ""subgrade_weakened"", ""start_m"": 183.6, ""count"": 116, ""side"": ""both"", ""directions"": ""vertical"", ""stiffness_factor_eta_k"": 0.3521, ""damping_factor_eta_c"": 1.0}]"
v2l081_seed17756380_v160_baseline,17756380,160,train,baseline,legacy_seed17756380_cross_speed,[]
v2l081_seed17756380_v160_fastener,17756380,160,train,fastener,legacy_seed17756380_cross_speed,"[{""type"": ""fastener_failure"", ""label"": ""fastener_eta"", ""start_m"": 198.0, ""count"": 9, ""side"": ""both"", ""directions"": ""both"", ""stiffness_factor_eta_k"": 0.0, ""damping_factor_eta_c"": 1.0}]"
v2l082_seed97586033_v200_baseline,97586033,200,train,baseline,legacy_seed97586033_cross_speed,[]
v2l082_seed97586033_v200_sleeper_void,97586033,200,train,sleeper_void,legacy_seed97586033_cross_speed,"[{""type"": ""sleeper_void"", ""label"": ""sleeper_void"", ""start_m"": 159.6, ""count"": 1, ""side"": ""both"", ""directions"": ""vertical"", ""delta_gap_mm"": 2.12}]"
v2l083_seed19673014_v160_baseline,19673014,160,train,baseline,legacy_seed19673014_cross_speed,[]
v2l083_seed19673014_v160_ballast,19673014,160,train,ballast,legacy_seed19673014_cross_speed,"[{""type"": ""ballast_condition"", ""label"": ""ballast_loose"", ""start_m"": 225.6, ""count"": 87, ""side"": ""both"", ""directions"": ""vertical"", ""stiffness_factor_eta_k"": 0.7096, ""damping_factor_eta_c"": 1.0}]"
v2l084_seed31337175_v200_baseline,31337175,200,train,baseline,legacy_seed31337175_cross_speed,[]
v2l084_seed31337175_v200_subgrade,31337175,200,train,subgrade,legacy_seed31337175_cross_speed,"[{""type"": ""subgrade_condition"", ""label"": ""subgrade_weakened"", ""start_m"": 189.6, ""count"": 77, ""side"": ""left"", ""directions"": ""vertical"", ""stiffness_factor_eta_k"": 0.3104, ""damping_factor_eta_c"": 1.0}]"
v2l085_seed56500237_v160_baseline,56500237,160,train,baseline,legacy_seed56500237_cross_speed,[]
v2l085_seed56500237_v160_fastener,56500237,160,train,fastener,legacy_seed56500237_cross_speed,"[{""type"": ""fastener_failure"", ""label"": ""fastener_eta"", ""start_m"": 165.6, ""count"": 7, ""side"": ""both"", ""directions"": ""both"", ""stiffness_factor_eta_k"": 0.0, ""damping_factor_eta_c"": 1.0}]"
v2l086_seed34271439_v200_baseline,34271439,200,train,baseline,legacy_seed34271439_cross_speed,[]
v2l086_seed34271439_v200_sleeper_void,34271439,200,train,sleeper_void,legacy_seed34271439_cross_speed,"[{""type"": ""sleeper_void"", ""label"": ""sleeper_void"", ""start_m"": 189.0, ""count"": 8, ""side"": ""left"", ""directions"": ""vertical"", ""delta_gap_mm"": 2.17}]"
v2l087_seed24576532_v160_baseline,24576532,160,train,baseline,legacy_seed24576532_cross_speed,[]
v2l087_seed24576532_v160_ballast,24576532,160,train,ballast,legacy_seed24576532_cross_speed,"[{""type"": ""ballast_condition"", ""label"": ""ballast_hardened"", ""start_m"": 300.0, ""count"": 76, ""side"": ""left"", ""directions"": ""vertical"", ""stiffness_factor_eta_k"": 3.8826, ""damping_factor_eta_c"": 1.0}]"
v2l088_seed54586931_v200_baseline,54586931,200,train,baseline,legacy_seed54586931_cross_speed,[]
v2l088_seed54586931_v200_subgrade,54586931,200,train,subgrade,legacy_seed54586931_cross_speed,"[{""type"": ""subgrade_condition"", ""label"": ""subgrade_weakened"", ""start_m"": 300.0, ""count"": 87, ""side"": ""right"", ""directions"": ""vertical"", ""stiffness_factor_eta_k"": 0.4176, ""damping_factor_eta_c"": 1.0}]"
v2l089_seed36231494_v160_baseline,36231494,160,train,baseline,legacy_seed36231494_cross_speed,[]
v2l089_seed36231494_v160_fastener,36231494,160,train,fastener,legacy_seed36231494_cross_speed,"[{""type"": ""fastener_failure"", ""label"": ""fastener_eta"", ""start_m"": 244.8, ""count"": 5, ""side"": ""right"", ""directions"": ""both"", ""stiffness_factor_eta_k"": 0.0, ""damping_factor_eta_c"": 1.0}]"
v2l090_seed35968468_v200_baseline,35968468,200,val,baseline,legacy_seed35968468_cross_speed,[]
v2l090_seed35968468_v200_sleeper_void,35968468,200,val,sleeper_void,legacy_seed35968468_cross_speed,"[{""type"": ""sleeper_void"", ""label"": ""sleeper_void"", ""start_m"": 175.8, ""count"": 2, ""side"": ""right"", ""directions"": ""vertical"", ""delta_gap_mm"": 1.73}]"
v2l091_seed87922783_v160_baseline,87922783,160,val,baseline,legacy_seed87922783_cross_speed,[]
v2l091_seed87922783_v160_ballast,87922783,160,val,ballast,legacy_seed87922783_cross_speed,"[{""type"": ""ballast_condition"", ""label"": ""ballast_loose"", ""start_m"": 286.2, ""count"": 82, ""side"": ""both"", ""directions"": ""vertical"", ""stiffness_factor_eta_k"": 0.6212, ""damping_factor_eta_c"": 1.0}]"
v2l092_seed97168267_v200_baseline,97168267,200,val,baseline,legacy_seed97168267_cross_speed,[]
v2l092_seed97168267_v200_subgrade,97168267,200,val,subgrade,legacy_seed97168267_cross_speed,"[{""type"": ""subgrade_condition"", ""label"": ""subgrade_weakened"", ""start_m"": 218.4, ""count"": 143, ""side"": ""right"", ""directions"": ""vertical"", ""stiffness_factor_eta_k"": 0.1192, ""damping_factor_eta_c"": 1.0}]"
v2l093_seed38985071_v160_baseline,38985071,160,test,baseline,legacy_seed38985071_cross_speed,[]
v2l093_seed38985071_v160_fastener,38985071,160,test,fastener,legacy_seed38985071_cross_speed,"[{""type"": ""fastener_failure"", ""label"": ""fastener_eta"", ""start_m"": 295.8, ""count"": 2, ""side"": ""both"", ""directions"": ""both"", ""stiffness_factor_eta_k"": 0.25, ""damping_factor_eta_c"": 1.0}]"
v2l094_seed93156407_v200_baseline,93156407,200,test,baseline,legacy_seed93156407_cross_speed,[]
v2l094_seed93156407_v200_sleeper_void,93156407,200,test,sleeper_void,legacy_seed93156407_cross_speed,"[{""type"": ""sleeper_void"", ""label"": ""sleeper_void"", ""start_m"": 277.8, ""count"": 4, ""side"": ""both"", ""directions"": ""vertical"", ""delta_gap_mm"": 2.39}]"
v2l095_seed60173705_v160_baseline,60173705,160,test,baseline,legacy_seed60173705_cross_speed,[]
v2l095_seed60173705_v160_ballast,60173705,160,test,ballast,legacy_seed60173705_cross_speed,"[{""type"": ""ballast_condition"", ""label"": ""ballast_loose"", ""start_m"": 214.8, ""count"": 167, ""side"": ""both"", ""directions"": ""vertical"", ""stiffness_factor_eta_k"": 0.1935, ""damping_factor_eta_c"": 1.0}]"
v2l096_seed14234665_v200_baseline,14234665,200,test,baseline,legacy_seed14234665_cross_speed,[]
v2l096_seed14234665_v200_subgrade,14234665,200,test,subgrade,legacy_seed14234665_cross_speed,"[{""type"": ""subgrade_condition"", ""label"": ""subgrade_weakened"", ""start_m"": 201.6, ""count"": 147, ""side"": ""left"", ""directions"": ""vertical"", ""stiffness_factor_eta_k"": 0.5634, ""damping_factor_eta_c"": 1.0}]"
v2n001_seed73873257_v160_baseline,73873257,160,train,baseline,v2_seed73873257,[]
v2n001_seed73873257_v160_fastener,73873257,160,train,fastener,v2_seed73873257,"[{""type"": ""fastener_failure"", ""label"": ""fastener_eta"", ""start_m"": 257.4, ""count"": 1, ""side"": ""left"", ""directions"": ""both"", ""stiffness_factor_eta_k"": 0.0, ""damping_factor_eta_c"": 1.0}]"
v2n001_seed73873257_v160_sleeper_void,73873257,160,train,sleeper_void,v2_seed73873257,"[{""type"": ""sleeper_void"", ""label"": ""sleeper_void"", ""start_m"": 253.2, ""count"": 2, ""side"": ""both"", ""directions"": ""vertical"", ""delta_gap_mm"": 0.804}]"
v2n001_seed73873257_v160_ballast,73873257,160,train,ballast,v2_seed73873257,"[{""type"": ""ballast_condition"", ""label"": ""ballast_softened"", ""start_m"": 248.4, ""count"": 8, ""side"": ""right"", ""directions"": ""vertical"", ""stiffness_factor_eta_k"": 0.8161, ""damping_factor_eta_c"": 1.0}]"
v2n001_seed73873257_v160_subgrade,73873257,160,train,subgrade,v2_seed73873257,"[{""type"": ""subgrade_condition"", ""label"": ""subgrade_hardened"", ""start_m"": 225.6, ""count"": 12, ""side"": ""left"", ""directions"": ""vertical"", ""stiffness_factor_eta_k"": 1.1115, ""damping_factor_eta_c"": 1.0}]"
v2n001_seed73873257_v160_coupled_fastener_ballast_overlap,73873257,160,train,coupled_fastener_ballast_overlap,v2_seed73873257,"[{""type"": ""fastener_failure"", ""label"": ""fastener_eta"", ""start_m"": 235.8, ""count"": 5, ""side"": ""left"", ""directions"": ""both"", ""stiffness_factor_eta_k"": 0.5, ""damping_factor_eta_c"": 1.0}, {""type"": ""ballast_condition"", ""label"": ""ballast_softened"", ""start_m"": 235.8, ""count"": 3, ""side"": ""left"", ""directions"": ""vertical"", ""stiffness_factor_eta_k"": 0.503, ""damping_factor_eta_c"": 1.0}]"
v2n001_seed73873257_v160_coupled_fastener_sleeper_void_partial_overlap,73873257,160,train,coupled_fastener_sleeper_void_partial_overlap,v2_seed73873257,"[{""type"": ""fastener_failure"", ""label"": ""fastener_eta"", ""start_m"": 235.2, ""count"": 8, ""side"": ""right"", ""directions"": ""both"", ""stiffness_factor_eta_k"": 0.75, ""damping_factor_eta_c"": 1.0}, {""type"": ""sleeper_void"", ""label"": ""sleeper_void"", ""start_m"": 235.8, ""count"": 2, ""side"": ""left"", ""directions"": ""vertical"", ""delta_gap_mm"": 0.293}]"
v2n001_seed73873257_v200_baseline,73873257,200,train,baseline,v2_seed73873257,[]
v2n001_seed73873257_v200_fastener,73873257,200,train,fastener,v2_seed73873257,"[{""type"": ""fastener_failure"", ""label"": ""fastener_eta"", ""start_m"": 257.4, ""count"": 1, ""side"": ""left"", ""directions"": ""both"", ""stiffness_factor_eta_k"": 0.0, ""damping_factor_eta_c"": 1.0}]"
v2n001_seed73873257_v200_coupled_fastener_ballast_overlap,73873257,200,train,coupled_fastener_ballast_overlap,v2_seed73873257,"[{""type"": ""fastener_failure"", ""label"": ""fastener_eta"", ""start_m"": 235.8, ""count"": 5, ""side"": ""left"", ""directions"": ""both"", ""stiffness_factor_eta_k"": 0.5, ""damping_factor_eta_c"": 1.0}, {""type"": ""ballast_condition"", ""label"": ""ballast_softened"", ""start_m"": 235.8, ""count"": 3, ""side"": ""left"", ""directions"": ""vertical"", ""stiffness_factor_eta_k"": 0.503, ""damping_factor_eta_c"": 1.0}]"
v2n002_seed28333167_v200_baseline,28333167,200,val,baseline,v2_seed28333167,[]
v2n002_seed28333167_v200_fastener,28333167,200,val,fastener,v2_seed28333167,"[{""type"": ""fastener_failure"", ""label"": ""fastener_eta"", ""start_m"": 153.6, ""count"": 2, ""side"": ""right"", ""directions"": ""both"", ""stiffness_factor_eta_k"": 0.1, ""damping_factor_eta_c"": 1.0}]"
v2n002_seed28333167_v200_sleeper_void,28333167,200,val,sleeper_void,v2_seed28333167,"[{""type"": ""sleeper_void"", ""label"": ""sleeper_void"", ""start_m"": 154.8, ""count"": 3, ""side"": ""left"", ""directions"": ""vertical"", ""delta_gap_mm"": 1.19}]"
v2n002_seed28333167_v200_ballast,28333167,200,val,ballast,v2_seed28333167,"[{""type"": ""ballast_condition"", ""label"": ""ballast_hardened"", ""start_m"": 270.6, ""count"": 12, ""side"": ""both"", ""directions"": ""vertical"", ""stiffness_factor_eta_k"": 1.1686, ""damping_factor_eta_c"": 1.0}]"
v2n002_seed28333167_v200_subgrade,28333167,200,val,subgrade,v2_seed28333167,"[{""type"": ""subgrade_condition"", ""label"": ""subgrade_hardened"", ""start_m"": 176.4, ""count"": 20, ""side"": ""right"", ""directions"": ""vertical"", ""stiffness_factor_eta_k"": 2.5601, ""damping_factor_eta_c"": 1.0}]"
v2n002_seed28333167_v200_coupled_fastener_subgrade_partial_overlap,28333167,200,val,coupled_fastener_subgrade_partial_overlap,v2_seed28333167,"[{""type"": ""fastener_failure"", ""label"": ""fastener_eta"", ""start_m"": 198.6, ""count"": 8, ""side"": ""right"", ""directions"": ""both"", ""stiffness_factor_eta_k"": 0.75, ""damping_factor_eta_c"": 1.0}, {""type"": ""subgrade_condition"", ""label"": ""subgrade_softened"", ""start_m"": 199.8, ""count"": 5, ""side"": ""both"", ""directions"": ""vertical"", ""stiffness_factor_eta_k"": 0.7766, ""damping_factor_eta_c"": 1.0}]"
v2n002_seed28333167_v200_coupled_ballast_sleeper_void_separate,28333167,200,val,coupled_ballast_sleeper_void_separate,v2_seed28333167,"[{""type"": ""ballast_condition"", ""label"": ""ballast_hardened"", ""start_m"": 240.0, ""count"": 40, ""side"": ""right"", ""directions"": ""vertical"", ""stiffness_factor_eta_k"": 3.8608, ""damping_factor_eta_c"": 1.0}, {""type"": ""sleeper_void"", ""label"": ""sleeper_void"", ""start_m"": 276.0, ""count"": 3, ""side"": ""right"", ""directions"": ""vertical"", ""delta_gap_mm"": 0.566}]"
v2n002_seed28333167_v250_baseline,28333167,250,val,baseline,v2_seed28333167,[]
v2n002_seed28333167_v250_sleeper_void,28333167,250,val,sleeper_void,v2_seed28333167,"[{""type"": ""sleeper_void"", ""label"": ""sleeper_void"", ""start_m"": 154.8, ""count"": 3, ""side"": ""left"", ""directions"": ""vertical"", ""delta_gap_mm"": 1.19}]"
v2n002_seed28333167_v250_coupled_fastener_subgrade_partial_overlap,28333167,250,val,coupled_fastener_subgrade_partial_overlap,v2_seed28333167,"[{""type"": ""fastener_failure"", ""label"": ""fastener_eta"", ""start_m"": 198.6, ""count"": 8, ""side"": ""right"", ""directions"": ""both"", ""stiffness_factor_eta_k"": 0.75, ""damping_factor_eta_c"": 1.0}, {""type"": ""subgrade_condition"", ""label"": ""subgrade_softened"", ""start_m"": 199.8, ""count"": 5, ""side"": ""both"", ""directions"": ""vertical"", ""stiffness_factor_eta_k"": 0.7766, ""damping_factor_eta_c"": 1.0}]"
v2n003_seed22430800_v215_baseline,22430800,215,train,baseline,v2_seed22430800,[]
v2n003_seed22430800_v215_fastener,22430800,215,train,fastener,v2_seed22430800,"[{""type"": ""fastener_failure"", ""label"": ""fastener_eta"", ""start_m"": 221.4, ""count"": 3, ""side"": ""both"", ""directions"": ""both"", ""stiffness_factor_eta_k"": 0.25, ""damping_factor_eta_c"": 1.0}]"
v2n003_seed22430800_v215_sleeper_void,22430800,215,train,sleeper_void,v2_seed22430800,"[{""type"": ""sleeper_void"", ""label"": ""sleeper_void"", ""start_m"": 260.4, ""count"": 5, ""side"": ""right"", ""directions"": ""vertical"", ""delta_gap_mm"": 2.857}]"
v2n003_seed22430800_v215_ballast,22430800,215,train,ballast,v2_seed22430800,"[{""type"": ""ballast_condition"", ""label"": ""ballast_hardened"", ""start_m"": 261.6, ""count"": 20, ""side"": ""left"", ""directions"": ""vertical"", ""stiffness_factor_eta_k"": 2.7411, ""damping_factor_eta_c"": 1.0}]"
v2n003_seed22430800_v215_subgrade,22430800,215,train,subgrade,v2_seed22430800,"[{""type"": ""subgrade_condition"", ""label"": ""subgrade_hardened"", ""start_m"": 180.0, ""count"": 40, ""side"": ""both"", ""directions"": ""vertical"", ""stiffness_factor_eta_k"": 7.023, ""damping_factor_eta_c"": 1.0}]"
v2n003_seed22430800_v215_coupled_ballast_subgrade_separate,22430800,215,train,coupled_ballast_subgrade_separate,v2_seed22430800,"[{""type"": ""ballast_condition"", ""label"": ""ballast_hardened"", ""start_m"": 216.6, ""count"": 40, ""side"": ""right"", ""directions"": ""vertical"", ""stiffness_factor_eta_k"": 4.937, ""damping_factor_eta_c"": 1.0}, {""type"": ""subgrade_condition"", ""label"": ""subgrade_hardened"", ""start_m"": 252.6, ""count"": 8, ""side"": ""left"", ""directions"": ""vertical"", ""stiffness_factor_eta_k"": 1.0818, ""damping_factor_eta_c"": 1.0}]"
v2n003_seed22430800_v215_coupled_subgrade_sleeper_void_overlap,22430800,215,train,coupled_subgrade_sleeper_void_overlap,v2_seed22430800,"[{""type"": ""subgrade_condition"", ""label"": ""subgrade_softened"", ""start_m"": 194.4, ""count"": 80, ""side"": ""left"", ""directions"": ""vertical"", ""stiffness_factor_eta_k"": 0.2989, ""damping_factor_eta_c"": 1.0}, {""type"": ""sleeper_void"", ""label"": ""sleeper_void"", ""start_m"": 194.4, ""count"": 5, ""side"": ""both"", ""directions"": ""vertical"", ""delta_gap_mm"": 1.515}]"
v2n003_seed22430800_v250_baseline,22430800,250,train,baseline,v2_seed22430800,[]
v2n003_seed22430800_v250_ballast,22430800,250,train,ballast,v2_seed22430800,"[{""type"": ""ballast_condition"", ""label"": ""ballast_hardened"", ""start_m"": 261.6, ""count"": 20, ""side"": ""left"", ""directions"": ""vertical"", ""stiffness_factor_eta_k"": 2.7411, ""damping_factor_eta_c"": 1.0}]"
v2n003_seed22430800_v250_coupled_ballast_subgrade_separate,22430800,250,train,coupled_ballast_subgrade_separate,v2_seed22430800,"[{""type"": ""ballast_condition"", ""label"": ""ballast_hardened"", ""start_m"": 216.6, ""count"": 40, ""side"": ""right"", ""directions"": ""vertical"", ""stiffness_factor_eta_k"": 4.937, ""damping_factor_eta_c"": 1.0}, {""type"": ""subgrade_condition"", ""label"": ""subgrade_hardened"", ""start_m"": 252.6, ""count"": 8, ""side"": ""left"", ""directions"": ""vertical"", ""stiffness_factor_eta_k"": 1.0818, ""damping_factor_eta_c"": 1.0}]"
v2n004_seed54436955_v250_baseline,54436955,250,val,baseline,v2_seed54436955,[]
v2n004_seed54436955_v250_fastener,54436955,250,val,fastener,v2_seed54436955,"[{""type"": ""fastener_failure"", ""label"": ""fastener_eta"", ""start_m"": 214.8, ""count"": 5, ""side"": ""left"", ""directions"": ""both"", ""stiffness_factor_eta_k"": 0.5, ""damping_factor_eta_c"": 1.0}]"
v2n004_seed54436955_v250_sleeper_void,54436955,250,val,sleeper_void,v2_seed54436955,"[{""type"": ""sleeper_void"", ""label"": ""sleeper_void"", ""start_m"": 291.6, ""count"": 8, ""side"": ""both"", ""directions"": ""vertical"", ""delta_gap_mm"": 0.358}]"
v2n004_seed54436955_v250_ballast,54436955,250,val,ballast,v2_seed54436955,"[{""type"": ""ballast_condition"", ""label"": ""ballast_hardened"", ""start_m"": 155.4, ""count"": 40, ""side"": ""right"", ""directions"": ""vertical"", ""stiffness_factor_eta_k"": 4.3937, ""damping_factor_eta_c"": 1.0}]"
v2n004_seed54436955_v250_subgrade,54436955,250,val,subgrade,v2_seed54436955,"[{""type"": ""subgrade_condition"", ""label"": ""subgrade_softened"", ""start_m"": 156.6, ""count"": 80, ""side"": ""left"", ""directions"": ""vertical"", ""stiffness_factor_eta_k"": 0.1213, ""damping_factor_eta_c"": 1.0}]"
v2n004_seed54436955_v250_coupled_fastener_ballast_overlap,54436955,250,val,coupled_fastener_ballast_overlap,v2_seed54436955,"[{""type"": ""fastener_failure"", ""label"": ""fastener_eta"", ""start_m"": 189.0, ""count"": 20, ""side"": ""left"", ""directions"": ""both"", ""stiffness_factor_eta_k"": 0.9, ""damping_factor_eta_c"": 1.0}, {""type"": ""ballast_condition"", ""label"": ""ballast_hardened"", ""start_m"": 189.0, ""count"": 12, ""side"": ""left"", ""directions"": ""vertical"", ""stiffness_factor_eta_k"": 1.5562, ""damping_factor_eta_c"": 1.0}]"
v2n004_seed54436955_v250_coupled_fastener_sleeper_void_partial_overlap,54436955,250,val,coupled_fastener_sleeper_void_partial_overlap,v2_seed54436955,"[{""type"": ""fastener_failure"", ""label"": ""fastener_eta"", ""start_m"": 230.4, ""count"": 1, ""side"": ""right"", ""directions"": ""both"", ""stiffness_factor_eta_k"": 0.95, ""damping_factor_eta_c"": 1.0}, {""type"": ""sleeper_void"", ""label"": ""sleeper_void"", ""start_m"": 231.0, ""count"": 8, ""side"": ""left"", ""directions"": ""vertical"", ""delta_gap_mm"": 3.28}]"
v2n004_seed54436955_v200_baseline,54436955,200,val,baseline,v2_seed54436955,[]
v2n004_seed54436955_v200_subgrade,54436955,200,val,subgrade,v2_seed54436955,"[{""type"": ""subgrade_condition"", ""label"": ""subgrade_softened"", ""start_m"": 156.6, ""count"": 80, ""side"": ""left"", ""directions"": ""vertical"", ""stiffness_factor_eta_k"": 0.1213, ""damping_factor_eta_c"": 1.0}]"
v2n004_seed54436955_v200_coupled_fastener_ballast_overlap,54436955,200,val,coupled_fastener_ballast_overlap,v2_seed54436955,"[{""type"": ""fastener_failure"", ""label"": ""fastener_eta"", ""start_m"": 189.0, ""count"": 20, ""side"": ""left"", ""directions"": ""both"", ""stiffness_factor_eta_k"": 0.9, ""damping_factor_eta_c"": 1.0}, {""type"": ""ballast_condition"", ""label"": ""ballast_hardened"", ""start_m"": 189.0, ""count"": 12, ""side"": ""left"", ""directions"": ""vertical"", ""stiffness_factor_eta_k"": 1.5562, ""damping_factor_eta_c"": 1.0}]"
v2n005_seed67141373_v160_baseline,67141373,160,train,baseline,v2_seed67141373,[]
v2n005_seed67141373_v160_fastener,67141373,160,train,fastener,v2_seed67141373,"[{""type"": ""fastener_failure"", ""label"": ""fastener_eta"", ""start_m"": 198.0, ""count"": 8, ""side"": ""right"", ""directions"": ""both"", ""stiffness_factor_eta_k"": 0.75, ""damping_factor_eta_c"": 1.0}]"
v2n005_seed67141373_v160_sleeper_void,67141373,160,train,sleeper_void,v2_seed67141373,"[{""type"": ""sleeper_void"", ""label"": ""sleeper_void"", ""start_m"": 178.8, ""count"": 12, ""side"": ""left"", ""directions"": ""vertical"", ""delta_gap_mm"": 0.82}]"
v2n005_seed67141373_v160_ballast,67141373,160,train,ballast,v2_seed67141373,"[{""type"": ""ballast_condition"", ""label"": ""ballast_softened"", ""start_m"": 192.6, ""count"": 80, ""side"": ""both"", ""directions"": ""vertical"", ""stiffness_factor_eta_k"": 0.2031, ""damping_factor_eta_c"": 1.0}]"
v2n005_seed67141373_v160_subgrade,67141373,160,train,subgrade,v2_seed67141373,"[{""type"": ""subgrade_condition"", ""label"": ""subgrade_softened"", ""start_m"": 181.8, ""count"": 3, ""side"": ""right"", ""directions"": ""vertical"", ""stiffness_factor_eta_k"": 0.6255, ""damping_factor_eta_c"": 1.0}]"
v2n005_seed67141373_v160_coupled_fastener_subgrade_partial_overlap,67141373,160,train,coupled_fastener_subgrade_partial_overlap,v2_seed67141373,"[{""type"": ""fastener_failure"", ""label"": ""fastener_eta"", ""start_m"": 220.2, ""count"": 1, ""side"": ""right"", ""directions"": ""both"", ""stiffness_factor_eta_k"": 0.95, ""damping_factor_eta_c"": 1.0}, {""type"": ""subgrade_condition"", ""label"": ""subgrade_hardened"", ""start_m"": 220.8, ""count"": 20, ""side"": ""both"", ""directions"": ""vertical"", ""stiffness_factor_eta_k"": 4.9976, ""damping_factor_eta_c"": 1.0}]"
v2n005_seed67141373_v160_coupled_ballast_sleeper_void_separate,67141373,160,train,coupled_ballast_sleeper_void_separate,v2_seed67141373,"[{""type"": ""ballast_condition"", ""label"": ""ballast_softened"", ""start_m"": 239.4, ""count"": 5, ""side"": ""right"", ""directions"": ""vertical"", ""stiffness_factor_eta_k"": 0.7101, ""damping_factor_eta_c"": 1.0}, {""type"": ""sleeper_void"", ""label"": ""sleeper_void"", ""start_m"": 258.6, ""count"": 12, ""side"": ""right"", ""directions"": ""vertical"", ""delta_gap_mm"": 0.19}]"
v2n005_seed67141373_v200_baseline,67141373,200,train,baseline,v2_seed67141373,[]
v2n005_seed67141373_v200_fastener,67141373,200,train,fastener,v2_seed67141373,"[{""type"": ""fastener_failure"", ""label"": ""fastener_eta"", ""start_m"": 198.0, ""count"": 8, ""side"": ""right"", ""directions"": ""both"", ""stiffness_factor_eta_k"": 0.75, ""damping_factor_eta_c"": 1.0}]"
v2n005_seed67141373_v200_coupled_fastener_subgrade_partial_overlap,67141373,200,train,coupled_fastener_subgrade_partial_overlap,v2_seed67141373,"[{""type"": ""fastener_failure"", ""label"": ""fastener_eta"", ""start_m"": 220.2, ""count"": 1, ""side"": ""right"", ""directions"": ""both"", ""stiffness_factor_eta_k"": 0.95, ""damping_factor_eta_c"": 1.0}, {""type"": ""subgrade_condition"", ""label"": ""subgrade_hardened"", ""start_m"": 220.8, ""count"": 20, ""side"": ""both"", ""directions"": ""vertical"", ""stiffness_factor_eta_k"": 4.9976, ""damping_factor_eta_c"": 1.0}]"
v2n006_seed63640950_v200_baseline,63640950,200,train,baseline,v2_seed63640950,[]
v2n006_seed63640950_v200_fastener,63640950,200,train,fastener,v2_seed63640950,"[{""type"": ""fastener_failure"", ""label"": ""fastener_eta"", ""start_m"": 258.0, ""count"": 12, ""side"": ""both"", ""directions"": ""both"", ""stiffness_factor_eta_k"": 0.85, ""damping_factor_eta_c"": 1.0}]"
v2n006_seed63640950_v200_sleeper_void,63640950,200,train,sleeper_void,v2_seed63640950,"[{""type"": ""sleeper_void"", ""label"": ""sleeper_void"", ""start_m"": 185.4, ""count"": 20, ""side"": ""right"", ""directions"": ""vertical"", ""delta_gap_mm"": 1.294}]"
v2n006_seed63640950_v200_ballast,63640950,200,train,ballast,v2_seed63640950,"[{""type"": ""ballast_condition"", ""label"": ""ballast_softened"", ""start_m"": 181.8, ""count"": 3, ""side"": ""left"", ""directions"": ""vertical"", ""stiffness_factor_eta_k"": 0.3951, ""damping_factor_eta_c"": 1.0}]"
v2n006_seed63640950_v200_subgrade,63640950,200,train,subgrade,v2_seed63640950,"[{""type"": ""subgrade_condition"", ""label"": ""subgrade_softened"", ""start_m"": 266.4, ""count"": 5, ""side"": ""both"", ""directions"": ""vertical"", ""stiffness_factor_eta_k"": 0.7555, ""damping_factor_eta_c"": 1.0}]"
v2n006_seed63640950_v200_coupled_ballast_subgrade_separate,63640950,200,train,coupled_ballast_subgrade_separate,v2_seed63640950,"[{""type"": ""ballast_condition"", ""label"": ""ballast_softened"", ""start_m"": 231.0, ""count"": 5, ""side"": ""right"", ""directions"": ""vertical"", ""stiffness_factor_eta_k"": 0.7318, ""damping_factor_eta_c"": 1.0}, {""type"": ""subgrade_condition"", ""label"": ""subgrade_softened"", ""start_m"": 267.0, ""count"": 40, ""side"": ""left"", ""directions"": ""vertical"", ""stiffness_factor_eta_k"": 0.298, ""damping_factor_eta_c"": 1.0}]"
v2n006_seed63640950_v200_coupled_subgrade_sleeper_void_overlap,63640950,200,train,coupled_subgrade_sleeper_void_overlap,v2_seed63640950,"[{""type"": ""subgrade_condition"", ""label"": ""subgrade_hardened"", ""start_m"": 234.6, ""count"": 8, ""side"": ""left"", ""directions"": ""vertical"", ""stiffness_factor_eta_k"": 1.2118, ""damping_factor_eta_c"": 1.0}, {""type"": ""sleeper_void"", ""label"": ""sleeper_void"", ""start_m"": 234.6, ""count"": 20, ""side"": ""both"", ""directions"": ""vertical"", ""delta_gap_mm"": 0.7}]"
v2n006_seed63640950_v250_baseline,63640950,250,train,baseline,v2_seed63640950,[]
v2n006_seed63640950_v250_sleeper_void,63640950,250,train,sleeper_void,v2_seed63640950,"[{""type"": ""sleeper_void"", ""label"": ""sleeper_void"", ""start_m"": 185.4, ""count"": 20, ""side"": ""right"", ""directions"": ""vertical"", ""delta_gap_mm"": 1.294}]"
v2n006_seed63640950_v250_coupled_ballast_subgrade_separate,63640950,250,train,coupled_ballast_subgrade_separate,v2_seed63640950,"[{""type"": ""ballast_condition"", ""label"": ""ballast_softened"", ""start_m"": 231.0, ""count"": 5, ""side"": ""right"", ""directions"": ""vertical"", ""stiffness_factor_eta_k"": 0.7318, ""damping_factor_eta_c"": 1.0}, {""type"": ""subgrade_condition"", ""label"": ""subgrade_softened"", ""start_m"": 267.0, ""count"": 40, ""side"": ""left"", ""directions"": ""vertical"", ""stiffness_factor_eta_k"": 0.298, ""damping_factor_eta_c"": 1.0}]"
v2n007_seed55708238_v215_baseline,55708238,215,train,baseline,v2_seed55708238,[]
v2n007_seed55708238_v215_fastener,55708238,215,train,fastener,v2_seed55708238,"[{""type"": ""fastener_failure"", ""label"": ""fastener_eta"", ""start_m"": 210.6, ""count"": 20, ""side"": ""left"", ""directions"": ""both"", ""stiffness_factor_eta_k"": 0.9, ""damping_factor_eta_c"": 1.0}]"
v2n007_seed55708238_v215_sleeper_void,55708238,215,train,sleeper_void,v2_seed55708238,"[{""type"": ""sleeper_void"", ""label"": ""sleeper_void"", ""start_m"": 212.4, ""count"": 1, ""side"": ""both"", ""directions"": ""vertical"", ""delta_gap_mm"": 2.327}]"
v2n007_seed55708238_v215_ballast,55708238,215,train,ballast,v2_seed55708238,"[{""type"": ""ballast_condition"", ""label"": ""ballast_softened"", ""start_m"": 170.4, ""count"": 5, ""side"": ""right"", ""directions"": ""vertical"", ""stiffness_factor_eta_k"": 0.8485, ""damping_factor_eta_c"": 1.0}]"
v2n007_seed55708238_v215_subgrade,55708238,215,train,subgrade,v2_seed55708238,"[{""type"": ""subgrade_condition"", ""label"": ""subgrade_hardened"", ""start_m"": 266.4, ""count"": 8, ""side"": ""left"", ""directions"": ""vertical"", ""stiffness_factor_eta_k"": 1.2649, ""damping_factor_eta_c"": 1.0}]"
v2n007_seed55708238_v215_coupled_fastener_ballast_overlap,55708238,215,train,coupled_fastener_ballast_overlap,v2_seed55708238,"[{""type"": ""fastener_failure"", ""label"": ""fastener_eta"", ""start_m"": 220.8, ""count"": 3, ""side"": ""left"", ""directions"": ""both"", ""stiffness_factor_eta_k"": 1.1, ""damping_factor_eta_c"": 1.0}, {""type"": ""ballast_condition"", ""label"": ""ballast_softened"", ""start_m"": 220.8, ""count"": 80, ""side"": ""left"", ""directions"": ""vertical"", ""stiffness_factor_eta_k"": 0.6469, ""damping_factor_eta_c"": 1.0}]"
v2n007_seed55708238_v215_coupled_fastener_sleeper_void_partial_overlap,55708238,215,train,coupled_fastener_sleeper_void_partial_overlap,v2_seed55708238,"[{""type"": ""fastener_failure"", ""label"": ""fastener_eta"", ""start_m"": 196.2, ""count"": 5, ""side"": ""right"", ""directions"": ""both"", ""stiffness_factor_eta_k"": 1.25, ""damping_factor_eta_c"": 1.0}, {""type"": ""sleeper_void"", ""label"": ""sleeper_void"", ""start_m"": 196.8, ""count"": 1, ""side"": ""left"", ""directions"": ""vertical"", ""delta_gap_mm"": 1.139}]"
v2n007_seed55708238_v250_baseline,55708238,250,train,baseline,v2_seed55708238,[]
v2n007_seed55708238_v250_ballast,55708238,250,train,ballast,v2_seed55708238,"[{""type"": ""ballast_condition"", ""label"": ""ballast_softened"", ""start_m"": 170.4, ""count"": 5, ""side"": ""right"", ""directions"": ""vertical"", ""stiffness_factor_eta_k"": 0.8485, ""damping_factor_eta_c"": 1.0}]"
v2n007_seed55708238_v250_coupled_fastener_ballast_overlap,55708238,250,train,coupled_fastener_ballast_overlap,v2_seed55708238,"[{""type"": ""fastener_failure"", ""label"": ""fastener_eta"", ""start_m"": 220.8, ""count"": 3, ""side"": ""left"", ""directions"": ""both"", ""stiffness_factor_eta_k"": 1.1, ""damping_factor_eta_c"": 1.0}, {""type"": ""ballast_condition"", ""label"": ""ballast_softened"", ""start_m"": 220.8, ""count"": 80, ""side"": ""left"", ""directions"": ""vertical"", ""stiffness_factor_eta_k"": 0.6469, ""damping_factor_eta_c"": 1.0}]"
v2n008_seed52495558_v250_baseline,52495558,250,test,baseline,v2_seed52495558,[]
v2n008_seed52495558_v250_fastener,52495558,250,test,fastener,v2_seed52495558,"[{""type"": ""fastener_failure"", ""label"": ""fastener_eta"", ""start_m"": 248.4, ""count"": 1, ""side"": ""right"", ""directions"": ""both"", ""stiffness_factor_eta_k"": 0.95, ""damping_factor_eta_c"": 1.0}]"
v2n008_seed52495558_v250_sleeper_void,52495558,250,test,sleeper_void,v2_seed52495558,"[{""type"": ""sleeper_void"", ""label"": ""sleeper_void"", ""start_m"": 240.6, ""count"": 2, ""side"": ""left"", ""directions"": ""vertical"", ""delta_gap_mm"": 0.365}]"
v2n008_seed52495558_v250_ballast,52495558,250,test,ballast,v2_seed52495558,"[{""type"": ""ballast_condition"", ""label"": ""ballast_hardened"", ""start_m"": 288.6, ""count"": 8, ""side"": ""both"", ""directions"": ""vertical"", ""stiffness_factor_eta_k"": 1.1637, ""damping_factor_eta_c"": 1.0}]"
v2n008_seed52495558_v250_subgrade,52495558,250,test,subgrade,v2_seed52495558,"[{""type"": ""subgrade_condition"", ""label"": ""subgrade_hardened"", ""start_m"": 201.0, ""count"": 12, ""side"": ""right"", ""directions"": ""vertical"", ""stiffness_factor_eta_k"": 1.7861, ""damping_factor_eta_c"": 1.0}]"
v2n008_seed52495558_v250_coupled_fastener_subgrade_partial_overlap,52495558,250,test,coupled_fastener_subgrade_partial_overlap,v2_seed52495558,"[{""type"": ""fastener_failure"", ""label"": ""fastener_eta"", ""start_m"": 190.8, ""count"": 5, ""side"": ""right"", ""directions"": ""both"", ""stiffness_factor_eta_k"": 1.25, ""damping_factor_eta_c"": 1.0}, {""type"": ""subgrade_condition"", ""label"": ""subgrade_softened"", ""start_m"": 191.4, ""count"": 3, ""side"": ""both"", ""directions"": ""vertical"", ""stiffness_factor_eta_k"": 0.9419, ""damping_factor_eta_c"": 1.0}]"
v2n008_seed52495558_v250_coupled_ballast_sleeper_void_separate,52495558,250,test,coupled_ballast_sleeper_void_separate,v2_seed52495558,"[{""type"": ""ballast_condition"", ""label"": ""ballast_hardened"", ""start_m"": 203.4, ""count"": 20, ""side"": ""right"", ""directions"": ""vertical"", ""stiffness_factor_eta_k"": 6.7684, ""damping_factor_eta_c"": 1.0}, {""type"": ""sleeper_void"", ""label"": ""sleeper_void"", ""start_m"": 227.4, ""count"": 2, ""side"": ""right"", ""directions"": ""vertical"", ""delta_gap_mm"": 2.372}]"
v2n008_seed52495558_v200_baseline,52495558,200,test,baseline,v2_seed52495558,[]
v2n008_seed52495558_v200_subgrade,52495558,200,test,subgrade,v2_seed52495558,"[{""type"": ""subgrade_condition"", ""label"": ""subgrade_hardened"", ""start_m"": 201.0, ""count"": 12, ""side"": ""right"", ""directions"": ""vertical"", ""stiffness_factor_eta_k"": 1.7861, ""damping_factor_eta_c"": 1.0}]"
v2n008_seed52495558_v200_coupled_fastener_subgrade_partial_overlap,52495558,200,test,coupled_fastener_subgrade_partial_overlap,v2_seed52495558,"[{""type"": ""fastener_failure"", ""label"": ""fastener_eta"", ""start_m"": 190.8, ""count"": 5, ""side"": ""right"", ""directions"": ""both"", ""stiffness_factor_eta_k"": 1.25, ""damping_factor_eta_c"": 1.0}, {""type"": ""subgrade_condition"", ""label"": ""subgrade_softened"", ""start_m"": 191.4, ""count"": 3, ""side"": ""both"", ""directions"": ""vertical"", ""stiffness_factor_eta_k"": 0.9419, ""damping_factor_eta_c"": 1.0}]"
v2n009_seed95135943_v160_baseline,95135943,160,train,baseline,v2_seed95135943,[]
v2n009_seed95135943_v160_fastener,95135943,160,train,fastener,v2_seed95135943,"[{""type"": ""fastener_failure"", ""label"": ""fastener_eta"", ""start_m"": 283.8, ""count"": 2, ""side"": ""both"", ""directions"": ""both"", ""stiffness_factor_eta_k"": 1.05, ""damping_factor_eta_c"": 1.0}]"
v2n009_seed95135943_v160_sleeper_void,95135943,160,train,sleeper_void,v2_seed95135943,"[{""type"": ""sleeper_void"", ""label"": ""sleeper_void"", ""start_m"": 196.2, ""count"": 3, ""side"": ""right"", ""directions"": ""vertical"", ""delta_gap_mm"": 0.81}]"
v2n009_seed95135943_v160_ballast,95135943,160,train,ballast,v2_seed95135943,"[{""type"": ""ballast_condition"", ""label"": ""ballast_hardened"", ""start_m"": 214.2, ""count"": 12, ""side"": ""left"", ""directions"": ""vertical"", ""stiffness_factor_eta_k"": 1.8355, ""damping_factor_eta_c"": 1.0}]"
v2n009_seed95135943_v160_subgrade,95135943,160,train,subgrade,v2_seed95135943,"[{""type"": ""subgrade_condition"", ""label"": ""subgrade_hardened"", ""start_m"": 157.2, ""count"": 20, ""side"": ""both"", ""directions"": ""vertical"", ""stiffness_factor_eta_k"": 3.9325, ""damping_factor_eta_c"": 1.0}]"
v2n009_seed95135943_v160_coupled_ballast_subgrade_separate,95135943,160,train,coupled_ballast_subgrade_separate,v2_seed95135943,"[{""type"": ""ballast_condition"", ""label"": ""ballast_hardened"", ""start_m"": 183.0, ""count"": 20, ""side"": ""right"", ""directions"": ""vertical"", ""stiffness_factor_eta_k"": 4.9369, ""damping_factor_eta_c"": 1.0}, {""type"": ""subgrade_condition"", ""label"": ""subgrade_hardened"", ""start_m"": 207.0, ""count"": 5, ""side"": ""left"", ""directions"": ""vertical"", ""stiffness_factor_eta_k"": 1.1372, ""damping_factor_eta_c"": 1.0}]"
v2n009_seed95135943_v160_coupled_subgrade_sleeper_void_overlap,95135943,160,train,coupled_subgrade_sleeper_void_overlap,v2_seed95135943,"[{""type"": ""subgrade_condition"", ""label"": ""subgrade_softened"", ""start_m"": 210.0, ""count"": 40, ""side"": ""left"", ""directions"": ""vertical"", ""stiffness_factor_eta_k"": 0.2857, ""damping_factor_eta_c"": 1.0}, {""type"": ""sleeper_void"", ""label"": ""sleeper_void"", ""start_m"": 210.0, ""count"": 3, ""side"": ""both"", ""directions"": ""vertical"", ""delta_gap_mm"": 0.332}]"
v2n009_seed95135943_v200_baseline,95135943,200,train,baseline,v2_seed95135943,[]
v2n009_seed95135943_v200_fastener,95135943,200,train,fastener,v2_seed95135943,"[{""type"": ""fastener_failure"", ""label"": ""fastener_eta"", ""start_m"": 283.8, ""count"": 2, ""side"": ""both"", ""directions"": ""both"", ""stiffness_factor_eta_k"": 1.05, ""damping_factor_eta_c"": 1.0}]"
v2n009_seed95135943_v200_coupled_ballast_subgrade_separate,95135943,200,train,coupled_ballast_subgrade_separate,v2_seed95135943,"[{""type"": ""ballast_condition"", ""label"": ""ballast_hardened"", ""start_m"": 183.0, ""count"": 20, ""side"": ""right"", ""directions"": ""vertical"", ""stiffness_factor_eta_k"": 4.9369, ""damping_factor_eta_c"": 1.0}, {""type"": ""subgrade_condition"", ""label"": ""subgrade_hardened"", ""start_m"": 207.0, ""count"": 5, ""side"": ""left"", ""directions"": ""vertical"", ""stiffness_factor_eta_k"": 1.1372, ""damping_factor_eta_c"": 1.0}]"
v2n010_seed44767364_v200_baseline,44767364,200,val,baseline,v2_seed44767364,[]
v2n010_seed44767364_v200_fastener,44767364,200,val,fastener,v2_seed44767364,"[{""type"": ""fastener_failure"", ""label"": ""fastener_eta"", ""start_m"": 259.2, ""count"": 3, ""side"": ""left"", ""directions"": ""both"", ""stiffness_factor_eta_k"": 1.1, ""damping_factor_eta_c"": 1.0}]"
v2n010_seed44767364_v200_sleeper_void,44767364,200,val,sleeper_void,v2_seed44767364,"[{""type"": ""sleeper_void"", ""label"": ""sleeper_void"", ""start_m"": 159.0, ""count"": 5, ""side"": ""both"", ""directions"": ""vertical"", ""delta_gap_mm"": 1.976}]"
v2n010_seed44767364_v200_ballast,44767364,200,val,ballast,v2_seed44767364,"[{""type"": ""ballast_condition"", ""label"": ""ballast_hardened"", ""start_m"": 242.4, ""count"": 20, ""side"": ""right"", ""directions"": ""vertical"", ""stiffness_factor_eta_k"": 6.1327, ""damping_factor_eta_c"": 1.0}]"
v2n010_seed44767364_v200_subgrade,44767364,200,val,subgrade,v2_seed44767364,"[{""type"": ""subgrade_condition"", ""label"": ""subgrade_softened"", ""start_m"": 219.6, ""count"": 40, ""side"": ""left"", ""directions"": ""vertical"", ""stiffness_factor_eta_k"": 0.1761, ""damping_factor_eta_c"": 1.0}]"
v2n010_seed44767364_v200_coupled_fastener_ballast_overlap,44767364,200,val,coupled_fastener_ballast_overlap,v2_seed44767364,"[{""type"": ""fastener_failure"", ""label"": ""fastener_eta"", ""start_m"": 210.6, ""count"": 12, ""side"": ""left"", ""directions"": ""both"", ""stiffness_factor_eta_k"": 0.1, ""damping_factor_eta_c"": 1.0}, {""type"": ""ballast_condition"", ""label"": ""ballast_hardened"", ""start_m"": 210.6, ""count"": 8, ""side"": ""left"", ""directions"": ""vertical"", ""stiffness_factor_eta_k"": 2.9333, ""damping_factor_eta_c"": 1.0}]"
v2n010_seed44767364_v200_coupled_fastener_sleeper_void_partial_overlap,44767364,200,val,coupled_fastener_sleeper_void_partial_overlap,v2_seed44767364,"[{""type"": ""fastener_failure"", ""label"": ""fastener_eta"", ""start_m"": 213.0, ""count"": 20, ""side"": ""right"", ""directions"": ""both"", ""stiffness_factor_eta_k"": 0.25, ""damping_factor_eta_c"": 1.0}, {""type"": ""sleeper_void"", ""label"": ""sleeper_void"", ""start_m"": 214.2, ""count"": 5, ""side"": ""left"", ""directions"": ""vertical"", ""delta_gap_mm"": 0.95}]"
v2n010_seed44767364_v250_baseline,44767364,250,val,baseline,v2_seed44767364,[]
v2n010_seed44767364_v250_sleeper_void,44767364,250,val,sleeper_void,v2_seed44767364,"[{""type"": ""sleeper_void"", ""label"": ""sleeper_void"", ""start_m"": 159.0, ""count"": 5, ""side"": ""both"", ""directions"": ""vertical"", ""delta_gap_mm"": 1.976}]"
v2n010_seed44767364_v250_coupled_fastener_ballast_overlap,44767364,250,val,coupled_fastener_ballast_overlap,v2_seed44767364,"[{""type"": ""fastener_failure"", ""label"": ""fastener_eta"", ""start_m"": 210.6, ""count"": 12, ""side"": ""left"", ""directions"": ""both"", ""stiffness_factor_eta_k"": 0.1, ""damping_factor_eta_c"": 1.0}, {""type"": ""ballast_condition"", ""label"": ""ballast_hardened"", ""start_m"": 210.6, ""count"": 8, ""side"": ""left"", ""directions"": ""vertical"", ""stiffness_factor_eta_k"": 2.9333, ""damping_factor_eta_c"": 1.0}]"
v2n011_seed43137453_v215_baseline,43137453,215,train,baseline,v2_seed43137453,[]
v2n011_seed43137453_v215_fastener,43137453,215,train,fastener,v2_seed43137453,"[{""type"": ""fastener_failure"", ""label"": ""fastener_eta"", ""start_m"": 175.2, ""count"": 5, ""side"": ""right"", ""directions"": ""both"", ""stiffness_factor_eta_k"": 1.25, ""damping_factor_eta_c"": 1.0}]"
v2n011_seed43137453_v215_sleeper_void,43137453,215,train,sleeper_void,v2_seed43137453,"[{""type"": ""sleeper_void"", ""label"": ""sleeper_void"", ""start_m"": 259.8, ""count"": 8, ""side"": ""left"", ""directions"": ""vertical"", ""delta_gap_mm"": 2.944}]"
v2n011_seed43137453_v215_ballast,43137453,215,train,ballast,v2_seed43137453,"[{""type"": ""ballast_condition"", ""label"": ""ballast_softened"", ""start_m"": 172.8, ""count"": 40, ""side"": ""both"", ""directions"": ""vertical"", ""stiffness_factor_eta_k"": 0.1934, ""damping_factor_eta_c"": 1.0}]"
v2n011_seed43137453_v215_subgrade,43137453,215,train,subgrade,v2_seed43137453,"[{""type"": ""subgrade_condition"", ""label"": ""subgrade_softened"", ""start_m"": 153.6, ""count"": 80, ""side"": ""right"", ""directions"": ""vertical"", ""stiffness_factor_eta_k"": 0.609, ""damping_factor_eta_c"": 1.0}]"
v2n011_seed43137453_v215_coupled_fastener_subgrade_partial_overlap,43137453,215,train,coupled_fastener_subgrade_partial_overlap,v2_seed43137453,"[{""type"": ""fastener_failure"", ""label"": ""fastener_eta"", ""start_m"": 229.2, ""count"": 20, ""side"": ""right"", ""directions"": ""both"", ""stiffness_factor_eta_k"": 0.25, ""damping_factor_eta_c"": 1.0}, {""type"": ""subgrade_condition"", ""label"": ""subgrade_hardened"", ""start_m"": 232.8, ""count"": 12, ""side"": ""both"", ""directions"": ""vertical"", ""stiffness_factor_eta_k"": 6.9758, ""damping_factor_eta_c"": 1.0}]"
v2n011_seed43137453_v215_coupled_ballast_sleeper_void_separate,43137453,215,train,coupled_ballast_sleeper_void_separate,v2_seed43137453,"[{""type"": ""ballast_condition"", ""label"": ""ballast_softened"", ""start_m"": 231.6, ""count"": 3, ""side"": ""right"", ""directions"": ""vertical"", ""stiffness_factor_eta_k"": 0.8402, ""damping_factor_eta_c"": 1.0}, {""type"": ""sleeper_void"", ""label"": ""sleeper_void"", ""start_m"": 248.4, ""count"": 8, ""side"": ""right"", ""directions"": ""vertical"", ""delta_gap_mm"": 1.412}]"
v2n011_seed43137453_v250_baseline,43137453,250,train,baseline,v2_seed43137453,[]
v2n011_seed43137453_v250_ballast,43137453,250,train,ballast,v2_seed43137453,"[{""type"": ""ballast_condition"", ""label"": ""ballast_softened"", ""start_m"": 172.8, ""count"": 40, ""side"": ""both"", ""directions"": ""vertical"", ""stiffness_factor_eta_k"": 0.1934, ""damping_factor_eta_c"": 1.0}]"
v2n011_seed43137453_v250_coupled_fastener_subgrade_partial_overlap,43137453,250,train,coupled_fastener_subgrade_partial_overlap,v2_seed43137453,"[{""type"": ""fastener_failure"", ""label"": ""fastener_eta"", ""start_m"": 229.2, ""count"": 20, ""side"": ""right"", ""directions"": ""both"", ""stiffness_factor_eta_k"": 0.25, ""damping_factor_eta_c"": 1.0}, {""type"": ""subgrade_condition"", ""label"": ""subgrade_hardened"", ""start_m"": 232.8, ""count"": 12, ""side"": ""both"", ""directions"": ""vertical"", ""stiffness_factor_eta_k"": 6.9758, ""damping_factor_eta_c"": 1.0}]"
v2n012_seed45006873_v250_baseline,45006873,250,train,baseline,v2_seed45006873,[]
v2n012_seed45006873_v250_fastener,45006873,250,train,fastener,v2_seed45006873,"[{""type"": ""fastener_failure"", ""label"": ""fastener_eta"", ""start_m"": 257.4, ""count"": 8, ""side"": ""both"", ""directions"": ""both"", ""stiffness_factor_eta_k"": 0.0, ""damping_factor_eta_c"": 1.0}]"
v2n012_seed45006873_v250_sleeper_void,45006873,250,train,sleeper_void,v2_seed45006873,"[{""type"": ""sleeper_void"", ""label"": ""sleeper_void"", ""start_m"": 189.6, ""count"": 12, ""side"": ""right"", ""directions"": ""vertical"", ""delta_gap_mm"": 0.479}]"
v2n012_seed45006873_v250_ballast,45006873,250,train,ballast,v2_seed45006873,"[{""type"": ""ballast_condition"", ""label"": ""ballast_softened"", ""start_m"": 167.4, ""count"": 80, ""side"": ""left"", ""directions"": ""vertical"", ""stiffness_factor_eta_k"": 0.5882, ""damping_factor_eta_c"": 1.0}]"
v2n012_seed45006873_v250_subgrade,45006873,250,train,subgrade,v2_seed45006873,"[{""type"": ""subgrade_condition"", ""label"": ""subgrade_softened"", ""start_m"": 199.8, ""count"": 3, ""side"": ""both"", ""directions"": ""vertical"", ""stiffness_factor_eta_k"": 0.8056, ""damping_factor_eta_c"": 1.0}]"
v2n012_seed45006873_v250_coupled_ballast_subgrade_separate,45006873,250,train,coupled_ballast_subgrade_separate,v2_seed45006873,"[{""type"": ""ballast_condition"", ""label"": ""ballast_softened"", ""start_m"": 192.6, ""count"": 3, ""side"": ""right"", ""directions"": ""vertical"", ""stiffness_factor_eta_k"": 0.7921, ""damping_factor_eta_c"": 1.0}, {""type"": ""subgrade_condition"", ""label"": ""subgrade_softened"", ""start_m"": 216.6, ""count"": 20, ""side"": ""left"", ""directions"": ""vertical"", ""stiffness_factor_eta_k"": 0.2226, ""damping_factor_eta_c"": 1.0}]"
v2n012_seed45006873_v250_coupled_subgrade_sleeper_void_overlap,45006873,250,train,coupled_subgrade_sleeper_void_overlap,v2_seed45006873,"[{""type"": ""subgrade_condition"", ""label"": ""subgrade_hardened"", ""start_m"": 207.6, ""count"": 5, ""side"": ""left"", ""directions"": ""vertical"", ""stiffness_factor_eta_k"": 1.2151, ""damping_factor_eta_c"": 1.0}, {""type"": ""sleeper_void"", ""label"": ""sleeper_void"", ""start_m"": 207.6, ""count"": 12, ""side"": ""both"", ""directions"": ""vertical"", ""delta_gap_mm"": 3.389}]"
v2n012_seed45006873_v200_baseline,45006873,200,train,baseline,v2_seed45006873,[]
v2n012_seed45006873_v200_subgrade,45006873,200,train,subgrade,v2_seed45006873,"[{""type"": ""subgrade_condition"", ""label"": ""subgrade_softened"", ""start_m"": 199.8, ""count"": 3, ""side"": ""both"", ""directions"": ""vertical"", ""stiffness_factor_eta_k"": 0.8056, ""damping_factor_eta_c"": 1.0}]"
v2n012_seed45006873_v200_coupled_ballast_subgrade_separate,45006873,200,train,coupled_ballast_subgrade_separate,v2_seed45006873,"[{""type"": ""ballast_condition"", ""label"": ""ballast_softened"", ""start_m"": 192.6, ""count"": 3, ""side"": ""right"", ""directions"": ""vertical"", ""stiffness_factor_eta_k"": 0.7921, ""damping_factor_eta_c"": 1.0}, {""type"": ""subgrade_condition"", ""label"": ""subgrade_softened"", ""start_m"": 216.6, ""count"": 20, ""side"": ""left"", ""directions"": ""vertical"", ""stiffness_factor_eta_k"": 0.2226, ""damping_factor_eta_c"": 1.0}]"
v2n013_seed48962287_v160_baseline,48962287,160,train,baseline,v2_seed48962287,[]
v2n013_seed48962287_v160_fastener,48962287,160,train,fastener,v2_seed48962287,"[{""type"": ""fastener_failure"", ""label"": ""fastener_eta"", ""start_m"": 165.6, ""count"": 12, ""side"": ""left"", ""directions"": ""both"", ""stiffness_factor_eta_k"": 0.1, ""damping_factor_eta_c"": 1.0}]"
v2n013_seed48962287_v160_sleeper_void,48962287,160,train,sleeper_void,v2_seed48962287,"[{""type"": ""sleeper_void"", ""label"": ""sleeper_void"", ""start_m"": 169.2, ""count"": 20, ""side"": ""both"", ""directions"": ""vertical"", ""delta_gap_mm"": 0.901}]"
v2n013_seed48962287_v160_ballast,48962287,160,train,ballast,v2_seed48962287,"[{""type"": ""ballast_condition"", ""label"": ""ballast_softened"", ""start_m"": 204.0, ""count"": 3, ""side"": ""right"", ""directions"": ""vertical"", ""stiffness_factor_eta_k"": 0.7518, ""damping_factor_eta_c"": 1.0}]"
v2n013_seed48962287_v160_subgrade,48962287,160,train,subgrade,v2_seed48962287,"[{""type"": ""subgrade_condition"", ""label"": ""subgrade_hardened"", ""start_m"": 216.6, ""count"": 5, ""side"": ""left"", ""directions"": ""vertical"", ""stiffness_factor_eta_k"": 1.2855, ""damping_factor_eta_c"": 1.0}]"
v2n013_seed48962287_v160_coupled_fastener_ballast_overlap,48962287,160,train,coupled_fastener_ballast_overlap,v2_seed48962287,"[{""type"": ""fastener_failure"", ""label"": ""fastener_eta"", ""start_m"": 201.6, ""count"": 2, ""side"": ""left"", ""directions"": ""both"", ""stiffness_factor_eta_k"": 0.75, ""damping_factor_eta_c"": 1.0}, {""type"": ""ballast_condition"", ""label"": ""ballast_softened"", ""start_m"": 201.6, ""count"": 40, ""side"": ""left"", ""directions"": ""vertical"", ""stiffness_factor_eta_k"": 0.514, ""damping_factor_eta_c"": 1.0}]"
v2n013_seed48962287_v160_coupled_fastener_sleeper_void_partial_overlap,48962287,160,train,coupled_fastener_sleeper_void_partial_overlap,v2_seed48962287,"[{""type"": ""fastener_failure"", ""label"": ""fastener_eta"", ""start_m"": 208.2, ""count"": 3, ""side"": ""right"", ""directions"": ""both"", ""stiffness_factor_eta_k"": 0.85, ""damping_factor_eta_c"": 1.0}, {""type"": ""sleeper_void"", ""label"": ""sleeper_void"", ""start_m"": 208.8, ""count"": 20, ""side"": ""left"", ""directions"": ""vertical"", ""delta_gap_mm"": 0.154}]"
v2n013_seed48962287_v200_baseline,48962287,200,train,baseline,v2_seed48962287,[]
v2n013_seed48962287_v200_fastener,48962287,200,train,fastener,v2_seed48962287,"[{""type"": ""fastener_failure"", ""label"": ""fastener_eta"", ""start_m"": 165.6, ""count"": 12, ""side"": ""left"", ""directions"": ""both"", ""stiffness_factor_eta_k"": 0.1, ""damping_factor_eta_c"": 1.0}]"
v2n013_seed48962287_v200_coupled_fastener_ballast_overlap,48962287,200,train,coupled_fastener_ballast_overlap,v2_seed48962287,"[{""type"": ""fastener_failure"", ""label"": ""fastener_eta"", ""start_m"": 201.6, ""count"": 2, ""side"": ""left"", ""directions"": ""both"", ""stiffness_factor_eta_k"": 0.75, ""damping_factor_eta_c"": 1.0}, {""type"": ""ballast_condition"", ""label"": ""ballast_softened"", ""start_m"": 201.6, ""count"": 40, ""side"": ""left"", ""directions"": ""vertical"", ""stiffness_factor_eta_k"": 0.514, ""damping_factor_eta_c"": 1.0}]"
v2n014_seed79119183_v200_baseline,79119183,200,train,baseline,v2_seed79119183,[]
v2n014_seed79119183_v200_fastener,79119183,200,train,fastener,v2_seed79119183,"[{""type"": ""fastener_failure"", ""label"": ""fastener_eta"", ""start_m"": 283.2, ""count"": 20, ""side"": ""right"", ""directions"": ""both"", ""stiffness_factor_eta_k"": 0.25, ""damping_factor_eta_c"": 1.0}]"
v2n014_seed79119183_v200_sleeper_void,79119183,200,train,sleeper_void,v2_seed79119183,"[{""type"": ""sleeper_void"", ""label"": ""sleeper_void"", ""start_m"": 289.2, ""count"": 1, ""side"": ""left"", ""directions"": ""vertical"", ""delta_gap_mm"": 1.64}]"
v2n014_seed79119183_v200_ballast,79119183,200,train,ballast,v2_seed79119183,"[{""type"": ""ballast_condition"", ""label"": ""ballast_hardened"", ""start_m"": 158.4, ""count"": 5, ""side"": ""both"", ""directions"": ""vertical"", ""stiffness_factor_eta_k"": 1.2949, ""damping_factor_eta_c"": 1.0}]"
v2n014_seed79119183_v200_subgrade,79119183,200,train,subgrade,v2_seed79119183,"[{""type"": ""subgrade_condition"", ""label"": ""subgrade_hardened"", ""start_m"": 277.8, ""count"": 8, ""side"": ""right"", ""directions"": ""vertical"", ""stiffness_factor_eta_k"": 1.5242, ""damping_factor_eta_c"": 1.0}]"
v2n014_seed79119183_v200_coupled_fastener_subgrade_partial_overlap,79119183,200,train,coupled_fastener_subgrade_partial_overlap,v2_seed79119183,"[{""type"": ""fastener_failure"", ""label"": ""fastener_eta"", ""start_m"": 207.0, ""count"": 3, ""side"": ""right"", ""directions"": ""both"", ""stiffness_factor_eta_k"": 0.85, ""damping_factor_eta_c"": 1.0}, {""type"": ""subgrade_condition"", ""label"": ""subgrade_softened"", ""start_m"": 207.6, ""count"": 80, ""side"": ""both"", ""directions"": ""vertical"", ""stiffness_factor_eta_k"": 0.8973, ""damping_factor_eta_c"": 1.0}]"
v2n014_seed79119183_v200_coupled_ballast_sleeper_void_separate,79119183,200,train,coupled_ballast_sleeper_void_separate,v2_seed79119183,"[{""type"": ""ballast_condition"", ""label"": ""ballast_hardened"", ""start_m"": 231.6, ""count"": 12, ""side"": ""right"", ""directions"": ""vertical"", ""stiffness_factor_eta_k"": 3.2841, ""damping_factor_eta_c"": 1.0}, {""type"": ""sleeper_void"", ""label"": ""sleeper_void"", ""start_m"": 250.8, ""count"": 1, ""side"": ""right"", ""directions"": ""vertical"", ""delta_gap_mm"": 0.797}]"
v2n014_seed79119183_v250_baseline,79119183,250,train,baseline,v2_seed79119183,[]
v2n014_seed79119183_v250_sleeper_void,79119183,250,train,sleeper_void,v2_seed79119183,"[{""type"": ""sleeper_void"", ""label"": ""sleeper_void"", ""start_m"": 289.2, ""count"": 1, ""side"": ""left"", ""directions"": ""vertical"", ""delta_gap_mm"": 1.64}]"
v2n014_seed79119183_v250_coupled_fastener_subgrade_partial_overlap,79119183,250,train,coupled_fastener_subgrade_partial_overlap,v2_seed79119183,"[{""type"": ""fastener_failure"", ""label"": ""fastener_eta"", ""start_m"": 207.0, ""count"": 3, ""side"": ""right"", ""directions"": ""both"", ""stiffness_factor_eta_k"": 0.85, ""damping_factor_eta_c"": 1.0}, {""type"": ""subgrade_condition"", ""label"": ""subgrade_softened"", ""start_m"": 207.6, ""count"": 80, ""side"": ""both"", ""directions"": ""vertical"", ""stiffness_factor_eta_k"": 0.8973, ""damping_factor_eta_c"": 1.0}]"
v2n015_seed67002554_v215_baseline,67002554,215,val,baseline,v2_seed67002554,[]
v2n015_seed67002554_v215_fastener,67002554,215,val,fastener,v2_seed67002554,"[{""type"": ""fastener_failure"", ""label"": ""fastener_eta"", ""start_m"": 297.6, ""count"": 1, ""side"": ""both"", ""directions"": ""both"", ""stiffness_factor_eta_k"": 0.5, ""damping_factor_eta_c"": 1.0}]"
v2n015_seed67002554_v215_sleeper_void,67002554,215,val,sleeper_void,v2_seed67002554,"[{""type"": ""sleeper_void"", ""label"": ""sleeper_void"", ""start_m"": 292.8, ""count"": 2, ""side"": ""right"", ""directions"": ""vertical"", ""delta_gap_mm"": 3.109}]"
v2n015_seed67002554_v215_ballast,67002554,215,val,ballast,v2_seed67002554,"[{""type"": ""ballast_condition"", ""label"": ""ballast_hardened"", ""start_m"": 170.4, ""count"": 8, ""side"": ""left"", ""directions"": ""vertical"", ""stiffness_factor_eta_k"": 1.5972, ""damping_factor_eta_c"": 1.0}]"
v2n015_seed67002554_v215_subgrade,67002554,215,val,subgrade,v2_seed67002554,"[{""type"": ""subgrade_condition"", ""label"": ""subgrade_hardened"", ""start_m"": 294.0, ""count"": 12, ""side"": ""both"", ""directions"": ""vertical"", ""stiffness_factor_eta_k"": 3.9467, ""damping_factor_eta_c"": 1.0}]"
v2n015_seed67002554_v215_coupled_ballast_subgrade_separate,67002554,215,val,coupled_ballast_subgrade_separate,v2_seed67002554,"[{""type"": ""ballast_condition"", ""label"": ""ballast_hardened"", ""start_m"": 203.4, ""count"": 12, ""side"": ""right"", ""directions"": ""vertical"", ""stiffness_factor_eta_k"": 3.3307, ""damping_factor_eta_c"": 1.0}, {""type"": ""subgrade_condition"", ""label"": ""subgrade_hardened"", ""start_m"": 222.6, ""count"": 3, ""side"": ""left"", ""directions"": ""vertical"", ""stiffness_factor_eta_k"": 1.1621, ""damping_factor_eta_c"": 1.0}]"
v2n015_seed67002554_v215_coupled_subgrade_sleeper_void_overlap,67002554,215,val,coupled_subgrade_sleeper_void_overlap,v2_seed67002554,"[{""type"": ""subgrade_condition"", ""label"": ""subgrade_softened"", ""start_m"": 231.6, ""count"": 20, ""side"": ""left"", ""directions"": ""vertical"", ""stiffness_factor_eta_k"": 0.191, ""damping_factor_eta_c"": 1.0}, {""type"": ""sleeper_void"", ""label"": ""sleeper_void"", ""start_m"": 231.6, ""count"": 2, ""side"": ""both"", ""directions"": ""vertical"", ""delta_gap_mm"": 1.374}]"
v2n015_seed67002554_v250_baseline,67002554,250,val,baseline,v2_seed67002554,[]
v2n015_seed67002554_v250_ballast,67002554,250,val,ballast,v2_seed67002554,"[{""type"": ""ballast_condition"", ""label"": ""ballast_hardened"", ""start_m"": 170.4, ""count"": 8, ""side"": ""left"", ""directions"": ""vertical"", ""stiffness_factor_eta_k"": 1.5972, ""damping_factor_eta_c"": 1.0}]"
v2n015_seed67002554_v250_coupled_ballast_subgrade_separate,67002554,250,val,coupled_ballast_subgrade_separate,v2_seed67002554,"[{""type"": ""ballast_condition"", ""label"": ""ballast_hardened"", ""start_m"": 203.4, ""count"": 12, ""side"": ""right"", ""directions"": ""vertical"", ""stiffness_factor_eta_k"": 3.3307, ""damping_factor_eta_c"": 1.0}, {""type"": ""subgrade_condition"", ""label"": ""subgrade_hardened"", ""start_m"": 222.6, ""count"": 3, ""side"": ""left"", ""directions"": ""vertical"", ""stiffness_factor_eta_k"": 1.1621, ""damping_factor_eta_c"": 1.0}]"
v2n016_seed77509401_v250_baseline,77509401,250,train,baseline,v2_seed77509401,[]
v2n016_seed77509401_v250_fastener,77509401,250,train,fastener,v2_seed77509401,"[{""type"": ""fastener_failure"", ""label"": ""fastener_eta"", ""start_m"": 250.8, ""count"": 2, ""side"": ""left"", ""directions"": ""both"", ""stiffness_factor_eta_k"": 0.75, ""damping_factor_eta_c"": 1.0}]"
v2n016_seed77509401_v250_sleeper_void,77509401,250,train,sleeper_void,v2_seed77509401,"[{""type"": ""sleeper_void"", ""label"": ""sleeper_void"", ""start_m"": 223.2, ""count"": 3, ""side"": ""both"", ""directions"": ""vertical"", ""delta_gap_mm"": 0.287}]"
v2n016_seed77509401_v250_ballast,77509401,250,train,ballast,v2_seed77509401,"[{""type"": ""ballast_condition"", ""label"": ""ballast_hardened"", ""start_m"": 228.0, ""count"": 12, ""side"": ""right"", ""directions"": ""vertical"", ""stiffness_factor_eta_k"": 5.3212, ""damping_factor_eta_c"": 1.0}]"
v2n016_seed77509401_v250_subgrade,77509401,250,train,subgrade,v2_seed77509401,"[{""type"": ""subgrade_condition"", ""label"": ""subgrade_softened"", ""start_m"": 272.4, ""count"": 20, ""side"": ""left"", ""directions"": ""vertical"", ""stiffness_factor_eta_k"": 0.1914, ""damping_factor_eta_c"": 1.0}]"
v2n016_seed77509401_v250_coupled_fastener_ballast_overlap,77509401,250,train,coupled_fastener_ballast_overlap,v2_seed77509401,"[{""type"": ""fastener_failure"", ""label"": ""fastener_eta"", ""start_m"": 219.0, ""count"": 8, ""side"": ""left"", ""directions"": ""both"", ""stiffness_factor_eta_k"": 0.95, ""damping_factor_eta_c"": 1.0}, {""type"": ""ballast_condition"", ""label"": ""ballast_hardened"", ""start_m"": 219.0, ""count"": 5, ""side"": ""left"", ""directions"": ""vertical"", ""stiffness_factor_eta_k"": 2.3411, ""damping_factor_eta_c"": 1.0}]"
v2n016_seed77509401_v250_coupled_fastener_sleeper_void_partial_overlap,77509401,250,train,coupled_fastener_sleeper_void_partial_overlap,v2_seed77509401,"[{""type"": ""fastener_failure"", ""label"": ""fastener_eta"", ""start_m"": 210.6, ""count"": 12, ""side"": ""right"", ""directions"": ""both"", ""stiffness_factor_eta_k"": 1.05, ""damping_factor_eta_c"": 1.0}, {""type"": ""sleeper_void"", ""label"": ""sleeper_void"", ""start_m"": 211.2, ""count"": 3, ""side"": ""left"", ""directions"": ""vertical"", ""delta_gap_mm"": 2.845}]"
v2n016_seed77509401_v200_baseline,77509401,200,train,baseline,v2_seed77509401,[]
v2n016_seed77509401_v200_subgrade,77509401,200,train,subgrade,v2_seed77509401,"[{""type"": ""subgrade_condition"", ""label"": ""subgrade_softened"", ""start_m"": 272.4, ""count"": 20, ""side"": ""left"", ""directions"": ""vertical"", ""stiffness_factor_eta_k"": 0.1914, ""damping_factor_eta_c"": 1.0}]"
v2n016_seed77509401_v200_coupled_fastener_ballast_overlap,77509401,200,train,coupled_fastener_ballast_overlap,v2_seed77509401,"[{""type"": ""fastener_failure"", ""label"": ""fastener_eta"", ""start_m"": 219.0, ""count"": 8, ""side"": ""left"", ""directions"": ""both"", ""stiffness_factor_eta_k"": 0.95, ""damping_factor_eta_c"": 1.0}, {""type"": ""ballast_condition"", ""label"": ""ballast_hardened"", ""start_m"": 219.0, ""count"": 5, ""side"": ""left"", ""directions"": ""vertical"", ""stiffness_factor_eta_k"": 2.3411, ""damping_factor_eta_c"": 1.0}]"
v2n017_seed31171498_v160_baseline,31171498,160,val,baseline,v2_seed31171498,[]
v2n017_seed31171498_v160_fastener,31171498,160,val,fastener,v2_seed31171498,"[{""type"": ""fastener_failure"", ""label"": ""fastener_eta"", ""start_m"": 199.8, ""count"": 3, ""side"": ""right"", ""directions"": ""both"", ""stiffness_factor_eta_k"": 0.85, ""damping_factor_eta_c"": 1.0}]"
v2n017_seed31171498_v160_sleeper_void,31171498,160,val,sleeper_void,v2_seed31171498,"[{""type"": ""sleeper_void"", ""label"": ""sleeper_void"", ""start_m"": 157.2, ""count"": 5, ""side"": ""left"", ""directions"": ""vertical"", ""delta_gap_mm"": 0.525}]"
v2n017_seed31171498_v160_ballast,31171498,160,val,ballast,v2_seed31171498,"[{""type"": ""ballast_condition"", ""label"": ""ballast_softened"", ""start_m"": 245.4, ""count"": 20, ""side"": ""both"", ""directions"": ""vertical"", ""stiffness_factor_eta_k"": 0.2582, ""damping_factor_eta_c"": 1.0}]"
v2n017_seed31171498_v160_subgrade,31171498,160,val,subgrade,v2_seed31171498,"[{""type"": ""subgrade_condition"", ""label"": ""subgrade_softened"", ""start_m"": 193.8, ""count"": 40, ""side"": ""right"", ""directions"": ""vertical"", ""stiffness_factor_eta_k"": 0.6512, ""damping_factor_eta_c"": 1.0}]"
v2n017_seed31171498_v160_coupled_fastener_subgrade_partial_overlap,31171498,160,val,coupled_fastener_subgrade_partial_overlap,v2_seed31171498,"[{""type"": ""fastener_failure"", ""label"": ""fastener_eta"", ""start_m"": 212.4, ""count"": 12, ""side"": ""right"", ""directions"": ""both"", ""stiffness_factor_eta_k"": 1.05, ""damping_factor_eta_c"": 1.0}, {""type"": ""subgrade_condition"", ""label"": ""subgrade_hardened"", ""start_m"": 214.8, ""count"": 8, ""side"": ""both"", ""directions"": ""vertical"", ""stiffness_factor_eta_k"": 6.1811, ""damping_factor_eta_c"": 1.0}]"
v2n017_seed31171498_v160_coupled_ballast_sleeper_void_separate,31171498,160,val,coupled_ballast_sleeper_void_separate,v2_seed31171498,"[{""type"": ""ballast_condition"", ""label"": ""ballast_softened"", ""start_m"": 180.0, ""count"": 80, ""side"": ""right"", ""directions"": ""vertical"", ""stiffness_factor_eta_k"": 0.94, ""damping_factor_eta_c"": 1.0}, {""type"": ""sleeper_void"", ""label"": ""sleeper_void"", ""start_m"": 240.0, ""count"": 5, ""side"": ""right"", ""directions"": ""vertical"", ""delta_gap_mm"": 0.26}]"
v2n017_seed31171498_v200_baseline,31171498,200,val,baseline,v2_seed31171498,[]
v2n017_seed31171498_v200_fastener,31171498,200,val,fastener,v2_seed31171498,"[{""type"": ""fastener_failure"", ""label"": ""fastener_eta"", ""start_m"": 199.8, ""count"": 3, ""side"": ""right"", ""directions"": ""both"", ""stiffness_factor_eta_k"": 0.85, ""damping_factor_eta_c"": 1.0}]"
v2n017_seed31171498_v200_coupled_fastener_subgrade_partial_overlap,31171498,200,val,coupled_fastener_subgrade_partial_overlap,v2_seed31171498,"[{""type"": ""fastener_failure"", ""label"": ""fastener_eta"", ""start_m"": 212.4, ""count"": 12, ""side"": ""right"", ""directions"": ""both"", ""stiffness_factor_eta_k"": 1.05, ""damping_factor_eta_c"": 1.0}, {""type"": ""subgrade_condition"", ""label"": ""subgrade_hardened"", ""start_m"": 214.8, ""count"": 8, ""side"": ""both"", ""directions"": ""vertical"", ""stiffness_factor_eta_k"": 6.1811, ""damping_factor_eta_c"": 1.0}]"
v2n018_seed72388703_v200_baseline,72388703,200,train,baseline,v2_seed72388703,[]
v2n018_seed72388703_v200_fastener,72388703,200,train,fastener,v2_seed72388703,"[{""type"": ""fastener_failure"", ""label"": ""fastener_eta"", ""start_m"": 238.2, ""count"": 5, ""side"": ""both"", ""directions"": ""both"", ""stiffness_factor_eta_k"": 0.9, ""damping_factor_eta_c"": 1.0}]"
v2n018_seed72388703_v200_sleeper_void,72388703,200,train,sleeper_void,v2_seed72388703,"[{""type"": ""sleeper_void"", ""label"": ""sleeper_void"", ""start_m"": 208.8, ""count"": 8, ""side"": ""right"", ""directions"": ""vertical"", ""delta_gap_mm"": 1.089}]"
v2n018_seed72388703_v200_ballast,72388703,200,train,ballast,v2_seed72388703,"[{""type"": ""ballast_condition"", ""label"": ""ballast_softened"", ""start_m"": 280.8, ""count"": 40, ""side"": ""left"", ""directions"": ""vertical"", ""stiffness_factor_eta_k"": 0.4835, ""damping_factor_eta_c"": 1.0}]"
v2n018_seed72388703_v200_subgrade,72388703,200,train,subgrade,v2_seed72388703,"[{""type"": ""subgrade_condition"", ""label"": ""subgrade_softened"", ""start_m"": 293.4, ""count"": 80, ""side"": ""both"", ""directions"": ""vertical"", ""stiffness_factor_eta_k"": 0.797, ""damping_factor_eta_c"": 1.0}]"
v2n018_seed72388703_v200_coupled_ballast_subgrade_separate,72388703,200,train,coupled_ballast_subgrade_separate,v2_seed72388703,"[{""type"": ""ballast_condition"", ""label"": ""ballast_softened"", ""start_m"": 205.8, ""count"": 80, ""side"": ""right"", ""directions"": ""vertical"", ""stiffness_factor_eta_k"": 0.7942, ""damping_factor_eta_c"": 1.0}, {""type"": ""subgrade_condition"", ""label"": ""subgrade_softened"", ""start_m"": 265.8, ""count"": 12, ""side"": ""left"", ""directions"": ""vertical"", ""stiffness_factor_eta_k"": 0.1422, ""damping_factor_eta_c"": 1.0}]"
v2n018_seed72388703_v200_coupled_subgrade_sleeper_void_overlap,72388703,200,train,coupled_subgrade_sleeper_void_overlap,v2_seed72388703,"[{""type"": ""subgrade_condition"", ""label"": ""subgrade_hardened"", ""start_m"": 192.0, ""count"": 3, ""side"": ""left"", ""directions"": ""vertical"", ""stiffness_factor_eta_k"": 1.1352, ""damping_factor_eta_c"": 1.0}, {""type"": ""sleeper_void"", ""label"": ""sleeper_void"", ""start_m"": 192.0, ""count"": 8, ""side"": ""both"", ""directions"": ""vertical"", ""delta_gap_mm"": 0.955}]"
v2n018_seed72388703_v250_baseline,72388703,250,train,baseline,v2_seed72388703,[]
v2n018_seed72388703_v250_sleeper_void,72388703,250,train,sleeper_void,v2_seed72388703,"[{""type"": ""sleeper_void"", ""label"": ""sleeper_void"", ""start_m"": 208.8, ""count"": 8, ""side"": ""right"", ""directions"": ""vertical"", ""delta_gap_mm"": 1.089}]"
v2n018_seed72388703_v250_coupled_ballast_subgrade_separate,72388703,250,train,coupled_ballast_subgrade_separate,v2_seed72388703,"[{""type"": ""ballast_condition"", ""label"": ""ballast_softened"", ""start_m"": 205.8, ""count"": 80, ""side"": ""right"", ""directions"": ""vertical"", ""stiffness_factor_eta_k"": 0.7942, ""damping_factor_eta_c"": 1.0}, {""type"": ""subgrade_condition"", ""label"": ""subgrade_softened"", ""start_m"": 265.8, ""count"": 12, ""side"": ""left"", ""directions"": ""vertical"", ""stiffness_factor_eta_k"": 0.1422, ""damping_factor_eta_c"": 1.0}]"
v2n019_seed88026013_v215_baseline,88026013,215,train,baseline,v2_seed88026013,[]
v2n019_seed88026013_v215_fastener,88026013,215,train,fastener,v2_seed88026013,"[{""type"": ""fastener_failure"", ""label"": ""fastener_eta"", ""start_m"": 235.2, ""count"": 8, ""side"": ""left"", ""directions"": ""both"", ""stiffness_factor_eta_k"": 0.95, ""damping_factor_eta_c"": 1.0}]"
v2n019_seed88026013_v215_sleeper_void,88026013,215,train,sleeper_void,v2_seed88026013,"[{""type"": ""sleeper_void"", ""label"": ""sleeper_void"", ""start_m"": 207.6, ""count"": 12, ""side"": ""both"", ""directions"": ""vertical"", ""delta_gap_mm"": 3.581}]"
v2n019_seed88026013_v215_ballast,88026013,215,train,ballast,v2_seed88026013,"[{""type"": ""ballast_condition"", ""label"": ""ballast_softened"", ""start_m"": 231.0, ""count"": 80, ""side"": ""right"", ""directions"": ""vertical"", ""stiffness_factor_eta_k"": 0.7873, ""damping_factor_eta_c"": 1.0}]"
v2n019_seed88026013_v215_subgrade,88026013,215,train,subgrade,v2_seed88026013,"[{""type"": ""subgrade_condition"", ""label"": ""subgrade_hardened"", ""start_m"": 177.0, ""count"": 3, ""side"": ""left"", ""directions"": ""vertical"", ""stiffness_factor_eta_k"": 1.1368, ""damping_factor_eta_c"": 1.0}]"
v2n019_seed88026013_v215_coupled_fastener_ballast_overlap,88026013,215,train,coupled_fastener_ballast_overlap,v2_seed88026013,"[{""type"": ""fastener_failure"", ""label"": ""fastener_eta"", ""start_m"": 188.4, ""count"": 1, ""side"": ""left"", ""directions"": ""both"", ""stiffness_factor_eta_k"": 1.25, ""damping_factor_eta_c"": 1.0}, {""type"": ""ballast_condition"", ""label"": ""ballast_softened"", ""start_m"": 188.4, ""count"": 20, ""side"": ""left"", ""directions"": ""vertical"", ""stiffness_factor_eta_k"": 0.5475, ""damping_factor_eta_c"": 1.0}]"
v2n019_seed88026013_v215_coupled_fastener_sleeper_void_partial_overlap,88026013,215,train,coupled_fastener_sleeper_void_partial_overlap,v2_seed88026013,"[{""type"": ""fastener_failure"", ""label"": ""fastener_eta"", ""start_m"": 186.6, ""count"": 2, ""side"": ""right"", ""directions"": ""both"", ""stiffness_factor_eta_k"": 0.0, ""damping_factor_eta_c"": 1.0}, {""type"": ""sleeper_void"", ""label"": ""sleeper_void"", ""start_m"": 187.2, ""count"": 12, ""side"": ""left"", ""directions"": ""vertical"", ""delta_gap_mm"": 1.712}]"
v2n019_seed88026013_v250_baseline,88026013,250,train,baseline,v2_seed88026013,[]
v2n019_seed88026013_v250_ballast,88026013,250,train,ballast,v2_seed88026013,"[{""type"": ""ballast_condition"", ""label"": ""ballast_softened"", ""start_m"": 231.0, ""count"": 80, ""side"": ""right"", ""directions"": ""vertical"", ""stiffness_factor_eta_k"": 0.7873, ""damping_factor_eta_c"": 1.0}]"
v2n019_seed88026013_v250_coupled_fastener_ballast_overlap,88026013,250,train,coupled_fastener_ballast_overlap,v2_seed88026013,"[{""type"": ""fastener_failure"", ""label"": ""fastener_eta"", ""start_m"": 188.4, ""count"": 1, ""side"": ""left"", ""directions"": ""both"", ""stiffness_factor_eta_k"": 1.25, ""damping_factor_eta_c"": 1.0}, {""type"": ""ballast_condition"", ""label"": ""ballast_softened"", ""start_m"": 188.4, ""count"": 20, ""side"": ""left"", ""directions"": ""vertical"", ""stiffness_factor_eta_k"": 0.5475, ""damping_factor_eta_c"": 1.0}]"
v2n020_seed89950009_v250_baseline,89950009,250,train,baseline,v2_seed89950009,[]
v2n020_seed89950009_v250_fastener,89950009,250,train,fastener,v2_seed89950009,"[{""type"": ""fastener_failure"", ""label"": ""fastener_eta"", ""start_m"": 174.6, ""count"": 12, ""side"": ""right"", ""directions"": ""both"", ""stiffness_factor_eta_k"": 1.05, ""damping_factor_eta_c"": 1.0}]"
v2n020_seed89950009_v250_sleeper_void,89950009,250,train,sleeper_void,v2_seed89950009,"[{""type"": ""sleeper_void"", ""label"": ""sleeper_void"", ""start_m"": 207.6, ""count"": 20, ""side"": ""left"", ""directions"": ""vertical"", ""delta_gap_mm"": 0.403}]"
v2n020_seed89950009_v250_ballast,89950009,250,train,ballast,v2_seed89950009,"[{""type"": ""ballast_condition"", ""label"": ""ballast_hardened"", ""start_m"": 218.4, ""count"": 3, ""side"": ""both"", ""directions"": ""vertical"", ""stiffness_factor_eta_k"": 1.267, ""damping_factor_eta_c"": 1.0}]"
v2n020_seed89950009_v250_subgrade,89950009,250,train,subgrade,v2_seed89950009,"[{""type"": ""subgrade_condition"", ""label"": ""subgrade_hardened"", ""start_m"": 293.4, ""count"": 5, ""side"": ""right"", ""directions"": ""vertical"", ""stiffness_factor_eta_k"": 1.6258, ""damping_factor_eta_c"": 1.0}]"
v2n020_seed89950009_v250_coupled_fastener_subgrade_partial_overlap,89950009,250,train,coupled_fastener_subgrade_partial_overlap,v2_seed89950009,"[{""type"": ""fastener_failure"", ""label"": ""fastener_eta"", ""start_m"": 187.8, ""count"": 2, ""side"": ""right"", ""directions"": ""both"", ""stiffness_factor_eta_k"": 0.0, ""damping_factor_eta_c"": 1.0}, {""type"": ""subgrade_condition"", ""label"": ""subgrade_softened"", ""start_m"": 188.4, ""count"": 40, ""side"": ""both"", ""directions"": ""vertical"", ""stiffness_factor_eta_k"": 0.8325, ""damping_factor_eta_c"": 1.0}]"
v2n020_seed89950009_v250_coupled_ballast_sleeper_void_separate,89950009,250,train,coupled_ballast_sleeper_void_separate,v2_seed89950009,"[{""type"": ""ballast_condition"", ""label"": ""ballast_hardened"", ""start_m"": 223.8, ""count"": 8, ""side"": ""right"", ""directions"": ""vertical"", ""stiffness_factor_eta_k"": 4.5846, ""damping_factor_eta_c"": 1.0}, {""type"": ""sleeper_void"", ""label"": ""sleeper_void"", ""start_m"": 247.8, ""count"": 20, ""side"": ""right"", ""directions"": ""vertical"", ""delta_gap_mm"": 3.063}]"
v2n020_seed89950009_v200_baseline,89950009,200,train,baseline,v2_seed89950009,[]
v2n020_seed89950009_v200_subgrade,89950009,200,train,subgrade,v2_seed89950009,"[{""type"": ""subgrade_condition"", ""label"": ""subgrade_hardened"", ""start_m"": 293.4, ""count"": 5, ""side"": ""right"", ""directions"": ""vertical"", ""stiffness_factor_eta_k"": 1.6258, ""damping_factor_eta_c"": 1.0}]"
v2n020_seed89950009_v200_coupled_fastener_subgrade_partial_overlap,89950009,200,train,coupled_fastener_subgrade_partial_overlap,v2_seed89950009,"[{""type"": ""fastener_failure"", ""label"": ""fastener_eta"", ""start_m"": 187.8, ""count"": 2, ""side"": ""right"", ""directions"": ""both"", ""stiffness_factor_eta_k"": 0.0, ""damping_factor_eta_c"": 1.0}, {""type"": ""subgrade_condition"", ""label"": ""subgrade_softened"", ""start_m"": 188.4, ""count"": 40, ""side"": ""both"", ""directions"": ""vertical"", ""stiffness_factor_eta_k"": 0.8325, ""damping_factor_eta_c"": 1.0}]"
v2n021_seed47870128_v160_baseline,47870128,160,train,baseline,v2_seed47870128,[]
v2n021_seed47870128_v160_fastener,47870128,160,train,fastener,v2_seed47870128,"[{""type"": ""fastener_failure"", ""label"": ""fastener_eta"", ""start_m"": 228.6, ""count"": 20, ""side"": ""both"", ""directions"": ""both"", ""stiffness_factor_eta_k"": 1.1, ""damping_factor_eta_c"": 1.0}]"
v2n021_seed47870128_v160_sleeper_void,47870128,160,train,sleeper_void,v2_seed47870128,"[{""type"": ""sleeper_void"", ""label"": ""sleeper_void"", ""start_m"": 185.4, ""count"": 1, ""side"": ""right"", ""directions"": ""vertical"", ""delta_gap_mm"": 0.952}]"
v2n021_seed47870128_v160_ballast,47870128,160,train,ballast,v2_seed47870128,"[{""type"": ""ballast_condition"", ""label"": ""ballast_hardened"", ""start_m"": 253.8, ""count"": 5, ""side"": ""left"", ""directions"": ""vertical"", ""stiffness_factor_eta_k"": 2.9783, ""damping_factor_eta_c"": 1.0}]"
v2n021_seed47870128_v160_subgrade,47870128,160,train,subgrade,v2_seed47870128,"[{""type"": ""subgrade_condition"", ""label"": ""subgrade_hardened"", ""start_m"": 196.2, ""count"": 8, ""side"": ""both"", ""directions"": ""vertical"", ""stiffness_factor_eta_k"": 7.3983, ""damping_factor_eta_c"": 1.0}]"
v2n021_seed47870128_v160_coupled_ballast_subgrade_separate,47870128,160,train,coupled_ballast_subgrade_separate,v2_seed47870128,"[{""type"": ""ballast_condition"", ""label"": ""ballast_hardened"", ""start_m"": 231.0, ""count"": 8, ""side"": ""right"", ""directions"": ""vertical"", ""stiffness_factor_eta_k"": 5.306, ""damping_factor_eta_c"": 1.0}, {""type"": ""subgrade_condition"", ""label"": ""subgrade_hardened"", ""start_m"": 291.0, ""count"": 80, ""side"": ""left"", ""directions"": ""vertical"", ""stiffness_factor_eta_k"": 1.0638, ""damping_factor_eta_c"": 1.0}]"
v2n021_seed47870128_v160_coupled_subgrade_sleeper_void_overlap,47870128,160,train,coupled_subgrade_sleeper_void_overlap,v2_seed47870128,"[{""type"": ""subgrade_condition"", ""label"": ""subgrade_softened"", ""start_m"": 202.8, ""count"": 12, ""side"": ""left"", ""directions"": ""vertical"", ""stiffness_factor_eta_k"": 0.2832, ""damping_factor_eta_c"": 1.0}, {""type"": ""sleeper_void"", ""label"": ""sleeper_void"", ""start_m"": 202.8, ""count"": 1, ""side"": ""both"", ""directions"": ""vertical"", ""delta_gap_mm"": 0.499}]"
v2n021_seed47870128_v200_baseline,47870128,200,train,baseline,v2_seed47870128,[]
v2n021_seed47870128_v200_fastener,47870128,200,train,fastener,v2_seed47870128,"[{""type"": ""fastener_failure"", ""label"": ""fastener_eta"", ""start_m"": 228.6, ""count"": 20, ""side"": ""both"", ""directions"": ""both"", ""stiffness_factor_eta_k"": 1.1, ""damping_factor_eta_c"": 1.0}]"
v2n021_seed47870128_v200_coupled_ballast_subgrade_separate,47870128,200,train,coupled_ballast_subgrade_separate,v2_seed47870128,"[{""type"": ""ballast_condition"", ""label"": ""ballast_hardened"", ""start_m"": 231.0, ""count"": 8, ""side"": ""right"", ""directions"": ""vertical"", ""stiffness_factor_eta_k"": 5.306, ""damping_factor_eta_c"": 1.0}, {""type"": ""subgrade_condition"", ""label"": ""subgrade_hardened"", ""start_m"": 291.0, ""count"": 80, ""side"": ""left"", ""directions"": ""vertical"", ""stiffness_factor_eta_k"": 1.0638, ""damping_factor_eta_c"": 1.0}]"
v2n022_seed38248180_v200_baseline,38248180,200,val,baseline,v2_seed38248180,[]
v2n022_seed38248180_v200_fastener,38248180,200,val,fastener,v2_seed38248180,"[{""type"": ""fastener_failure"", ""label"": ""fastener_eta"", ""start_m"": 271.8, ""count"": 1, ""side"": ""left"", ""directions"": ""both"", ""stiffness_factor_eta_k"": 1.25, ""damping_factor_eta_c"": 1.0}]"
v2n022_seed38248180_v200_sleeper_void,38248180,200,val,sleeper_void,v2_seed38248180,"[{""type"": ""sleeper_void"", ""label"": ""sleeper_void"", ""start_m"": 178.8, ""count"": 2, ""side"": ""both"", ""directions"": ""vertical"", ""delta_gap_mm"": 1.616}]"
v2n022_seed38248180_v200_ballast,38248180,200,val,ballast,v2_seed38248180,"[{""type"": ""ballast_condition"", ""label"": ""ballast_hardened"", ""start_m"": 239.4, ""count"": 8, ""side"": ""right"", ""directions"": ""vertical"", ""stiffness_factor_eta_k"": 7.4996, ""damping_factor_eta_c"": 1.0}]"
v2n022_seed38248180_v200_subgrade,38248180,200,val,subgrade,v2_seed38248180,"[{""type"": ""subgrade_condition"", ""label"": ""subgrade_softened"", ""start_m"": 244.8, ""count"": 12, ""side"": ""left"", ""directions"": ""vertical"", ""stiffness_factor_eta_k"": 0.2067, ""damping_factor_eta_c"": 1.0}]"
v2n022_seed38248180_v200_coupled_fastener_ballast_overlap,38248180,200,val,coupled_fastener_ballast_overlap,v2_seed38248180,"[{""type"": ""fastener_failure"", ""label"": ""fastener_eta"", ""start_m"": 203.4, ""count"": 5, ""side"": ""left"", ""directions"": ""both"", ""stiffness_factor_eta_k"": 0.25, ""damping_factor_eta_c"": 1.0}, {""type"": ""ballast_condition"", ""label"": ""ballast_hardened"", ""start_m"": 203.4, ""count"": 3, ""side"": ""left"", ""directions"": ""vertical"", ""stiffness_factor_eta_k"": 2.7095, ""damping_factor_eta_c"": 1.0}]"
v2n022_seed38248180_v200_coupled_fastener_sleeper_void_partial_overlap,38248180,200,val,coupled_fastener_sleeper_void_partial_overlap,v2_seed38248180,"[{""type"": ""fastener_failure"", ""label"": ""fastener_eta"", ""start_m"": 210.6, ""count"": 8, ""side"": ""right"", ""directions"": ""both"", ""stiffness_factor_eta_k"": 0.5, ""damping_factor_eta_c"": 1.0}, {""type"": ""sleeper_void"", ""label"": ""sleeper_void"", ""start_m"": 211.2, ""count"": 2, ""side"": ""left"", ""directions"": ""vertical"", ""delta_gap_mm"": 0.651}]"
v2n022_seed38248180_v250_baseline,38248180,250,val,baseline,v2_seed38248180,[]
v2n022_seed38248180_v250_sleeper_void,38248180,250,val,sleeper_void,v2_seed38248180,"[{""type"": ""sleeper_void"", ""label"": ""sleeper_void"", ""start_m"": 178.8, ""count"": 2, ""side"": ""both"", ""directions"": ""vertical"", ""delta_gap_mm"": 1.616}]"
v2n022_seed38248180_v250_coupled_fastener_ballast_overlap,38248180,250,val,coupled_fastener_ballast_overlap,v2_seed38248180,"[{""type"": ""fastener_failure"", ""label"": ""fastener_eta"", ""start_m"": 203.4, ""count"": 5, ""side"": ""left"", ""directions"": ""both"", ""stiffness_factor_eta_k"": 0.25, ""damping_factor_eta_c"": 1.0}, {""type"": ""ballast_condition"", ""label"": ""ballast_hardened"", ""start_m"": 203.4, ""count"": 3, ""side"": ""left"", ""directions"": ""vertical"", ""stiffness_factor_eta_k"": 2.7095, ""damping_factor_eta_c"": 1.0}]"
v2n023_seed49858497_v215_baseline,49858497,215,val,baseline,v2_seed49858497,[]
v2n023_seed49858497_v215_fastener,49858497,215,val,fastener,v2_seed49858497,"[{""type"": ""fastener_failure"", ""label"": ""fastener_eta"", ""start_m"": 279.6, ""count"": 2, ""side"": ""right"", ""directions"": ""both"", ""stiffness_factor_eta_k"": 0.0, ""damping_factor_eta_c"": 1.0}]"
v2n023_seed49858497_v215_sleeper_void,49858497,215,val,sleeper_void,v2_seed49858497,"[{""type"": ""sleeper_void"", ""label"": ""sleeper_void"", ""start_m"": 283.8, ""count"": 3, ""side"": ""left"", ""directions"": ""vertical"", ""delta_gap_mm"": 3.948}]"
v2n023_seed49858497_v215_ballast,49858497,215,val,ballast,v2_seed49858497,"[{""type"": ""ballast_condition"", ""label"": ""ballast_softened"", ""start_m"": 276.6, ""count"": 12, ""side"": ""both"", ""directions"": ""vertical"", ""stiffness_factor_eta_k"": 0.1442, ""damping_factor_eta_c"": 1.0}]"
v2n023_seed49858497_v215_subgrade,49858497,215,val,subgrade,v2_seed49858497,"[{""type"": ""subgrade_condition"", ""label"": ""subgrade_softened"", ""start_m"": 243.6, ""count"": 20, ""side"": ""right"", ""directions"": ""vertical"", ""stiffness_factor_eta_k"": 0.6026, ""damping_factor_eta_c"": 1.0}]"
v2n023_seed49858497_v215_coupled_fastener_subgrade_partial_overlap,49858497,215,val,coupled_fastener_subgrade_partial_overlap,v2_seed49858497,"[{""type"": ""fastener_failure"", ""label"": ""fastener_eta"", ""start_m"": 218.4, ""count"": 8, ""side"": ""right"", ""directions"": ""both"", ""stiffness_factor_eta_k"": 0.5, ""damping_factor_eta_c"": 1.0}, {""type"": ""subgrade_condition"", ""label"": ""subgrade_hardened"", ""start_m"": 219.6, ""count"": 5, ""side"": ""both"", ""directions"": ""vertical"", ""stiffness_factor_eta_k"": 3.949, ""damping_factor_eta_c"": 1.0}]"
v2n023_seed49858497_v215_coupled_ballast_sleeper_void_separate,49858497,215,val,coupled_ballast_sleeper_void_separate,v2_seed49858497,"[{""type"": ""ballast_condition"", ""label"": ""ballast_softened"", ""start_m"": 222.6, ""count"": 40, ""side"": ""right"", ""directions"": ""vertical"", ""stiffness_factor_eta_k"": 0.863, ""damping_factor_eta_c"": 1.0}, {""type"": ""sleeper_void"", ""label"": ""sleeper_void"", ""start_m"": 258.6, ""count"": 3, ""side"": ""right"", ""directions"": ""vertical"", ""delta_gap_mm"": 1.188}]"
v2n023_seed49858497_v250_baseline,49858497,250,val,baseline,v2_seed49858497,[]
v2n023_seed49858497_v250_ballast,49858497,250,val,ballast,v2_seed49858497,"[{""type"": ""ballast_condition"", ""label"": ""ballast_softened"", ""start_m"": 276.6, ""count"": 12, ""side"": ""both"", ""directions"": ""vertical"", ""stiffness_factor_eta_k"": 0.1442, ""damping_factor_eta_c"": 1.0}]"
v2n023_seed49858497_v250_coupled_fastener_subgrade_partial_overlap,49858497,250,val,coupled_fastener_subgrade_partial_overlap,v2_seed49858497,"[{""type"": ""fastener_failure"", ""label"": ""fastener_eta"", ""start_m"": 218.4, ""count"": 8, ""side"": ""right"", ""directions"": ""both"", ""stiffness_factor_eta_k"": 0.5, ""damping_factor_eta_c"": 1.0}, {""type"": ""subgrade_condition"", ""label"": ""subgrade_hardened"", ""start_m"": 219.6, ""count"": 5, ""side"": ""both"", ""directions"": ""vertical"", ""stiffness_factor_eta_k"": 3.949, ""damping_factor_eta_c"": 1.0}]"
v2n024_seed50649952_v250_baseline,50649952,250,test,baseline,v2_seed50649952,[]
v2n024_seed50649952_v250_fastener,50649952,250,test,fastener,v2_seed50649952,"[{""type"": ""fastener_failure"", ""label"": ""fastener_eta"", ""start_m"": 270.0, ""count"": 3, ""side"": ""both"", ""directions"": ""both"", ""stiffness_factor_eta_k"": 0.1, ""damping_factor_eta_c"": 1.0}]"
v2n024_seed50649952_v250_sleeper_void,50649952,250,test,sleeper_void,v2_seed50649952,"[{""type"": ""sleeper_void"", ""label"": ""sleeper_void"", ""start_m"": 290.4, ""count"": 5, ""side"": ""right"", ""directions"": ""vertical"", ""delta_gap_mm"": 0.271}]"
v2n024_seed50649952_v250_ballast,50649952,250,test,ballast,v2_seed50649952,"[{""type"": ""ballast_condition"", ""label"": ""ballast_softened"", ""start_m"": 204.0, ""count"": 20, ""side"": ""left"", ""directions"": ""vertical"", ""stiffness_factor_eta_k"": 0.3612, ""damping_factor_eta_c"": 1.0}]"
v2n024_seed50649952_v250_subgrade,50649952,250,test,subgrade,v2_seed50649952,"[{""type"": ""subgrade_condition"", ""label"": ""subgrade_softened"", ""start_m"": 243.6, ""count"": 40, ""side"": ""both"", ""directions"": ""vertical"", ""stiffness_factor_eta_k"": 0.7637, ""damping_factor_eta_c"": 1.0}]"
v2n024_seed50649952_v250_coupled_ballast_subgrade_separate,50649952,250,test,coupled_ballast_subgrade_separate,v2_seed50649952,"[{""type"": ""ballast_condition"", ""label"": ""ballast_softened"", ""start_m"": 217.8, ""count"": 40, ""side"": ""right"", ""directions"": ""vertical"", ""stiffness_factor_eta_k"": 0.9117, ""damping_factor_eta_c"": 1.0}, {""type"": ""subgrade_condition"", ""label"": ""subgrade_softened"", ""start_m"": 253.8, ""count"": 8, ""side"": ""left"", ""directions"": ""vertical"", ""stiffness_factor_eta_k"": 0.1054, ""damping_factor_eta_c"": 1.0}]"
v2n024_seed50649952_v250_coupled_subgrade_sleeper_void_overlap,50649952,250,test,coupled_subgrade_sleeper_void_overlap,v2_seed50649952,"[{""type"": ""subgrade_condition"", ""label"": ""subgrade_hardened"", ""start_m"": 199.2, ""count"": 80, ""side"": ""left"", ""directions"": ""vertical"", ""stiffness_factor_eta_k"": 1.1504, ""damping_factor_eta_c"": 1.0}, {""type"": ""sleeper_void"", ""label"": ""sleeper_void"", ""start_m"": 199.2, ""count"": 5, ""side"": ""both"", ""directions"": ""vertical"", ""delta_gap_mm"": 2.381}]"
v2n024_seed50649952_v200_baseline,50649952,200,test,baseline,v2_seed50649952,[]
v2n024_seed50649952_v200_subgrade,50649952,200,test,subgrade,v2_seed50649952,"[{""type"": ""subgrade_condition"", ""label"": ""subgrade_softened"", ""start_m"": 243.6, ""count"": 40, ""side"": ""both"", ""directions"": ""vertical"", ""stiffness_factor_eta_k"": 0.7637, ""damping_factor_eta_c"": 1.0}]"
v2n024_seed50649952_v200_coupled_ballast_subgrade_separate,50649952,200,test,coupled_ballast_subgrade_separate,v2_seed50649952,"[{""type"": ""ballast_condition"", ""label"": ""ballast_softened"", ""start_m"": 217.8, ""count"": 40, ""side"": ""right"", ""directions"": ""vertical"", ""stiffness_factor_eta_k"": 0.9117, ""damping_factor_eta_c"": 1.0}, {""type"": ""subgrade_condition"", ""label"": ""subgrade_softened"", ""start_m"": 253.8, ""count"": 8, ""side"": ""left"", ""directions"": ""vertical"", ""stiffness_factor_eta_k"": 0.1054, ""damping_factor_eta_c"": 1.0}]"
v2n025_seed21715978_v160_baseline,21715978,160,train,baseline,v2_seed21715978,[]
v2n025_seed21715978_v160_fastener,21715978,160,train,fastener,v2_seed21715978,"[{""type"": ""fastener_failure"", ""label"": ""fastener_eta"", ""start_m"": 208.2, ""count"": 5, ""side"": ""left"", ""directions"": ""both"", ""stiffness_factor_eta_k"": 0.25, ""damping_factor_eta_c"": 1.0}]"
v2n025_seed21715978_v160_sleeper_void,21715978,160,train,sleeper_void,v2_seed21715978,"[{""type"": ""sleeper_void"", ""label"": ""sleeper_void"", ""start_m"": 286.2, ""count"": 8, ""side"": ""both"", ""directions"": ""vertical"", ""delta_gap_mm"": 0.757}]"
v2n025_seed21715978_v160_ballast,21715978,160,train,ballast,v2_seed21715978,"[{""type"": ""ballast_condition"", ""label"": ""ballast_softened"", ""start_m"": 288.0, ""count"": 40, ""side"": ""right"", ""directions"": ""vertical"", ""stiffness_factor_eta_k"": 0.9249, ""damping_factor_eta_c"": 1.0}]"
v2n025_seed21715978_v160_subgrade,21715978,160,train,subgrade,v2_seed21715978,"[{""type"": ""subgrade_condition"", ""label"": ""subgrade_hardened"", ""start_m"": 270.6, ""count"": 80, ""side"": ""left"", ""directions"": ""vertical"", ""stiffness_factor_eta_k"": 1.0525, ""damping_factor_eta_c"": 1.0}]"
v2n025_seed21715978_v160_coupled_fastener_ballast_overlap,21715978,160,train,coupled_fastener_ballast_overlap,v2_seed21715978,"[{""type"": ""fastener_failure"", ""label"": ""fastener_eta"", ""start_m"": 236.4, ""count"": 20, ""side"": ""left"", ""directions"": ""both"", ""stiffness_factor_eta_k"": 0.85, ""damping_factor_eta_c"": 1.0}, {""type"": ""ballast_condition"", ""label"": ""ballast_softened"", ""start_m"": 236.4, ""count"": 12, ""side"": ""left"", ""directions"": ""vertical"", ""stiffness_factor_eta_k"": 0.3175, ""damping_factor_eta_c"": 1.0}]"
v2n025_seed21715978_v160_coupled_fastener_sleeper_void_partial_overlap,21715978,160,train,coupled_fastener_sleeper_void_partial_overlap,v2_seed21715978,"[{""type"": ""fastener_failure"", ""label"": ""fastener_eta"", ""start_m"": 180.0, ""count"": 1, ""side"": ""right"", ""directions"": ""both"", ""stiffness_factor_eta_k"": 0.9, ""damping_factor_eta_c"": 1.0}, {""type"": ""sleeper_void"", ""label"": ""sleeper_void"", ""start_m"": 180.6, ""count"": 8, ""side"": ""left"", ""directions"": ""vertical"", ""delta_gap_mm"": 0.213}]"
v2n025_seed21715978_v200_baseline,21715978,200,train,baseline,v2_seed21715978,[]
v2n025_seed21715978_v200_fastener,21715978,200,train,fastener,v2_seed21715978,"[{""type"": ""fastener_failure"", ""label"": ""fastener_eta"", ""start_m"": 208.2, ""count"": 5, ""side"": ""left"", ""directions"": ""both"", ""stiffness_factor_eta_k"": 0.25, ""damping_factor_eta_c"": 1.0}]"
v2n025_seed21715978_v200_coupled_fastener_ballast_overlap,21715978,200,train,coupled_fastener_ballast_overlap,v2_seed21715978,"[{""type"": ""fastener_failure"", ""label"": ""fastener_eta"", ""start_m"": 236.4, ""count"": 20, ""side"": ""left"", ""directions"": ""both"", ""stiffness_factor_eta_k"": 0.85, ""damping_factor_eta_c"": 1.0}, {""type"": ""ballast_condition"", ""label"": ""ballast_softened"", ""start_m"": 236.4, ""count"": 12, ""side"": ""left"", ""directions"": ""vertical"", ""stiffness_factor_eta_k"": 0.3175, ""damping_factor_eta_c"": 1.0}]"
v2n026_seed62149898_v200_baseline,62149898,200,val,baseline,v2_seed62149898,[]
v2n026_seed62149898_v200_fastener,62149898,200,val,fastener,v2_seed62149898,"[{""type"": ""fastener_failure"", ""label"": ""fastener_eta"", ""start_m"": 261.6, ""count"": 8, ""side"": ""right"", ""directions"": ""both"", ""stiffness_factor_eta_k"": 0.5, ""damping_factor_eta_c"": 1.0}]"
v2n026_seed62149898_v200_sleeper_void,62149898,200,val,sleeper_void,v2_seed62149898,"[{""type"": ""sleeper_void"", ""label"": ""sleeper_void"", ""start_m"": 174.6, ""count"": 12, ""side"": ""left"", ""directions"": ""vertical"", ""delta_gap_mm"": 1.618}]"
v2n026_seed62149898_v200_ballast,62149898,200,val,ballast,v2_seed62149898,"[{""type"": ""ballast_condition"", ""label"": ""ballast_hardened"", ""start_m"": 205.8, ""count"": 80, ""side"": ""both"", ""directions"": ""vertical"", ""stiffness_factor_eta_k"": 1.1424, ""damping_factor_eta_c"": 1.0}]"
v2n026_seed62149898_v200_subgrade,62149898,200,val,subgrade,v2_seed62149898,"[{""type"": ""subgrade_condition"", ""label"": ""subgrade_hardened"", ""start_m"": 151.2, ""count"": 3, ""side"": ""right"", ""directions"": ""vertical"", ""stiffness_factor_eta_k"": 1.7626, ""damping_factor_eta_c"": 1.0}]"
v2n026_seed62149898_v200_coupled_fastener_subgrade_partial_overlap,62149898,200,val,coupled_fastener_subgrade_partial_overlap,v2_seed62149898,"[{""type"": ""fastener_failure"", ""label"": ""fastener_eta"", ""start_m"": 181.8, ""count"": 1, ""side"": ""right"", ""directions"": ""both"", ""stiffness_factor_eta_k"": 0.9, ""damping_factor_eta_c"": 1.0}, {""type"": ""subgrade_condition"", ""label"": ""subgrade_softened"", ""start_m"": 182.4, ""count"": 20, ""side"": ""both"", ""directions"": ""vertical"", ""stiffness_factor_eta_k"": 0.9375, ""damping_factor_eta_c"": 1.0}]"
v2n026_seed62149898_v200_coupled_ballast_sleeper_void_separate,62149898,200,val,coupled_ballast_sleeper_void_separate,v2_seed62149898,"[{""type"": ""ballast_condition"", ""label"": ""ballast_hardened"", ""start_m"": 227.4, ""count"": 5, ""side"": ""right"", ""directions"": ""vertical"", ""stiffness_factor_eta_k"": 4.9819, ""damping_factor_eta_c"": 1.0}, {""type"": ""sleeper_void"", ""label"": ""sleeper_void"", ""start_m"": 246.6, ""count"": 12, ""side"": ""right"", ""directions"": ""vertical"", ""delta_gap_mm"": 0.675}]"
v2n026_seed62149898_v250_baseline,62149898,250,val,baseline,v2_seed62149898,[]
v2n026_seed62149898_v250_sleeper_void,62149898,250,val,sleeper_void,v2_seed62149898,"[{""type"": ""sleeper_void"", ""label"": ""sleeper_void"", ""start_m"": 174.6, ""count"": 12, ""side"": ""left"", ""directions"": ""vertical"", ""delta_gap_mm"": 1.618}]"
v2n026_seed62149898_v250_coupled_fastener_subgrade_partial_overlap,62149898,250,val,coupled_fastener_subgrade_partial_overlap,v2_seed62149898,"[{""type"": ""fastener_failure"", ""label"": ""fastener_eta"", ""start_m"": 181.8, ""count"": 1, ""side"": ""right"", ""directions"": ""both"", ""stiffness_factor_eta_k"": 0.9, ""damping_factor_eta_c"": 1.0}, {""type"": ""subgrade_condition"", ""label"": ""subgrade_softened"", ""start_m"": 182.4, ""count"": 20, ""side"": ""both"", ""directions"": ""vertical"", ""stiffness_factor_eta_k"": 0.9375, ""damping_factor_eta_c"": 1.0}]"
v2n027_seed36863188_v215_baseline,36863188,215,test,baseline,v2_seed36863188,[]
v2n027_seed36863188_v215_fastener,36863188,215,test,fastener,v2_seed36863188,"[{""type"": ""fastener_failure"", ""label"": ""fastener_eta"", ""start_m"": 174.6, ""count"": 12, ""side"": ""both"", ""directions"": ""both"", ""stiffness_factor_eta_k"": 0.75, ""damping_factor_eta_c"": 1.0}]"
v2n027_seed36863188_v215_sleeper_void,36863188,215,test,sleeper_void,v2_seed36863188,"[{""type"": ""sleeper_void"", ""label"": ""sleeper_void"", ""start_m"": 273.0, ""count"": 20, ""side"": ""right"", ""directions"": ""vertical"", ""delta_gap_mm"": 2.612}]"
v2n027_seed36863188_v215_ballast,36863188,215,test,ballast,v2_seed36863188,"[{""type"": ""ballast_condition"", ""label"": ""ballast_hardened"", ""start_m"": 159.0, ""count"": 3, ""side"": ""left"", ""directions"": ""vertical"", ""stiffness_factor_eta_k"": 1.7244, ""damping_factor_eta_c"": 1.0}]"
v2n027_seed36863188_v215_subgrade,36863188,215,test,subgrade,v2_seed36863188,"[{""type"": ""subgrade_condition"", ""label"": ""subgrade_hardened"", ""start_m"": 297.0, ""count"": 5, ""side"": ""both"", ""directions"": ""vertical"", ""stiffness_factor_eta_k"": 6.5922, ""damping_factor_eta_c"": 1.0}]"
v2n027_seed36863188_v215_coupled_ballast_subgrade_separate,36863188,215,test,coupled_ballast_subgrade_separate,v2_seed36863188,"[{""type"": ""ballast_condition"", ""label"": ""ballast_hardened"", ""start_m"": 232.8, ""count"": 5, ""side"": ""right"", ""directions"": ""vertical"", ""stiffness_factor_eta_k"": 6.5736, ""damping_factor_eta_c"": 1.0}, {""type"": ""subgrade_condition"", ""label"": ""subgrade_hardened"", ""start_m"": 268.8, ""count"": 40, ""side"": ""left"", ""directions"": ""vertical"", ""stiffness_factor_eta_k"": 1.0988, ""damping_factor_eta_c"": 1.0}]"
v2n027_seed36863188_v215_coupled_subgrade_sleeper_void_overlap,36863188,215,test,coupled_subgrade_sleeper_void_overlap,v2_seed36863188,"[{""type"": ""subgrade_condition"", ""label"": ""subgrade_softened"", ""start_m"": 208.8, ""count"": 8, ""side"": ""left"", ""directions"": ""vertical"", ""stiffness_factor_eta_k"": 0.1761, ""damping_factor_eta_c"": 1.0}, {""type"": ""sleeper_void"", ""label"": ""sleeper_void"", ""start_m"": 208.8, ""count"": 20, ""side"": ""both"", ""directions"": ""vertical"", ""delta_gap_mm"": 1.526}]"
v2n027_seed36863188_v250_baseline,36863188,250,test,baseline,v2_seed36863188,[]
v2n027_seed36863188_v250_ballast,36863188,250,test,ballast,v2_seed36863188,"[{""type"": ""ballast_condition"", ""label"": ""ballast_hardened"", ""start_m"": 159.0, ""count"": 3, ""side"": ""left"", ""directions"": ""vertical"", ""stiffness_factor_eta_k"": 1.7244, ""damping_factor_eta_c"": 1.0}]"
v2n027_seed36863188_v250_coupled_ballast_subgrade_separate,36863188,250,test,coupled_ballast_subgrade_separate,v2_seed36863188,"[{""type"": ""ballast_condition"", ""label"": ""ballast_hardened"", ""start_m"": 232.8, ""count"": 5, ""side"": ""right"", ""directions"": ""vertical"", ""stiffness_factor_eta_k"": 6.5736, ""damping_factor_eta_c"": 1.0}, {""type"": ""subgrade_condition"", ""label"": ""subgrade_hardened"", ""start_m"": 268.8, ""count"": 40, ""side"": ""left"", ""directions"": ""vertical"", ""stiffness_factor_eta_k"": 1.0988, ""damping_factor_eta_c"": 1.0}]"
v2n028_seed31179895_v250_baseline,31179895,250,test,baseline,v2_seed31179895,[]
v2n028_seed31179895_v250_fastener,31179895,250,test,fastener,v2_seed31179895,"[{""type"": ""fastener_failure"", ""label"": ""fastener_eta"", ""start_m"": 158.4, ""count"": 20, ""side"": ""left"", ""directions"": ""both"", ""stiffness_factor_eta_k"": 0.85, ""damping_factor_eta_c"": 1.0}]"
v2n028_seed31179895_v250_sleeper_void,31179895,250,test,sleeper_void,v2_seed31179895,"[{""type"": ""sleeper_void"", ""label"": ""sleeper_void"", ""start_m"": 159.0, ""count"": 1, ""side"": ""both"", ""directions"": ""vertical"", ""delta_gap_mm"": 0.238}]"
v2n028_seed31179895_v250_ballast,31179895,250,test,ballast,v2_seed31179895,"[{""type"": ""ballast_condition"", ""label"": ""ballast_hardened"", ""start_m"": 182.4, ""count"": 5, ""side"": ""right"", ""directions"": ""vertical"", ""stiffness_factor_eta_k"": 5.3097, ""damping_factor_eta_c"": 1.0}]"
v2n028_seed31179895_v250_subgrade,31179895,250,test,subgrade,v2_seed31179895,"[{""type"": ""subgrade_condition"", ""label"": ""subgrade_softened"", ""start_m"": 154.8, ""count"": 8, ""side"": ""left"", ""directions"": ""vertical"", ""stiffness_factor_eta_k"": 0.2829, ""damping_factor_eta_c"": 1.0}]"
v2n028_seed31179895_v250_coupled_fastener_ballast_overlap,31179895,250,test,coupled_fastener_ballast_overlap,v2_seed31179895,"[{""type"": ""fastener_failure"", ""label"": ""fastener_eta"", ""start_m"": 218.4, ""count"": 3, ""side"": ""left"", ""directions"": ""both"", ""stiffness_factor_eta_k"": 1.05, ""damping_factor_eta_c"": 1.0}, {""type"": ""ballast_condition"", ""label"": ""ballast_hardened"", ""start_m"": 218.4, ""count"": 80, ""side"": ""left"", ""directions"": ""vertical"", ""stiffness_factor_eta_k"": 2.4699, ""damping_factor_eta_c"": 1.0}]"
v2n028_seed31179895_v250_coupled_fastener_sleeper_void_partial_overlap,31179895,250,test,coupled_fastener_sleeper_void_partial_overlap,v2_seed31179895,"[{""type"": ""fastener_failure"", ""label"": ""fastener_eta"", ""start_m"": 235.2, ""count"": 5, ""side"": ""right"", ""directions"": ""both"", ""stiffness_factor_eta_k"": 1.1, ""damping_factor_eta_c"": 1.0}, {""type"": ""sleeper_void"", ""label"": ""sleeper_void"", ""start_m"": 235.8, ""count"": 1, ""side"": ""left"", ""directions"": ""vertical"", ""delta_gap_mm"": 2.517}]"
v2n028_seed31179895_v200_baseline,31179895,200,test,baseline,v2_seed31179895,[]
v2n028_seed31179895_v200_subgrade,31179895,200,test,subgrade,v2_seed31179895,"[{""type"": ""subgrade_condition"", ""label"": ""subgrade_softened"", ""start_m"": 154.8, ""count"": 8, ""side"": ""left"", ""directions"": ""vertical"", ""stiffness_factor_eta_k"": 0.2829, ""damping_factor_eta_c"": 1.0}]"
v2n028_seed31179895_v200_coupled_fastener_ballast_overlap,31179895,200,test,coupled_fastener_ballast_overlap,v2_seed31179895,"[{""type"": ""fastener_failure"", ""label"": ""fastener_eta"", ""start_m"": 218.4, ""count"": 3, ""side"": ""left"", ""directions"": ""both"", ""stiffness_factor_eta_k"": 1.05, ""damping_factor_eta_c"": 1.0}, {""type"": ""ballast_condition"", ""label"": ""ballast_hardened"", ""start_m"": 218.4, ""count"": 80, ""side"": ""left"", ""directions"": ""vertical"", ""stiffness_factor_eta_k"": 2.4699, ""damping_factor_eta_c"": 1.0}]"
v2n029_seed55831170_v160_baseline,55831170,160,train,baseline,v2_seed55831170,[]
v2n029_seed55831170_v160_fastener,55831170,160,train,fastener,v2_seed55831170,"[{""type"": ""fastener_failure"", ""label"": ""fastener_eta"", ""start_m"": 155.4, ""count"": 1, ""side"": ""right"", ""directions"": ""both"", ""stiffness_factor_eta_k"": 0.9, ""damping_factor_eta_c"": 1.0}]"
v2n029_seed55831170_v160_sleeper_void,55831170,160,train,sleeper_void,v2_seed55831170,"[{""type"": ""sleeper_void"", ""label"": ""sleeper_void"", ""start_m"": 237.6, ""count"": 2, ""side"": ""left"", ""directions"": ""vertical"", ""delta_gap_mm"": 0.997}]"
v2n029_seed55831170_v160_ballast,55831170,160,train,ballast,v2_seed55831170,"[{""type"": ""ballast_condition"", ""label"": ""ballast_softened"", ""start_m"": 202.2, ""count"": 8, ""side"": ""both"", ""directions"": ""vertical"", ""stiffness_factor_eta_k"": 0.2868, ""damping_factor_eta_c"": 1.0}]"
v2n029_seed55831170_v160_subgrade,55831170,160,train,subgrade,v2_seed55831170,"[{""type"": ""subgrade_condition"", ""label"": ""subgrade_softened"", ""start_m"": 177.0, ""count"": 12, ""side"": ""right"", ""directions"": ""vertical"", ""stiffness_factor_eta_k"": 0.3309, ""damping_factor_eta_c"": 1.0}]"
v2n029_seed55831170_v160_coupled_fastener_subgrade_partial_overlap,55831170,160,train,coupled_fastener_subgrade_partial_overlap,v2_seed55831170,"[{""type"": ""fastener_failure"", ""label"": ""fastener_eta"", ""start_m"": 221.4, ""count"": 5, ""side"": ""right"", ""directions"": ""both"", ""stiffness_factor_eta_k"": 1.1, ""damping_factor_eta_c"": 1.0}, {""type"": ""subgrade_condition"", ""label"": ""subgrade_hardened"", ""start_m"": 222.0, ""count"": 3, ""side"": ""both"", ""directions"": ""vertical"", ""stiffness_factor_eta_k"": 4.7267, ""damping_factor_eta_c"": 1.0}]"
v2n029_seed55831170_v160_coupled_ballast_sleeper_void_separate,55831170,160,train,coupled_ballast_sleeper_void_separate,v2_seed55831170,"[{""type"": ""ballast_condition"", ""label"": ""ballast_softened"", ""start_m"": 228.0, ""count"": 20, ""side"": ""right"", ""directions"": ""vertical"", ""stiffness_factor_eta_k"": 0.8329, ""damping_factor_eta_c"": 1.0}, {""type"": ""sleeper_void"", ""label"": ""sleeper_void"", ""start_m"": 252.0, ""count"": 2, ""side"": ""right"", ""directions"": ""vertical"", ""delta_gap_mm"": 0.499}]"
v2n029_seed55831170_v200_baseline,55831170,200,train,baseline,v2_seed55831170,[]
v2n029_seed55831170_v200_fastener,55831170,200,train,fastener,v2_seed55831170,"[{""type"": ""fastener_failure"", ""label"": ""fastener_eta"", ""start_m"": 155.4, ""count"": 1, ""side"": ""right"", ""directions"": ""both"", ""stiffness_factor_eta_k"": 0.9, ""damping_factor_eta_c"": 1.0}]"
v2n029_seed55831170_v200_coupled_fastener_subgrade_partial_overlap,55831170,200,train,coupled_fastener_subgrade_partial_overlap,v2_seed55831170,"[{""type"": ""fastener_failure"", ""label"": ""fastener_eta"", ""start_m"": 221.4, ""count"": 5, ""side"": ""right"", ""directions"": ""both"", ""stiffness_factor_eta_k"": 1.1, ""damping_factor_eta_c"": 1.0}, {""type"": ""subgrade_condition"", ""label"": ""subgrade_hardened"", ""start_m"": 222.0, ""count"": 3, ""side"": ""both"", ""directions"": ""vertical"", ""stiffness_factor_eta_k"": 4.7267, ""damping_factor_eta_c"": 1.0}]"
v2n030_seed82744829_v200_baseline,82744829,200,train,baseline,v2_seed82744829,[]
v2n030_seed82744829_v200_fastener,82744829,200,train,fastener,v2_seed82744829,"[{""type"": ""fastener_failure"", ""label"": ""fastener_eta"", ""start_m"": 249.6, ""count"": 2, ""side"": ""both"", ""directions"": ""both"", ""stiffness_factor_eta_k"": 0.95, ""damping_factor_eta_c"": 1.0}]"
v2n030_seed82744829_v200_sleeper_void,82744829,200,train,sleeper_void,v2_seed82744829,"[{""type"": ""sleeper_void"", ""label"": ""sleeper_void"", ""start_m"": 164.4, ""count"": 3, ""side"": ""right"", ""directions"": ""vertical"", ""delta_gap_mm"": 1.662}]"
v2n030_seed82744829_v200_ballast,82744829,200,train,ballast,v2_seed82744829,"[{""type"": ""ballast_condition"", ""label"": ""ballast_softened"", ""start_m"": 172.2, ""count"": 12, ""side"": ""left"", ""directions"": ""vertical"", ""stiffness_factor_eta_k"": 0.3668, ""damping_factor_eta_c"": 1.0}]"
v2n030_seed82744829_v200_subgrade,82744829,200,train,subgrade,v2_seed82744829,"[{""type"": ""subgrade_condition"", ""label"": ""subgrade_softened"", ""start_m"": 245.4, ""count"": 20, ""side"": ""both"", ""directions"": ""vertical"", ""stiffness_factor_eta_k"": 0.9253, ""damping_factor_eta_c"": 1.0}]"
v2n030_seed82744829_v200_coupled_ballast_subgrade_separate,82744829,200,train,coupled_ballast_subgrade_separate,v2_seed82744829,"[{""type"": ""ballast_condition"", ""label"": ""ballast_softened"", ""start_m"": 215.4, ""count"": 20, ""side"": ""right"", ""directions"": ""vertical"", ""stiffness_factor_eta_k"": 0.9028, ""damping_factor_eta_c"": 1.0}, {""type"": ""subgrade_condition"", ""label"": ""subgrade_softened"", ""start_m"": 239.4, ""count"": 5, ""side"": ""left"", ""directions"": ""vertical"", ""stiffness_factor_eta_k"": 0.1774, ""damping_factor_eta_c"": 1.0}]"
v2n030_seed82744829_v200_coupled_subgrade_sleeper_void_overlap,82744829,200,train,coupled_subgrade_sleeper_void_overlap,v2_seed82744829,"[{""type"": ""subgrade_condition"", ""label"": ""subgrade_hardened"", ""start_m"": 203.4, ""count"": 40, ""side"": ""left"", ""directions"": ""vertical"", ""stiffness_factor_eta_k"": 1.1494, ""damping_factor_eta_c"": 1.0}, {""type"": ""sleeper_void"", ""label"": ""sleeper_void"", ""start_m"": 203.4, ""count"": 3, ""side"": ""both"", ""directions"": ""vertical"", ""delta_gap_mm"": 0.983}]"
v2n030_seed82744829_v250_baseline,82744829,250,train,baseline,v2_seed82744829,[]
v2n030_seed82744829_v250_sleeper_void,82744829,250,train,sleeper_void,v2_seed82744829,"[{""type"": ""sleeper_void"", ""label"": ""sleeper_void"", ""start_m"": 164.4, ""count"": 3, ""side"": ""right"", ""directions"": ""vertical"", ""delta_gap_mm"": 1.662}]"
v2n030_seed82744829_v250_coupled_ballast_subgrade_separate,82744829,250,train,coupled_ballast_subgrade_separate,v2_seed82744829,"[{""type"": ""ballast_condition"", ""label"": ""ballast_softened"", ""start_m"": 215.4, ""count"": 20, ""side"": ""right"", ""directions"": ""vertical"", ""stiffness_factor_eta_k"": 0.9028, ""damping_factor_eta_c"": 1.0}, {""type"": ""subgrade_condition"", ""label"": ""subgrade_softened"", ""start_m"": 239.4, ""count"": 5, ""side"": ""left"", ""directions"": ""vertical"", ""stiffness_factor_eta_k"": 0.1774, ""damping_factor_eta_c"": 1.0}]"
v2n031_seed94728490_v215_baseline,94728490,215,train,baseline,v2_seed94728490,[]
v2n031_seed94728490_v215_fastener,94728490,215,train,fastener,v2_seed94728490,"[{""type"": ""fastener_failure"", ""label"": ""fastener_eta"", ""start_m"": 295.8, ""count"": 3, ""side"": ""left"", ""directions"": ""both"", ""stiffness_factor_eta_k"": 1.05, ""damping_factor_eta_c"": 1.0}]"
v2n031_seed94728490_v215_sleeper_void,94728490,215,train,sleeper_void,v2_seed94728490,"[{""type"": ""sleeper_void"", ""label"": ""sleeper_void"", ""start_m"": 183.6, ""count"": 5, ""side"": ""both"", ""directions"": ""vertical"", ""delta_gap_mm"": 3.007}]"
v2n031_seed94728490_v215_ballast,94728490,215,train,ballast,v2_seed94728490,"[{""type"": ""ballast_condition"", ""label"": ""ballast_softened"", ""start_m"": 205.8, ""count"": 20, ""side"": ""right"", ""directions"": ""vertical"", ""stiffness_factor_eta_k"": 0.7299, ""damping_factor_eta_c"": 1.0}]"
v2n031_seed94728490_v215_subgrade,94728490,215,train,subgrade,v2_seed94728490,"[{""type"": ""subgrade_condition"", ""label"": ""subgrade_hardened"", ""start_m"": 183.6, ""count"": 40, ""side"": ""left"", ""directions"": ""vertical"", ""stiffness_factor_eta_k"": 1.1682, ""damping_factor_eta_c"": 1.0}]"
v2n031_seed94728490_v215_coupled_fastener_ballast_overlap,94728490,215,train,coupled_fastener_ballast_overlap,v2_seed94728490,"[{""type"": ""fastener_failure"", ""label"": ""fastener_eta"", ""start_m"": 209.4, ""count"": 12, ""side"": ""left"", ""directions"": ""both"", ""stiffness_factor_eta_k"": 0.0, ""damping_factor_eta_c"": 1.0}, {""type"": ""ballast_condition"", ""label"": ""ballast_softened"", ""start_m"": 209.4, ""count"": 8, ""side"": ""left"", ""directions"": ""vertical"", ""stiffness_factor_eta_k"": 0.6945, ""damping_factor_eta_c"": 1.0}]"
v2n031_seed94728490_v215_coupled_fastener_sleeper_void_partial_overlap,94728490,215,train,coupled_fastener_sleeper_void_partial_overlap,v2_seed94728490,"[{""type"": ""fastener_failure"", ""label"": ""fastener_eta"", ""start_m"": 209.4, ""count"": 20, ""side"": ""right"", ""directions"": ""both"", ""stiffness_factor_eta_k"": 0.1, ""damping_factor_eta_c"": 1.0}, {""type"": ""sleeper_void"", ""label"": ""sleeper_void"", ""start_m"": 210.6, ""count"": 5, ""side"": ""left"", ""directions"": ""vertical"", ""delta_gap_mm"": 1.795}]"
v2n031_seed94728490_v250_baseline,94728490,250,train,baseline,v2_seed94728490,[]
v2n031_seed94728490_v250_ballast,94728490,250,train,ballast,v2_seed94728490,"[{""type"": ""ballast_condition"", ""label"": ""ballast_softened"", ""start_m"": 205.8, ""count"": 20, ""side"": ""right"", ""directions"": ""vertical"", ""stiffness_factor_eta_k"": 0.7299, ""damping_factor_eta_c"": 1.0}]"
v2n031_seed94728490_v250_coupled_fastener_ballast_overlap,94728490,250,train,coupled_fastener_ballast_overlap,v2_seed94728490,"[{""type"": ""fastener_failure"", ""label"": ""fastener_eta"", ""start_m"": 209.4, ""count"": 12, ""side"": ""left"", ""directions"": ""both"", ""stiffness_factor_eta_k"": 0.0, ""damping_factor_eta_c"": 1.0}, {""type"": ""ballast_condition"", ""label"": ""ballast_softened"", ""start_m"": 209.4, ""count"": 8, ""side"": ""left"", ""directions"": ""vertical"", ""stiffness_factor_eta_k"": 0.6945, ""damping_factor_eta_c"": 1.0}]"
v2n032_seed86431651_v250_baseline,86431651,250,train,baseline,v2_seed86431651,[]
v2n032_seed86431651_v250_fastener,86431651,250,train,fastener,v2_seed86431651,"[{""type"": ""fastener_failure"", ""label"": ""fastener_eta"", ""start_m"": 239.4, ""count"": 5, ""side"": ""right"", ""directions"": ""both"", ""stiffness_factor_eta_k"": 1.1, ""damping_factor_eta_c"": 1.0}]"
v2n032_seed86431651_v250_sleeper_void,86431651,250,train,sleeper_void,v2_seed86431651,"[{""type"": ""sleeper_void"", ""label"": ""sleeper_void"", ""start_m"": 262.2, ""count"": 8, ""side"": ""left"", ""directions"": ""vertical"", ""delta_gap_mm"": 0.179}]"
v2n032_seed86431651_v250_ballast,86431651,250,train,ballast,v2_seed86431651,"[{""type"": ""ballast_condition"", ""label"": ""ballast_hardened"", ""start_m"": 250.8, ""count"": 40, ""side"": ""both"", ""directions"": ""vertical"", ""stiffness_factor_eta_k"": 1.0559, ""damping_factor_eta_c"": 1.0}]"
v2n032_seed86431651_v250_subgrade,86431651,250,train,subgrade,v2_seed86431651,"[{""type"": ""subgrade_condition"", ""label"": ""subgrade_hardened"", ""start_m"": 180.0, ""count"": 80, ""side"": ""right"", ""directions"": ""vertical"", ""stiffness_factor_eta_k"": 2.3238, ""damping_factor_eta_c"": 1.0}]"
v2n032_seed86431651_v250_coupled_fastener_subgrade_partial_overlap,86431651,250,train,coupled_fastener_subgrade_partial_overlap,v2_seed86431651,"[{""type"": ""fastener_failure"", ""label"": ""fastener_eta"", ""start_m"": 219.0, ""count"": 20, ""side"": ""right"", ""directions"": ""both"", ""stiffness_factor_eta_k"": 0.1, ""damping_factor_eta_c"": 1.0}, {""type"": ""subgrade_condition"", ""label"": ""subgrade_softened"", ""start_m"": 222.6, ""count"": 12, ""side"": ""both"", ""directions"": ""vertical"", ""stiffness_factor_eta_k"": 0.7325, ""damping_factor_eta_c"": 1.0}]"
v2n032_seed86431651_v250_coupled_ballast_sleeper_void_separate,86431651,250,train,coupled_ballast_sleeper_void_separate,v2_seed86431651,"[{""type"": ""ballast_condition"", ""label"": ""ballast_hardened"", ""start_m"": 196.8, ""count"": 3, ""side"": ""right"", ""directions"": ""vertical"", ""stiffness_factor_eta_k"": 4.1533, ""damping_factor_eta_c"": 1.0}, {""type"": ""sleeper_void"", ""label"": ""sleeper_void"", ""start_m"": 213.6, ""count"": 8, ""side"": ""right"", ""directions"": ""vertical"", ""delta_gap_mm"": 3.585}]"
v2n032_seed86431651_v200_baseline,86431651,200,train,baseline,v2_seed86431651,[]
v2n032_seed86431651_v200_subgrade,86431651,200,train,subgrade,v2_seed86431651,"[{""type"": ""subgrade_condition"", ""label"": ""subgrade_hardened"", ""start_m"": 180.0, ""count"": 80, ""side"": ""right"", ""directions"": ""vertical"", ""stiffness_factor_eta_k"": 2.3238, ""damping_factor_eta_c"": 1.0}]"
v2n032_seed86431651_v200_coupled_fastener_subgrade_partial_overlap,86431651,200,train,coupled_fastener_subgrade_partial_overlap,v2_seed86431651,"[{""type"": ""fastener_failure"", ""label"": ""fastener_eta"", ""start_m"": 219.0, ""count"": 20, ""side"": ""right"", ""directions"": ""both"", ""stiffness_factor_eta_k"": 0.1, ""damping_factor_eta_c"": 1.0}, {""type"": ""subgrade_condition"", ""label"": ""subgrade_softened"", ""start_m"": 222.6, ""count"": 12, ""side"": ""both"", ""directions"": ""vertical"", ""stiffness_factor_eta_k"": 0.7325, ""damping_factor_eta_c"": 1.0}]"
v2n033_seed76751515_v160_baseline,76751515,160,train,baseline,v2_seed76751515,[]
v2n033_seed76751515_v160_fastener,76751515,160,train,fastener,v2_seed76751515,"[{""type"": ""fastener_failure"", ""label"": ""fastener_eta"", ""start_m"": 202.8, ""count"": 8, ""side"": ""both"", ""directions"": ""both"", ""stiffness_factor_eta_k"": 1.25, ""damping_factor_eta_c"": 1.0}]"
v2n033_seed76751515_v160_sleeper_void,76751515,160,train,sleeper_void,v2_seed76751515,"[{""type"": ""sleeper_void"", ""label"": ""sleeper_void"", ""start_m"": 282.0, ""count"": 12, ""side"": ""right"", ""directions"": ""vertical"", ""delta_gap_mm"": 0.626}]"
v2n033_seed76751515_v160_ballast,76751515,160,train,ballast,v2_seed76751515,"[{""type"": ""ballast_condition"", ""label"": ""ballast_hardened"", ""start_m"": 168.0, ""count"": 80, ""side"": ""left"", ""directions"": ""vertical"", ""stiffness_factor_eta_k"": 2.0451, ""damping_factor_eta_c"": 1.0}]"
v2n033_seed76751515_v160_subgrade,76751515,160,train,subgrade,v2_seed76751515,"[{""type"": ""subgrade_condition"", ""label"": ""subgrade_hardened"", ""start_m"": 283.8, ""count"": 3, ""side"": ""both"", ""directions"": ""vertical"", ""stiffness_factor_eta_k"": 7.608, ""damping_factor_eta_c"": 1.0}]"
v2n033_seed76751515_v160_coupled_ballast_subgrade_separate,76751515,160,train,coupled_ballast_subgrade_separate,v2_seed76751515,"[{""type"": ""ballast_condition"", ""label"": ""ballast_hardened"", ""start_m"": 222.6, ""count"": 3, ""side"": ""right"", ""directions"": ""vertical"", ""stiffness_factor_eta_k"": 6.3657, ""damping_factor_eta_c"": 1.0}, {""type"": ""subgrade_condition"", ""label"": ""subgrade_hardened"", ""start_m"": 246.6, ""count"": 20, ""side"": ""left"", ""directions"": ""vertical"", ""stiffness_factor_eta_k"": 1.2731, ""damping_factor_eta_c"": 1.0}]"
v2n033_seed76751515_v160_coupled_subgrade_sleeper_void_overlap,76751515,160,train,coupled_subgrade_sleeper_void_overlap,v2_seed76751515,"[{""type"": ""subgrade_condition"", ""label"": ""subgrade_softened"", ""start_m"": 216.0, ""count"": 5, ""side"": ""left"", ""directions"": ""vertical"", ""stiffness_factor_eta_k"": 0.2076, ""damping_factor_eta_c"": 1.0}, {""type"": ""sleeper_void"", ""label"": ""sleeper_void"", ""start_m"": 216.0, ""count"": 12, ""side"": ""both"", ""directions"": ""vertical"", ""delta_gap_mm"": 0.165}]"
v2n033_seed76751515_v200_baseline,76751515,200,train,baseline,v2_seed76751515,[]
v2n033_seed76751515_v200_fastener,76751515,200,train,fastener,v2_seed76751515,"[{""type"": ""fastener_failure"", ""label"": ""fastener_eta"", ""start_m"": 202.8, ""count"": 8, ""side"": ""both"", ""directions"": ""both"", ""stiffness_factor_eta_k"": 1.25, ""damping_factor_eta_c"": 1.0}]"
v2n033_seed76751515_v200_coupled_ballast_subgrade_separate,76751515,200,train,coupled_ballast_subgrade_separate,v2_seed76751515,"[{""type"": ""ballast_condition"", ""label"": ""ballast_hardened"", ""start_m"": 222.6, ""count"": 3, ""side"": ""right"", ""directions"": ""vertical"", ""stiffness_factor_eta_k"": 6.3657, ""damping_factor_eta_c"": 1.0}, {""type"": ""subgrade_condition"", ""label"": ""subgrade_hardened"", ""start_m"": 246.6, ""count"": 20, ""side"": ""left"", ""directions"": ""vertical"", ""stiffness_factor_eta_k"": 1.2731, ""damping_factor_eta_c"": 1.0}]"
v2n034_seed60716007_v200_baseline,60716007,200,train,baseline,v2_seed60716007,[]
v2n034_seed60716007_v200_fastener,60716007,200,train,fastener,v2_seed60716007,"[{""type"": ""fastener_failure"", ""label"": ""fastener_eta"", ""start_m"": 178.2, ""count"": 12, ""side"": ""left"", ""directions"": ""both"", ""stiffness_factor_eta_k"": 0.0, ""damping_factor_eta_c"": 1.0}]"
v2n034_seed60716007_v200_sleeper_void,60716007,200,train,sleeper_void,v2_seed60716007,"[{""type"": ""sleeper_void"", ""label"": ""sleeper_void"", ""start_m"": 181.8, ""count"": 20, ""side"": ""both"", ""directions"": ""vertical"", ""delta_gap_mm"": 1.501}]"
v2n034_seed60716007_v200_ballast,60716007,200,train,ballast,v2_seed60716007,"[{""type"": ""ballast_condition"", ""label"": ""ballast_hardened"", ""start_m"": 276.0, ""count"": 3, ""side"": ""right"", ""directions"": ""vertical"", ""stiffness_factor_eta_k"": 3.0149, ""damping_factor_eta_c"": 1.0}]"
v2n034_seed60716007_v200_subgrade,60716007,200,train,subgrade,v2_seed60716007,"[{""type"": ""subgrade_condition"", ""label"": ""subgrade_softened"", ""start_m"": 291.0, ""count"": 5, ""side"": ""left"", ""directions"": ""vertical"", ""stiffness_factor_eta_k"": 0.2679, ""damping_factor_eta_c"": 1.0}]"
v2n034_seed60716007_v200_coupled_fastener_ballast_overlap,60716007,200,train,coupled_fastener_ballast_overlap,v2_seed60716007,"[{""type"": ""fastener_failure"", ""label"": ""fastener_eta"", ""start_m"": 235.8, ""count"": 2, ""side"": ""left"", ""directions"": ""both"", ""stiffness_factor_eta_k"": 0.5, ""damping_factor_eta_c"": 1.0}, {""type"": ""ballast_condition"", ""label"": ""ballast_hardened"", ""start_m"": 235.8, ""count"": 40, ""side"": ""left"", ""directions"": ""vertical"", ""stiffness_factor_eta_k"": 1.8158, ""damping_factor_eta_c"": 1.0}]"
v2n034_seed60716007_v200_coupled_fastener_sleeper_void_partial_overlap,60716007,200,train,coupled_fastener_sleeper_void_partial_overlap,v2_seed60716007,"[{""type"": ""fastener_failure"", ""label"": ""fastener_eta"", ""start_m"": 201.0, ""count"": 3, ""side"": ""right"", ""directions"": ""both"", ""stiffness_factor_eta_k"": 0.75, ""damping_factor_eta_c"": 1.0}, {""type"": ""sleeper_void"", ""label"": ""sleeper_void"", ""start_m"": 201.6, ""count"": 20, ""side"": ""left"", ""directions"": ""vertical"", ""delta_gap_mm"": 0.775}]"
v2n034_seed60716007_v250_baseline,60716007,250,train,baseline,v2_seed60716007,[]
v2n034_seed60716007_v250_sleeper_void,60716007,250,train,sleeper_void,v2_seed60716007,"[{""type"": ""sleeper_void"", ""label"": ""sleeper_void"", ""start_m"": 181.8, ""count"": 20, ""side"": ""both"", ""directions"": ""vertical"", ""delta_gap_mm"": 1.501}]"
v2n034_seed60716007_v250_coupled_fastener_ballast_overlap,60716007,250,train,coupled_fastener_ballast_overlap,v2_seed60716007,"[{""type"": ""fastener_failure"", ""label"": ""fastener_eta"", ""start_m"": 235.8, ""count"": 2, ""side"": ""left"", ""directions"": ""both"", ""stiffness_factor_eta_k"": 0.5, ""damping_factor_eta_c"": 1.0}, {""type"": ""ballast_condition"", ""label"": ""ballast_hardened"", ""start_m"": 235.8, ""count"": 40, ""side"": ""left"", ""directions"": ""vertical"", ""stiffness_factor_eta_k"": 1.8158, ""damping_factor_eta_c"": 1.0}]"
v2n035_seed15334308_v215_baseline,15334308,215,test,baseline,v2_seed15334308,[]
v2n035_seed15334308_v215_fastener,15334308,215,test,fastener,v2_seed15334308,"[{""type"": ""fastener_failure"", ""label"": ""fastener_eta"", ""start_m"": 264.0, ""count"": 20, ""side"": ""right"", ""directions"": ""both"", ""stiffness_factor_eta_k"": 0.1, ""damping_factor_eta_c"": 1.0}]"
v2n035_seed15334308_v215_sleeper_void,15334308,215,test,sleeper_void,v2_seed15334308,"[{""type"": ""sleeper_void"", ""label"": ""sleeper_void"", ""start_m"": 250.8, ""count"": 1, ""side"": ""left"", ""directions"": ""vertical"", ""delta_gap_mm"": 2.586}]"
v2n035_seed15334308_v215_ballast,15334308,215,test,ballast,v2_seed15334308,"[{""type"": ""ballast_condition"", ""label"": ""ballast_softened"", ""start_m"": 283.8, ""count"": 5, ""side"": ""both"", ""directions"": ""vertical"", ""stiffness_factor_eta_k"": 0.1503, ""damping_factor_eta_c"": 1.0}]"
v2n035_seed15334308_v215_subgrade,15334308,215,test,subgrade,v2_seed15334308,"[{""type"": ""subgrade_condition"", ""label"": ""subgrade_softened"", ""start_m"": 177.0, ""count"": 8, ""side"": ""right"", ""directions"": ""vertical"", ""stiffness_factor_eta_k"": 0.3207, ""damping_factor_eta_c"": 1.0}]"
v2n035_seed15334308_v215_coupled_fastener_subgrade_partial_overlap,15334308,215,test,coupled_fastener_subgrade_partial_overlap,v2_seed15334308,"[{""type"": ""fastener_failure"", ""label"": ""fastener_eta"", ""start_m"": 233.4, ""count"": 3, ""side"": ""right"", ""directions"": ""both"", ""stiffness_factor_eta_k"": 0.75, ""damping_factor_eta_c"": 1.0}, {""type"": ""subgrade_condition"", ""label"": ""subgrade_hardened"", ""start_m"": 234.0, ""count"": 80, ""side"": ""both"", ""directions"": ""vertical"", ""stiffness_factor_eta_k"": 4.6653, ""damping_factor_eta_c"": 1.0}]"
v2n035_seed15334308_v215_coupled_ballast_sleeper_void_separate,15334308,215,test,coupled_ballast_sleeper_void_separate,v2_seed15334308,"[{""type"": ""ballast_condition"", ""label"": ""ballast_softened"", ""start_m"": 193.8, ""count"": 12, ""side"": ""right"", ""directions"": ""vertical"", ""stiffness_factor_eta_k"": 0.9403, ""damping_factor_eta_c"": 1.0}, {""type"": ""sleeper_void"", ""label"": ""sleeper_void"", ""start_m"": 213.0, ""count"": 1, ""side"": ""right"", ""directions"": ""vertical"", ""delta_gap_mm"": 1.149}]"
v2n035_seed15334308_v250_baseline,15334308,250,test,baseline,v2_seed15334308,[]
v2n035_seed15334308_v250_ballast,15334308,250,test,ballast,v2_seed15334308,"[{""type"": ""ballast_condition"", ""label"": ""ballast_softened"", ""start_m"": 283.8, ""count"": 5, ""side"": ""both"", ""directions"": ""vertical"", ""stiffness_factor_eta_k"": 0.1503, ""damping_factor_eta_c"": 1.0}]"
v2n035_seed15334308_v250_coupled_fastener_subgrade_partial_overlap,15334308,250,test,coupled_fastener_subgrade_partial_overlap,v2_seed15334308,"[{""type"": ""fastener_failure"", ""label"": ""fastener_eta"", ""start_m"": 233.4, ""count"": 3, ""side"": ""right"", ""directions"": ""both"", ""stiffness_factor_eta_k"": 0.75, ""damping_factor_eta_c"": 1.0}, {""type"": ""subgrade_condition"", ""label"": ""subgrade_hardened"", ""start_m"": 234.0, ""count"": 80, ""side"": ""both"", ""directions"": ""vertical"", ""stiffness_factor_eta_k"": 4.6653, ""damping_factor_eta_c"": 1.0}]"
v2n036_seed84601794_v250_baseline,84601794,250,train,baseline,v2_seed84601794,[]
v2n036_seed84601794_v250_fastener,84601794,250,train,fastener,v2_seed84601794,"[{""type"": ""fastener_failure"", ""label"": ""fastener_eta"", ""start_m"": 284.4, ""count"": 1, ""side"": ""both"", ""directions"": ""both"", ""stiffness_factor_eta_k"": 0.25, ""damping_factor_eta_c"": 1.0}]"
v2n036_seed84601794_v250_sleeper_void,84601794,250,train,sleeper_void,v2_seed84601794,"[{""type"": ""sleeper_void"", ""label"": ""sleeper_void"", ""start_m"": 279.6, ""count"": 2, ""side"": ""right"", ""directions"": ""vertical"", ""delta_gap_mm"": 0.167}]"
v2n036_seed84601794_v250_ballast,84601794,250,train,ballast,v2_seed84601794,"[{""type"": ""ballast_condition"", ""label"": ""ballast_softened"", ""start_m"": 181.8, ""count"": 8, ""side"": ""left"", ""directions"": ""vertical"", ""stiffness_factor_eta_k"": 0.5076, ""damping_factor_eta_c"": 1.0}]"
v2n036_seed84601794_v250_subgrade,84601794,250,train,subgrade,v2_seed84601794,"[{""type"": ""subgrade_condition"", ""label"": ""subgrade_softened"", ""start_m"": 261.6, ""count"": 12, ""side"": ""both"", ""directions"": ""vertical"", ""stiffness_factor_eta_k"": 0.8403, ""damping_factor_eta_c"": 1.0}]"
v2n036_seed84601794_v250_coupled_ballast_subgrade_separate,84601794,250,train,coupled_ballast_subgrade_separate,v2_seed84601794,"[{""type"": ""ballast_condition"", ""label"": ""ballast_softened"", ""start_m"": 225.0, ""count"": 12, ""side"": ""right"", ""directions"": ""vertical"", ""stiffness_factor_eta_k"": 0.9356, ""damping_factor_eta_c"": 1.0}, {""type"": ""subgrade_condition"", ""label"": ""subgrade_softened"", ""start_m"": 244.2, ""count"": 3, ""side"": ""left"", ""directions"": ""vertical"", ""stiffness_factor_eta_k"": 0.2026, ""damping_factor_eta_c"": 1.0}]"
v2n036_seed84601794_v250_coupled_subgrade_sleeper_void_overlap,84601794,250,train,coupled_subgrade_sleeper_void_overlap,v2_seed84601794,"[{""type"": ""subgrade_condition"", ""label"": ""subgrade_hardened"", ""start_m"": 208.2, ""count"": 20, ""side"": ""left"", ""directions"": ""vertical"", ""stiffness_factor_eta_k"": 1.2045, ""damping_factor_eta_c"": 1.0}, {""type"": ""sleeper_void"", ""label"": ""sleeper_void"", ""start_m"": 208.2, ""count"": 2, ""side"": ""both"", ""directions"": ""vertical"", ""delta_gap_mm"": 2.84}]"
v2n036_seed84601794_v200_baseline,84601794,200,train,baseline,v2_seed84601794,[]
v2n036_seed84601794_v200_subgrade,84601794,200,train,subgrade,v2_seed84601794,"[{""type"": ""subgrade_condition"", ""label"": ""subgrade_softened"", ""start_m"": 261.6, ""count"": 12, ""side"": ""both"", ""directions"": ""vertical"", ""stiffness_factor_eta_k"": 0.8403, ""damping_factor_eta_c"": 1.0}]"
v2n036_seed84601794_v200_coupled_ballast_subgrade_separate,84601794,200,train,coupled_ballast_subgrade_separate,v2_seed84601794,"[{""type"": ""ballast_condition"", ""label"": ""ballast_softened"", ""start_m"": 225.0, ""count"": 12, ""side"": ""right"", ""directions"": ""vertical"", ""stiffness_factor_eta_k"": 0.9356, ""damping_factor_eta_c"": 1.0}, {""type"": ""subgrade_condition"", ""label"": ""subgrade_softened"", ""start_m"": 244.2, ""count"": 3, ""side"": ""left"", ""directions"": ""vertical"", ""stiffness_factor_eta_k"": 0.2026, ""damping_factor_eta_c"": 1.0}]"
v2n037_seed80146671_v160_baseline,80146671,160,train,baseline,v2_seed80146671,[]
v2n037_seed80146671_v160_fastener,80146671,160,train,fastener,v2_seed80146671,"[{""type"": ""fastener_failure"", ""label"": ""fastener_eta"", ""start_m"": 205.8, ""count"": 2, ""side"": ""left"", ""directions"": ""both"", ""stiffness_factor_eta_k"": 0.5, ""damping_factor_eta_c"": 1.0}]"
v2n037_seed80146671_v160_sleeper_void,80146671,160,train,sleeper_void,v2_seed80146671,"[{""type"": ""sleeper_void"", ""label"": ""sleeper_void"", ""start_m"": 270.0, ""count"": 3, ""side"": ""both"", ""directions"": ""vertical"", ""delta_gap_mm"": 0.731}]"
v2n037_seed80146671_v160_ballast,80146671,160,train,ballast,v2_seed80146671,"[{""type"": ""ballast_condition"", ""label"": ""ballast_softened"", ""start_m"": 183.6, ""count"": 12, ""side"": ""right"", ""directions"": ""vertical"", ""stiffness_factor_eta_k"": 0.7384, ""damping_factor_eta_c"": 1.0}]"
v2n037_seed80146671_v160_subgrade,80146671,160,train,subgrade,v2_seed80146671,"[{""type"": ""subgrade_condition"", ""label"": ""subgrade_hardened"", ""start_m"": 225.6, ""count"": 20, ""side"": ""left"", ""directions"": ""vertical"", ""stiffness_factor_eta_k"": 1.1957, ""damping_factor_eta_c"": 1.0}]"
v2n037_seed80146671_v160_coupled_fastener_ballast_overlap,80146671,160,train,coupled_fastener_ballast_overlap,v2_seed80146671,"[{""type"": ""fastener_failure"", ""label"": ""fastener_eta"", ""start_m"": 214.8, ""count"": 8, ""side"": ""left"", ""directions"": ""both"", ""stiffness_factor_eta_k"": 0.9, ""damping_factor_eta_c"": 1.0}, {""type"": ""ballast_condition"", ""label"": ""ballast_softened"", ""start_m"": 214.8, ""count"": 5, ""side"": ""left"", ""directions"": ""vertical"", ""stiffness_factor_eta_k"": 0.3144, ""damping_factor_eta_c"": 1.0}]"
v2n037_seed80146671_v160_coupled_fastener_sleeper_void_partial_overlap,80146671,160,train,coupled_fastener_sleeper_void_partial_overlap,v2_seed80146671,"[{""type"": ""fastener_failure"", ""label"": ""fastener_eta"", ""start_m"": 187.8, ""count"": 12, ""side"": ""right"", ""directions"": ""both"", ""stiffness_factor_eta_k"": 0.95, ""damping_factor_eta_c"": 1.0}, {""type"": ""sleeper_void"", ""label"": ""sleeper_void"", ""start_m"": 188.4, ""count"": 3, ""side"": ""left"", ""directions"": ""vertical"", ""delta_gap_mm"": 0.455}]"
v2n037_seed80146671_v200_baseline,80146671,200,train,baseline,v2_seed80146671,[]
v2n037_seed80146671_v200_fastener,80146671,200,train,fastener,v2_seed80146671,"[{""type"": ""fastener_failure"", ""label"": ""fastener_eta"", ""start_m"": 205.8, ""count"": 2, ""side"": ""left"", ""directions"": ""both"", ""stiffness_factor_eta_k"": 0.5, ""damping_factor_eta_c"": 1.0}]"
v2n037_seed80146671_v200_coupled_fastener_ballast_overlap,80146671,200,train,coupled_fastener_ballast_overlap,v2_seed80146671,"[{""type"": ""fastener_failure"", ""label"": ""fastener_eta"", ""start_m"": 214.8, ""count"": 8, ""side"": ""left"", ""directions"": ""both"", ""stiffness_factor_eta_k"": 0.9, ""damping_factor_eta_c"": 1.0}, {""type"": ""ballast_condition"", ""label"": ""ballast_softened"", ""start_m"": 214.8, ""count"": 5, ""side"": ""left"", ""directions"": ""vertical"", ""stiffness_factor_eta_k"": 0.3144, ""damping_factor_eta_c"": 1.0}]"
v2n038_seed24901802_v200_baseline,24901802,200,train,baseline,v2_seed24901802,[]
v2n038_seed24901802_v200_fastener,24901802,200,train,fastener,v2_seed24901802,"[{""type"": ""fastener_failure"", ""label"": ""fastener_eta"", ""start_m"": 295.8, ""count"": 3, ""side"": ""right"", ""directions"": ""both"", ""stiffness_factor_eta_k"": 0.75, ""damping_factor_eta_c"": 1.0}]"
v2n038_seed24901802_v200_sleeper_void,24901802,200,train,sleeper_void,v2_seed24901802,"[{""type"": ""sleeper_void"", ""label"": ""sleeper_void"", ""start_m"": 252.0, ""count"": 5, ""side"": ""left"", ""directions"": ""vertical"", ""delta_gap_mm"": 1.969}]"
v2n038_seed24901802_v200_ballast,24901802,200,train,ballast,v2_seed24901802,"[{""type"": ""ballast_condition"", ""label"": ""ballast_hardened"", ""start_m"": 235.8, ""count"": 20, ""side"": ""both"", ""directions"": ""vertical"", ""stiffness_factor_eta_k"": 1.192, ""damping_factor_eta_c"": 1.0}]"
v2n038_seed24901802_v200_subgrade,24901802,200,train,subgrade,v2_seed24901802,"[{""type"": ""subgrade_condition"", ""label"": ""subgrade_hardened"", ""start_m"": 224.4, ""count"": 40, ""side"": ""right"", ""directions"": ""vertical"", ""stiffness_factor_eta_k"": 2.2379, ""damping_factor_eta_c"": 1.0}]"
v2n038_seed24901802_v200_coupled_fastener_subgrade_partial_overlap,24901802,200,train,coupled_fastener_subgrade_partial_overlap,v2_seed24901802,"[{""type"": ""fastener_failure"", ""label"": ""fastener_eta"", ""start_m"": 234.0, ""count"": 12, ""side"": ""right"", ""directions"": ""both"", ""stiffness_factor_eta_k"": 0.95, ""damping_factor_eta_c"": 1.0}, {""type"": ""subgrade_condition"", ""label"": ""subgrade_softened"", ""start_m"": 236.4, ""count"": 8, ""side"": ""both"", ""directions"": ""vertical"", ""stiffness_factor_eta_k"": 0.8502, ""damping_factor_eta_c"": 1.0}]"
v2n038_seed24901802_v200_coupled_ballast_sleeper_void_separate,24901802,200,train,coupled_ballast_sleeper_void_separate,v2_seed24901802,"[{""type"": ""ballast_condition"", ""label"": ""ballast_hardened"", ""start_m"": 204.0, ""count"": 80, ""side"": ""right"", ""directions"": ""vertical"", ""stiffness_factor_eta_k"": 3.152, ""damping_factor_eta_c"": 1.0}, {""type"": ""sleeper_void"", ""label"": ""sleeper_void"", ""start_m"": 264.0, ""count"": 5, ""side"": ""right"", ""directions"": ""vertical"", ""delta_gap_mm"": 0.572}]"
v2n038_seed24901802_v250_baseline,24901802,250,train,baseline,v2_seed24901802,[]
v2n038_seed24901802_v250_sleeper_void,24901802,250,train,sleeper_void,v2_seed24901802,"[{""type"": ""sleeper_void"", ""label"": ""sleeper_void"", ""start_m"": 252.0, ""count"": 5, ""side"": ""left"", ""directions"": ""vertical"", ""delta_gap_mm"": 1.969}]"
v2n038_seed24901802_v250_coupled_fastener_subgrade_partial_overlap,24901802,250,train,coupled_fastener_subgrade_partial_overlap,v2_seed24901802,"[{""type"": ""fastener_failure"", ""label"": ""fastener_eta"", ""start_m"": 234.0, ""count"": 12, ""side"": ""right"", ""directions"": ""both"", ""stiffness_factor_eta_k"": 0.95, ""damping_factor_eta_c"": 1.0}, {""type"": ""subgrade_condition"", ""label"": ""subgrade_softened"", ""start_m"": 236.4, ""count"": 8, ""side"": ""both"", ""directions"": ""vertical"", ""stiffness_factor_eta_k"": 0.8502, ""damping_factor_eta_c"": 1.0}]"
v2n039_seed57952678_v215_baseline,57952678,215,train,baseline,v2_seed57952678,[]
v2n039_seed57952678_v215_fastener,57952678,215,train,fastener,v2_seed57952678,"[{""type"": ""fastener_failure"", ""label"": ""fastener_eta"", ""start_m"": 210.0, ""count"": 5, ""side"": ""both"", ""directions"": ""both"", ""stiffness_factor_eta_k"": 0.85, ""damping_factor_eta_c"": 1.0}]"
v2n039_seed57952678_v215_sleeper_void,57952678,215,train,sleeper_void,v2_seed57952678,"[{""type"": ""sleeper_void"", ""label"": ""sleeper_void"", ""start_m"": 240.6, ""count"": 8, ""side"": ""right"", ""directions"": ""vertical"", ""delta_gap_mm"": 3.076}]"
v2n039_seed57952678_v215_ballast,57952678,215,train,ballast,v2_seed57952678,"[{""type"": ""ballast_condition"", ""label"": ""ballast_hardened"", ""start_m"": 299.4, ""count"": 40, ""side"": ""left"", ""directions"": ""vertical"", ""stiffness_factor_eta_k"": 2.0948, ""damping_factor_eta_c"": 1.0}]"
v2n039_seed57952678_v215_subgrade,57952678,215,train,subgrade,v2_seed57952678,"[{""type"": ""subgrade_condition"", ""label"": ""subgrade_hardened"", ""start_m"": 177.6, ""count"": 80, ""side"": ""both"", ""directions"": ""vertical"", ""stiffness_factor_eta_k"": 6.6203, ""damping_factor_eta_c"": 1.0}]"
v2n039_seed57952678_v215_coupled_ballast_subgrade_separate,57952678,215,train,coupled_ballast_subgrade_separate,v2_seed57952678,"[{""type"": ""ballast_condition"", ""label"": ""ballast_hardened"", ""start_m"": 234.6, ""count"": 80, ""side"": ""right"", ""directions"": ""vertical"", ""stiffness_factor_eta_k"": 5.6002, ""damping_factor_eta_c"": 1.0}, {""type"": ""subgrade_condition"", ""label"": ""subgrade_hardened"", ""start_m"": 294.6, ""count"": 12, ""side"": ""left"", ""directions"": ""vertical"", ""stiffness_factor_eta_k"": 1.2138, ""damping_factor_eta_c"": 1.0}]"
v2n039_seed57952678_v215_coupled_subgrade_sleeper_void_overlap,57952678,215,train,coupled_subgrade_sleeper_void_overlap,v2_seed57952678,"[{""type"": ""subgrade_condition"", ""label"": ""subgrade_softened"", ""start_m"": 183.6, ""count"": 3, ""side"": ""left"", ""directions"": ""vertical"", ""stiffness_factor_eta_k"": 0.1879, ""damping_factor_eta_c"": 1.0}, {""type"": ""sleeper_void"", ""label"": ""sleeper_void"", ""start_m"": 183.6, ""count"": 8, ""side"": ""both"", ""directions"": ""vertical"", ""delta_gap_mm"": 1.002}]"
v2n039_seed57952678_v250_baseline,57952678,250,train,baseline,v2_seed57952678,[]
v2n039_seed57952678_v250_ballast,57952678,250,train,ballast,v2_seed57952678,"[{""type"": ""ballast_condition"", ""label"": ""ballast_hardened"", ""start_m"": 299.4, ""count"": 40, ""side"": ""left"", ""directions"": ""vertical"", ""stiffness_factor_eta_k"": 2.0948, ""damping_factor_eta_c"": 1.0}]"
v2n039_seed57952678_v250_coupled_ballast_subgrade_separate,57952678,250,train,coupled_ballast_subgrade_separate,v2_seed57952678,"[{""type"": ""ballast_condition"", ""label"": ""ballast_hardened"", ""start_m"": 234.6, ""count"": 80, ""side"": ""right"", ""directions"": ""vertical"", ""stiffness_factor_eta_k"": 5.6002, ""damping_factor_eta_c"": 1.0}, {""type"": ""subgrade_condition"", ""label"": ""subgrade_hardened"", ""start_m"": 294.6, ""count"": 12, ""side"": ""left"", ""directions"": ""vertical"", ""stiffness_factor_eta_k"": 1.2138, ""damping_factor_eta_c"": 1.0}]"
v2n040_seed19484261_v250_baseline,19484261,250,test,baseline,v2_seed19484261,[]
v2n040_seed19484261_v250_fastener,19484261,250,test,fastener,v2_seed19484261,"[{""type"": ""fastener_failure"", ""label"": ""fastener_eta"", ""start_m"": 195.0, ""count"": 8, ""side"": ""left"", ""directions"": ""both"", ""stiffness_factor_eta_k"": 0.9, ""damping_factor_eta_c"": 1.0}]"
v2n040_seed19484261_v250_sleeper_void,19484261,250,test,sleeper_void,v2_seed19484261,"[{""type"": ""sleeper_void"", ""label"": ""sleeper_void"", ""start_m"": 285.6, ""count"": 12, ""side"": ""both"", ""directions"": ""vertical"", ""delta_gap_mm"": 0.433}]"
v2n040_seed19484261_v250_ballast,19484261,250,test,ballast,v2_seed19484261,"[{""type"": ""ballast_condition"", ""label"": ""ballast_hardened"", ""start_m"": 186.6, ""count"": 80, ""side"": ""right"", ""directions"": ""vertical"", ""stiffness_factor_eta_k"": 7.6337, ""damping_factor_eta_c"": 1.0}]"
v2n040_seed19484261_v250_subgrade,19484261,250,test,subgrade,v2_seed19484261,"[{""type"": ""subgrade_condition"", ""label"": ""subgrade_softened"", ""start_m"": 198.0, ""count"": 3, ""side"": ""left"", ""directions"": ""vertical"", ""stiffness_factor_eta_k"": 0.2297, ""damping_factor_eta_c"": 1.0}]"
v2n040_seed19484261_v250_coupled_fastener_ballast_overlap,19484261,250,test,coupled_fastener_ballast_overlap,v2_seed19484261,"[{""type"": ""fastener_failure"", ""label"": ""fastener_eta"", ""start_m"": 187.8, ""count"": 1, ""side"": ""left"", ""directions"": ""both"", ""stiffness_factor_eta_k"": 1.1, ""damping_factor_eta_c"": 1.0}, {""type"": ""ballast_condition"", ""label"": ""ballast_hardened"", ""start_m"": 187.8, ""count"": 20, ""side"": ""left"", ""directions"": ""vertical"", ""stiffness_factor_eta_k"": 1.4513, ""damping_factor_eta_c"": 1.0}]"
v2n040_seed19484261_v250_coupled_fastener_sleeper_void_partial_overlap,19484261,250,test,coupled_fastener_sleeper_void_partial_overlap,v2_seed19484261,"[{""type"": ""fastener_failure"", ""label"": ""fastener_eta"", ""start_m"": 228.6, ""count"": 2, ""side"": ""right"", ""directions"": ""both"", ""stiffness_factor_eta_k"": 1.25, ""damping_factor_eta_c"": 1.0}, {""type"": ""sleeper_void"", ""label"": ""sleeper_void"", ""start_m"": 229.2, ""count"": 12, ""side"": ""left"", ""directions"": ""vertical"", ""delta_gap_mm"": 3.358}]"
v2n040_seed19484261_v200_baseline,19484261,200,test,baseline,v2_seed19484261,[]
v2n040_seed19484261_v200_subgrade,19484261,200,test,subgrade,v2_seed19484261,"[{""type"": ""subgrade_condition"", ""label"": ""subgrade_softened"", ""start_m"": 198.0, ""count"": 3, ""side"": ""left"", ""directions"": ""vertical"", ""stiffness_factor_eta_k"": 0.2297, ""damping_factor_eta_c"": 1.0}]"
v2n040_seed19484261_v200_coupled_fastener_ballast_overlap,19484261,200,test,coupled_fastener_ballast_overlap,v2_seed19484261,"[{""type"": ""fastener_failure"", ""label"": ""fastener_eta"", ""start_m"": 187.8, ""count"": 1, ""side"": ""left"", ""directions"": ""both"", ""stiffness_factor_eta_k"": 1.1, ""damping_factor_eta_c"": 1.0}, {""type"": ""ballast_condition"", ""label"": ""ballast_hardened"", ""start_m"": 187.8, ""count"": 20, ""side"": ""left"", ""directions"": ""vertical"", ""stiffness_factor_eta_k"": 1.4513, ""damping_factor_eta_c"": 1.0}]"
v2n041_seed34889493_v160_baseline,34889493,160,test,baseline,v2_seed34889493,[]
v2n041_seed34889493_v160_fastener,34889493,160,test,fastener,v2_seed34889493,"[{""type"": ""fastener_failure"", ""label"": ""fastener_eta"", ""start_m"": 207.6, ""count"": 12, ""side"": ""right"", ""directions"": ""both"", ""stiffness_factor_eta_k"": 0.95, ""damping_factor_eta_c"": 1.0}]"
v2n041_seed34889493_v160_sleeper_void,34889493,160,test,sleeper_void,v2_seed34889493,"[{""type"": ""sleeper_void"", ""label"": ""sleeper_void"", ""start_m"": 279.0, ""count"": 20, ""side"": ""left"", ""directions"": ""vertical"", ""delta_gap_mm"": 0.854}]"
v2n041_seed34889493_v160_ballast,34889493,160,test,ballast,v2_seed34889493,"[{""type"": ""ballast_condition"", ""label"": ""ballast_softened"", ""start_m"": 234.0, ""count"": 3, ""side"": ""both"", ""directions"": ""vertical"", ""stiffness_factor_eta_k"": 0.1086, ""damping_factor_eta_c"": 1.0}]"
v2n041_seed34889493_v160_subgrade,34889493,160,test,subgrade,v2_seed34889493,"[{""type"": ""subgrade_condition"", ""label"": ""subgrade_softened"", ""start_m"": 197.4, ""count"": 5, ""side"": ""right"", ""directions"": ""vertical"", ""stiffness_factor_eta_k"": 0.5819, ""damping_factor_eta_c"": 1.0}]"
v2n041_seed34889493_v160_coupled_fastener_subgrade_partial_overlap,34889493,160,test,coupled_fastener_subgrade_partial_overlap,v2_seed34889493,"[{""type"": ""fastener_failure"", ""label"": ""fastener_eta"", ""start_m"": 220.8, ""count"": 2, ""side"": ""right"", ""directions"": ""both"", ""stiffness_factor_eta_k"": 1.25, ""damping_factor_eta_c"": 1.0}, {""type"": ""subgrade_condition"", ""label"": ""subgrade_hardened"", ""start_m"": 221.4, ""count"": 40, ""side"": ""both"", ""directions"": ""vertical"", ""stiffness_factor_eta_k"": 5.0466, ""damping_factor_eta_c"": 1.0}]"
v2n041_seed34889493_v160_coupled_ballast_sleeper_void_separate,34889493,160,test,coupled_ballast_sleeper_void_separate,v2_seed34889493,"[{""type"": ""ballast_condition"", ""label"": ""ballast_softened"", ""start_m"": 187.8, ""count"": 8, ""side"": ""right"", ""directions"": ""vertical"", ""stiffness_factor_eta_k"": 0.7481, ""damping_factor_eta_c"": 1.0}, {""type"": ""sleeper_void"", ""label"": ""sleeper_void"", ""start_m"": 211.8, ""count"": 20, ""side"": ""right"", ""directions"": ""vertical"", ""delta_gap_mm"": 0.431}]"
v2n041_seed34889493_v200_baseline,34889493,200,test,baseline,v2_seed34889493,[]
v2n041_seed34889493_v200_fastener,34889493,200,test,fastener,v2_seed34889493,"[{""type"": ""fastener_failure"", ""label"": ""fastener_eta"", ""start_m"": 207.6, ""count"": 12, ""side"": ""right"", ""directions"": ""both"", ""stiffness_factor_eta_k"": 0.95, ""damping_factor_eta_c"": 1.0}]"
v2n041_seed34889493_v200_coupled_fastener_subgrade_partial_overlap,34889493,200,test,coupled_fastener_subgrade_partial_overlap,v2_seed34889493,"[{""type"": ""fastener_failure"", ""label"": ""fastener_eta"", ""start_m"": 220.8, ""count"": 2, ""side"": ""right"", ""directions"": ""both"", ""stiffness_factor_eta_k"": 1.25, ""damping_factor_eta_c"": 1.0}, {""type"": ""subgrade_condition"", ""label"": ""subgrade_hardened"", ""start_m"": 221.4, ""count"": 40, ""side"": ""both"", ""directions"": ""vertical"", ""stiffness_factor_eta_k"": 5.0466, ""damping_factor_eta_c"": 1.0}]"
v2n042_seed32645517_v200_baseline,32645517,200,train,baseline,v2_seed32645517,[]
v2n042_seed32645517_v200_fastener,32645517,200,train,fastener,v2_seed32645517,"[{""type"": ""fastener_failure"", ""label"": ""fastener_eta"", ""start_m"": 274.8, ""count"": 20, ""side"": ""both"", ""directions"": ""both"", ""stiffness_factor_eta_k"": 1.05, ""damping_factor_eta_c"": 1.0}]"
v2n042_seed32645517_v200_sleeper_void,32645517,200,train,sleeper_void,v2_seed32645517,"[{""type"": ""sleeper_void"", ""label"": ""sleeper_void"", ""start_m"": 242.4, ""count"": 1, ""side"": ""right"", ""directions"": ""vertical"", ""delta_gap_mm"": 1.05}]"
v2n042_seed32645517_v200_ballast,32645517,200,train,ballast,v2_seed32645517,"[{""type"": ""ballast_condition"", ""label"": ""ballast_softened"", ""start_m"": 180.0, ""count"": 5, ""side"": ""left"", ""directions"": ""vertical"", ""stiffness_factor_eta_k"": 0.3021, ""damping_factor_eta_c"": 1.0}]"
v2n042_seed32645517_v200_subgrade,32645517,200,train,subgrade,v2_seed32645517,"[{""type"": ""subgrade_condition"", ""label"": ""subgrade_softened"", ""start_m"": 252.0, ""count"": 8, ""side"": ""both"", ""directions"": ""vertical"", ""stiffness_factor_eta_k"": 0.8415, ""damping_factor_eta_c"": 1.0}]"
v2n042_seed32645517_v200_coupled_ballast_subgrade_separate,32645517,200,train,coupled_ballast_subgrade_separate,v2_seed32645517,"[{""type"": ""ballast_condition"", ""label"": ""ballast_softened"", ""start_m"": 185.4, ""count"": 8, ""side"": ""right"", ""directions"": ""vertical"", ""stiffness_factor_eta_k"": 0.8072, ""damping_factor_eta_c"": 1.0}, {""type"": ""subgrade_condition"", ""label"": ""subgrade_softened"", ""start_m"": 245.4, ""count"": 80, ""side"": ""left"", ""directions"": ""vertical"", ""stiffness_factor_eta_k"": 0.1486, ""damping_factor_eta_c"": 1.0}]"
v2n042_seed32645517_v200_coupled_subgrade_sleeper_void_overlap,32645517,200,train,coupled_subgrade_sleeper_void_overlap,v2_seed32645517,"[{""type"": ""subgrade_condition"", ""label"": ""subgrade_hardened"", ""start_m"": 235.2, ""count"": 12, ""side"": ""left"", ""directions"": ""vertical"", ""stiffness_factor_eta_k"": 1.1889, ""damping_factor_eta_c"": 1.0}, {""type"": ""sleeper_void"", ""label"": ""sleeper_void"", ""start_m"": 235.2, ""count"": 1, ""side"": ""both"", ""directions"": ""vertical"", ""delta_gap_mm"": 0.681}]"
v2n042_seed32645517_v250_baseline,32645517,250,train,baseline,v2_seed32645517,[]
v2n042_seed32645517_v250_sleeper_void,32645517,250,train,sleeper_void,v2_seed32645517,"[{""type"": ""sleeper_void"", ""label"": ""sleeper_void"", ""start_m"": 242.4, ""count"": 1, ""side"": ""right"", ""directions"": ""vertical"", ""delta_gap_mm"": 1.05}]"
v2n042_seed32645517_v250_coupled_ballast_subgrade_separate,32645517,250,train,coupled_ballast_subgrade_separate,v2_seed32645517,"[{""type"": ""ballast_condition"", ""label"": ""ballast_softened"", ""start_m"": 185.4, ""count"": 8, ""side"": ""right"", ""directions"": ""vertical"", ""stiffness_factor_eta_k"": 0.8072, ""damping_factor_eta_c"": 1.0}, {""type"": ""subgrade_condition"", ""label"": ""subgrade_softened"", ""start_m"": 245.4, ""count"": 80, ""side"": ""left"", ""directions"": ""vertical"", ""stiffness_factor_eta_k"": 0.1486, ""damping_factor_eta_c"": 1.0}]"
v2n043_seed28150903_v215_baseline,28150903,215,train,baseline,v2_seed28150903,[]
v2n043_seed28150903_v215_fastener,28150903,215,train,fastener,v2_seed28150903,"[{""type"": ""fastener_failure"", ""label"": ""fastener_eta"", ""start_m"": 248.4, ""count"": 1, ""side"": ""left"", ""directions"": ""both"", ""stiffness_factor_eta_k"": 1.1, ""damping_factor_eta_c"": 1.0}]"
v2n043_seed28150903_v215_sleeper_void,28150903,215,train,sleeper_void,v2_seed28150903,"[{""type"": ""sleeper_void"", ""label"": ""sleeper_void"", ""start_m"": 267.0, ""count"": 2, ""side"": ""both"", ""directions"": ""vertical"", ""delta_gap_mm"": 3.269}]"
v2n043_seed28150903_v215_ballast,28150903,215,train,ballast,v2_seed28150903,"[{""type"": ""ballast_condition"", ""label"": ""ballast_softened"", ""start_m"": 178.2, ""count"": 8, ""side"": ""right"", ""directions"": ""vertical"", ""stiffness_factor_eta_k"": 0.7579, ""damping_factor_eta_c"": 1.0}]"
v2n043_seed28150903_v215_subgrade,28150903,215,train,subgrade,v2_seed28150903,"[{""type"": ""subgrade_condition"", ""label"": ""subgrade_hardened"", ""start_m"": 293.4, ""count"": 12, ""side"": ""left"", ""directions"": ""vertical"", ""stiffness_factor_eta_k"": 1.0725, ""damping_factor_eta_c"": 1.0}]"
v2n043_seed28150903_v215_coupled_fastener_ballast_overlap,28150903,215,train,coupled_fastener_ballast_overlap,v2_seed28150903,"[{""type"": ""fastener_failure"", ""label"": ""fastener_eta"", ""start_m"": 220.8, ""count"": 5, ""side"": ""left"", ""directions"": ""both"", ""stiffness_factor_eta_k"": 0.1, ""damping_factor_eta_c"": 1.0}, {""type"": ""ballast_condition"", ""label"": ""ballast_softened"", ""start_m"": 220.8, ""count"": 3, ""side"": ""left"", ""directions"": ""vertical"", ""stiffness_factor_eta_k"": 0.3288, ""damping_factor_eta_c"": 1.0}]"
v2n043_seed28150903_v215_coupled_fastener_sleeper_void_partial_overlap,28150903,215,train,coupled_fastener_sleeper_void_partial_overlap,v2_seed28150903,"[{""type"": ""fastener_failure"", ""label"": ""fastener_eta"", ""start_m"": 189.6, ""count"": 8, ""side"": ""right"", ""directions"": ""both"", ""stiffness_factor_eta_k"": 0.25, ""damping_factor_eta_c"": 1.0}, {""type"": ""sleeper_void"", ""label"": ""sleeper_void"", ""start_m"": 190.2, ""count"": 2, ""side"": ""left"", ""directions"": ""vertical"", ""delta_gap_mm"": 1.745}]"
v2n043_seed28150903_v250_baseline,28150903,250,train,baseline,v2_seed28150903,[]
v2n043_seed28150903_v250_ballast,28150903,250,train,ballast,v2_seed28150903,"[{""type"": ""ballast_condition"", ""label"": ""ballast_softened"", ""start_m"": 178.2, ""count"": 8, ""side"": ""right"", ""directions"": ""vertical"", ""stiffness_factor_eta_k"": 0.7579, ""damping_factor_eta_c"": 1.0}]"
v2n043_seed28150903_v250_coupled_fastener_ballast_overlap,28150903,250,train,coupled_fastener_ballast_overlap,v2_seed28150903,"[{""type"": ""fastener_failure"", ""label"": ""fastener_eta"", ""start_m"": 220.8, ""count"": 5, ""side"": ""left"", ""directions"": ""both"", ""stiffness_factor_eta_k"": 0.1, ""damping_factor_eta_c"": 1.0}, {""type"": ""ballast_condition"", ""label"": ""ballast_softened"", ""start_m"": 220.8, ""count"": 3, ""side"": ""left"", ""directions"": ""vertical"", ""stiffness_factor_eta_k"": 0.3288, ""damping_factor_eta_c"": 1.0}]"
v2n044_seed62797921_v250_baseline,62797921,250,train,baseline,v2_seed62797921,[]
v2n044_seed62797921_v250_fastener,62797921,250,train,fastener,v2_seed62797921,"[{""type"": ""fastener_failure"", ""label"": ""fastener_eta"", ""start_m"": 287.4, ""count"": 2, ""side"": ""right"", ""directions"": ""both"", ""stiffness_factor_eta_k"": 1.25, ""damping_factor_eta_c"": 1.0}]"
v2n044_seed62797921_v250_sleeper_void,62797921,250,train,sleeper_void,v2_seed62797921,"[{""type"": ""sleeper_void"", ""label"": ""sleeper_void"", ""start_m"": 270.0, ""count"": 3, ""side"": ""left"", ""directions"": ""vertical"", ""delta_gap_mm"": 0.104}]"
v2n044_seed62797921_v250_ballast,62797921,250,train,ballast,v2_seed62797921,"[{""type"": ""ballast_condition"", ""label"": ""ballast_hardened"", ""start_m"": 180.6, ""count"": 12, ""side"": ""both"", ""directions"": ""vertical"", ""stiffness_factor_eta_k"": 1.1295, ""damping_factor_eta_c"": 1.0}]"
v2n044_seed62797921_v250_subgrade,62797921,250,train,subgrade,v2_seed62797921,"[{""type"": ""subgrade_condition"", ""label"": ""subgrade_hardened"", ""start_m"": 254.4, ""count"": 20, ""side"": ""right"", ""directions"": ""vertical"", ""stiffness_factor_eta_k"": 2.0192, ""damping_factor_eta_c"": 1.0}]"
v2n044_seed62797921_v250_coupled_fastener_subgrade_partial_overlap,62797921,250,train,coupled_fastener_subgrade_partial_overlap,v2_seed62797921,"[{""type"": ""fastener_failure"", ""label"": ""fastener_eta"", ""start_m"": 225.6, ""count"": 8, ""side"": ""right"", ""directions"": ""both"", ""stiffness_factor_eta_k"": 0.25, ""damping_factor_eta_c"": 1.0}, {""type"": ""subgrade_condition"", ""label"": ""subgrade_softened"", ""start_m"": 226.8, ""count"": 5, ""side"": ""both"", ""directions"": ""vertical"", ""stiffness_factor_eta_k"": 0.9382, ""damping_factor_eta_c"": 1.0}]"
v2n044_seed62797921_v250_coupled_ballast_sleeper_void_separate,62797921,250,train,coupled_ballast_sleeper_void_separate,v2_seed62797921,"[{""type"": ""ballast_condition"", ""label"": ""ballast_hardened"", ""start_m"": 206.4, ""count"": 40, ""side"": ""right"", ""directions"": ""vertical"", ""stiffness_factor_eta_k"": 5.3801, ""damping_factor_eta_c"": 1.0}, {""type"": ""sleeper_void"", ""label"": ""sleeper_void"", ""start_m"": 242.4, ""count"": 3, ""side"": ""right"", ""directions"": ""vertical"", ""delta_gap_mm"": 3.712}]"
v2n044_seed62797921_v200_baseline,62797921,200,train,baseline,v2_seed62797921,[]
v2n044_seed62797921_v200_subgrade,62797921,200,train,subgrade,v2_seed62797921,"[{""type"": ""subgrade_condition"", ""label"": ""subgrade_hardened"", ""start_m"": 254.4, ""count"": 20, ""side"": ""right"", ""directions"": ""vertical"", ""stiffness_factor_eta_k"": 2.0192, ""damping_factor_eta_c"": 1.0}]"
v2n044_seed62797921_v200_coupled_fastener_subgrade_partial_overlap,62797921,200,train,coupled_fastener_subgrade_partial_overlap,v2_seed62797921,"[{""type"": ""fastener_failure"", ""label"": ""fastener_eta"", ""start_m"": 225.6, ""count"": 8, ""side"": ""right"", ""directions"": ""both"", ""stiffness_factor_eta_k"": 0.25, ""damping_factor_eta_c"": 1.0}, {""type"": ""subgrade_condition"", ""label"": ""subgrade_softened"", ""start_m"": 226.8, ""count"": 5, ""side"": ""both"", ""directions"": ""vertical"", ""stiffness_factor_eta_k"": 0.9382, ""damping_factor_eta_c"": 1.0}]"
v2n045_seed17596868_v160_baseline,17596868,160,train,baseline,v2_seed17596868,[]
v2n045_seed17596868_v160_fastener,17596868,160,train,fastener,v2_seed17596868,"[{""type"": ""fastener_failure"", ""label"": ""fastener_eta"", ""start_m"": 292.2, ""count"": 3, ""side"": ""both"", ""directions"": ""both"", ""stiffness_factor_eta_k"": 0.0, ""damping_factor_eta_c"": 1.0}]"
v2n045_seed17596868_v160_sleeper_void,17596868,160,train,sleeper_void,v2_seed17596868,"[{""type"": ""sleeper_void"", ""label"": ""sleeper_void"", ""start_m"": 197.4, ""count"": 5, ""side"": ""right"", ""directions"": ""vertical"", ""delta_gap_mm"": 0.823}]"
v2n045_seed17596868_v160_ballast,17596868,160,train,ballast,v2_seed17596868,"[{""type"": ""ballast_condition"", ""label"": ""ballast_hardened"", ""start_m"": 183.0, ""count"": 20, ""side"": ""left"", ""directions"": ""vertical"", ""stiffness_factor_eta_k"": 1.4332, ""damping_factor_eta_c"": 1.0}]"
v2n045_seed17596868_v160_subgrade,17596868,160,train,subgrade,v2_seed17596868,"[{""type"": ""subgrade_condition"", ""label"": ""subgrade_hardened"", ""start_m"": 179.4, ""count"": 40, ""side"": ""both"", ""directions"": ""vertical"", ""stiffness_factor_eta_k"": 6.4638, ""damping_factor_eta_c"": 1.0}]"
v2n045_seed17596868_v160_coupled_ballast_subgrade_separate,17596868,160,train,coupled_ballast_subgrade_separate,v2_seed17596868,"[{""type"": ""ballast_condition"", ""label"": ""ballast_hardened"", ""start_m"": 234.6, ""count"": 40, ""side"": ""right"", ""directions"": ""vertical"", ""stiffness_factor_eta_k"": 3.6871, ""damping_factor_eta_c"": 1.0}, {""type"": ""subgrade_condition"", ""label"": ""subgrade_hardened"", ""start_m"": 270.6, ""count"": 8, ""side"": ""left"", ""directions"": ""vertical"", ""stiffness_factor_eta_k"": 1.128, ""damping_factor_eta_c"": 1.0}]"
v2n045_seed17596868_v160_coupled_subgrade_sleeper_void_overlap,17596868,160,train,coupled_subgrade_sleeper_void_overlap,v2_seed17596868,"[{""type"": ""subgrade_condition"", ""label"": ""subgrade_softened"", ""start_m"": 238.2, ""count"": 80, ""side"": ""left"", ""directions"": ""vertical"", ""stiffness_factor_eta_k"": 0.1258, ""damping_factor_eta_c"": 1.0}, {""type"": ""sleeper_void"", ""label"": ""sleeper_void"", ""start_m"": 238.2, ""count"": 5, ""side"": ""both"", ""directions"": ""vertical"", ""delta_gap_mm"": 0.341}]"
v2n045_seed17596868_v200_baseline,17596868,200,train,baseline,v2_seed17596868,[]
v2n045_seed17596868_v200_fastener,17596868,200,train,fastener,v2_seed17596868,"[{""type"": ""fastener_failure"", ""label"": ""fastener_eta"", ""start_m"": 292.2, ""count"": 3, ""side"": ""both"", ""directions"": ""both"", ""stiffness_factor_eta_k"": 0.0, ""damping_factor_eta_c"": 1.0}]"
v2n045_seed17596868_v200_coupled_ballast_subgrade_separate,17596868,200,train,coupled_ballast_subgrade_separate,v2_seed17596868,"[{""type"": ""ballast_condition"", ""label"": ""ballast_hardened"", ""start_m"": 234.6, ""count"": 40, ""side"": ""right"", ""directions"": ""vertical"", ""stiffness_factor_eta_k"": 3.6871, ""damping_factor_eta_c"": 1.0}, {""type"": ""subgrade_condition"", ""label"": ""subgrade_hardened"", ""start_m"": 270.6, ""count"": 8, ""side"": ""left"", ""directions"": ""vertical"", ""stiffness_factor_eta_k"": 1.128, ""damping_factor_eta_c"": 1.0}]"
v2n046_seed85167350_v200_baseline,85167350,200,train,baseline,v2_seed85167350,[]
v2n046_seed85167350_v200_fastener,85167350,200,train,fastener,v2_seed85167350,"[{""type"": ""fastener_failure"", ""label"": ""fastener_eta"", ""start_m"": 246.0, ""count"": 5, ""side"": ""left"", ""directions"": ""both"", ""stiffness_factor_eta_k"": 0.1, ""damping_factor_eta_c"": 1.0}]"
v2n046_seed85167350_v200_sleeper_void,85167350,200,train,sleeper_void,v2_seed85167350,"[{""type"": ""sleeper_void"", ""label"": ""sleeper_void"", ""start_m"": 293.4, ""count"": 8, ""side"": ""both"", ""directions"": ""vertical"", ""delta_gap_mm"": 1.509}]"
v2n046_seed85167350_v200_ballast,85167350,200,train,ballast,v2_seed85167350,"[{""type"": ""ballast_condition"", ""label"": ""ballast_hardened"", ""start_m"": 265.8, ""count"": 40, ""side"": ""right"", ""directions"": ""vertical"", ""stiffness_factor_eta_k"": 7.8341, ""damping_factor_eta_c"": 1.0}]"
v2n046_seed85167350_v200_subgrade,85167350,200,train,subgrade,v2_seed85167350,"[{""type"": ""subgrade_condition"", ""label"": ""subgrade_softened"", ""start_m"": 283.2, ""count"": 80, ""side"": ""left"", ""directions"": ""vertical"", ""stiffness_factor_eta_k"": 0.1031, ""damping_factor_eta_c"": 1.0}]"
v2n046_seed85167350_v200_coupled_fastener_ballast_overlap,85167350,200,train,coupled_fastener_ballast_overlap,v2_seed85167350,"[{""type"": ""fastener_failure"", ""label"": ""fastener_eta"", ""start_m"": 229.8, ""count"": 20, ""side"": ""left"", ""directions"": ""both"", ""stiffness_factor_eta_k"": 0.75, ""damping_factor_eta_c"": 1.0}, {""type"": ""ballast_condition"", ""label"": ""ballast_hardened"", ""start_m"": 229.8, ""count"": 12, ""side"": ""left"", ""directions"": ""vertical"", ""stiffness_factor_eta_k"": 1.3336, ""damping_factor_eta_c"": 1.0}]"
v2n046_seed85167350_v200_coupled_fastener_sleeper_void_partial_overlap,85167350,200,train,coupled_fastener_sleeper_void_partial_overlap,v2_seed85167350,"[{""type"": ""fastener_failure"", ""label"": ""fastener_eta"", ""start_m"": 235.2, ""count"": 1, ""side"": ""right"", ""directions"": ""both"", ""stiffness_factor_eta_k"": 0.85, ""damping_factor_eta_c"": 1.0}, {""type"": ""sleeper_void"", ""label"": ""sleeper_void"", ""start_m"": 235.8, ""count"": 8, ""side"": ""left"", ""directions"": ""vertical"", ""delta_gap_mm"": 0.714}]"
v2n046_seed85167350_v250_baseline,85167350,250,train,baseline,v2_seed85167350,[]
v2n046_seed85167350_v250_sleeper_void,85167350,250,train,sleeper_void,v2_seed85167350,"[{""type"": ""sleeper_void"", ""label"": ""sleeper_void"", ""start_m"": 293.4, ""count"": 8, ""side"": ""both"", ""directions"": ""vertical"", ""delta_gap_mm"": 1.509}]"
v2n046_seed85167350_v250_coupled_fastener_ballast_overlap,85167350,250,train,coupled_fastener_ballast_overlap,v2_seed85167350,"[{""type"": ""fastener_failure"", ""label"": ""fastener_eta"", ""start_m"": 229.8, ""count"": 20, ""side"": ""left"", ""directions"": ""both"", ""stiffness_factor_eta_k"": 0.75, ""damping_factor_eta_c"": 1.0}, {""type"": ""ballast_condition"", ""label"": ""ballast_hardened"", ""start_m"": 229.8, ""count"": 12, ""side"": ""left"", ""directions"": ""vertical"", ""stiffness_factor_eta_k"": 1.3336, ""damping_factor_eta_c"": 1.0}]"
v2n047_seed98491160_v215_baseline,98491160,215,train,baseline,v2_seed98491160,[]
v2n047_seed98491160_v215_fastener,98491160,215,train,fastener,v2_seed98491160,"[{""type"": ""fastener_failure"", ""label"": ""fastener_eta"", ""start_m"": 223.2, ""count"": 8, ""side"": ""right"", ""directions"": ""both"", ""stiffness_factor_eta_k"": 0.25, ""damping_factor_eta_c"": 1.0}]"
v2n047_seed98491160_v215_sleeper_void,98491160,215,train,sleeper_void,v2_seed98491160,"[{""type"": ""sleeper_void"", ""label"": ""sleeper_void"", ""start_m"": 190.2, ""count"": 12, ""side"": ""left"", ""directions"": ""vertical"", ""delta_gap_mm"": 2.911}]"
v2n047_seed98491160_v215_ballast,98491160,215,train,ballast,v2_seed98491160,"[{""type"": ""ballast_condition"", ""label"": ""ballast_softened"", ""start_m"": 259.8, ""count"": 80, ""side"": ""both"", ""directions"": ""vertical"", ""stiffness_factor_eta_k"": 0.2903, ""damping_factor_eta_c"": 1.0}]"
v2n047_seed98491160_v215_subgrade,98491160,215,train,subgrade,v2_seed98491160,"[{""type"": ""subgrade_condition"", ""label"": ""subgrade_softened"", ""start_m"": 224.4, ""count"": 3, ""side"": ""right"", ""directions"": ""vertical"", ""stiffness_factor_eta_k"": 0.4835, ""damping_factor_eta_c"": 1.0}]"
v2n047_seed98491160_v215_coupled_fastener_subgrade_partial_overlap,98491160,215,train,coupled_fastener_subgrade_partial_overlap,v2_seed98491160,"[{""type"": ""fastener_failure"", ""label"": ""fastener_eta"", ""start_m"": 192.0, ""count"": 1, ""side"": ""right"", ""directions"": ""both"", ""stiffness_factor_eta_k"": 0.85, ""damping_factor_eta_c"": 1.0}, {""type"": ""subgrade_condition"", ""label"": ""subgrade_hardened"", ""start_m"": 192.6, ""count"": 20, ""side"": ""both"", ""directions"": ""vertical"", ""stiffness_factor_eta_k"": 6.1372, ""damping_factor_eta_c"": 1.0}]"
v2n047_seed98491160_v215_coupled_ballast_sleeper_void_separate,98491160,215,train,coupled_ballast_sleeper_void_separate,v2_seed98491160,"[{""type"": ""ballast_condition"", ""label"": ""ballast_softened"", ""start_m"": 219.0, ""count"": 5, ""side"": ""right"", ""directions"": ""vertical"", ""stiffness_factor_eta_k"": 0.8883, ""damping_factor_eta_c"": 1.0}, {""type"": ""sleeper_void"", ""label"": ""sleeper_void"", ""start_m"": 238.2, ""count"": 12, ""side"": ""right"", ""directions"": ""vertical"", ""delta_gap_mm"": 1.539}]"
v2n047_seed98491160_v250_baseline,98491160,250,train,baseline,v2_seed98491160,[]
v2n047_seed98491160_v250_ballast,98491160,250,train,ballast,v2_seed98491160,"[{""type"": ""ballast_condition"", ""label"": ""ballast_softened"", ""start_m"": 259.8, ""count"": 80, ""side"": ""both"", ""directions"": ""vertical"", ""stiffness_factor_eta_k"": 0.2903, ""damping_factor_eta_c"": 1.0}]"
v2n047_seed98491160_v250_coupled_fastener_subgrade_partial_overlap,98491160,250,train,coupled_fastener_subgrade_partial_overlap,v2_seed98491160,"[{""type"": ""fastener_failure"", ""label"": ""fastener_eta"", ""start_m"": 192.0, ""count"": 1, ""side"": ""right"", ""directions"": ""both"", ""stiffness_factor_eta_k"": 0.85, ""damping_factor_eta_c"": 1.0}, {""type"": ""subgrade_condition"", ""label"": ""subgrade_hardened"", ""start_m"": 192.6, ""count"": 20, ""side"": ""both"", ""directions"": ""vertical"", ""stiffness_factor_eta_k"": 6.1372, ""damping_factor_eta_c"": 1.0}]"
v2n048_seed68896274_v250_baseline,68896274,250,train,baseline,v2_seed68896274,[]
v2n048_seed68896274_v250_fastener,68896274,250,train,fastener,v2_seed68896274,"[{""type"": ""fastener_failure"", ""label"": ""fastener_eta"", ""start_m"": 227.4, ""count"": 12, ""side"": ""both"", ""directions"": ""both"", ""stiffness_factor_eta_k"": 0.5, ""damping_factor_eta_c"": 1.0}]"
v2n048_seed68896274_v250_sleeper_void,68896274,250,train,sleeper_void,v2_seed68896274,"[{""type"": ""sleeper_void"", ""label"": ""sleeper_void"", ""start_m"": 271.2, ""count"": 20, ""side"": ""right"", ""directions"": ""vertical"", ""delta_gap_mm"": 0.446}]"
v2n048_seed68896274_v250_ballast,68896274,250,train,ballast,v2_seed68896274,"[{""type"": ""ballast_condition"", ""label"": ""ballast_softened"", ""start_m"": 177.0, ""count"": 3, ""side"": ""left"", ""directions"": ""vertical"", ""stiffness_factor_eta_k"": 0.5314, ""damping_factor_eta_c"": 1.0}]"
v2n048_seed68896274_v250_subgrade,68896274,250,train,subgrade,v2_seed68896274,"[{""type"": ""subgrade_condition"", ""label"": ""subgrade_softened"", ""start_m"": 190.8, ""count"": 5, ""side"": ""both"", ""directions"": ""vertical"", ""stiffness_factor_eta_k"": 0.9129, ""damping_factor_eta_c"": 1.0}]"
v2n048_seed68896274_v250_coupled_ballast_subgrade_separate,68896274,250,train,coupled_ballast_subgrade_separate,v2_seed68896274,"[{""type"": ""ballast_condition"", ""label"": ""ballast_softened"", ""start_m"": 204.6, ""count"": 5, ""side"": ""right"", ""directions"": ""vertical"", ""stiffness_factor_eta_k"": 0.8622, ""damping_factor_eta_c"": 1.0}, {""type"": ""subgrade_condition"", ""label"": ""subgrade_softened"", ""start_m"": 240.6, ""count"": 40, ""side"": ""left"", ""directions"": ""vertical"", ""stiffness_factor_eta_k"": 0.2037, ""damping_factor_eta_c"": 1.0}]"
v2n048_seed68896274_v250_coupled_subgrade_sleeper_void_overlap,68896274,250,train,coupled_subgrade_sleeper_void_overlap,v2_seed68896274,"[{""type"": ""subgrade_condition"", ""label"": ""subgrade_hardened"", ""start_m"": 216.6, ""count"": 8, ""side"": ""left"", ""directions"": ""vertical"", ""stiffness_factor_eta_k"": 1.2852, ""damping_factor_eta_c"": 1.0}, {""type"": ""sleeper_void"", ""label"": ""sleeper_void"", ""start_m"": 216.6, ""count"": 20, ""side"": ""both"", ""directions"": ""vertical"", ""delta_gap_mm"": 2.1}]"
v2n048_seed68896274_v200_baseline,68896274,200,train,baseline,v2_seed68896274,[]
v2n048_seed68896274_v200_subgrade,68896274,200,train,subgrade,v2_seed68896274,"[{""type"": ""subgrade_condition"", ""label"": ""subgrade_softened"", ""start_m"": 190.8, ""count"": 5, ""side"": ""both"", ""directions"": ""vertical"", ""stiffness_factor_eta_k"": 0.9129, ""damping_factor_eta_c"": 1.0}]"
v2n048_seed68896274_v200_coupled_ballast_subgrade_separate,68896274,200,train,coupled_ballast_subgrade_separate,v2_seed68896274,"[{""type"": ""ballast_condition"", ""label"": ""ballast_softened"", ""start_m"": 204.6, ""count"": 5, ""side"": ""right"", ""directions"": ""vertical"", ""stiffness_factor_eta_k"": 0.8622, ""damping_factor_eta_c"": 1.0}, {""type"": ""subgrade_condition"", ""label"": ""subgrade_softened"", ""start_m"": 240.6, ""count"": 40, ""side"": ""left"", ""directions"": ""vertical"", ""stiffness_factor_eta_k"": 0.2037, ""damping_factor_eta_c"": 1.0}]"
v2n049_seed96404282_v160_baseline,96404282,160,train,baseline,v2_seed96404282,[]
v2n049_seed96404282_v160_fastener,96404282,160,train,fastener,v2_seed96404282,"[{""type"": ""fastener_failure"", ""label"": ""fastener_eta"", ""start_m"": 200.4, ""count"": 20, ""side"": ""left"", ""directions"": ""both"", ""stiffness_factor_eta_k"": 0.75, ""damping_factor_eta_c"": 1.0}]"
v2n049_seed96404282_v160_sleeper_void,96404282,160,train,sleeper_void,v2_seed96404282,"[{""type"": ""sleeper_void"", ""label"": ""sleeper_void"", ""start_m"": 296.4, ""count"": 1, ""side"": ""both"", ""directions"": ""vertical"", ""delta_gap_mm"": 0.765}]"
v2n049_seed96404282_v160_ballast,96404282,160,train,ballast,v2_seed96404282,"[{""type"": ""ballast_condition"", ""label"": ""ballast_softened"", ""start_m"": 229.2, ""count"": 5, ""side"": ""right"", ""directions"": ""vertical"", ""stiffness_factor_eta_k"": 0.7182, ""damping_factor_eta_c"": 1.0}]"
v2n049_seed96404282_v160_subgrade,96404282,160,train,subgrade,v2_seed96404282,"[{""type"": ""subgrade_condition"", ""label"": ""subgrade_hardened"", ""start_m"": 166.2, ""count"": 8, ""side"": ""left"", ""directions"": ""vertical"", ""stiffness_factor_eta_k"": 1.278, ""damping_factor_eta_c"": 1.0}]"
v2n049_seed96404282_v160_coupled_fastener_ballast_overlap,96404282,160,train,coupled_fastener_ballast_overlap,v2_seed96404282,"[{""type"": ""fastener_failure"", ""label"": ""fastener_eta"", ""start_m"": 223.2, ""count"": 3, ""side"": ""left"", ""directions"": ""both"", ""stiffness_factor_eta_k"": 0.95, ""damping_factor_eta_c"": 1.0}, {""type"": ""ballast_condition"", ""label"": ""ballast_softened"", ""start_m"": 223.2, ""count"": 80, ""side"": ""left"", ""directions"": ""vertical"", ""stiffness_factor_eta_k"": 0.696, ""damping_factor_eta_c"": 1.0}]"
v2n049_seed96404282_v160_coupled_fastener_sleeper_void_partial_overlap,96404282,160,train,coupled_fastener_sleeper_void_partial_overlap,v2_seed96404282,"[{""type"": ""fastener_failure"", ""label"": ""fastener_eta"", ""start_m"": 215.4, ""count"": 5, ""side"": ""right"", ""directions"": ""both"", ""stiffness_factor_eta_k"": 1.05, ""damping_factor_eta_c"": 1.0}, {""type"": ""sleeper_void"", ""label"": ""sleeper_void"", ""start_m"": 216.0, ""count"": 1, ""side"": ""left"", ""directions"": ""vertical"", ""delta_gap_mm"": 0.157}]"
v2n049_seed96404282_v200_baseline,96404282,200,train,baseline,v2_seed96404282,[]
v2n049_seed96404282_v200_fastener,96404282,200,train,fastener,v2_seed96404282,"[{""type"": ""fastener_failure"", ""label"": ""fastener_eta"", ""start_m"": 200.4, ""count"": 20, ""side"": ""left"", ""directions"": ""both"", ""stiffness_factor_eta_k"": 0.75, ""damping_factor_eta_c"": 1.0}]"
v2n049_seed96404282_v200_coupled_fastener_ballast_overlap,96404282,200,train,coupled_fastener_ballast_overlap,v2_seed96404282,"[{""type"": ""fastener_failure"", ""label"": ""fastener_eta"", ""start_m"": 223.2, ""count"": 3, ""side"": ""left"", ""directions"": ""both"", ""stiffness_factor_eta_k"": 0.95, ""damping_factor_eta_c"": 1.0}, {""type"": ""ballast_condition"", ""label"": ""ballast_softened"", ""start_m"": 223.2, ""count"": 80, ""side"": ""left"", ""directions"": ""vertical"", ""stiffness_factor_eta_k"": 0.696, ""damping_factor_eta_c"": 1.0}]"
v2n050_seed55606895_v200_baseline,55606895,200,test,baseline,v2_seed55606895,[]
v2n050_seed55606895_v200_fastener,55606895,200,test,fastener,v2_seed55606895,"[{""type"": ""fastener_failure"", ""label"": ""fastener_eta"", ""start_m"": 219.6, ""count"": 1, ""side"": ""right"", ""directions"": ""both"", ""stiffness_factor_eta_k"": 0.85, ""damping_factor_eta_c"": 1.0}]"
v2n050_seed55606895_v200_sleeper_void,55606895,200,test,sleeper_void,v2_seed55606895,"[{""type"": ""sleeper_void"", ""label"": ""sleeper_void"", ""start_m"": 183.0, ""count"": 2, ""side"": ""left"", ""directions"": ""vertical"", ""delta_gap_mm"": 1.461}]"
v2n050_seed55606895_v200_ballast,55606895,200,test,ballast,v2_seed55606895,"[{""type"": ""ballast_condition"", ""label"": ""ballast_hardened"", ""start_m"": 256.2, ""count"": 8, ""side"": ""both"", ""directions"": ""vertical"", ""stiffness_factor_eta_k"": 1.178, ""damping_factor_eta_c"": 1.0}]"
v2n050_seed55606895_v200_subgrade,55606895,200,test,subgrade,v2_seed55606895,"[{""type"": ""subgrade_condition"", ""label"": ""subgrade_hardened"", ""start_m"": 178.2, ""count"": 12, ""side"": ""right"", ""directions"": ""vertical"", ""stiffness_factor_eta_k"": 2.7186, ""damping_factor_eta_c"": 1.0}]"
v2n050_seed55606895_v200_coupled_fastener_subgrade_partial_overlap,55606895,200,test,coupled_fastener_subgrade_partial_overlap,v2_seed55606895,"[{""type"": ""fastener_failure"", ""label"": ""fastener_eta"", ""start_m"": 197.4, ""count"": 5, ""side"": ""right"", ""directions"": ""both"", ""stiffness_factor_eta_k"": 1.05, ""damping_factor_eta_c"": 1.0}, {""type"": ""subgrade_condition"", ""label"": ""subgrade_softened"", ""start_m"": 198.0, ""count"": 3, ""side"": ""both"", ""directions"": ""vertical"", ""stiffness_factor_eta_k"": 0.8721, ""damping_factor_eta_c"": 1.0}]"
v2n050_seed55606895_v200_coupled_ballast_sleeper_void_separate,55606895,200,test,coupled_ballast_sleeper_void_separate,v2_seed55606895,"[{""type"": ""ballast_condition"", ""label"": ""ballast_hardened"", ""start_m"": 235.8, ""count"": 20, ""side"": ""right"", ""directions"": ""vertical"", ""stiffness_factor_eta_k"": 3.763, ""damping_factor_eta_c"": 1.0}, {""type"": ""sleeper_void"", ""label"": ""sleeper_void"", ""start_m"": 259.8, ""count"": 2, ""side"": ""right"", ""directions"": ""vertical"", ""delta_gap_mm"": 0.671}]"
v2n050_seed55606895_v250_baseline,55606895,250,test,baseline,v2_seed55606895,[]
v2n050_seed55606895_v250_sleeper_void,55606895,250,test,sleeper_void,v2_seed55606895,"[{""type"": ""sleeper_void"", ""label"": ""sleeper_void"", ""start_m"": 183.0, ""count"": 2, ""side"": ""left"", ""directions"": ""vertical"", ""delta_gap_mm"": 1.461}]"
v2n050_seed55606895_v250_coupled_fastener_subgrade_partial_overlap,55606895,250,test,coupled_fastener_subgrade_partial_overlap,v2_seed55606895,"[{""type"": ""fastener_failure"", ""label"": ""fastener_eta"", ""start_m"": 197.4, ""count"": 5, ""side"": ""right"", ""directions"": ""both"", ""stiffness_factor_eta_k"": 1.05, ""damping_factor_eta_c"": 1.0}, {""type"": ""subgrade_condition"", ""label"": ""subgrade_softened"", ""start_m"": 198.0, ""count"": 3, ""side"": ""both"", ""directions"": ""vertical"", ""stiffness_factor_eta_k"": 0.8721, ""damping_factor_eta_c"": 1.0}]"
v2n051_seed51798927_v215_baseline,51798927,215,test,baseline,v2_seed51798927,[]
v2n051_seed51798927_v215_fastener,51798927,215,test,fastener,v2_seed51798927,"[{""type"": ""fastener_failure"", ""label"": ""fastener_eta"", ""start_m"": 229.8, ""count"": 2, ""side"": ""both"", ""directions"": ""both"", ""stiffness_factor_eta_k"": 0.9, ""damping_factor_eta_c"": 1.0}]"
v2n051_seed51798927_v215_sleeper_void,51798927,215,test,sleeper_void,v2_seed51798927,"[{""type"": ""sleeper_void"", ""label"": ""sleeper_void"", ""start_m"": 280.8, ""count"": 3, ""side"": ""right"", ""directions"": ""vertical"", ""delta_gap_mm"": 3.46}]"
v2n051_seed51798927_v215_ballast,51798927,215,test,ballast,v2_seed51798927,"[{""type"": ""ballast_condition"", ""label"": ""ballast_hardened"", ""start_m"": 231.0, ""count"": 12, ""side"": ""left"", ""directions"": ""vertical"", ""stiffness_factor_eta_k"": 2.4411, ""damping_factor_eta_c"": 1.0}]"
v2n051_seed51798927_v215_subgrade,51798927,215,test,subgrade,v2_seed51798927,"[{""type"": ""subgrade_condition"", ""label"": ""subgrade_hardened"", ""start_m"": 249.6, ""count"": 20, ""side"": ""both"", ""directions"": ""vertical"", ""stiffness_factor_eta_k"": 3.7805, ""damping_factor_eta_c"": 1.0}]"
v2n051_seed51798927_v215_coupled_ballast_subgrade_separate,51798927,215,test,coupled_ballast_subgrade_separate,v2_seed51798927,"[{""type"": ""ballast_condition"", ""label"": ""ballast_hardened"", ""start_m"": 225.0, ""count"": 20, ""side"": ""right"", ""directions"": ""vertical"", ""stiffness_factor_eta_k"": 5.1291, ""damping_factor_eta_c"": 1.0}, {""type"": ""subgrade_condition"", ""label"": ""subgrade_hardened"", ""start_m"": 249.0, ""count"": 5, ""side"": ""left"", ""directions"": ""vertical"", ""stiffness_factor_eta_k"": 1.0769, ""damping_factor_eta_c"": 1.0}]"
v2n051_seed51798927_v215_coupled_subgrade_sleeper_void_overlap,51798927,215,test,coupled_subgrade_sleeper_void_overlap,v2_seed51798927,"[{""type"": ""subgrade_condition"", ""label"": ""subgrade_softened"", ""start_m"": 184.8, ""count"": 40, ""side"": ""left"", ""directions"": ""vertical"", ""stiffness_factor_eta_k"": 0.2368, ""damping_factor_eta_c"": 1.0}, {""type"": ""sleeper_void"", ""label"": ""sleeper_void"", ""start_m"": 184.8, ""count"": 3, ""side"": ""both"", ""directions"": ""vertical"", ""delta_gap_mm"": 1.005}]"
v2n051_seed51798927_v250_baseline,51798927,250,test,baseline,v2_seed51798927,[]
v2n051_seed51798927_v250_ballast,51798927,250,test,ballast,v2_seed51798927,"[{""type"": ""ballast_condition"", ""label"": ""ballast_hardened"", ""start_m"": 231.0, ""count"": 12, ""side"": ""left"", ""directions"": ""vertical"", ""stiffness_factor_eta_k"": 2.4411, ""damping_factor_eta_c"": 1.0}]"
v2n051_seed51798927_v250_coupled_ballast_subgrade_separate,51798927,250,test,coupled_ballast_subgrade_separate,v2_seed51798927,"[{""type"": ""ballast_condition"", ""label"": ""ballast_hardened"", ""start_m"": 225.0, ""count"": 20, ""side"": ""right"", ""directions"": ""vertical"", ""stiffness_factor_eta_k"": 5.1291, ""damping_factor_eta_c"": 1.0}, {""type"": ""subgrade_condition"", ""label"": ""subgrade_hardened"", ""start_m"": 249.0, ""count"": 5, ""side"": ""left"", ""directions"": ""vertical"", ""stiffness_factor_eta_k"": 1.0769, ""damping_factor_eta_c"": 1.0}]"
v2n052_seed57438704_v250_baseline,57438704,250,train,baseline,v2_seed57438704,[]
v2n052_seed57438704_v250_fastener,57438704,250,train,fastener,v2_seed57438704,"[{""type"": ""fastener_failure"", ""label"": ""fastener_eta"", ""start_m"": 290.4, ""count"": 3, ""side"": ""left"", ""directions"": ""both"", ""stiffness_factor_eta_k"": 0.95, ""damping_factor_eta_c"": 1.0}]"
v2n052_seed57438704_v250_sleeper_void,57438704,250,train,sleeper_void,v2_seed57438704,"[{""type"": ""sleeper_void"", ""label"": ""sleeper_void"", ""start_m"": 264.6, ""count"": 5, ""side"": ""both"", ""directions"": ""vertical"", ""delta_gap_mm"": 0.425}]"
v2n052_seed57438704_v250_ballast,57438704,250,train,ballast,v2_seed57438704,"[{""type"": ""ballast_condition"", ""label"": ""ballast_hardened"", ""start_m"": 163.2, ""count"": 20, ""side"": ""right"", ""directions"": ""vertical"", ""stiffness_factor_eta_k"": 5.9977, ""damping_factor_eta_c"": 1.0}]"
v2n052_seed57438704_v250_subgrade,57438704,250,train,subgrade,v2_seed57438704,"[{""type"": ""subgrade_condition"", ""label"": ""subgrade_softened"", ""start_m"": 234.0, ""count"": 40, ""side"": ""left"", ""directions"": ""vertical"", ""stiffness_factor_eta_k"": 0.1442, ""damping_factor_eta_c"": 1.0}]"
v2n052_seed57438704_v250_coupled_fastener_ballast_overlap,57438704,250,train,coupled_fastener_ballast_overlap,v2_seed57438704,"[{""type"": ""fastener_failure"", ""label"": ""fastener_eta"", ""start_m"": 220.2, ""count"": 12, ""side"": ""left"", ""directions"": ""both"", ""stiffness_factor_eta_k"": 1.25, ""damping_factor_eta_c"": 1.0}, {""type"": ""ballast_condition"", ""label"": ""ballast_hardened"", ""start_m"": 220.2, ""count"": 8, ""side"": ""left"", ""directions"": ""vertical"", ""stiffness_factor_eta_k"": 2.8639, ""damping_factor_eta_c"": 1.0}]"
v2n052_seed57438704_v250_coupled_fastener_sleeper_void_partial_overlap,57438704,250,train,coupled_fastener_sleeper_void_partial_overlap,v2_seed57438704,"[{""type"": ""fastener_failure"", ""label"": ""fastener_eta"", ""start_m"": 214.2, ""count"": 20, ""side"": ""right"", ""directions"": ""both"", ""stiffness_factor_eta_k"": 0.0, ""damping_factor_eta_c"": 1.0}, {""type"": ""sleeper_void"", ""label"": ""sleeper_void"", ""start_m"": 215.4, ""count"": 5, ""side"": ""left"", ""directions"": ""vertical"", ""delta_gap_mm"": 3.691}]"
v2n052_seed57438704_v200_baseline,57438704,200,train,baseline,v2_seed57438704,[]
v2n052_seed57438704_v200_subgrade,57438704,200,train,subgrade,v2_seed57438704,"[{""type"": ""subgrade_condition"", ""label"": ""subgrade_softened"", ""start_m"": 234.0, ""count"": 40, ""side"": ""left"", ""directions"": ""vertical"", ""stiffness_factor_eta_k"": 0.1442, ""damping_factor_eta_c"": 1.0}]"
v2n052_seed57438704_v200_coupled_fastener_ballast_overlap,57438704,200,train,coupled_fastener_ballast_overlap,v2_seed57438704,"[{""type"": ""fastener_failure"", ""label"": ""fastener_eta"", ""start_m"": 220.2, ""count"": 12, ""side"": ""left"", ""directions"": ""both"", ""stiffness_factor_eta_k"": 1.25, ""damping_factor_eta_c"": 1.0}, {""type"": ""ballast_condition"", ""label"": ""ballast_hardened"", ""start_m"": 220.2, ""count"": 8, ""side"": ""left"", ""directions"": ""vertical"", ""stiffness_factor_eta_k"": 2.8639, ""damping_factor_eta_c"": 1.0}]"
v2n053_seed53700434_v160_baseline,53700434,160,train,baseline,v2_seed53700434,[]
v2n053_seed53700434_v160_fastener,53700434,160,train,fastener,v2_seed53700434,"[{""type"": ""fastener_failure"", ""label"": ""fastener_eta"", ""start_m"": 280.8, ""count"": 5, ""side"": ""right"", ""directions"": ""both"", ""stiffness_factor_eta_k"": 1.05, ""damping_factor_eta_c"": 1.0}]"
v2n053_seed53700434_v160_sleeper_void,53700434,160,train,sleeper_void,v2_seed53700434,"[{""type"": ""sleeper_void"", ""label"": ""sleeper_void"", ""start_m"": 288.0, ""count"": 8, ""side"": ""left"", ""directions"": ""vertical"", ""delta_gap_mm"": 0.954}]"
v2n053_seed53700434_v160_ballast,53700434,160,train,ballast,v2_seed53700434,"[{""type"": ""ballast_condition"", ""label"": ""ballast_softened"", ""start_m"": 279.0, ""count"": 40, ""side"": ""both"", ""directions"": ""vertical"", ""stiffness_factor_eta_k"": 0.2451, ""damping_factor_eta_c"": 1.0}]"
v2n053_seed53700434_v160_subgrade,53700434,160,train,subgrade,v2_seed53700434,"[{""type"": ""subgrade_condition"", ""label"": ""subgrade_softened"", ""start_m"": 189.6, ""count"": 80, ""side"": ""right"", ""directions"": ""vertical"", ""stiffness_factor_eta_k"": 0.5404, ""damping_factor_eta_c"": 1.0}]"
v2n053_seed53700434_v160_coupled_fastener_subgrade_partial_overlap,53700434,160,train,coupled_fastener_subgrade_partial_overlap,v2_seed53700434,"[{""type"": ""fastener_failure"", ""label"": ""fastener_eta"", ""start_m"": 195.0, ""count"": 20, ""side"": ""right"", ""directions"": ""both"", ""stiffness_factor_eta_k"": 0.0, ""damping_factor_eta_c"": 1.0}, {""type"": ""subgrade_condition"", ""label"": ""subgrade_hardened"", ""start_m"": 198.6, ""count"": 12, ""side"": ""both"", ""directions"": ""vertical"", ""stiffness_factor_eta_k"": 4.7367, ""damping_factor_eta_c"": 1.0}]"
v2n053_seed53700434_v160_coupled_ballast_sleeper_void_separate,53700434,160,train,coupled_ballast_sleeper_void_separate,v2_seed53700434,"[{""type"": ""ballast_condition"", ""label"": ""ballast_softened"", ""start_m"": 211.2, ""count"": 3, ""side"": ""right"", ""directions"": ""vertical"", ""stiffness_factor_eta_k"": 0.7598, ""damping_factor_eta_c"": 1.0}, {""type"": ""sleeper_void"", ""label"": ""sleeper_void"", ""start_m"": 228.0, ""count"": 8, ""side"": ""right"", ""directions"": ""vertical"", ""delta_gap_mm"": 0.23}]"
v2n053_seed53700434_v200_baseline,53700434,200,train,baseline,v2_seed53700434,[]
v2n053_seed53700434_v200_fastener,53700434,200,train,fastener,v2_seed53700434,"[{""type"": ""fastener_failure"", ""label"": ""fastener_eta"", ""start_m"": 280.8, ""count"": 5, ""side"": ""right"", ""directions"": ""both"", ""stiffness_factor_eta_k"": 1.05, ""damping_factor_eta_c"": 1.0}]"
v2n053_seed53700434_v200_coupled_fastener_subgrade_partial_overlap,53700434,200,train,coupled_fastener_subgrade_partial_overlap,v2_seed53700434,"[{""type"": ""fastener_failure"", ""label"": ""fastener_eta"", ""start_m"": 195.0, ""count"": 20, ""side"": ""right"", ""directions"": ""both"", ""stiffness_factor_eta_k"": 0.0, ""damping_factor_eta_c"": 1.0}, {""type"": ""subgrade_condition"", ""label"": ""subgrade_hardened"", ""start_m"": 198.6, ""count"": 12, ""side"": ""both"", ""directions"": ""vertical"", ""stiffness_factor_eta_k"": 4.7367, ""damping_factor_eta_c"": 1.0}]"
v2n054_seed68722459_v200_baseline,68722459,200,train,baseline,v2_seed68722459,[]
v2n054_seed68722459_v200_fastener,68722459,200,train,fastener,v2_seed68722459,"[{""type"": ""fastener_failure"", ""label"": ""fastener_eta"", ""start_m"": 269.4, ""count"": 8, ""side"": ""both"", ""directions"": ""both"", ""stiffness_factor_eta_k"": 1.1, ""damping_factor_eta_c"": 1.0}]"
v2n054_seed68722459_v200_sleeper_void,68722459,200,train,sleeper_void,v2_seed68722459,"[{""type"": ""sleeper_void"", ""label"": ""sleeper_void"", ""start_m"": 282.0, ""count"": 12, ""side"": ""right"", ""directions"": ""vertical"", ""delta_gap_mm"": 1.484}]"
v2n054_seed68722459_v200_ballast,68722459,200,train,ballast,v2_seed68722459,"[{""type"": ""ballast_condition"", ""label"": ""ballast_softened"", ""start_m"": 218.4, ""count"": 80, ""side"": ""left"", ""directions"": ""vertical"", ""stiffness_factor_eta_k"": 0.6681, ""damping_factor_eta_c"": 1.0}]"
v2n054_seed68722459_v200_subgrade,68722459,200,train,subgrade,v2_seed68722459,"[{""type"": ""subgrade_condition"", ""label"": ""subgrade_softened"", ""start_m"": 184.2, ""count"": 3, ""side"": ""both"", ""directions"": ""vertical"", ""stiffness_factor_eta_k"": 0.7123, ""damping_factor_eta_c"": 1.0}]"
v2n054_seed68722459_v200_coupled_ballast_subgrade_separate,68722459,200,train,coupled_ballast_subgrade_separate,v2_seed68722459,"[{""type"": ""ballast_condition"", ""label"": ""ballast_softened"", ""start_m"": 213.6, ""count"": 3, ""side"": ""right"", ""directions"": ""vertical"", ""stiffness_factor_eta_k"": 0.8336, ""damping_factor_eta_c"": 1.0}, {""type"": ""subgrade_condition"", ""label"": ""subgrade_softened"", ""start_m"": 237.6, ""count"": 20, ""side"": ""left"", ""directions"": ""vertical"", ""stiffness_factor_eta_k"": 0.1366, ""damping_factor_eta_c"": 1.0}]"
v2n054_seed68722459_v200_coupled_subgrade_sleeper_void_overlap,68722459,200,train,coupled_subgrade_sleeper_void_overlap,v2_seed68722459,"[{""type"": ""subgrade_condition"", ""label"": ""subgrade_hardened"", ""start_m"": 236.4, ""count"": 5, ""side"": ""left"", ""directions"": ""vertical"", ""stiffness_factor_eta_k"": 1.159, ""damping_factor_eta_c"": 1.0}, {""type"": ""sleeper_void"", ""label"": ""sleeper_void"", ""start_m"": 236.4, ""count"": 12, ""side"": ""both"", ""directions"": ""vertical"", ""delta_gap_mm"": 0.756}]"
v2n054_seed68722459_v250_baseline,68722459,250,train,baseline,v2_seed68722459,[]
v2n054_seed68722459_v250_sleeper_void,68722459,250,train,sleeper_void,v2_seed68722459,"[{""type"": ""sleeper_void"", ""label"": ""sleeper_void"", ""start_m"": 282.0, ""count"": 12, ""side"": ""right"", ""directions"": ""vertical"", ""delta_gap_mm"": 1.484}]"
v2n054_seed68722459_v250_coupled_ballast_subgrade_separate,68722459,250,train,coupled_ballast_subgrade_separate,v2_seed68722459,"[{""type"": ""ballast_condition"", ""label"": ""ballast_softened"", ""start_m"": 213.6, ""count"": 3, ""side"": ""right"", ""directions"": ""vertical"", ""stiffness_factor_eta_k"": 0.8336, ""damping_factor_eta_c"": 1.0}, {""type"": ""subgrade_condition"", ""label"": ""subgrade_softened"", ""start_m"": 237.6, ""count"": 20, ""side"": ""left"", ""directions"": ""vertical"", ""stiffness_factor_eta_k"": 0.1366, ""damping_factor_eta_c"": 1.0}]"
