case_id,random_seed,speed_kmh,split,case_kind,pair_group,defects_json
s001_seed30250811_v160_baseline,30250811,160,train,baseline,,[]
s001_seed30250811_v160_fastener,30250811,160,train,fastener,,"[{""type"": ""fastener_failure"", ""label"": ""fastener_eta"", ""start_m"": 191.4, ""count"": 4, ""side"": ""both"", ""directions"": ""both"", ""stiffness_factor_eta_k"": 0.0, ""damping_factor_eta_c"": 1.0}]"
s001_seed30250811_v160_sleeper_void,30250811,160,train,sleeper_void,,"[{""type"": ""sleeper_void"", ""label"": ""sleeper_void"", ""start_m"": 164.4, ""count"": 5, ""side"": ""right"", ""directions"": ""vertical"", ""delta_gap_mm"": 0.98}]"
s001_seed30250811_v160_ballast,30250811,160,train,ballast,,"[{""type"": ""ballast_condition"", ""label"": ""ballast_loose"", ""start_m"": 181.8, ""count"": 166, ""side"": ""left"", ""directions"": ""vertical"", ""stiffness_factor_eta_k"": 0.173, ""damping_factor_eta_c"": 1.0}]"
s001_seed30250811_v160_subgrade,30250811,160,train,subgrade,,"[{""type"": ""subgrade_condition"", ""label"": ""subgrade_weakened"", ""start_m"": 226.8, ""count"": 28, ""side"": ""left"", ""directions"": ""vertical"", ""stiffness_factor_eta_k"": 0.5672, ""damping_factor_eta_c"": 1.0}]"
s001_seed30250811_v160_coupled_fastener_subgrade,30250811,160,train,coupled_fastener_subgrade,,"[{""type"": ""fastener_failure"", ""label"": ""fastener_eta"", ""start_m"": 178.8, ""count"": 1, ""side"": ""both"", ""directions"": ""both"", ""stiffness_factor_eta_k"": 0.1, ""damping_factor_eta_c"": 1.0}, {""type"": ""subgrade_condition"", ""label"": ""subgrade_weakened"", ""start_m"": 283.2, ""count"": 121, ""side"": ""left"", ""directions"": ""vertical"", ""stiffness_factor_eta_k"": 0.6654, ""damping_factor_eta_c"": 1.0}]"
s002_seed29721531_v160_baseline,29721531,160,train,baseline,,[]
s002_seed29721531_v160_fastener,29721531,160,train,fastener,,"[{""type"": ""fastener_failure"", ""label"": ""fastener_eta"", ""start_m"": 241.2, ""count"": 9, ""side"": ""right"", ""directions"": ""both"", ""stiffness_factor_eta_k"": 0.25, ""damping_factor_eta_c"": 1.0}]"
s002_seed29721531_v160_sleeper_void,29721531,160,train,sleeper_void,,"[{""type"": ""sleeper_void"", ""label"": ""sleeper_void"", ""start_m"": 180.0, ""count"": 5, ""side"": ""left"", ""directions"": ""vertical"", ""delta_gap_mm"": 2.33}]"
s002_seed29721531_v160_ballast,29721531,160,train,ballast,,"[{""type"": ""ballast_condition"", ""label"": ""ballast_loose"", ""start_m"": 180.0, ""count"": 93, ""side"": ""both"", ""directions"": ""vertical"", ""stiffness_factor_eta_k"": 0.136, ""damping_factor_eta_c"": 1.0}]"
s002_seed29721531_v160_subgrade,29721531,160,train,subgrade,,"[{""type"": ""subgrade_condition"", ""label"": ""subgrade_weakened"", ""start_m"": 259.2, ""count"": 150, ""side"": ""right"", ""directions"": ""vertical"", ""stiffness_factor_eta_k"": 0.7238, ""damping_factor_eta_c"": 1.0}]"
s002_seed29721531_v160_coupled_fastener_ballast,29721531,160,train,coupled_fastener_ballast,,"[{""type"": ""fastener_failure"", ""label"": ""fastener_eta"", ""start_m"": 183.6, ""count"": 9, ""side"": ""left"", ""directions"": ""both"", ""stiffness_factor_eta_k"": 0.5, ""damping_factor_eta_c"": 1.0}, {""type"": ""ballast_condition"", ""label"": ""ballast_hardened"", ""start_m"": 156.0, ""count"": 105, ""side"": ""both"", ""directions"": ""vertical"", ""stiffness_factor_eta_k"": 7.9194, ""damping_factor_eta_c"": 1.0}]"
s003_seed87860543_v160_baseline,87860543,160,train,baseline,,[]
s003_seed87860543_v160_fastener,87860543,160,train,fastener,,"[{""type"": ""fastener_failure"", ""label"": ""fastener_eta"", ""start_m"": 262.2, ""count"": 2, ""side"": ""left"", ""directions"": ""both"", ""stiffness_factor_eta_k"": 0.75, ""damping_factor_eta_c"": 1.0}]"
s003_seed87860543_v160_sleeper_void,87860543,160,train,sleeper_void,,"[{""type"": ""sleeper_void"", ""label"": ""sleeper_void"", ""start_m"": 195.6, ""count"": 6, ""side"": ""both"", ""directions"": ""vertical"", ""delta_gap_mm"": 1.53}]"
s003_seed87860543_v160_ballast,87860543,160,train,ballast,,"[{""type"": ""ballast_condition"", ""label"": ""ballast_loose"", ""start_m"": 220.8, ""count"": 145, ""side"": ""right"", ""directions"": ""vertical"", ""stiffness_factor_eta_k"": 0.2563, ""damping_factor_eta_c"": 1.0}]"
s003_seed87860543_v160_subgrade,87860543,160,train,subgrade,,"[{""type"": ""subgrade_condition"", ""label"": ""subgrade_weakened"", ""start_m"": 282.6, ""count"": 132, ""side"": ""left"", ""directions"": ""vertical"", ""stiffness_factor_eta_k"": 0.2151, ""damping_factor_eta_c"": 1.0}]"
s003_seed87860543_v160_coupled_fastener_ballast,87860543,160,train,coupled_fastener_ballast,,"[{""type"": ""fastener_failure"", ""label"": ""fastener_eta"", ""start_m"": 226.2, ""count"": 5, ""side"": ""left"", ""directions"": ""both"", ""stiffness_factor_eta_k"": 0.25, ""damping_factor_eta_c"": 1.0}, {""type"": ""ballast_condition"", ""label"": ""ballast_loose"", ""start_m"": 282.0, ""count"": 101, ""side"": ""left"", ""directions"": ""vertical"", ""stiffness_factor_eta_k"": 0.6848, ""damping_factor_eta_c"": 1.0}]"
s004_seed74178924_v160_baseline,74178924,160,train,baseline,,[]
s004_seed74178924_v160_fastener,74178924,160,train,fastener,,"[{""type"": ""fastener_failure"", ""label"": ""fastener_eta"", ""start_m"": 264.6, ""count"": 5, ""side"": ""both"", ""directions"": ""both"", ""stiffness_factor_eta_k"": 0.5, ""damping_factor_eta_c"": 1.0}]"
s004_seed74178924_v160_sleeper_void,74178924,160,train,sleeper_void,,"[{""type"": ""sleeper_void"", ""label"": ""sleeper_void"", ""start_m"": 231.0, ""count"": 1, ""side"": ""right"", ""directions"": ""vertical"", ""delta_gap_mm"": 1.76}]"
s004_seed74178924_v160_ballast,74178924,160,train,ballast,,"[{""type"": ""ballast_condition"", ""label"": ""ballast_loose"", ""start_m"": 228.6, ""count"": 47, ""side"": ""right"", ""directions"": ""vertical"", ""stiffness_factor_eta_k"": 0.4162, ""damping_factor_eta_c"": 1.0}]"
s004_seed74178924_v160_subgrade,74178924,160,train,subgrade,,"[{""type"": ""subgrade_condition"", ""label"": ""subgrade_weakened"", ""start_m"": 198.0, ""count"": 66, ""side"": ""right"", ""directions"": ""vertical"", ""stiffness_factor_eta_k"": 0.1846, ""damping_factor_eta_c"": 1.0}]"
s004_seed74178924_v160_coupled_sleeper_void_ballast,74178924,160,train,coupled_sleeper_void_ballast,,"[{""type"": ""sleeper_void"", ""label"": ""sleeper_void"", ""start_m"": 206.4, ""count"": 6, ""side"": ""both"", ""directions"": ""vertical"", ""delta_gap_mm"": 0.98}, {""type"": ""ballast_condition"", ""label"": ""ballast_loose"", ""start_m"": 199.2, ""count"": 142, ""side"": ""right"", ""directions"": ""vertical"", ""stiffness_factor_eta_k"": 0.2888, ""damping_factor_eta_c"": 1.0}]"
s005_seed80930382_v160_baseline,80930382,160,train,baseline,,[]
s005_seed80930382_v160_fastener,80930382,160,train,fastener,,"[{""type"": ""fastener_failure"", ""label"": ""fastener_eta"", ""start_m"": 295.2, ""count"": 2, ""side"": ""left"", ""directions"": ""both"", ""stiffness_factor_eta_k"": 0.75, ""damping_factor_eta_c"": 1.0}]"
s005_seed80930382_v160_sleeper_void,80930382,160,train,sleeper_void,,"[{""type"": ""sleeper_void"", ""label"": ""sleeper_void"", ""start_m"": 229.2, ""count"": 4, ""side"": ""both"", ""directions"": ""vertical"", ""delta_gap_mm"": 1.57}]"
s005_seed80930382_v160_ballast,80930382,160,train,ballast,,"[{""type"": ""ballast_condition"", ""label"": ""ballast_hardened"", ""start_m"": 150.6, ""count"": 16, ""side"": ""both"", ""directions"": ""vertical"", ""stiffness_factor_eta_k"": 6.1288, ""damping_factor_eta_c"": 1.0}]"
s005_seed80930382_v160_subgrade,80930382,160,train,subgrade,,"[{""type"": ""subgrade_condition"", ""label"": ""subgrade_weakened"", ""start_m"": 268.2, ""count"": 140, ""side"": ""both"", ""directions"": ""vertical"", ""stiffness_factor_eta_k"": 0.6519, ""damping_factor_eta_c"": 1.0}]"
s005_seed80930382_v160_coupled_sleeper_void_fastener,80930382,160,train,coupled_sleeper_void_fastener,,"[{""type"": ""sleeper_void"", ""label"": ""sleeper_void"", ""start_m"": 242.4, ""count"": 1, ""side"": ""both"", ""directions"": ""vertical"", ""delta_gap_mm"": 1.7}, {""type"": ""fastener_failure"", ""label"": ""fastener_eta"", ""start_m"": 191.4, ""count"": 4, ""side"": ""right"", ""directions"": ""both"", ""stiffness_factor_eta_k"": 0.5, ""damping_factor_eta_c"": 1.0}]"
s006_seed25935677_v160_baseline,25935677,160,train,baseline,,[]
s006_seed25935677_v160_fastener,25935677,160,train,fastener,,"[{""type"": ""fastener_failure"", ""label"": ""fastener_eta"", ""start_m"": 243.6, ""count"": 9, ""side"": ""both"", ""directions"": ""both"", ""stiffness_factor_eta_k"": 0.0, ""damping_factor_eta_c"": 1.0}]"
s006_seed25935677_v160_sleeper_void,25935677,160,train,sleeper_void,,"[{""type"": ""sleeper_void"", ""label"": ""sleeper_void"", ""start_m"": 275.4, ""count"": 8, ""side"": ""right"", ""directions"": ""vertical"", ""delta_gap_mm"": 0.88}]"
s006_seed25935677_v160_ballast,25935677,160,train,ballast,,"[{""type"": ""ballast_condition"", ""label"": ""ballast_hardened"", ""start_m"": 180.0, ""count"": 78, ""side"": ""both"", ""directions"": ""vertical"", ""stiffness_factor_eta_k"": 2.1158, ""damping_factor_eta_c"": 1.0}]"
s006_seed25935677_v160_subgrade,25935677,160,train,subgrade,,"[{""type"": ""subgrade_condition"", ""label"": ""subgrade_weakened"", ""start_m"": 255.0, ""count"": 80, ""side"": ""both"", ""directions"": ""vertical"", ""stiffness_factor_eta_k"": 0.357, ""damping_factor_eta_c"": 1.0}]"
s006_seed25935677_v160_coupled_fastener_sleeper_void,25935677,160,train,coupled_fastener_sleeper_void,,"[{""type"": ""fastener_failure"", ""label"": ""fastener_eta"", ""start_m"": 160.2, ""count"": 1, ""side"": ""both"", ""directions"": ""both"", ""stiffness_factor_eta_k"": 0.1, ""damping_factor_eta_c"": 1.0}, {""type"": ""sleeper_void"", ""label"": ""sleeper_void"", ""start_m"": 153.0, ""count"": 1, ""side"": ""left"", ""directions"": ""vertical"", ""delta_gap_mm"": 2.31}]"
s007_seed75475639_v160_baseline,75475639,160,train,baseline,,[]
s007_seed75475639_v160_fastener,75475639,160,train,fastener,,"[{""type"": ""fastener_failure"", ""label"": ""fastener_eta"", ""start_m"": 268.2, ""count"": 2, ""side"": ""right"", ""directions"": ""both"", ""stiffness_factor_eta_k"": 0.1, ""damping_factor_eta_c"": 1.0}]"
s007_seed75475639_v160_sleeper_void,75475639,160,train,sleeper_void,,"[{""type"": ""sleeper_void"", ""label"": ""sleeper_void"", ""start_m"": 154.2, ""count"": 5, ""side"": ""right"", ""directions"": ""vertical"", ""delta_gap_mm"": 2.57}]"
s007_seed75475639_v160_ballast,75475639,160,train,ballast,,"[{""type"": ""ballast_condition"", ""label"": ""ballast_hardened"", ""start_m"": 243.6, ""count"": 108, ""side"": ""both"", ""directions"": ""vertical"", ""stiffness_factor_eta_k"": 4.8308, ""damping_factor_eta_c"": 1.0}]"
s007_seed75475639_v160_subgrade,75475639,160,train,subgrade,,"[{""type"": ""subgrade_condition"", ""label"": ""subgrade_weakened"", ""start_m"": 237.0, ""count"": 46, ""side"": ""both"", ""directions"": ""vertical"", ""stiffness_factor_eta_k"": 0.4993, ""damping_factor_eta_c"": 1.0}]"
s007_seed75475639_v160_coupled_ballast_fastener,75475639,160,train,coupled_ballast_fastener,,"[{""type"": ""ballast_condition"", ""label"": ""ballast_hardened"", ""start_m"": 292.8, ""count"": 44, ""side"": ""both"", ""directions"": ""vertical"", ""stiffness_factor_eta_k"": 2.3279, ""damping_factor_eta_c"": 1.0}, {""type"": ""fastener_failure"", ""label"": ""fastener_eta"", ""start_m"": 286.2, ""count"": 5, ""side"": ""left"", ""directions"": ""both"", ""stiffness_factor_eta_k"": 0.0, ""damping_factor_eta_c"": 1.0}]"
s008_seed93896902_v160_baseline,93896902,160,train,baseline,,[]
s008_seed93896902_v160_fastener,93896902,160,train,fastener,,"[{""type"": ""fastener_failure"", ""label"": ""fastener_eta"", ""start_m"": 211.2, ""count"": 3, ""side"": ""both"", ""directions"": ""both"", ""stiffness_factor_eta_k"": 0.0, ""damping_factor_eta_c"": 1.0}]"
s008_seed93896902_v160_sleeper_void,93896902,160,train,sleeper_void,,"[{""type"": ""sleeper_void"", ""label"": ""sleeper_void"", ""start_m"": 283.8, ""count"": 3, ""side"": ""both"", ""directions"": ""vertical"", ""delta_gap_mm"": 0.62}]"
s008_seed93896902_v160_ballast,93896902,160,train,ballast,,"[{""type"": ""ballast_condition"", ""label"": ""ballast_loose"", ""start_m"": 213.6, ""count"": 14, ""side"": ""left"", ""directions"": ""vertical"", ""stiffness_factor_eta_k"": 0.6154, ""damping_factor_eta_c"": 1.0}]"
s008_seed93896902_v160_subgrade,93896902,160,train,subgrade,,"[{""type"": ""subgrade_condition"", ""label"": ""subgrade_weakened"", ""start_m"": 200.4, ""count"": 123, ""side"": ""left"", ""directions"": ""vertical"", ""stiffness_factor_eta_k"": 0.7289, ""damping_factor_eta_c"": 1.0}]"
s008_seed93896902_v160_coupled_ballast_subgrade,93896902,160,train,coupled_ballast_subgrade,,"[{""type"": ""ballast_condition"", ""label"": ""ballast_hardened"", ""start_m"": 211.8, ""count"": 59, ""side"": ""left"", ""directions"": ""vertical"", ""stiffness_factor_eta_k"": 5.4298, ""damping_factor_eta_c"": 1.0}, {""type"": ""subgrade_condition"", ""label"": ""subgrade_weakened"", ""start_m"": 217.8, ""count"": 153, ""side"": ""both"", ""directions"": ""vertical"", ""stiffness_factor_eta_k"": 0.7725, ""damping_factor_eta_c"": 1.0}]"
s009_seed72037751_v160_baseline,72037751,160,train,baseline,,[]
s009_seed72037751_v160_fastener,72037751,160,train,fastener,,"[{""type"": ""fastener_failure"", ""label"": ""fastener_eta"", ""start_m"": 172.2, ""count"": 2, ""side"": ""both"", ""directions"": ""both"", ""stiffness_factor_eta_k"": 0.0, ""damping_factor_eta_c"": 1.0}]"
s009_seed72037751_v160_sleeper_void,72037751,160,train,sleeper_void,,"[{""type"": ""sleeper_void"", ""label"": ""sleeper_void"", ""start_m"": 155.4, ""count"": 5, ""side"": ""both"", ""directions"": ""vertical"", ""delta_gap_mm"": 2.2}]"
s009_seed72037751_v160_ballast,72037751,160,train,ballast,,"[{""type"": ""ballast_condition"", ""label"": ""ballast_hardened"", ""start_m"": 265.8, ""count"": 63, ""side"": ""left"", ""directions"": ""vertical"", ""stiffness_factor_eta_k"": 5.1846, ""damping_factor_eta_c"": 1.0}]"
s009_seed72037751_v160_subgrade,72037751,160,train,subgrade,,"[{""type"": ""subgrade_condition"", ""label"": ""subgrade_weakened"", ""start_m"": 151.8, ""count"": 92, ""side"": ""both"", ""directions"": ""vertical"", ""stiffness_factor_eta_k"": 0.7205, ""damping_factor_eta_c"": 1.0}]"
s009_seed72037751_v160_coupled_fastener_ballast,72037751,160,train,coupled_fastener_ballast,,"[{""type"": ""fastener_failure"", ""label"": ""fastener_eta"", ""start_m"": 168.6, ""count"": 1, ""side"": ""both"", ""directions"": ""both"", ""stiffness_factor_eta_k"": 0.25, ""damping_factor_eta_c"": 1.0}, {""type"": ""ballast_condition"", ""label"": ""ballast_hardened"", ""start_m"": 183.0, ""count"": 20, ""side"": ""both"", ""directions"": ""vertical"", ""stiffness_factor_eta_k"": 6.4626, ""damping_factor_eta_c"": 1.0}]"
s010_seed67254543_v160_baseline,67254543,160,train,baseline,,[]
s010_seed67254543_v160_fastener,67254543,160,train,fastener,,"[{""type"": ""fastener_failure"", ""label"": ""fastener_eta"", ""start_m"": 201.0, ""count"": 1, ""side"": ""right"", ""directions"": ""both"", ""stiffness_factor_eta_k"": 0.5, ""damping_factor_eta_c"": 1.0}]"
s010_seed67254543_v160_sleeper_void,67254543,160,train,sleeper_void,,"[{""type"": ""sleeper_void"", ""label"": ""sleeper_void"", ""start_m"": 295.8, ""count"": 6, ""side"": ""both"", ""directions"": ""vertical"", ""delta_gap_mm"": 2.18}]"
s010_seed67254543_v160_ballast,67254543,160,train,ballast,,"[{""type"": ""ballast_condition"", ""label"": ""ballast_hardened"", ""start_m"": 281.4, ""count"": 94, ""side"": ""right"", ""directions"": ""vertical"", ""stiffness_factor_eta_k"": 6.5086, ""damping_factor_eta_c"": 1.0}]"
s010_seed67254543_v160_subgrade,67254543,160,train,subgrade,,"[{""type"": ""subgrade_condition"", ""label"": ""subgrade_weakened"", ""start_m"": 165.6, ""count"": 134, ""side"": ""both"", ""directions"": ""vertical"", ""stiffness_factor_eta_k"": 0.7063, ""damping_factor_eta_c"": 1.0}]"
s010_seed67254543_v160_coupled_ballast_sleeper_void,67254543,160,train,coupled_ballast_sleeper_void,,"[{""type"": ""ballast_condition"", ""label"": ""ballast_loose"", ""start_m"": 168.0, ""count"": 134, ""side"": ""both"", ""directions"": ""vertical"", ""stiffness_factor_eta_k"": 0.1441, ""damping_factor_eta_c"": 1.0}, {""type"": ""sleeper_void"", ""label"": ""sleeper_void"", ""start_m"": 182.4, ""count"": 5, ""side"": ""both"", ""directions"": ""vertical"", ""delta_gap_mm"": 2.7}]"
s011_seed41396190_v160_baseline,41396190,160,train,baseline,,[]
s011_seed41396190_v160_fastener,41396190,160,train,fastener,,"[{""type"": ""fastener_failure"", ""label"": ""fastener_eta"", ""start_m"": 249.6, ""count"": 3, ""side"": ""right"", ""directions"": ""both"", ""stiffness_factor_eta_k"": 0.1, ""damping_factor_eta_c"": 1.0}]"
s011_seed41396190_v160_sleeper_void,41396190,160,train,sleeper_void,,"[{""type"": ""sleeper_void"", ""label"": ""sleeper_void"", ""start_m"": 190.2, ""count"": 6, ""side"": ""both"", ""directions"": ""vertical"", ""delta_gap_mm"": 0.82}]"
s011_seed41396190_v160_ballast,41396190,160,train,ballast,,"[{""type"": ""ballast_condition"", ""label"": ""ballast_loose"", ""start_m"": 162.6, ""count"": 137, ""side"": ""both"", ""directions"": ""vertical"", ""stiffness_factor_eta_k"": 0.6547, ""damping_factor_eta_c"": 1.0}]"
s011_seed41396190_v160_subgrade,41396190,160,train,subgrade,,"[{""type"": ""subgrade_condition"", ""label"": ""subgrade_weakened"", ""start_m"": 154.8, ""count"": 121, ""side"": ""both"", ""directions"": ""vertical"", ""stiffness_factor_eta_k"": 0.1143, ""damping_factor_eta_c"": 1.0}]"
s011_seed41396190_v160_coupled_ballast_sleeper_void,41396190,160,train,coupled_ballast_sleeper_void,,"[{""type"": ""ballast_condition"", ""label"": ""ballast_hardened"", ""start_m"": 159.0, ""count"": 72, ""side"": ""both"", ""directions"": ""vertical"", ""stiffness_factor_eta_k"": 2.1763, ""damping_factor_eta_c"": 1.0}, {""type"": ""sleeper_void"", ""label"": ""sleeper_void"", ""start_m"": 222.0, ""count"": 8, ""side"": ""both"", ""directions"": ""vertical"", ""delta_gap_mm"": 2.66}]"
s012_seed47121630_v160_baseline,47121630,160,train,baseline,,[]
s012_seed47121630_v160_fastener,47121630,160,train,fastener,,"[{""type"": ""fastener_failure"", ""label"": ""fastener_eta"", ""start_m"": 271.8, ""count"": 7, ""side"": ""both"", ""directions"": ""both"", ""stiffness_factor_eta_k"": 0.5, ""damping_factor_eta_c"": 1.0}]"
s012_seed47121630_v160_sleeper_void,47121630,160,train,sleeper_void,,"[{""type"": ""sleeper_void"", ""label"": ""sleeper_void"", ""start_m"": 208.2, ""count"": 1, ""side"": ""both"", ""directions"": ""vertical"", ""delta_gap_mm"": 2.29}]"
s012_seed47121630_v160_ballast,47121630,160,train,ballast,,"[{""type"": ""ballast_condition"", ""label"": ""ballast_hardened"", ""start_m"": 262.2, ""count"": 58, ""side"": ""both"", ""directions"": ""vertical"", ""stiffness_factor_eta_k"": 2.3865, ""damping_factor_eta_c"": 1.0}]"
s012_seed47121630_v160_subgrade,47121630,160,train,subgrade,,"[{""type"": ""subgrade_condition"", ""label"": ""subgrade_weakened"", ""start_m"": 239.4, ""count"": 123, ""side"": ""right"", ""directions"": ""vertical"", ""stiffness_factor_eta_k"": 0.5291, ""damping_factor_eta_c"": 1.0}]"
s012_seed47121630_v160_coupled_ballast_fastener,47121630,160,train,coupled_ballast_fastener,,"[{""type"": ""ballast_condition"", ""label"": ""ballast_loose"", ""start_m"": 178.8, ""count"": 36, ""side"": ""both"", ""directions"": ""vertical"", ""stiffness_factor_eta_k"": 0.1447, ""damping_factor_eta_c"": 1.0}, {""type"": ""fastener_failure"", ""label"": ""fastener_eta"", ""start_m"": 150.6, ""count"": 6, ""side"": ""both"", ""directions"": ""both"", ""stiffness_factor_eta_k"": 0.5, ""damping_factor_eta_c"": 1.0}]"
s013_seed66290043_v160_baseline,66290043,160,train,baseline,,[]
s013_seed66290043_v160_fastener,66290043,160,train,fastener,,"[{""type"": ""fastener_failure"", ""label"": ""fastener_eta"", ""start_m"": 277.8, ""count"": 3, ""side"": ""right"", ""directions"": ""both"", ""stiffness_factor_eta_k"": 0.0, ""damping_factor_eta_c"": 1.0}]"
s013_seed66290043_v160_sleeper_void,66290043,160,train,sleeper_void,,"[{""type"": ""sleeper_void"", ""label"": ""sleeper_void"", ""start_m"": 298.8, ""count"": 2, ""side"": ""left"", ""directions"": ""vertical"", ""delta_gap_mm"": 1.95}]"
s013_seed66290043_v160_ballast,66290043,160,train,ballast,,"[{""type"": ""ballast_condition"", ""label"": ""ballast_loose"", ""start_m"": 220.8, ""count"": 141, ""side"": ""left"", ""directions"": ""vertical"", ""stiffness_factor_eta_k"": 0.7351, ""damping_factor_eta_c"": 1.0}]"
s013_seed66290043_v160_subgrade,66290043,160,train,subgrade,,"[{""type"": ""subgrade_condition"", ""label"": ""subgrade_weakened"", ""start_m"": 278.4, ""count"": 124, ""side"": ""right"", ""directions"": ""vertical"", ""stiffness_factor_eta_k"": 0.1792, ""damping_factor_eta_c"": 1.0}]"
s013_seed66290043_v160_coupled_fastener_subgrade,66290043,160,train,coupled_fastener_subgrade,,"[{""type"": ""fastener_failure"", ""label"": ""fastener_eta"", ""start_m"": 262.2, ""count"": 6, ""side"": ""both"", ""directions"": ""both"", ""stiffness_factor_eta_k"": 0.5, ""damping_factor_eta_c"": 1.0}, {""type"": ""subgrade_condition"", ""label"": ""subgrade_weakened"", ""start_m"": 288.6, ""count"": 38, ""side"": ""right"", ""directions"": ""vertical"", ""stiffness_factor_eta_k"": 0.5129, ""damping_factor_eta_c"": 1.0}]"
s014_seed29905071_v160_baseline,29905071,160,train,baseline,,[]
s014_seed29905071_v160_fastener,29905071,160,train,fastener,,"[{""type"": ""fastener_failure"", ""label"": ""fastener_eta"", ""start_m"": 243.6, ""count"": 7, ""side"": ""right"", ""directions"": ""both"", ""stiffness_factor_eta_k"": 0.0, ""damping_factor_eta_c"": 1.0}]"
s014_seed29905071_v160_sleeper_void,29905071,160,train,sleeper_void,,"[{""type"": ""sleeper_void"", ""label"": ""sleeper_void"", ""start_m"": 278.4, ""count"": 1, ""side"": ""both"", ""directions"": ""vertical"", ""delta_gap_mm"": 1.27}]"
s014_seed29905071_v160_ballast,29905071,160,train,ballast,,"[{""type"": ""ballast_condition"", ""label"": ""ballast_hardened"", ""start_m"": 165.6, ""count"": 61, ""side"": ""both"", ""directions"": ""vertical"", ""stiffness_factor_eta_k"": 6.6365, ""damping_factor_eta_c"": 1.0}]"
s014_seed29905071_v160_subgrade,29905071,160,train,subgrade,,"[{""type"": ""subgrade_condition"", ""label"": ""subgrade_weakened"", ""start_m"": 264.0, ""count"": 120, ""side"": ""left"", ""directions"": ""vertical"", ""stiffness_factor_eta_k"": 0.4017, ""damping_factor_eta_c"": 1.0}]"
s014_seed29905071_v160_coupled_fastener_subgrade,29905071,160,train,coupled_fastener_subgrade,,"[{""type"": ""fastener_failure"", ""label"": ""fastener_eta"", ""start_m"": 215.4, ""count"": 7, ""side"": ""both"", ""directions"": ""both"", ""stiffness_factor_eta_k"": 0.75, ""damping_factor_eta_c"": 1.0}, {""type"": ""subgrade_condition"", ""label"": ""subgrade_weakened"", ""start_m"": 211.8, ""count"": 139, ""side"": ""right"", ""directions"": ""vertical"", ""stiffness_factor_eta_k"": 0.3671, ""damping_factor_eta_c"": 1.0}]"
s015_seed91979125_v160_baseline,91979125,160,train,baseline,,[]
s015_seed91979125_v160_fastener,91979125,160,train,fastener,,"[{""type"": ""fastener_failure"", ""label"": ""fastener_eta"", ""start_m"": 160.8, ""count"": 7, ""side"": ""right"", ""directions"": ""both"", ""stiffness_factor_eta_k"": 0.0, ""damping_factor_eta_c"": 1.0}]"
s015_seed91979125_v160_sleeper_void,91979125,160,train,sleeper_void,,"[{""type"": ""sleeper_void"", ""label"": ""sleeper_void"", ""start_m"": 218.4, ""count"": 8, ""side"": ""right"", ""directions"": ""vertical"", ""delta_gap_mm"": 1.08}]"
s015_seed91979125_v160_ballast,91979125,160,train,ballast,,"[{""type"": ""ballast_condition"", ""label"": ""ballast_hardened"", ""start_m"": 159.6, ""count"": 28, ""side"": ""both"", ""directions"": ""vertical"", ""stiffness_factor_eta_k"": 5.4747, ""damping_factor_eta_c"": 1.0}]"
s015_seed91979125_v160_subgrade,91979125,160,train,subgrade,,"[{""type"": ""subgrade_condition"", ""label"": ""subgrade_weakened"", ""start_m"": 171.0, ""count"": 166, ""side"": ""both"", ""directions"": ""vertical"", ""stiffness_factor_eta_k"": 0.6562, ""damping_factor_eta_c"": 1.0}]"
s015_seed91979125_v160_coupled_ballast_fastener,91979125,160,train,coupled_ballast_fastener,,"[{""type"": ""ballast_condition"", ""label"": ""ballast_loose"", ""start_m"": 271.8, ""count"": 163, ""side"": ""left"", ""directions"": ""vertical"", ""stiffness_factor_eta_k"": 0.7258, ""damping_factor_eta_c"": 1.0}, {""type"": ""fastener_failure"", ""label"": ""fastener_eta"", ""start_m"": 168.0, ""count"": 2, ""side"": ""right"", ""directions"": ""both"", ""stiffness_factor_eta_k"": 0.25, ""damping_factor_eta_c"": 1.0}]"
s016_seed48931274_v160_baseline,48931274,160,train,baseline,,[]
s016_seed48931274_v160_fastener,48931274,160,train,fastener,,"[{""type"": ""fastener_failure"", ""label"": ""fastener_eta"", ""start_m"": 217.2, ""count"": 4, ""side"": ""left"", ""directions"": ""both"", ""stiffness_factor_eta_k"": 0.5, ""damping_factor_eta_c"": 1.0}]"
s016_seed48931274_v160_sleeper_void,48931274,160,train,sleeper_void,,"[{""type"": ""sleeper_void"", ""label"": ""sleeper_void"", ""start_m"": 232.2, ""count"": 1, ""side"": ""right"", ""directions"": ""vertical"", ""delta_gap_mm"": 2.03}]"
s016_seed48931274_v160_ballast,48931274,160,train,ballast,,"[{""type"": ""ballast_condition"", ""label"": ""ballast_loose"", ""start_m"": 193.2, ""count"": 107, ""side"": ""both"", ""directions"": ""vertical"", ""stiffness_factor_eta_k"": 0.4377, ""damping_factor_eta_c"": 1.0}]"
s016_seed48931274_v160_subgrade,48931274,160,train,subgrade,,"[{""type"": ""subgrade_condition"", ""label"": ""subgrade_weakened"", ""start_m"": 224.4, ""count"": 139, ""side"": ""right"", ""directions"": ""vertical"", ""stiffness_factor_eta_k"": 0.3478, ""damping_factor_eta_c"": 1.0}]"
s016_seed48931274_v160_coupled_subgrade_sleeper_void,48931274,160,train,coupled_subgrade_sleeper_void,,"[{""type"": ""subgrade_condition"", ""label"": ""subgrade_weakened"", ""start_m"": 264.6, ""count"": 94, ""side"": ""left"", ""directions"": ""vertical"", ""stiffness_factor_eta_k"": 0.3167, ""damping_factor_eta_c"": 1.0}, {""type"": ""sleeper_void"", ""label"": ""sleeper_void"", ""start_m"": 183.0, ""count"": 2, ""side"": ""both"", ""directions"": ""vertical"", ""delta_gap_mm"": 1.76}]"
s017_seed84960042_v160_baseline,84960042,160,train,baseline,,[]
s017_seed84960042_v160_fastener,84960042,160,train,fastener,,"[{""type"": ""fastener_failure"", ""label"": ""fastener_eta"", ""start_m"": 252.0, ""count"": 8, ""side"": ""both"", ""directions"": ""both"", ""stiffness_factor_eta_k"": 0.25, ""damping_factor_eta_c"": 1.0}]"
s017_seed84960042_v160_sleeper_void,84960042,160,train,sleeper_void,,"[{""type"": ""sleeper_void"", ""label"": ""sleeper_void"", ""start_m"": 288.0, ""count"": 7, ""side"": ""left"", ""directions"": ""vertical"", ""delta_gap_mm"": 2.22}]"
s017_seed84960042_v160_ballast,84960042,160,train,ballast,,"[{""type"": ""ballast_condition"", ""label"": ""ballast_hardened"", ""start_m"": 201.0, ""count"": 13, ""side"": ""right"", ""directions"": ""vertical"", ""stiffness_factor_eta_k"": 3.4325, ""damping_factor_eta_c"": 1.0}]"
s017_seed84960042_v160_subgrade,84960042,160,train,subgrade,,"[{""type"": ""subgrade_condition"", ""label"": ""subgrade_weakened"", ""start_m"": 152.4, ""count"": 111, ""side"": ""both"", ""directions"": ""vertical"", ""stiffness_factor_eta_k"": 0.198, ""damping_factor_eta_c"": 1.0}]"
s017_seed84960042_v160_coupled_ballast_subgrade,84960042,160,train,coupled_ballast_subgrade,,"[{""type"": ""ballast_condition"", ""label"": ""ballast_hardened"", ""start_m"": 280.2, ""count"": 43, ""side"": ""both"", ""directions"": ""vertical"", ""stiffness_factor_eta_k"": 3.7095, ""damping_factor_eta_c"": 1.0}, {""type"": ""subgrade_condition"", ""label"": ""subgrade_weakened"", ""start_m"": 249.6, ""count"": 49, ""side"": ""left"", ""directions"": ""vertical"", ""stiffness_factor_eta_k"": 0.1793, ""damping_factor_eta_c"": 1.0}]"
s018_seed69676646_v160_baseline,69676646,160,val,baseline,,[]
s018_seed69676646_v160_fastener,69676646,160,val,fastener,,"[{""type"": ""fastener_failure"", ""label"": ""fastener_eta"", ""start_m"": 292.8, ""count"": 6, ""side"": ""both"", ""directions"": ""both"", ""stiffness_factor_eta_k"": 0.5, ""damping_factor_eta_c"": 1.0}]"
s018_seed69676646_v160_sleeper_void,69676646,160,val,sleeper_void,,"[{""type"": ""sleeper_void"", ""label"": ""sleeper_void"", ""start_m"": 273.6, ""count"": 9, ""side"": ""both"", ""directions"": ""vertical"", ""delta_gap_mm"": 2.81}]"
s018_seed69676646_v160_ballast,69676646,160,val,ballast,,"[{""type"": ""ballast_condition"", ""label"": ""ballast_loose"", ""start_m"": 268.8, ""count"": 163, ""side"": ""both"", ""directions"": ""vertical"", ""stiffness_factor_eta_k"": 0.4487, ""damping_factor_eta_c"": 1.0}]"
s018_seed69676646_v160_subgrade,69676646,160,val,subgrade,,"[{""type"": ""subgrade_condition"", ""label"": ""subgrade_weakened"", ""start_m"": 260.4, ""count"": 76, ""side"": ""right"", ""directions"": ""vertical"", ""stiffness_factor_eta_k"": 0.4969, ""damping_factor_eta_c"": 1.0}]"
s018_seed69676646_v160_coupled_sleeper_void_ballast,69676646,160,val,coupled_sleeper_void_ballast,,"[{""type"": ""sleeper_void"", ""label"": ""sleeper_void"", ""start_m"": 235.8, ""count"": 1, ""side"": ""both"", ""directions"": ""vertical"", ""delta_gap_mm"": 2.68}, {""type"": ""ballast_condition"", ""label"": ""ballast_loose"", ""start_m"": 271.2, ""count"": 72, ""side"": ""both"", ""directions"": ""vertical"", ""stiffness_factor_eta_k"": 0.3145, ""damping_factor_eta_c"": 1.0}]"
s019_seed45489883_v160_baseline,45489883,160,val,baseline,,[]
s019_seed45489883_v160_fastener,45489883,160,val,fastener,,"[{""type"": ""fastener_failure"", ""label"": ""fastener_eta"", ""start_m"": 215.4, ""count"": 9, ""side"": ""both"", ""directions"": ""both"", ""stiffness_factor_eta_k"": 0.25, ""damping_factor_eta_c"": 1.0}]"
s019_seed45489883_v160_sleeper_void,45489883,160,val,sleeper_void,,"[{""type"": ""sleeper_void"", ""label"": ""sleeper_void"", ""start_m"": 222.0, ""count"": 5, ""side"": ""both"", ""directions"": ""vertical"", ""delta_gap_mm"": 1.39}]"
s019_seed45489883_v160_ballast,45489883,160,val,ballast,,"[{""type"": ""ballast_condition"", ""label"": ""ballast_loose"", ""start_m"": 286.2, ""count"": 147, ""side"": ""left"", ""directions"": ""vertical"", ""stiffness_factor_eta_k"": 0.6413, ""damping_factor_eta_c"": 1.0}]"
s019_seed45489883_v160_subgrade,45489883,160,val,subgrade,,"[{""type"": ""subgrade_condition"", ""label"": ""subgrade_weakened"", ""start_m"": 222.6, ""count"": 163, ""side"": ""both"", ""directions"": ""vertical"", ""stiffness_factor_eta_k"": 0.641, ""damping_factor_eta_c"": 1.0}]"
s019_seed45489883_v160_coupled_fastener_sleeper_void,45489883,160,val,coupled_fastener_sleeper_void,,"[{""type"": ""fastener_failure"", ""label"": ""fastener_eta"", ""start_m"": 183.0, ""count"": 4, ""side"": ""left"", ""directions"": ""both"", ""stiffness_factor_eta_k"": 0.1, ""damping_factor_eta_c"": 1.0}, {""type"": ""sleeper_void"", ""label"": ""sleeper_void"", ""start_m"": 270.6, ""count"": 6, ""side"": ""right"", ""directions"": ""vertical"", ""delta_gap_mm"": 1.24}]"
s020_seed47089144_v160_baseline,47089144,160,val,baseline,,[]
s020_seed47089144_v160_fastener,47089144,160,val,fastener,,"[{""type"": ""fastener_failure"", ""label"": ""fastener_eta"", ""start_m"": 237.0, ""count"": 10, ""side"": ""right"", ""directions"": ""both"", ""stiffness_factor_eta_k"": 0.0, ""damping_factor_eta_c"": 1.0}]"
s020_seed47089144_v160_sleeper_void,47089144,160,val,sleeper_void,,"[{""type"": ""sleeper_void"", ""label"": ""sleeper_void"", ""start_m"": 164.4, ""count"": 9, ""side"": ""left"", ""directions"": ""vertical"", ""delta_gap_mm"": 0.55}]"
s020_seed47089144_v160_ballast,47089144,160,val,ballast,,"[{""type"": ""ballast_condition"", ""label"": ""ballast_loose"", ""start_m"": 249.0, ""count"": 81, ""side"": ""both"", ""directions"": ""vertical"", ""stiffness_factor_eta_k"": 0.5975, ""damping_factor_eta_c"": 1.0}]"
s020_seed47089144_v160_subgrade,47089144,160,val,subgrade,,"[{""type"": ""subgrade_condition"", ""label"": ""subgrade_weakened"", ""start_m"": 157.2, ""count"": 122, ""side"": ""right"", ""directions"": ""vertical"", ""stiffness_factor_eta_k"": 0.2387, ""damping_factor_eta_c"": 1.0}]"
s020_seed47089144_v160_coupled_sleeper_void_ballast,47089144,160,val,coupled_sleeper_void_ballast,,"[{""type"": ""sleeper_void"", ""label"": ""sleeper_void"", ""start_m"": 295.2, ""count"": 9, ""side"": ""left"", ""directions"": ""vertical"", ""delta_gap_mm"": 0.79}, {""type"": ""ballast_condition"", ""label"": ""ballast_loose"", ""start_m"": 244.8, ""count"": 163, ""side"": ""both"", ""directions"": ""vertical"", ""stiffness_factor_eta_k"": 0.3338, ""damping_factor_eta_c"": 1.0}]"
s021_seed47129498_v160_baseline,47129498,160,val,baseline,,[]
s021_seed47129498_v160_fastener,47129498,160,val,fastener,,"[{""type"": ""fastener_failure"", ""label"": ""fastener_eta"", ""start_m"": 183.0, ""count"": 7, ""side"": ""both"", ""directions"": ""both"", ""stiffness_factor_eta_k"": 0.1, ""damping_factor_eta_c"": 1.0}]"
s021_seed47129498_v160_sleeper_void,47129498,160,val,sleeper_void,,"[{""type"": ""sleeper_void"", ""label"": ""sleeper_void"", ""start_m"": 201.6, ""count"": 10, ""side"": ""both"", ""directions"": ""vertical"", ""delta_gap_mm"": 0.73}]"
s021_seed47129498_v160_ballast,47129498,160,val,ballast,,"[{""type"": ""ballast_condition"", ""label"": ""ballast_hardened"", ""start_m"": 271.2, ""count"": 102, ""side"": ""both"", ""directions"": ""vertical"", ""stiffness_factor_eta_k"": 6.4866, ""damping_factor_eta_c"": 1.0}]"
s021_seed47129498_v160_subgrade,47129498,160,val,subgrade,,"[{""type"": ""subgrade_condition"", ""label"": ""subgrade_weakened"", ""start_m"": 274.2, ""count"": 27, ""side"": ""both"", ""directions"": ""vertical"", ""stiffness_factor_eta_k"": 0.7139, ""damping_factor_eta_c"": 1.0}]"
s021_seed47129498_v160_coupled_ballast_fastener,47129498,160,val,coupled_ballast_fastener,,"[{""type"": ""ballast_condition"", ""label"": ""ballast_hardened"", ""start_m"": 233.4, ""count"": 76, ""side"": ""right"", ""directions"": ""vertical"", ""stiffness_factor_eta_k"": 7.7817, ""damping_factor_eta_c"": 1.0}, {""type"": ""fastener_failure"", ""label"": ""fastener_eta"", ""start_m"": 290.4, ""count"": 6, ""side"": ""both"", ""directions"": ""both"", ""stiffness_factor_eta_k"": 0.0, ""damping_factor_eta_c"": 1.0}]"
s022_seed62412871_v160_baseline,62412871,160,test,baseline,,[]
s022_seed62412871_v160_fastener,62412871,160,test,fastener,,"[{""type"": ""fastener_failure"", ""label"": ""fastener_eta"", ""start_m"": 229.2, ""count"": 1, ""side"": ""both"", ""directions"": ""both"", ""stiffness_factor_eta_k"": 0.1, ""damping_factor_eta_c"": 1.0}]"
s022_seed62412871_v160_sleeper_void,62412871,160,test,sleeper_void,,"[{""type"": ""sleeper_void"", ""label"": ""sleeper_void"", ""start_m"": 217.2, ""count"": 2, ""side"": ""both"", ""directions"": ""vertical"", ""delta_gap_mm"": 0.9}]"
s022_seed62412871_v160_ballast,62412871,160,test,ballast,,"[{""type"": ""ballast_condition"", ""label"": ""ballast_hardened"", ""start_m"": 168.0, ""count"": 109, ""side"": ""left"", ""directions"": ""vertical"", ""stiffness_factor_eta_k"": 2.5266, ""damping_factor_eta_c"": 1.0}]"
s022_seed62412871_v160_subgrade,62412871,160,test,subgrade,,"[{""type"": ""subgrade_condition"", ""label"": ""subgrade_weakened"", ""start_m"": 266.4, ""count"": 136, ""side"": ""left"", ""directions"": ""vertical"", ""stiffness_factor_eta_k"": 0.5334, ""damping_factor_eta_c"": 1.0}]"
s022_seed62412871_v160_coupled_sleeper_void_ballast,62412871,160,test,coupled_sleeper_void_ballast,,"[{""type"": ""sleeper_void"", ""label"": ""sleeper_void"", ""start_m"": 193.2, ""count"": 7, ""side"": ""right"", ""directions"": ""vertical"", ""delta_gap_mm"": 2.89}, {""type"": ""ballast_condition"", ""label"": ""ballast_loose"", ""start_m"": 258.6, ""count"": 107, ""side"": ""both"", ""directions"": ""vertical"", ""stiffness_factor_eta_k"": 0.1585, ""damping_factor_eta_c"": 1.0}]"
s023_seed89627785_v160_baseline,89627785,160,test,baseline,,[]
s023_seed89627785_v160_fastener,89627785,160,test,fastener,,"[{""type"": ""fastener_failure"", ""label"": ""fastener_eta"", ""start_m"": 172.2, ""count"": 8, ""side"": ""both"", ""directions"": ""both"", ""stiffness_factor_eta_k"": 0.1, ""damping_factor_eta_c"": 1.0}]"
s023_seed89627785_v160_sleeper_void,89627785,160,test,sleeper_void,,"[{""type"": ""sleeper_void"", ""label"": ""sleeper_void"", ""start_m"": 261.0, ""count"": 5, ""side"": ""both"", ""directions"": ""vertical"", ""delta_gap_mm"": 0.71}]"
s023_seed89627785_v160_ballast,89627785,160,test,ballast,,"[{""type"": ""ballast_condition"", ""label"": ""ballast_loose"", ""start_m"": 189.6, ""count"": 104, ""side"": ""both"", ""directions"": ""vertical"", ""stiffness_factor_eta_k"": 0.7836, ""damping_factor_eta_c"": 1.0}]"
s023_seed89627785_v160_subgrade,89627785,160,test,subgrade,,"[{""type"": ""subgrade_condition"", ""label"": ""subgrade_weakened"", ""start_m"": 284.4, ""count"": 108, ""side"": ""both"", ""directions"": ""vertical"", ""stiffness_factor_eta_k"": 0.3595, ""damping_factor_eta_c"": 1.0}]"
s023_seed89627785_v160_coupled_ballast_subgrade,89627785,160,test,coupled_ballast_subgrade,,"[{""type"": ""ballast_condition"", ""label"": ""ballast_loose"", ""start_m"": 183.0, ""count"": 78, ""side"": ""right"", ""directions"": ""vertical"", ""stiffness_factor_eta_k"": 0.4278, ""damping_factor_eta_c"": 1.0}, {""type"": ""subgrade_condition"", ""label"": ""subgrade_weakened"", ""start_m"": 199.2, ""count"": 55, ""side"": ""both"", ""directions"": ""vertical"", ""stiffness_factor_eta_k"": 0.3153, ""damping_factor_eta_c"": 1.0}]"
s024_seed88267142_v160_baseline,88267142,160,test,baseline,,[]
s024_seed88267142_v160_fastener,88267142,160,test,fastener,,"[{""type"": ""fastener_failure"", ""label"": ""fastener_eta"", ""start_m"": 265.2, ""count"": 3, ""side"": ""left"", ""directions"": ""both"", ""stiffness_factor_eta_k"": 0.75, ""damping_factor_eta_c"": 1.0}]"
s024_seed88267142_v160_sleeper_void,88267142,160,test,sleeper_void,,"[{""type"": ""sleeper_void"", ""label"": ""sleeper_void"", ""start_m"": 297.6, ""count"": 4, ""side"": ""both"", ""directions"": ""vertical"", ""delta_gap_mm"": 2.25}]"
s024_seed88267142_v160_ballast,88267142,160,test,ballast,,"[{""type"": ""ballast_condition"", ""label"": ""ballast_loose"", ""start_m"": 244.8, ""count"": 126, ""side"": ""left"", ""directions"": ""vertical"", ""stiffness_factor_eta_k"": 0.2233, ""damping_factor_eta_c"": 1.0}]"
s024_seed88267142_v160_subgrade,88267142,160,test,subgrade,,"[{""type"": ""subgrade_condition"", ""label"": ""subgrade_weakened"", ""start_m"": 273.6, ""count"": 30, ""side"": ""both"", ""directions"": ""vertical"", ""stiffness_factor_eta_k"": 0.4778, ""damping_factor_eta_c"": 1.0}]"
s024_seed88267142_v160_coupled_ballast_fastener,88267142,160,test,coupled_ballast_fastener,,"[{""type"": ""ballast_condition"", ""label"": ""ballast_loose"", ""start_m"": 223.2, ""count"": 139, ""side"": ""right"", ""directions"": ""vertical"", ""stiffness_factor_eta_k"": 0.5267, ""damping_factor_eta_c"": 1.0}, {""type"": ""fastener_failure"", ""label"": ""fastener_eta"", ""start_m"": 218.4, ""count"": 1, ""side"": ""left"", ""directions"": ""both"", ""stiffness_factor_eta_k"": 0.5, ""damping_factor_eta_c"": 1.0}]"
s025_seed35130997_v200_baseline,35130997,200,train,baseline,,[]
s025_seed35130997_v200_fastener,35130997,200,train,fastener,,"[{""type"": ""fastener_failure"", ""label"": ""fastener_eta"", ""start_m"": 274.8, ""count"": 10, ""side"": ""left"", ""directions"": ""both"", ""stiffness_factor_eta_k"": 0.1, ""damping_factor_eta_c"": 1.0}]"
s025_seed35130997_v200_sleeper_void,35130997,200,train,sleeper_void,,"[{""type"": ""sleeper_void"", ""label"": ""sleeper_void"", ""start_m"": 265.2, ""count"": 2, ""side"": ""both"", ""directions"": ""vertical"", ""delta_gap_mm"": 1.0}]"
s025_seed35130997_v200_ballast,35130997,200,train,ballast,,"[{""type"": ""ballast_condition"", ""label"": ""ballast_hardened"", ""start_m"": 183.0, ""count"": 89, ""side"": ""right"", ""directions"": ""vertical"", ""stiffness_factor_eta_k"": 5.5935, ""damping_factor_eta_c"": 1.0}]"
s025_seed35130997_v200_subgrade,35130997,200,train,subgrade,,"[{""type"": ""subgrade_condition"", ""label"": ""subgrade_weakened"", ""start_m"": 230.4, ""count"": 157, ""side"": ""both"", ""directions"": ""vertical"", ""stiffness_factor_eta_k"": 0.1865, ""damping_factor_eta_c"": 1.0}]"
s025_seed35130997_v200_coupled_sleeper_void_subgrade,35130997,200,train,coupled_sleeper_void_subgrade,,"[{""type"": ""sleeper_void"", ""label"": ""sleeper_void"", ""start_m"": 196.8, ""count"": 2, ""side"": ""left"", ""directions"": ""vertical"", ""delta_gap_mm"": 1.22}, {""type"": ""subgrade_condition"", ""label"": ""subgrade_weakened"", ""start_m"": 283.2, ""count"": 88, ""side"": ""both"", ""directions"": ""vertical"", ""stiffness_factor_eta_k"": 0.3247, ""damping_factor_eta_c"": 1.0}]"
s026_seed64860803_v200_baseline,64860803,200,train,baseline,,[]
s026_seed64860803_v200_fastener,64860803,200,train,fastener,,"[{""type"": ""fastener_failure"", ""label"": ""fastener_eta"", ""start_m"": 195.6, ""count"": 3, ""side"": ""left"", ""directions"": ""both"", ""stiffness_factor_eta_k"": 0.1, ""damping_factor_eta_c"": 1.0}]"
s026_seed64860803_v200_sleeper_void,64860803,200,train,sleeper_void,,"[{""type"": ""sleeper_void"", ""label"": ""sleeper_void"", ""start_m"": 224.4, ""count"": 3, ""side"": ""left"", ""directions"": ""vertical"", ""delta_gap_mm"": 2.47}]"
s026_seed64860803_v200_ballast,64860803,200,train,ballast,,"[{""type"": ""ballast_condition"", ""label"": ""ballast_loose"", ""start_m"": 271.8, ""count"": 25, ""side"": ""right"", ""directions"": ""vertical"", ""stiffness_factor_eta_k"": 0.1115, ""damping_factor_eta_c"": 1.0}]"
s026_seed64860803_v200_subgrade,64860803,200,train,subgrade,,"[{""type"": ""subgrade_condition"", ""label"": ""subgrade_weakened"", ""start_m"": 277.8, ""count"": 47, ""side"": ""right"", ""directions"": ""vertical"", ""stiffness_factor_eta_k"": 0.1501, ""damping_factor_eta_c"": 1.0}]"
s026_seed64860803_v200_coupled_fastener_sleeper_void,64860803,200,train,coupled_fastener_sleeper_void,,"[{""type"": ""fastener_failure"", ""label"": ""fastener_eta"", ""start_m"": 198.0, ""count"": 7, ""side"": ""both"", ""directions"": ""both"", ""stiffness_factor_eta_k"": 0.0, ""damping_factor_eta_c"": 1.0}, {""type"": ""sleeper_void"", ""label"": ""sleeper_void"", ""start_m"": 215.4, ""count"": 3, ""side"": ""left"", ""directions"": ""vertical"", ""delta_gap_mm"": 2.44}]"
s027_seed91450060_v200_baseline,91450060,200,train,baseline,,[]
s027_seed91450060_v200_fastener,91450060,200,train,fastener,,"[{""type"": ""fastener_failure"", ""label"": ""fastener_eta"", ""start_m"": 268.2, ""count"": 8, ""side"": ""right"", ""directions"": ""both"", ""stiffness_factor_eta_k"": 0.75, ""damping_factor_eta_c"": 1.0}]"
s027_seed91450060_v200_sleeper_void,91450060,200,train,sleeper_void,,"[{""type"": ""sleeper_void"", ""label"": ""sleeper_void"", ""start_m"": 258.6, ""count"": 5, ""side"": ""left"", ""directions"": ""vertical"", ""delta_gap_mm"": 1.88}]"
s027_seed91450060_v200_ballast,91450060,200,train,ballast,,"[{""type"": ""ballast_condition"", ""label"": ""ballast_hardened"", ""start_m"": 169.8, ""count"": 82, ""side"": ""left"", ""directions"": ""vertical"", ""stiffness_factor_eta_k"": 7.612, ""damping_factor_eta_c"": 1.0}]"
s027_seed91450060_v200_subgrade,91450060,200,train,subgrade,,"[{""type"": ""subgrade_condition"", ""label"": ""subgrade_weakened"", ""start_m"": 234.0, ""count"": 47, ""side"": ""both"", ""directions"": ""vertical"", ""stiffness_factor_eta_k"": 0.5724, ""damping_factor_eta_c"": 1.0}]"
s027_seed91450060_v200_coupled_sleeper_void_fastener,91450060,200,train,coupled_sleeper_void_fastener,,"[{""type"": ""sleeper_void"", ""label"": ""sleeper_void"", ""start_m"": 216.0, ""count"": 6, ""side"": ""both"", ""directions"": ""vertical"", ""delta_gap_mm"": 2.65}, {""type"": ""fastener_failure"", ""label"": ""fastener_eta"", ""start_m"": 265.2, ""count"": 6, ""side"": ""right"", ""directions"": ""both"", ""stiffness_factor_eta_k"": 0.5, ""damping_factor_eta_c"": 1.0}]"
s028_seed40898934_v200_baseline,40898934,200,train,baseline,,[]
s028_seed40898934_v200_fastener,40898934,200,train,fastener,,"[{""type"": ""fastener_failure"", ""label"": ""fastener_eta"", ""start_m"": 225.0, ""count"": 6, ""side"": ""both"", ""directions"": ""both"", ""stiffness_factor_eta_k"": 0.1, ""damping_factor_eta_c"": 1.0}]"
s028_seed40898934_v200_sleeper_void,40898934,200,train,sleeper_void,,"[{""type"": ""sleeper_void"", ""label"": ""sleeper_void"", ""start_m"": 189.0, ""count"": 2, ""side"": ""both"", ""directions"": ""vertical"", ""delta_gap_mm"": 0.57}]"
s028_seed40898934_v200_ballast,40898934,200,train,ballast,,"[{""type"": ""ballast_condition"", ""label"": ""ballast_hardened"", ""start_m"": 273.0, ""count"": 56, ""side"": ""left"", ""directions"": ""vertical"", ""stiffness_factor_eta_k"": 4.0105, ""damping_factor_eta_c"": 1.0}]"
s028_seed40898934_v200_subgrade,40898934,200,train,subgrade,,"[{""type"": ""subgrade_condition"", ""label"": ""subgrade_weakened"", ""start_m"": 229.2, ""count"": 68, ""side"": ""both"", ""directions"": ""vertical"", ""stiffness_factor_eta_k"": 0.7861, ""damping_factor_eta_c"": 1.0}]"
s028_seed40898934_v200_coupled_subgrade_fastener,40898934,200,train,coupled_subgrade_fastener,,"[{""type"": ""subgrade_condition"", ""label"": ""subgrade_weakened"", ""start_m"": 234.6, ""count"": 25, ""side"": ""left"", ""directions"": ""vertical"", ""stiffness_factor_eta_k"": 0.3064, ""damping_factor_eta_c"": 1.0}, {""type"": ""fastener_failure"", ""label"": ""fastener_eta"", ""start_m"": 223.8, ""count"": 3, ""side"": ""both"", ""directions"": ""both"", ""stiffness_factor_eta_k"": 0.25, ""damping_factor_eta_c"": 1.0}]"
s029_seed54287707_v200_baseline,54287707,200,train,baseline,,[]
s029_seed54287707_v200_fastener,54287707,200,train,fastener,,"[{""type"": ""fastener_failure"", ""label"": ""fastener_eta"", ""start_m"": 178.8, ""count"": 9, ""side"": ""left"", ""directions"": ""both"", ""stiffness_factor_eta_k"": 0.0, ""damping_factor_eta_c"": 1.0}]"
s029_seed54287707_v200_sleeper_void,54287707,200,train,sleeper_void,,"[{""type"": ""sleeper_void"", ""label"": ""sleeper_void"", ""start_m"": 282.6, ""count"": 10, ""side"": ""both"", ""directions"": ""vertical"", ""delta_gap_mm"": 1.36}]"
s029_seed54287707_v200_ballast,54287707,200,train,ballast,,"[{""type"": ""ballast_condition"", ""label"": ""ballast_hardened"", ""start_m"": 295.8, ""count"": 83, ""side"": ""left"", ""directions"": ""vertical"", ""stiffness_factor_eta_k"": 4.6209, ""damping_factor_eta_c"": 1.0}]"
s029_seed54287707_v200_subgrade,54287707,200,train,subgrade,,"[{""type"": ""subgrade_condition"", ""label"": ""subgrade_weakened"", ""start_m"": 252.6, ""count"": 86, ""side"": ""right"", ""directions"": ""vertical"", ""stiffness_factor_eta_k"": 0.4814, ""damping_factor_eta_c"": 1.0}]"
s029_seed54287707_v200_coupled_sleeper_void_fastener,54287707,200,train,coupled_sleeper_void_fastener,,"[{""type"": ""sleeper_void"", ""label"": ""sleeper_void"", ""start_m"": 213.0, ""count"": 2, ""side"": ""right"", ""directions"": ""vertical"", ""delta_gap_mm"": 2.88}, {""type"": ""fastener_failure"", ""label"": ""fastener_eta"", ""start_m"": 219.0, ""count"": 4, ""side"": ""left"", ""directions"": ""both"", ""stiffness_factor_eta_k"": 0.75, ""damping_factor_eta_c"": 1.0}]"
s030_seed56435458_v200_baseline,56435458,200,train,baseline,,[]
s030_seed56435458_v200_fastener,56435458,200,train,fastener,,"[{""type"": ""fastener_failure"", ""label"": ""fastener_eta"", ""start_m"": 245.4, ""count"": 1, ""side"": ""right"", ""directions"": ""both"", ""stiffness_factor_eta_k"": 0.0, ""damping_factor_eta_c"": 1.0}]"
s030_seed56435458_v200_sleeper_void,56435458,200,train,sleeper_void,,"[{""type"": ""sleeper_void"", ""label"": ""sleeper_void"", ""start_m"": 273.0, ""count"": 7, ""side"": ""both"", ""directions"": ""vertical"", ""delta_gap_mm"": 0.9}]"
s030_seed56435458_v200_ballast,56435458,200,train,ballast,,"[{""type"": ""ballast_condition"", ""label"": ""ballast_loose"", ""start_m"": 264.0, ""count"": 72, ""side"": ""both"", ""directions"": ""vertical"", ""stiffness_factor_eta_k"": 0.2412, ""damping_factor_eta_c"": 1.0}]"
s030_seed56435458_v200_subgrade,56435458,200,train,subgrade,,"[{""type"": ""subgrade_condition"", ""label"": ""subgrade_weakened"", ""start_m"": 170.4, ""count"": 40, ""side"": ""both"", ""directions"": ""vertical"", ""stiffness_factor_eta_k"": 0.7197, ""damping_factor_eta_c"": 1.0}]"
s030_seed56435458_v200_coupled_ballast_subgrade,56435458,200,train,coupled_ballast_subgrade,,"[{""type"": ""ballast_condition"", ""label"": ""ballast_hardened"", ""start_m"": 237.0, ""count"": 124, ""side"": ""right"", ""directions"": ""vertical"", ""stiffness_factor_eta_k"": 6.3165, ""damping_factor_eta_c"": 1.0}, {""type"": ""subgrade_condition"", ""label"": ""subgrade_weakened"", ""start_m"": 250.8, ""count"": 32, ""side"": ""right"", ""directions"": ""vertical"", ""stiffness_factor_eta_k"": 0.3141, ""damping_factor_eta_c"": 1.0}]"
s031_seed67187233_v200_baseline,67187233,200,train,baseline,,[]
s031_seed67187233_v200_fastener,67187233,200,train,fastener,,"[{""type"": ""fastener_failure"", ""label"": ""fastener_eta"", ""start_m"": 175.2, ""count"": 10, ""side"": ""left"", ""directions"": ""both"", ""stiffness_factor_eta_k"": 0.5, ""damping_factor_eta_c"": 1.0}]"
s031_seed67187233_v200_sleeper_void,67187233,200,train,sleeper_void,,"[{""type"": ""sleeper_void"", ""label"": ""sleeper_void"", ""start_m"": 277.2, ""count"": 1, ""side"": ""right"", ""directions"": ""vertical"", ""delta_gap_mm"": 2.33}]"
s031_seed67187233_v200_ballast,67187233,200,train,ballast,,"[{""type"": ""ballast_condition"", ""label"": ""ballast_loose"", ""start_m"": 229.8, ""count"": 142, ""side"": ""both"", ""directions"": ""vertical"", ""stiffness_factor_eta_k"": 0.658, ""damping_factor_eta_c"": 1.0}]"
s031_seed67187233_v200_subgrade,67187233,200,train,subgrade,,"[{""type"": ""subgrade_condition"", ""label"": ""subgrade_weakened"", ""start_m"": 189.6, ""count"": 142, ""side"": ""both"", ""directions"": ""vertical"", ""stiffness_factor_eta_k"": 0.2678, ""damping_factor_eta_c"": 1.0}]"
s031_seed67187233_v200_coupled_fastener_ballast,67187233,200,train,coupled_fastener_ballast,,"[{""type"": ""fastener_failure"", ""label"": ""fastener_eta"", ""start_m"": 183.0, ""count"": 10, ""side"": ""left"", ""directions"": ""both"", ""stiffness_factor_eta_k"": 0.75, ""damping_factor_eta_c"": 1.0}, {""type"": ""ballast_condition"", ""label"": ""ballast_hardened"", ""start_m"": 166.8, ""count"": 19, ""side"": ""left"", ""directions"": ""vertical"", ""stiffness_factor_eta_k"": 4.9428, ""damping_factor_eta_c"": 1.0}]"
s032_seed23341517_v200_baseline,23341517,200,train,baseline,,[]
s032_seed23341517_v200_fastener,23341517,200,train,fastener,,"[{""type"": ""fastener_failure"", ""label"": ""fastener_eta"", ""start_m"": 222.0, ""count"": 5, ""side"": ""left"", ""directions"": ""both"", ""stiffness_factor_eta_k"": 0.25, ""damping_factor_eta_c"": 1.0}]"
s032_seed23341517_v200_sleeper_void,23341517,200,train,sleeper_void,,"[{""type"": ""sleeper_void"", ""label"": ""sleeper_void"", ""start_m"": 273.0, ""count"": 7, ""side"": ""right"", ""directions"": ""vertical"", ""delta_gap_mm"": 0.91}]"
s032_seed23341517_v200_ballast,23341517,200,train,ballast,,"[{""type"": ""ballast_condition"", ""label"": ""ballast_hardened"", ""start_m"": 276.0, ""count"": 128, ""side"": ""both"", ""directions"": ""vertical"", ""stiffness_factor_eta_k"": 3.6817, ""damping_factor_eta_c"": 1.0}]"
s032_seed23341517_v200_subgrade,23341517,200,train,subgrade,,"[{""type"": ""subgrade_condition"", ""label"": ""subgrade_weakened"", ""start_m"": 188.4, ""count"": 42, ""side"": ""both"", ""directions"": ""vertical"", ""stiffness_factor_eta_k"": 0.3728, ""damping_factor_eta_c"": 1.0}]"
s032_seed23341517_v200_coupled_sleeper_void_subgrade,23341517,200,train,coupled_sleeper_void_subgrade,,"[{""type"": ""sleeper_void"", ""label"": ""sleeper_void"", ""start_m"": 177.6, ""count"": 1, ""side"": ""both"", ""directions"": ""vertical"", ""delta_gap_mm"": 2.21}, {""type"": ""subgrade_condition"", ""label"": ""subgrade_weakened"", ""start_m"": 263.4, ""count"": 144, ""side"": ""both"", ""directions"": ""vertical"", ""stiffness_factor_eta_k"": 0.7163, ""damping_factor_eta_c"": 1.0}]"
s033_seed66135622_v200_baseline,66135622,200,train,baseline,,[]
s033_seed66135622_v200_fastener,66135622,200,train,fastener,,"[{""type"": ""fastener_failure"", ""label"": ""fastener_eta"", ""start_m"": 251.4, ""count"": 8, ""side"": ""left"", ""directions"": ""both"", ""stiffness_factor_eta_k"": 0.5, ""damping_factor_eta_c"": 1.0}]"
s033_seed66135622_v200_sleeper_void,66135622,200,train,sleeper_void,,"[{""type"": ""sleeper_void"", ""label"": ""sleeper_void"", ""start_m"": 211.2, ""count"": 6, ""side"": ""both"", ""directions"": ""vertical"", ""delta_gap_mm"": 0.98}]"
s033_seed66135622_v200_ballast,66135622,200,train,ballast,,"[{""type"": ""ballast_condition"", ""label"": ""ballast_loose"", ""start_m"": 229.8, ""count"": 54, ""side"": ""both"", ""directions"": ""vertical"", ""stiffness_factor_eta_k"": 0.7989, ""damping_factor_eta_c"": 1.0}]"
s033_seed66135622_v200_subgrade,66135622,200,train,subgrade,,"[{""type"": ""subgrade_condition"", ""label"": ""subgrade_weakened"", ""start_m"": 294.6, ""count"": 101, ""side"": ""both"", ""directions"": ""vertical"", ""stiffness_factor_eta_k"": 0.6237, ""damping_factor_eta_c"": 1.0}]"
s033_seed66135622_v200_coupled_sleeper_void_ballast,66135622,200,train,coupled_sleeper_void_ballast,,"[{""type"": ""sleeper_void"", ""label"": ""sleeper_void"", ""start_m"": 294.0, ""count"": 7, ""side"": ""left"", ""directions"": ""vertical"", ""delta_gap_mm"": 0.59}, {""type"": ""ballast_condition"", ""label"": ""ballast_hardened"", ""start_m"": 282.6, ""count"": 149, ""side"": ""left"", ""directions"": ""vertical"", ""stiffness_factor_eta_k"": 6.8019, ""damping_factor_eta_c"": 1.0}]"
s034_seed99231899_v200_baseline,99231899,200,train,baseline,,[]
s034_seed99231899_v200_fastener,99231899,200,train,fastener,,"[{""type"": ""fastener_failure"", ""label"": ""fastener_eta"", ""start_m"": 296.4, ""count"": 6, ""side"": ""both"", ""directions"": ""both"", ""stiffness_factor_eta_k"": 0.1, ""damping_factor_eta_c"": 1.0}]"
s034_seed99231899_v200_sleeper_void,99231899,200,train,sleeper_void,,"[{""type"": ""sleeper_void"", ""label"": ""sleeper_void"", ""start_m"": 223.2, ""count"": 4, ""side"": ""both"", ""directions"": ""vertical"", ""delta_gap_mm"": 2.13}]"
s034_seed99231899_v200_ballast,99231899,200,train,ballast,,"[{""type"": ""ballast_condition"", ""label"": ""ballast_hardened"", ""start_m"": 280.2, ""count"": 44, ""side"": ""right"", ""directions"": ""vertical"", ""stiffness_factor_eta_k"": 3.6589, ""damping_factor_eta_c"": 1.0}]"
s034_seed99231899_v200_subgrade,99231899,200,train,subgrade,,"[{""type"": ""subgrade_condition"", ""label"": ""subgrade_weakened"", ""start_m"": 175.8, ""count"": 81, ""side"": ""right"", ""directions"": ""vertical"", ""stiffness_factor_eta_k"": 0.7876, ""damping_factor_eta_c"": 1.0}]"
s034_seed99231899_v200_coupled_subgrade_ballast,99231899,200,train,coupled_subgrade_ballast,,"[{""type"": ""subgrade_condition"", ""label"": ""subgrade_weakened"", ""start_m"": 284.4, ""count"": 93, ""side"": ""right"", ""directions"": ""vertical"", ""stiffness_factor_eta_k"": 0.7292, ""damping_factor_eta_c"": 1.0}, {""type"": ""ballast_condition"", ""label"": ""ballast_loose"", ""start_m"": 180.0, ""count"": 53, ""side"": ""both"", ""directions"": ""vertical"", ""stiffness_factor_eta_k"": 0.3788, ""damping_factor_eta_c"": 1.0}]"
s035_seed69082039_v200_baseline,69082039,200,train,baseline,,[]
s035_seed69082039_v200_fastener,69082039,200,train,fastener,,"[{""type"": ""fastener_failure"", ""label"": ""fastener_eta"", ""start_m"": 262.8, ""count"": 3, ""side"": ""right"", ""directions"": ""both"", ""stiffness_factor_eta_k"": 0.0, ""damping_factor_eta_c"": 1.0}]"
s035_seed69082039_v200_sleeper_void,69082039,200,train,sleeper_void,,"[{""type"": ""sleeper_void"", ""label"": ""sleeper_void"", ""start_m"": 231.0, ""count"": 3, ""side"": ""both"", ""directions"": ""vertical"", ""delta_gap_mm"": 2.25}]"
s035_seed69082039_v200_ballast,69082039,200,train,ballast,,"[{""type"": ""ballast_condition"", ""label"": ""ballast_hardened"", ""start_m"": 160.8, ""count"": 69, ""side"": ""both"", ""directions"": ""vertical"", ""stiffness_factor_eta_k"": 2.7195, ""damping_factor_eta_c"": 1.0}]"
s035_seed69082039_v200_subgrade,69082039,200,train,subgrade,,"[{""type"": ""subgrade_condition"", ""label"": ""subgrade_weakened"", ""start_m"": 264.0, ""count"": 110, ""side"": ""left"", ""directions"": ""vertical"", ""stiffness_factor_eta_k"": 0.2818, ""damping_factor_eta_c"": 1.0}]"
s035_seed69082039_v200_coupled_ballast_sleeper_void,69082039,200,train,coupled_ballast_sleeper_void,,"[{""type"": ""ballast_condition"", ""label"": ""ballast_hardened"", ""start_m"": 267.6, ""count"": 151, ""side"": ""right"", ""directions"": ""vertical"", ""stiffness_factor_eta_k"": 6.8508, ""damping_factor_eta_c"": 1.0}, {""type"": ""sleeper_void"", ""label"": ""sleeper_void"", ""start_m"": 268.8, ""count"": 2, ""side"": ""both"", ""directions"": ""vertical"", ""delta_gap_mm"": 0.53}]"
s036_seed78816363_v200_baseline,78816363,200,train,baseline,,[]
s036_seed78816363_v200_fastener,78816363,200,train,fastener,,"[{""type"": ""fastener_failure"", ""label"": ""fastener_eta"", ""start_m"": 190.2, ""count"": 9, ""side"": ""both"", ""directions"": ""both"", ""stiffness_factor_eta_k"": 0.25, ""damping_factor_eta_c"": 1.0}]"
s036_seed78816363_v200_sleeper_void,78816363,200,train,sleeper_void,,"[{""type"": ""sleeper_void"", ""label"": ""sleeper_void"", ""start_m"": 240.6, ""count"": 7, ""side"": ""both"", ""directions"": ""vertical"", ""delta_gap_mm"": 2.75}]"
s036_seed78816363_v200_ballast,78816363,200,train,ballast,,"[{""type"": ""ballast_condition"", ""label"": ""ballast_hardened"", ""start_m"": 166.2, ""count"": 115, ""side"": ""left"", ""directions"": ""vertical"", ""stiffness_factor_eta_k"": 5.0345, ""damping_factor_eta_c"": 1.0}]"
s036_seed78816363_v200_subgrade,78816363,200,train,subgrade,,"[{""type"": ""subgrade_condition"", ""label"": ""subgrade_weakened"", ""start_m"": 266.4, ""count"": 164, ""side"": ""both"", ""directions"": ""vertical"", ""stiffness_factor_eta_k"": 0.7834, ""damping_factor_eta_c"": 1.0}]"
s036_seed78816363_v200_coupled_ballast_sleeper_void,78816363,200,train,coupled_ballast_sleeper_void,,"[{""type"": ""ballast_condition"", ""label"": ""ballast_loose"", ""start_m"": 151.8, ""count"": 119, ""side"": ""both"", ""directions"": ""vertical"", ""stiffness_factor_eta_k"": 0.6629, ""damping_factor_eta_c"": 1.0}, {""type"": ""sleeper_void"", ""label"": ""sleeper_void"", ""start_m"": 213.6, ""count"": 4, ""side"": ""right"", ""directions"": ""vertical"", ""delta_gap_mm"": 2.86}]"
s037_seed26171670_v200_baseline,26171670,200,train,baseline,,[]
s037_seed26171670_v200_fastener,26171670,200,train,fastener,,"[{""type"": ""fastener_failure"", ""label"": ""fastener_eta"", ""start_m"": 291.6, ""count"": 3, ""side"": ""left"", ""directions"": ""both"", ""stiffness_factor_eta_k"": 0.1, ""damping_factor_eta_c"": 1.0}]"
s037_seed26171670_v200_sleeper_void,26171670,200,train,sleeper_void,,"[{""type"": ""sleeper_void"", ""label"": ""sleeper_void"", ""start_m"": 214.8, ""count"": 9, ""side"": ""both"", ""directions"": ""vertical"", ""delta_gap_mm"": 2.81}]"
s037_seed26171670_v200_ballast,26171670,200,train,ballast,,"[{""type"": ""ballast_condition"", ""label"": ""ballast_hardened"", ""start_m"": 174.0, ""count"": 61, ""side"": ""left"", ""directions"": ""vertical"", ""stiffness_factor_eta_k"": 3.6025, ""damping_factor_eta_c"": 1.0}]"
s037_seed26171670_v200_subgrade,26171670,200,train,subgrade,,"[{""type"": ""subgrade_condition"", ""label"": ""subgrade_weakened"", ""start_m"": 225.0, ""count"": 63, ""side"": ""both"", ""directions"": ""vertical"", ""stiffness_factor_eta_k"": 0.7253, ""damping_factor_eta_c"": 1.0}]"
s037_seed26171670_v200_coupled_subgrade_fastener,26171670,200,train,coupled_subgrade_fastener,,"[{""type"": ""subgrade_condition"", ""label"": ""subgrade_weakened"", ""start_m"": 169.8, ""count"": 80, ""side"": ""right"", ""directions"": ""vertical"", ""stiffness_factor_eta_k"": 0.1502, ""damping_factor_eta_c"": 1.0}, {""type"": ""fastener_failure"", ""label"": ""fastener_eta"", ""start_m"": 285.6, ""count"": 1, ""side"": ""right"", ""directions"": ""both"", ""stiffness_factor_eta_k"": 0.1, ""damping_factor_eta_c"": 1.0}]"
s038_seed57212486_v200_baseline,57212486,200,train,baseline,,[]
s038_seed57212486_v200_fastener,57212486,200,train,fastener,,"[{""type"": ""fastener_failure"", ""label"": ""fastener_eta"", ""start_m"": 240.6, ""count"": 7, ""side"": ""both"", ""directions"": ""both"", ""stiffness_factor_eta_k"": 0.5, ""damping_factor_eta_c"": 1.0}]"
s038_seed57212486_v200_sleeper_void,57212486,200,train,sleeper_void,,"[{""type"": ""sleeper_void"", ""label"": ""sleeper_void"", ""start_m"": 173.4, ""count"": 1, ""side"": ""both"", ""directions"": ""vertical"", ""delta_gap_mm"": 1.51}]"
s038_seed57212486_v200_ballast,57212486,200,train,ballast,,"[{""type"": ""ballast_condition"", ""label"": ""ballast_hardened"", ""start_m"": 280.8, ""count"": 21, ""side"": ""both"", ""directions"": ""vertical"", ""stiffness_factor_eta_k"": 3.9534, ""damping_factor_eta_c"": 1.0}]"
s038_seed57212486_v200_subgrade,57212486,200,train,subgrade,,"[{""type"": ""subgrade_condition"", ""label"": ""subgrade_weakened"", ""start_m"": 267.0, ""count"": 77, ""side"": ""left"", ""directions"": ""vertical"", ""stiffness_factor_eta_k"": 0.3776, ""damping_factor_eta_c"": 1.0}]"
s038_seed57212486_v200_coupled_sleeper_void_ballast,57212486,200,train,coupled_sleeper_void_ballast,,"[{""type"": ""sleeper_void"", ""label"": ""sleeper_void"", ""start_m"": 263.4, ""count"": 6, ""side"": ""both"", ""directions"": ""vertical"", ""delta_gap_mm"": 2.3}, {""type"": ""ballast_condition"", ""label"": ""ballast_hardened"", ""start_m"": 220.2, ""count"": 27, ""side"": ""right"", ""directions"": ""vertical"", ""stiffness_factor_eta_k"": 6.8965, ""damping_factor_eta_c"": 1.0}]"
s039_seed18547009_v200_baseline,18547009,200,train,baseline,,[]
s039_seed18547009_v200_fastener,18547009,200,train,fastener,,"[{""type"": ""fastener_failure"", ""label"": ""fastener_eta"", ""start_m"": 207.0, ""count"": 3, ""side"": ""right"", ""directions"": ""both"", ""stiffness_factor_eta_k"": 0.25, ""damping_factor_eta_c"": 1.0}]"
s039_seed18547009_v200_sleeper_void,18547009,200,train,sleeper_void,,"[{""type"": ""sleeper_void"", ""label"": ""sleeper_void"", ""start_m"": 159.6, ""count"": 9, ""side"": ""right"", ""directions"": ""vertical"", ""delta_gap_mm"": 2.74}]"
s039_seed18547009_v200_ballast,18547009,200,train,ballast,,"[{""type"": ""ballast_condition"", ""label"": ""ballast_hardened"", ""start_m"": 260.4, ""count"": 89, ""side"": ""both"", ""directions"": ""vertical"", ""stiffness_factor_eta_k"": 7.1891, ""damping_factor_eta_c"": 1.0}]"
s039_seed18547009_v200_subgrade,18547009,200,train,subgrade,,"[{""type"": ""subgrade_condition"", ""label"": ""subgrade_weakened"", ""start_m"": 220.8, ""count"": 63, ""side"": ""both"", ""directions"": ""vertical"", ""stiffness_factor_eta_k"": 0.3795, ""damping_factor_eta_c"": 1.0}]"
s039_seed18547009_v200_coupled_fastener_sleeper_void,18547009,200,train,coupled_fastener_sleeper_void,,"[{""type"": ""fastener_failure"", ""label"": ""fastener_eta"", ""start_m"": 162.6, ""count"": 4, ""side"": ""both"", ""directions"": ""both"", ""stiffness_factor_eta_k"": 0.1, ""damping_factor_eta_c"": 1.0}, {""type"": ""sleeper_void"", ""label"": ""sleeper_void"", ""start_m"": 261.0, ""count"": 2, ""side"": ""both"", ""directions"": ""vertical"", ""delta_gap_mm"": 1.48}]"
s040_seed90294680_v200_baseline,90294680,200,train,baseline,,[]
s040_seed90294680_v200_fastener,90294680,200,train,fastener,,"[{""type"": ""fastener_failure"", ""label"": ""fastener_eta"", ""start_m"": 204.6, ""count"": 4, ""side"": ""right"", ""directions"": ""both"", ""stiffness_factor_eta_k"": 0.0, ""damping_factor_eta_c"": 1.0}]"
s040_seed90294680_v200_sleeper_void,90294680,200,train,sleeper_void,,"[{""type"": ""sleeper_void"", ""label"": ""sleeper_void"", ""start_m"": 168.6, ""count"": 8, ""side"": ""right"", ""directions"": ""vertical"", ""delta_gap_mm"": 1.97}]"
s040_seed90294680_v200_ballast,90294680,200,train,ballast,,"[{""type"": ""ballast_condition"", ""label"": ""ballast_loose"", ""start_m"": 262.2, ""count"": 105, ""side"": ""both"", ""directions"": ""vertical"", ""stiffness_factor_eta_k"": 0.6962, ""damping_factor_eta_c"": 1.0}]"
s040_seed90294680_v200_subgrade,90294680,200,train,subgrade,,"[{""type"": ""subgrade_condition"", ""label"": ""subgrade_weakened"", ""start_m"": 203.4, ""count"": 82, ""side"": ""left"", ""directions"": ""vertical"", ""stiffness_factor_eta_k"": 0.3786, ""damping_factor_eta_c"": 1.0}]"
s040_seed90294680_v200_coupled_subgrade_ballast,90294680,200,train,coupled_subgrade_ballast,,"[{""type"": ""subgrade_condition"", ""label"": ""subgrade_weakened"", ""start_m"": 251.4, ""count"": 48, ""side"": ""both"", ""directions"": ""vertical"", ""stiffness_factor_eta_k"": 0.6129, ""damping_factor_eta_c"": 1.0}, {""type"": ""ballast_condition"", ""label"": ""ballast_hardened"", ""start_m"": 253.2, ""count"": 161, ""side"": ""both"", ""directions"": ""vertical"", ""stiffness_factor_eta_k"": 6.7366, ""damping_factor_eta_c"": 1.0}]"
s041_seed18533410_v200_baseline,18533410,200,train,baseline,,[]
s041_seed18533410_v200_fastener,18533410,200,train,fastener,,"[{""type"": ""fastener_failure"", ""label"": ""fastener_eta"", ""start_m"": 195.0, ""count"": 1, ""side"": ""both"", ""directions"": ""both"", ""stiffness_factor_eta_k"": 0.25, ""damping_factor_eta_c"": 1.0}]"
s041_seed18533410_v200_sleeper_void,18533410,200,train,sleeper_void,,"[{""type"": ""sleeper_void"", ""label"": ""sleeper_void"", ""start_m"": 255.0, ""count"": 5, ""side"": ""both"", ""directions"": ""vertical"", ""delta_gap_mm"": 0.85}]"
s041_seed18533410_v200_ballast,18533410,200,train,ballast,,"[{""type"": ""ballast_condition"", ""label"": ""ballast_loose"", ""start_m"": 194.4, ""count"": 56, ""side"": ""both"", ""directions"": ""vertical"", ""stiffness_factor_eta_k"": 0.1993, ""damping_factor_eta_c"": 1.0}]"
s041_seed18533410_v200_subgrade,18533410,200,train,subgrade,,"[{""type"": ""subgrade_condition"", ""label"": ""subgrade_weakened"", ""start_m"": 284.4, ""count"": 76, ""side"": ""left"", ""directions"": ""vertical"", ""stiffness_factor_eta_k"": 0.7571, ""damping_factor_eta_c"": 1.0}]"
s041_seed18533410_v200_coupled_sleeper_void_subgrade,18533410,200,train,coupled_sleeper_void_subgrade,,"[{""type"": ""sleeper_void"", ""label"": ""sleeper_void"", ""start_m"": 187.2, ""count"": 8, ""side"": ""both"", ""directions"": ""vertical"", ""delta_gap_mm"": 0.78}, {""type"": ""subgrade_condition"", ""label"": ""subgrade_weakened"", ""start_m"": 226.8, ""count"": 150, ""side"": ""both"", ""directions"": ""vertical"", ""stiffness_factor_eta_k"": 0.5157, ""damping_factor_eta_c"": 1.0}]"
s042_seed97384339_v200_baseline,97384339,200,val,baseline,,[]
s042_seed97384339_v200_fastener,97384339,200,val,fastener,,"[{""type"": ""fastener_failure"", ""label"": ""fastener_eta"", ""start_m"": 160.8, ""count"": 8, ""side"": ""both"", ""directions"": ""both"", ""stiffness_factor_eta_k"": 0.1, ""damping_factor_eta_c"": 1.0}]"
s042_seed97384339_v200_sleeper_void,97384339,200,val,sleeper_void,,"[{""type"": ""sleeper_void"", ""label"": ""sleeper_void"", ""start_m"": 215.4, ""count"": 4, ""side"": ""both"", ""directions"": ""vertical"", ""delta_gap_mm"": 0.95}]"
s042_seed97384339_v200_ballast,97384339,200,val,ballast,,"[{""type"": ""ballast_condition"", ""label"": ""ballast_hardened"", ""start_m"": 276.6, ""count"": 77, ""side"": ""left"", ""directions"": ""vertical"", ""stiffness_factor_eta_k"": 4.9499, ""damping_factor_eta_c"": 1.0}]"
s042_seed97384339_v200_subgrade,97384339,200,val,subgrade,,"[{""type"": ""subgrade_condition"", ""label"": ""subgrade_weakened"", ""start_m"": 232.2, ""count"": 114, ""side"": ""both"", ""directions"": ""vertical"", ""stiffness_factor_eta_k"": 0.3747, ""damping_factor_eta_c"": 1.0}]"
s042_seed97384339_v200_coupled_ballast_sleeper_void,97384339,200,val,coupled_ballast_sleeper_void,,"[{""type"": ""ballast_condition"", ""label"": ""ballast_loose"", ""start_m"": 191.4, ""count"": 36, ""side"": ""right"", ""directions"": ""vertical"", ""stiffness_factor_eta_k"": 0.6133, ""damping_factor_eta_c"": 1.0}, {""type"": ""sleeper_void"", ""label"": ""sleeper_void"", ""start_m"": 265.8, ""count"": 7, ""side"": ""both"", ""directions"": ""vertical"", ""delta_gap_mm"": 2.05}]"
s043_seed44692998_v200_baseline,44692998,200,val,baseline,,[]
s043_seed44692998_v200_fastener,44692998,200,val,fastener,,"[{""type"": ""fastener_failure"", ""label"": ""fastener_eta"", ""start_m"": 225.6, ""count"": 10, ""side"": ""right"", ""directions"": ""both"", ""stiffness_factor_eta_k"": 0.0, ""damping_factor_eta_c"": 1.0}]"
s043_seed44692998_v200_sleeper_void,44692998,200,val,sleeper_void,,"[{""type"": ""sleeper_void"", ""label"": ""sleeper_void"", ""start_m"": 195.6, ""count"": 10, ""side"": ""right"", ""directions"": ""vertical"", ""delta_gap_mm"": 1.6}]"
s043_seed44692998_v200_ballast,44692998,200,val,ballast,,"[{""type"": ""ballast_condition"", ""label"": ""ballast_hardened"", ""start_m"": 242.4, ""count"": 100, ""side"": ""right"", ""directions"": ""vertical"", ""stiffness_factor_eta_k"": 2.1103, ""damping_factor_eta_c"": 1.0}]"
s043_seed44692998_v200_subgrade,44692998,200,val,subgrade,,"[{""type"": ""subgrade_condition"", ""label"": ""subgrade_weakened"", ""start_m"": 179.4, ""count"": 94, ""side"": ""left"", ""directions"": ""vertical"", ""stiffness_factor_eta_k"": 0.2607, ""damping_factor_eta_c"": 1.0}]"
s043_seed44692998_v200_coupled_sleeper_void_ballast,44692998,200,val,coupled_sleeper_void_ballast,,"[{""type"": ""sleeper_void"", ""label"": ""sleeper_void"", ""start_m"": 195.0, ""count"": 3, ""side"": ""left"", ""directions"": ""vertical"", ""delta_gap_mm"": 2.83}, {""type"": ""ballast_condition"", ""label"": ""ballast_loose"", ""start_m"": 276.6, ""count"": 110, ""side"": ""both"", ""directions"": ""vertical"", ""stiffness_factor_eta_k"": 0.4511, ""damping_factor_eta_c"": 1.0}]"
s044_seed83864817_v200_baseline,83864817,200,val,baseline,,[]
s044_seed83864817_v200_fastener,83864817,200,val,fastener,,"[{""type"": ""fastener_failure"", ""label"": ""fastener_eta"", ""start_m"": 225.0, ""count"": 1, ""side"": ""right"", ""directions"": ""both"", ""stiffness_factor_eta_k"": 0.0, ""damping_factor_eta_c"": 1.0}]"
s044_seed83864817_v200_sleeper_void,83864817,200,val,sleeper_void,,"[{""type"": ""sleeper_void"", ""label"": ""sleeper_void"", ""start_m"": 256.2, ""count"": 4, ""side"": ""both"", ""directions"": ""vertical"", ""delta_gap_mm"": 1.84}]"
s044_seed83864817_v200_ballast,83864817,200,val,ballast,,"[{""type"": ""ballast_condition"", ""label"": ""ballast_hardened"", ""start_m"": 237.6, ""count"": 105, ""side"": ""right"", ""directions"": ""vertical"", ""stiffness_factor_eta_k"": 1.9466, ""damping_factor_eta_c"": 1.0}]"
s044_seed83864817_v200_subgrade,83864817,200,val,subgrade,,"[{""type"": ""subgrade_condition"", ""label"": ""subgrade_weakened"", ""start_m"": 178.2, ""count"": 33, ""side"": ""right"", ""directions"": ""vertical"", ""stiffness_factor_eta_k"": 0.6682, ""damping_factor_eta_c"": 1.0}]"
s044_seed83864817_v200_coupled_subgrade_ballast,83864817,200,val,coupled_subgrade_ballast,,"[{""type"": ""subgrade_condition"", ""label"": ""subgrade_weakened"", ""start_m"": 255.6, ""count"": 76, ""side"": ""right"", ""directions"": ""vertical"", ""stiffness_factor_eta_k"": 0.5428, ""damping_factor_eta_c"": 1.0}, {""type"": ""ballast_condition"", ""label"": ""ballast_hardened"", ""start_m"": 282.6, ""count"": 158, ""side"": ""both"", ""directions"": ""vertical"", ""stiffness_factor_eta_k"": 7.1859, ""damping_factor_eta_c"": 1.0}]"
s045_seed42708744_v200_baseline,42708744,200,val,baseline,,[]
s045_seed42708744_v200_fastener,42708744,200,val,fastener,,"[{""type"": ""fastener_failure"", ""label"": ""fastener_eta"", ""start_m"": 171.0, ""count"": 2, ""side"": ""left"", ""directions"": ""both"", ""stiffness_factor_eta_k"": 0.5, ""damping_factor_eta_c"": 1.0}]"
s045_seed42708744_v200_sleeper_void,42708744,200,val,sleeper_void,,"[{""type"": ""sleeper_void"", ""label"": ""sleeper_void"", ""start_m"": 183.0, ""count"": 2, ""side"": ""both"", ""directions"": ""vertical"", ""delta_gap_mm"": 2.6}]"
s045_seed42708744_v200_ballast,42708744,200,val,ballast,,"[{""type"": ""ballast_condition"", ""label"": ""ballast_loose"", ""start_m"": 216.0, ""count"": 61, ""side"": ""left"", ""directions"": ""vertical"", ""stiffness_factor_eta_k"": 0.1475, ""damping_factor_eta_c"": 1.0}]"
s045_seed42708744_v200_subgrade,42708744,200,val,subgrade,,"[{""type"": ""subgrade_condition"", ""label"": ""subgrade_weakened"", ""start_m"": 208.8, ""count"": 54, ""side"": ""right"", ""directions"": ""vertical"", ""stiffness_factor_eta_k"": 0.4173, ""damping_factor_eta_c"": 1.0}]"
s045_seed42708744_v200_coupled_ballast_fastener,42708744,200,val,coupled_ballast_fastener,,"[{""type"": ""ballast_condition"", ""label"": ""ballast_loose"", ""start_m"": 273.6, ""count"": 64, ""side"": ""both"", ""directions"": ""vertical"", ""stiffness_factor_eta_k"": 0.4103, ""damping_factor_eta_c"": 1.0}, {""type"": ""fastener_failure"", ""label"": ""fastener_eta"", ""start_m"": 165.6, ""count"": 8, ""side"": ""both"", ""directions"": ""both"", ""stiffness_factor_eta_k"": 0.25, ""damping_factor_eta_c"": 1.0}]"
s046_seed35497057_v200_baseline,35497057,200,test,baseline,,[]
s046_seed35497057_v200_fastener,35497057,200,test,fastener,,"[{""type"": ""fastener_failure"", ""label"": ""fastener_eta"", ""start_m"": 204.0, ""count"": 7, ""side"": ""left"", ""directions"": ""both"", ""stiffness_factor_eta_k"": 0.25, ""damping_factor_eta_c"": 1.0}]"
s046_seed35497057_v200_sleeper_void,35497057,200,test,sleeper_void,,"[{""type"": ""sleeper_void"", ""label"": ""sleeper_void"", ""start_m"": 192.6, ""count"": 6, ""side"": ""both"", ""directions"": ""vertical"", ""delta_gap_mm"": 2.36}]"
s046_seed35497057_v200_ballast,35497057,200,test,ballast,,"[{""type"": ""ballast_condition"", ""label"": ""ballast_loose"", ""start_m"": 219.0, ""count"": 146, ""side"": ""right"", ""directions"": ""vertical"", ""stiffness_factor_eta_k"": 0.6184, ""damping_factor_eta_c"": 1.0}]"
s046_seed35497057_v200_subgrade,35497057,200,test,subgrade,,"[{""type"": ""subgrade_condition"", ""label"": ""subgrade_weakened"", ""start_m"": 195.6, ""count"": 155, ""side"": ""right"", ""directions"": ""vertical"", ""stiffness_factor_eta_k"": 0.5934, ""damping_factor_eta_c"": 1.0}]"
s046_seed35497057_v200_coupled_fastener_subgrade,35497057,200,test,coupled_fastener_subgrade,,"[{""type"": ""fastener_failure"", ""label"": ""fastener_eta"", ""start_m"": 203.4, ""count"": 3, ""side"": ""both"", ""directions"": ""both"", ""stiffness_factor_eta_k"": 0.5, ""damping_factor_eta_c"": 1.0}, {""type"": ""subgrade_condition"", ""label"": ""subgrade_weakened"", ""start_m"": 180.0, ""count"": 79, ""side"": ""both"", ""directions"": ""vertical"", ""stiffness_factor_eta_k"": 0.665, ""damping_factor_eta_c"": 1.0}]"
s047_seed51950605_v200_baseline,51950605,200,test,baseline,,[]
s047_seed51950605_v200_fastener,51950605,200,test,fastener,,"[{""type"": ""fastener_failure"", ""label"": ""fastener_eta"", ""start_m"": 154.2, ""count"": 1, ""side"": ""both"", ""directions"": ""both"", ""stiffness_factor_eta_k"": 0.25, ""damping_factor_eta_c"": 1.0}]"
s047_seed51950605_v200_sleeper_void,51950605,200,test,sleeper_void,,"[{""type"": ""sleeper_void"", ""label"": ""sleeper_void"", ""start_m"": 291.0, ""count"": 1, ""side"": ""right"", ""directions"": ""vertical"", ""delta_gap_mm"": 0.82}]"
s047_seed51950605_v200_ballast,51950605,200,test,ballast,,"[{""type"": ""ballast_condition"", ""label"": ""ballast_loose"", ""start_m"": 157.2, ""count"": 165, ""side"": ""left"", ""directions"": ""vertical"", ""stiffness_factor_eta_k"": 0.391, ""damping_factor_eta_c"": 1.0}]"
s047_seed51950605_v200_subgrade,51950605,200,test,subgrade,,"[{""type"": ""subgrade_condition"", ""label"": ""subgrade_weakened"", ""start_m"": 272.4, ""count"": 47, ""side"": ""left"", ""directions"": ""vertical"", ""stiffness_factor_eta_k"": 0.2633, ""damping_factor_eta_c"": 1.0}]"
s047_seed51950605_v200_coupled_fastener_ballast,51950605,200,test,coupled_fastener_ballast,,"[{""type"": ""fastener_failure"", ""label"": ""fastener_eta"", ""start_m"": 217.8, ""count"": 5, ""side"": ""both"", ""directions"": ""both"", ""stiffness_factor_eta_k"": 0.1, ""damping_factor_eta_c"": 1.0}, {""type"": ""ballast_condition"", ""label"": ""ballast_loose"", ""start_m"": 210.0, ""count"": 71, ""side"": ""left"", ""directions"": ""vertical"", ""stiffness_factor_eta_k"": 0.7285, ""damping_factor_eta_c"": 1.0}]"
s048_seed31769732_v200_baseline,31769732,200,test,baseline,,[]
s048_seed31769732_v200_fastener,31769732,200,test,fastener,,"[{""type"": ""fastener_failure"", ""label"": ""fastener_eta"", ""start_m"": 160.8, ""count"": 2, ""side"": ""both"", ""directions"": ""both"", ""stiffness_factor_eta_k"": 0.75, ""damping_factor_eta_c"": 1.0}]"
s048_seed31769732_v200_sleeper_void,31769732,200,test,sleeper_void,,"[{""type"": ""sleeper_void"", ""label"": ""sleeper_void"", ""start_m"": 194.4, ""count"": 1, ""side"": ""right"", ""directions"": ""vertical"", ""delta_gap_mm"": 0.71}]"
s048_seed31769732_v200_ballast,31769732,200,test,ballast,,"[{""type"": ""ballast_condition"", ""label"": ""ballast_hardened"", ""start_m"": 169.8, ""count"": 50, ""side"": ""left"", ""directions"": ""vertical"", ""stiffness_factor_eta_k"": 5.9208, ""damping_factor_eta_c"": 1.0}]"
s048_seed31769732_v200_subgrade,31769732,200,test,subgrade,,"[{""type"": ""subgrade_condition"", ""label"": ""subgrade_weakened"", ""start_m"": 176.4, ""count"": 136, ""side"": ""left"", ""directions"": ""vertical"", ""stiffness_factor_eta_k"": 0.703, ""damping_factor_eta_c"": 1.0}]"
s048_seed31769732_v200_coupled_subgrade_ballast,31769732,200,test,coupled_subgrade_ballast,,"[{""type"": ""subgrade_condition"", ""label"": ""subgrade_weakened"", ""start_m"": 207.6, ""count"": 117, ""side"": ""both"", ""directions"": ""vertical"", ""stiffness_factor_eta_k"": 0.3062, ""damping_factor_eta_c"": 1.0}, {""type"": ""ballast_condition"", ""label"": ""ballast_loose"", ""start_m"": 216.6, ""count"": 148, ""side"": ""both"", ""directions"": ""vertical"", ""stiffness_factor_eta_k"": 0.5754, ""damping_factor_eta_c"": 1.0}]"
s049_seed94369616_v215_baseline,94369616,215,train,baseline,,[]
s049_seed94369616_v215_fastener,94369616,215,train,fastener,,"[{""type"": ""fastener_failure"", ""label"": ""fastener_eta"", ""start_m"": 298.8, ""count"": 5, ""side"": ""both"", ""directions"": ""both"", ""stiffness_factor_eta_k"": 0.5, ""damping_factor_eta_c"": 1.0}]"
s049_seed94369616_v215_sleeper_void,94369616,215,train,sleeper_void,,"[{""type"": ""sleeper_void"", ""label"": ""sleeper_void"", ""start_m"": 241.2, ""count"": 10, ""side"": ""both"", ""directions"": ""vertical"", ""delta_gap_mm"": 1.49}]"
s049_seed94369616_v215_ballast,94369616,215,train,ballast,,"[{""type"": ""ballast_condition"", ""label"": ""ballast_hardened"", ""start_m"": 228.6, ""count"": 19, ""side"": ""both"", ""directions"": ""vertical"", ""stiffness_factor_eta_k"": 6.3966, ""damping_factor_eta_c"": 1.0}]"
s049_seed94369616_v215_subgrade,94369616,215,train,subgrade,,"[{""type"": ""subgrade_condition"", ""label"": ""subgrade_weakened"", ""start_m"": 259.2, ""count"": 139, ""side"": ""left"", ""directions"": ""vertical"", ""stiffness_factor_eta_k"": 0.676, ""damping_factor_eta_c"": 1.0}]"
s049_seed94369616_v215_coupled_fastener_ballast,94369616,215,train,coupled_fastener_ballast,,"[{""type"": ""fastener_failure"", ""label"": ""fastener_eta"", ""start_m"": 267.0, ""count"": 5, ""side"": ""right"", ""directions"": ""both"", ""stiffness_factor_eta_k"": 0.25, ""damping_factor_eta_c"": 1.0}, {""type"": ""ballast_condition"", ""label"": ""ballast_loose"", ""start_m"": 158.4, ""count"": 29, ""side"": ""both"", ""directions"": ""vertical"", ""stiffness_factor_eta_k"": 0.1225, ""damping_factor_eta_c"": 1.0}]"
s050_seed73599946_v215_baseline,73599946,215,train,baseline,,[]
s050_seed73599946_v215_fastener,73599946,215,train,fastener,,"[{""type"": ""fastener_failure"", ""label"": ""fastener_eta"", ""start_m"": 196.8, ""count"": 1, ""side"": ""right"", ""directions"": ""both"", ""stiffness_factor_eta_k"": 0.1, ""damping_factor_eta_c"": 1.0}]"
s050_seed73599946_v215_sleeper_void,73599946,215,train,sleeper_void,,"[{""type"": ""sleeper_void"", ""label"": ""sleeper_void"", ""start_m"": 209.4, ""count"": 1, ""side"": ""left"", ""directions"": ""vertical"", ""delta_gap_mm"": 2.36}]"
s050_seed73599946_v215_ballast,73599946,215,train,ballast,,"[{""type"": ""ballast_condition"", ""label"": ""ballast_hardened"", ""start_m"": 261.6, ""count"": 157, ""side"": ""both"", ""directions"": ""vertical"", ""stiffness_factor_eta_k"": 5.8417, ""damping_factor_eta_c"": 1.0}]"
s050_seed73599946_v215_subgrade,73599946,215,train,subgrade,,"[{""type"": ""subgrade_condition"", ""label"": ""subgrade_weakened"", ""start_m"": 184.2, ""count"": 127, ""side"": ""both"", ""directions"": ""vertical"", ""stiffness_factor_eta_k"": 0.4416, ""damping_factor_eta_c"": 1.0}]"
s050_seed73599946_v215_coupled_subgrade_fastener,73599946,215,train,coupled_subgrade_fastener,,"[{""type"": ""subgrade_condition"", ""label"": ""subgrade_weakened"", ""start_m"": 257.4, ""count"": 48, ""side"": ""right"", ""directions"": ""vertical"", ""stiffness_factor_eta_k"": 0.2648, ""damping_factor_eta_c"": 1.0}, {""type"": ""fastener_failure"", ""label"": ""fastener_eta"", ""start_m"": 258.0, ""count"": 10, ""side"": ""right"", ""directions"": ""both"", ""stiffness_factor_eta_k"": 0.25, ""damping_factor_eta_c"": 1.0}]"
s051_seed78825186_v215_baseline,78825186,215,train,baseline,,[]
s051_seed78825186_v215_fastener,78825186,215,train,fastener,,"[{""type"": ""fastener_failure"", ""label"": ""fastener_eta"", ""start_m"": 202.8, ""count"": 1, ""side"": ""both"", ""directions"": ""both"", ""stiffness_factor_eta_k"": 0.75, ""damping_factor_eta_c"": 1.0}]"
s051_seed78825186_v215_sleeper_void,78825186,215,train,sleeper_void,,"[{""type"": ""sleeper_void"", ""label"": ""sleeper_void"", ""start_m"": 192.6, ""count"": 1, ""side"": ""left"", ""directions"": ""vertical"", ""delta_gap_mm"": 1.4}]"
s051_seed78825186_v215_ballast,78825186,215,train,ballast,,"[{""type"": ""ballast_condition"", ""label"": ""ballast_loose"", ""start_m"": 215.4, ""count"": 166, ""side"": ""both"", ""directions"": ""vertical"", ""stiffness_factor_eta_k"": 0.3413, ""damping_factor_eta_c"": 1.0}]"
s051_seed78825186_v215_subgrade,78825186,215,train,subgrade,,"[{""type"": ""subgrade_condition"", ""label"": ""subgrade_weakened"", ""start_m"": 210.0, ""count"": 81, ""side"": ""right"", ""directions"": ""vertical"", ""stiffness_factor_eta_k"": 0.325, ""damping_factor_eta_c"": 1.0}]"
s051_seed78825186_v215_coupled_subgrade_ballast,78825186,215,train,coupled_subgrade_ballast,,"[{""type"": ""subgrade_condition"", ""label"": ""subgrade_weakened"", ""start_m"": 225.0, ""count"": 29, ""side"": ""both"", ""directions"": ""vertical"", ""stiffness_factor_eta_k"": 0.5825, ""damping_factor_eta_c"": 1.0}, {""type"": ""ballast_condition"", ""label"": ""ballast_loose"", ""start_m"": 188.4, ""count"": 67, ""side"": ""left"", ""directions"": ""vertical"", ""stiffness_factor_eta_k"": 0.6335, ""damping_factor_eta_c"": 1.0}]"
s052_seed85399051_v215_baseline,85399051,215,train,baseline,,[]
s052_seed85399051_v215_fastener,85399051,215,train,fastener,,"[{""type"": ""fastener_failure"", ""label"": ""fastener_eta"", ""start_m"": 231.6, ""count"": 9, ""side"": ""both"", ""directions"": ""both"", ""stiffness_factor_eta_k"": 0.75, ""damping_factor_eta_c"": 1.0}]"
s052_seed85399051_v215_sleeper_void,85399051,215,train,sleeper_void,,"[{""type"": ""sleeper_void"", ""label"": ""sleeper_void"", ""start_m"": 292.8, ""count"": 10, ""side"": ""left"", ""directions"": ""vertical"", ""delta_gap_mm"": 1.07}]"
s052_seed85399051_v215_ballast,85399051,215,train,ballast,,"[{""type"": ""ballast_condition"", ""label"": ""ballast_loose"", ""start_m"": 214.8, ""count"": 61, ""side"": ""both"", ""directions"": ""vertical"", ""stiffness_factor_eta_k"": 0.3378, ""damping_factor_eta_c"": 1.0}]"
s052_seed85399051_v215_subgrade,85399051,215,train,subgrade,,"[{""type"": ""subgrade_condition"", ""label"": ""subgrade_weakened"", ""start_m"": 268.8, ""count"": 114, ""side"": ""both"", ""directions"": ""vertical"", ""stiffness_factor_eta_k"": 0.693, ""damping_factor_eta_c"": 1.0}]"
s052_seed85399051_v215_coupled_ballast_sleeper_void,85399051,215,train,coupled_ballast_sleeper_void,,"[{""type"": ""ballast_condition"", ""label"": ""ballast_loose"", ""start_m"": 222.0, ""count"": 160, ""side"": ""right"", ""directions"": ""vertical"", ""stiffness_factor_eta_k"": 0.3992, ""damping_factor_eta_c"": 1.0}, {""type"": ""sleeper_void"", ""label"": ""sleeper_void"", ""start_m"": 208.8, ""count"": 2, ""side"": ""right"", ""directions"": ""vertical"", ""delta_gap_mm"": 2.42}]"
s053_seed29657402_v215_baseline,29657402,215,train,baseline,,[]
s053_seed29657402_v215_fastener,29657402,215,train,fastener,,"[{""type"": ""fastener_failure"", ""label"": ""fastener_eta"", ""start_m"": 151.8, ""count"": 8, ""side"": ""both"", ""directions"": ""both"", ""stiffness_factor_eta_k"": 0.1, ""damping_factor_eta_c"": 1.0}]"
s053_seed29657402_v215_sleeper_void,29657402,215,train,sleeper_void,,"[{""type"": ""sleeper_void"", ""label"": ""sleeper_void"", ""start_m"": 170.4, ""count"": 10, ""side"": ""both"", ""directions"": ""vertical"", ""delta_gap_mm"": 2.69}]"
s053_seed29657402_v215_ballast,29657402,215,train,ballast,,"[{""type"": ""ballast_condition"", ""label"": ""ballast_hardened"", ""start_m"": 182.4, ""count"": 30, ""side"": ""right"", ""directions"": ""vertical"", ""stiffness_factor_eta_k"": 6.8597, ""damping_factor_eta_c"": 1.0}]"
s053_seed29657402_v215_subgrade,29657402,215,train,subgrade,,"[{""type"": ""subgrade_condition"", ""label"": ""subgrade_weakened"", ""start_m"": 187.8, ""count"": 160, ""side"": ""both"", ""directions"": ""vertical"", ""stiffness_factor_eta_k"": 0.3976, ""damping_factor_eta_c"": 1.0}]"
s053_seed29657402_v215_coupled_fastener_ballast,29657402,215,train,coupled_fastener_ballast,,"[{""type"": ""fastener_failure"", ""label"": ""fastener_eta"", ""start_m"": 208.8, ""count"": 6, ""side"": ""both"", ""directions"": ""both"", ""stiffness_factor_eta_k"": 0.5, ""damping_factor_eta_c"": 1.0}, {""type"": ""ballast_condition"", ""label"": ""ballast_hardened"", ""start_m"": 259.2, ""count"": 96, ""side"": ""right"", ""directions"": ""vertical"", ""stiffness_factor_eta_k"": 7.2203, ""damping_factor_eta_c"": 1.0}]"
s054_seed74712047_v215_baseline,74712047,215,train,baseline,,[]
s054_seed74712047_v215_fastener,74712047,215,train,fastener,,"[{""type"": ""fastener_failure"", ""label"": ""fastener_eta"", ""start_m"": 238.2, ""count"": 2, ""side"": ""both"", ""directions"": ""both"", ""stiffness_factor_eta_k"": 0.0, ""damping_factor_eta_c"": 1.0}]"
s054_seed74712047_v215_sleeper_void,74712047,215,train,sleeper_void,,"[{""type"": ""sleeper_void"", ""label"": ""sleeper_void"", ""start_m"": 256.8, ""count"": 6, ""side"": ""both"", ""directions"": ""vertical"", ""delta_gap_mm"": 1.77}]"
s054_seed74712047_v215_ballast,74712047,215,train,ballast,,"[{""type"": ""ballast_condition"", ""label"": ""ballast_loose"", ""start_m"": 185.4, ""count"": 56, ""side"": ""right"", ""directions"": ""vertical"", ""stiffness_factor_eta_k"": 0.3673, ""damping_factor_eta_c"": 1.0}]"
s054_seed74712047_v215_subgrade,74712047,215,train,subgrade,,"[{""type"": ""subgrade_condition"", ""label"": ""subgrade_weakened"", ""start_m"": 230.4, ""count"": 123, ""side"": ""both"", ""directions"": ""vertical"", ""stiffness_factor_eta_k"": 0.6115, ""damping_factor_eta_c"": 1.0}]"
s054_seed74712047_v215_coupled_sleeper_void_subgrade,74712047,215,train,coupled_sleeper_void_subgrade,,"[{""type"": ""sleeper_void"", ""label"": ""sleeper_void"", ""start_m"": 255.0, ""count"": 1, ""side"": ""right"", ""directions"": ""vertical"", ""delta_gap_mm"": 1.45}, {""type"": ""subgrade_condition"", ""label"": ""subgrade_weakened"", ""start_m"": 274.2, ""count"": 110, ""side"": ""both"", ""directions"": ""vertical"", ""stiffness_factor_eta_k"": 0.69, ""damping_factor_eta_c"": 1.0}]"
s055_seed15258332_v215_baseline,15258332,215,train,baseline,,[]
s055_seed15258332_v215_fastener,15258332,215,train,fastener,,"[{""type"": ""fastener_failure"", ""label"": ""fastener_eta"", ""start_m"": 234.6, ""count"": 9, ""side"": ""both"", ""directions"": ""both"", ""stiffness_factor_eta_k"": 0.1, ""damping_factor_eta_c"": 1.0}]"
s055_seed15258332_v215_sleeper_void,15258332,215,train,sleeper_void,,"[{""type"": ""sleeper_void"", ""label"": ""sleeper_void"", ""start_m"": 210.0, ""count"": 4, ""side"": ""both"", ""directions"": ""vertical"", ""delta_gap_mm"": 1.26}]"
s055_seed15258332_v215_ballast,15258332,215,train,ballast,,"[{""type"": ""ballast_condition"", ""label"": ""ballast_hardened"", ""start_m"": 291.0, ""count"": 44, ""side"": ""right"", ""directions"": ""vertical"", ""stiffness_factor_eta_k"": 7.5695, ""damping_factor_eta_c"": 1.0}]"
s055_seed15258332_v215_subgrade,15258332,215,train,subgrade,,"[{""type"": ""subgrade_condition"", ""label"": ""subgrade_weakened"", ""start_m"": 225.6, ""count"": 65, ""side"": ""right"", ""directions"": ""vertical"", ""stiffness_factor_eta_k"": 0.7814, ""damping_factor_eta_c"": 1.0}]"
s055_seed15258332_v215_coupled_fastener_subgrade,15258332,215,train,coupled_fastener_subgrade,,"[{""type"": ""fastener_failure"", ""label"": ""fastener_eta"", ""start_m"": 255.6, ""count"": 8, ""side"": ""both"", ""directions"": ""both"", ""stiffness_factor_eta_k"": 0.75, ""damping_factor_eta_c"": 1.0}, {""type"": ""subgrade_condition"", ""label"": ""subgrade_weakened"", ""start_m"": 159.6, ""count"": 85, ""side"": ""right"", ""directions"": ""vertical"", ""stiffness_factor_eta_k"": 0.1236, ""damping_factor_eta_c"": 1.0}]"
s056_seed68162758_v215_baseline,68162758,215,train,baseline,,[]
s056_seed68162758_v215_fastener,68162758,215,train,fastener,,"[{""type"": ""fastener_failure"", ""label"": ""fastener_eta"", ""start_m"": 250.2, ""count"": 8, ""side"": ""left"", ""directions"": ""both"", ""stiffness_factor_eta_k"": 0.75, ""damping_factor_eta_c"": 1.0}]"
s056_seed68162758_v215_sleeper_void,68162758,215,train,sleeper_void,,"[{""type"": ""sleeper_void"", ""label"": ""sleeper_void"", ""start_m"": 208.2, ""count"": 9, ""side"": ""right"", ""directions"": ""vertical"", ""delta_gap_mm"": 1.08}]"
s056_seed68162758_v215_ballast,68162758,215,train,ballast,,"[{""type"": ""ballast_condition"", ""label"": ""ballast_hardened"", ""start_m"": 225.6, ""count"": 29, ""side"": ""left"", ""directions"": ""vertical"", ""stiffness_factor_eta_k"": 4.0528, ""damping_factor_eta_c"": 1.0}]"
s056_seed68162758_v215_subgrade,68162758,215,train,subgrade,,"[{""type"": ""subgrade_condition"", ""label"": ""subgrade_weakened"", ""start_m"": 179.4, ""count"": 94, ""side"": ""right"", ""directions"": ""vertical"", ""stiffness_factor_eta_k"": 0.7686, ""damping_factor_eta_c"": 1.0}]"
s056_seed68162758_v215_coupled_fastener_subgrade,68162758,215,train,coupled_fastener_subgrade,,"[{""type"": ""fastener_failure"", ""label"": ""fastener_eta"", ""start_m"": 225.0, ""count"": 3, ""side"": ""right"", ""directions"": ""both"", ""stiffness_factor_eta_k"": 0.25, ""damping_factor_eta_c"": 1.0}, {""type"": ""subgrade_condition"", ""label"": ""subgrade_weakened"", ""start_m"": 174.0, ""count"": 115, ""side"": ""right"", ""directions"": ""vertical"", ""stiffness_factor_eta_k"": 0.4743, ""damping_factor_eta_c"": 1.0}]"
s057_seed65657739_v215_baseline,65657739,215,train,baseline,,[]
s057_seed65657739_v215_fastener,65657739,215,train,fastener,,"[{""type"": ""fastener_failure"", ""label"": ""fastener_eta"", ""start_m"": 277.8, ""count"": 6, ""side"": ""both"", ""directions"": ""both"", ""stiffness_factor_eta_k"": 0.0, ""damping_factor_eta_c"": 1.0}]"
s057_seed65657739_v215_sleeper_void,65657739,215,train,sleeper_void,,"[{""type"": ""sleeper_void"", ""label"": ""sleeper_void"", ""start_m"": 165.6, ""count"": 2, ""side"": ""left"", ""directions"": ""vertical"", ""delta_gap_mm"": 1.47}]"
s057_seed65657739_v215_ballast,65657739,215,train,ballast,,"[{""type"": ""ballast_condition"", ""label"": ""ballast_hardened"", ""start_m"": 228.0, ""count"": 96, ""side"": ""both"", ""directions"": ""vertical"", ""stiffness_factor_eta_k"": 5.6802, ""damping_factor_eta_c"": 1.0}]"
s057_seed65657739_v215_subgrade,65657739,215,train,subgrade,,"[{""type"": ""subgrade_condition"", ""label"": ""subgrade_weakened"", ""start_m"": 286.8, ""count"": 92, ""side"": ""both"", ""directions"": ""vertical"", ""stiffness_factor_eta_k"": 0.3243, ""damping_factor_eta_c"": 1.0}]"
s057_seed65657739_v215_coupled_sleeper_void_subgrade,65657739,215,train,coupled_sleeper_void_subgrade,,"[{""type"": ""sleeper_void"", ""label"": ""sleeper_void"", ""start_m"": 185.4, ""count"": 5, ""side"": ""right"", ""directions"": ""vertical"", ""delta_gap_mm"": 1.71}, {""type"": ""subgrade_condition"", ""label"": ""subgrade_weakened"", ""start_m"": 204.0, ""count"": 160, ""side"": ""left"", ""directions"": ""vertical"", ""stiffness_factor_eta_k"": 0.3517, ""damping_factor_eta_c"": 1.0}]"
s058_seed42589834_v215_baseline,42589834,215,train,baseline,,[]
s058_seed42589834_v215_fastener,42589834,215,train,fastener,,"[{""type"": ""fastener_failure"", ""label"": ""fastener_eta"", ""start_m"": 219.6, ""count"": 8, ""side"": ""both"", ""directions"": ""both"", ""stiffness_factor_eta_k"": 0.75, ""damping_factor_eta_c"": 1.0}]"
s058_seed42589834_v215_sleeper_void,42589834,215,train,sleeper_void,,"[{""type"": ""sleeper_void"", ""label"": ""sleeper_void"", ""start_m"": 292.8, ""count"": 5, ""side"": ""right"", ""directions"": ""vertical"", ""delta_gap_mm"": 0.83}]"
s058_seed42589834_v215_ballast,42589834,215,train,ballast,,"[{""type"": ""ballast_condition"", ""label"": ""ballast_loose"", ""start_m"": 218.4, ""count"": 28, ""side"": ""left"", ""directions"": ""vertical"", ""stiffness_factor_eta_k"": 0.2619, ""damping_factor_eta_c"": 1.0}]"
s058_seed42589834_v215_subgrade,42589834,215,train,subgrade,,"[{""type"": ""subgrade_condition"", ""label"": ""subgrade_weakened"", ""start_m"": 289.8, ""count"": 115, ""side"": ""both"", ""directions"": ""vertical"", ""stiffness_factor_eta_k"": 0.3596, ""damping_factor_eta_c"": 1.0}]"
s058_seed42589834_v215_coupled_subgrade_fastener,42589834,215,train,coupled_subgrade_fastener,,"[{""type"": ""subgrade_condition"", ""label"": ""subgrade_weakened"", ""start_m"": 247.2, ""count"": 55, ""side"": ""right"", ""directions"": ""vertical"", ""stiffness_factor_eta_k"": 0.7045, ""damping_factor_eta_c"": 1.0}, {""type"": ""fastener_failure"", ""label"": ""fastener_eta"", ""start_m"": 156.0, ""count"": 2, ""side"": ""both"", ""directions"": ""both"", ""stiffness_factor_eta_k"": 0.5, ""damping_factor_eta_c"": 1.0}]"
s059_seed63273372_v215_baseline,63273372,215,train,baseline,,[]
s059_seed63273372_v215_fastener,63273372,215,train,fastener,,"[{""type"": ""fastener_failure"", ""label"": ""fastener_eta"", ""start_m"": 185.4, ""count"": 8, ""side"": ""both"", ""directions"": ""both"", ""stiffness_factor_eta_k"": 0.5, ""damping_factor_eta_c"": 1.0}]"
s059_seed63273372_v215_sleeper_void,63273372,215,train,sleeper_void,,"[{""type"": ""sleeper_void"", ""label"": ""sleeper_void"", ""start_m"": 156.0, ""count"": 7, ""side"": ""both"", ""directions"": ""vertical"", ""delta_gap_mm"": 1.97}]"
s059_seed63273372_v215_ballast,63273372,215,train,ballast,,"[{""type"": ""ballast_condition"", ""label"": ""ballast_hardened"", ""start_m"": 169.2, ""count"": 55, ""side"": ""both"", ""directions"": ""vertical"", ""stiffness_factor_eta_k"": 3.0834, ""damping_factor_eta_c"": 1.0}]"
s059_seed63273372_v215_subgrade,63273372,215,train,subgrade,,"[{""type"": ""subgrade_condition"", ""label"": ""subgrade_weakened"", ""start_m"": 256.2, ""count"": 98, ""side"": ""both"", ""directions"": ""vertical"", ""stiffness_factor_eta_k"": 0.3384, ""damping_factor_eta_c"": 1.0}]"
s059_seed63273372_v215_coupled_fastener_ballast,63273372,215,train,coupled_fastener_ballast,,"[{""type"": ""fastener_failure"", ""label"": ""fastener_eta"", ""start_m"": 292.2, ""count"": 9, ""side"": ""both"", ""directions"": ""both"", ""stiffness_factor_eta_k"": 0.25, ""damping_factor_eta_c"": 1.0}, {""type"": ""ballast_condition"", ""label"": ""ballast_hardened"", ""start_m"": 231.6, ""count"": 63, ""side"": ""right"", ""directions"": ""vertical"", ""stiffness_factor_eta_k"": 1.656, ""damping_factor_eta_c"": 1.0}]"
s060_seed23956834_v215_baseline,23956834,215,train,baseline,,[]
s060_seed23956834_v215_fastener,23956834,215,train,fastener,,"[{""type"": ""fastener_failure"", ""label"": ""fastener_eta"", ""start_m"": 159.6, ""count"": 6, ""side"": ""both"", ""directions"": ""both"", ""stiffness_factor_eta_k"": 0.1, ""damping_factor_eta_c"": 1.0}]"
s060_seed23956834_v215_sleeper_void,23956834,215,train,sleeper_void,,"[{""type"": ""sleeper_void"", ""label"": ""sleeper_void"", ""start_m"": 235.2, ""count"": 2, ""side"": ""both"", ""directions"": ""vertical"", ""delta_gap_mm"": 2.2}]"
s060_seed23956834_v215_ballast,23956834,215,train,ballast,,"[{""type"": ""ballast_condition"", ""label"": ""ballast_hardened"", ""start_m"": 155.4, ""count"": 161, ""side"": ""left"", ""directions"": ""vertical"", ""stiffness_factor_eta_k"": 6.4679, ""damping_factor_eta_c"": 1.0}]"
s060_seed23956834_v215_subgrade,23956834,215,train,subgrade,,"[{""type"": ""subgrade_condition"", ""label"": ""subgrade_weakened"", ""start_m"": 213.0, ""count"": 26, ""side"": ""left"", ""directions"": ""vertical"", ""stiffness_factor_eta_k"": 0.1165, ""damping_factor_eta_c"": 1.0}]"
s060_seed23956834_v215_coupled_sleeper_void_fastener,23956834,215,train,coupled_sleeper_void_fastener,,"[{""type"": ""sleeper_void"", ""label"": ""sleeper_void"", ""start_m"": 219.0, ""count"": 6, ""side"": ""right"", ""directions"": ""vertical"", ""delta_gap_mm"": 1.86}, {""type"": ""fastener_failure"", ""label"": ""fastener_eta"", ""start_m"": 213.6, ""count"": 9, ""side"": ""left"", ""directions"": ""both"", ""stiffness_factor_eta_k"": 0.1, ""damping_factor_eta_c"": 1.0}]"
s061_seed43860874_v215_baseline,43860874,215,train,baseline,,[]
s061_seed43860874_v215_fastener,43860874,215,train,fastener,,"[{""type"": ""fastener_failure"", ""label"": ""fastener_eta"", ""start_m"": 224.4, ""count"": 7, ""side"": ""left"", ""directions"": ""both"", ""stiffness_factor_eta_k"": 0.1, ""damping_factor_eta_c"": 1.0}]"
s061_seed43860874_v215_sleeper_void,43860874,215,train,sleeper_void,,"[{""type"": ""sleeper_void"", ""label"": ""sleeper_void"", ""start_m"": 171.6, ""count"": 3, ""side"": ""both"", ""directions"": ""vertical"", ""delta_gap_mm"": 2.45}]"
s061_seed43860874_v215_ballast,43860874,215,train,ballast,,"[{""type"": ""ballast_condition"", ""label"": ""ballast_loose"", ""start_m"": 238.2, ""count"": 116, ""side"": ""left"", ""directions"": ""vertical"", ""stiffness_factor_eta_k"": 0.2397, ""damping_factor_eta_c"": 1.0}]"
s061_seed43860874_v215_subgrade,43860874,215,train,subgrade,,"[{""type"": ""subgrade_condition"", ""label"": ""subgrade_weakened"", ""start_m"": 183.6, ""count"": 73, ""side"": ""left"", ""directions"": ""vertical"", ""stiffness_factor_eta_k"": 0.4838, ""damping_factor_eta_c"": 1.0}]"
s061_seed43860874_v215_coupled_ballast_sleeper_void,43860874,215,train,coupled_ballast_sleeper_void,,"[{""type"": ""ballast_condition"", ""label"": ""ballast_loose"", ""start_m"": 260.4, ""count"": 67, ""side"": ""both"", ""directions"": ""vertical"", ""stiffness_factor_eta_k"": 0.2653, ""damping_factor_eta_c"": 1.0}, {""type"": ""sleeper_void"", ""label"": ""sleeper_void"", ""start_m"": 263.4, ""count"": 10, ""side"": ""left"", ""directions"": ""vertical"", ""delta_gap_mm"": 1.98}]"
s062_seed37607718_v215_baseline,37607718,215,train,baseline,,[]
s062_seed37607718_v215_fastener,37607718,215,train,fastener,,"[{""type"": ""fastener_failure"", ""label"": ""fastener_eta"", ""start_m"": 226.8, ""count"": 10, ""side"": ""both"", ""directions"": ""both"", ""stiffness_factor_eta_k"": 0.75, ""damping_factor_eta_c"": 1.0}]"
s062_seed37607718_v215_sleeper_void,37607718,215,train,sleeper_void,,"[{""type"": ""sleeper_void"", ""label"": ""sleeper_void"", ""start_m"": 254.4, ""count"": 7, ""side"": ""left"", ""directions"": ""vertical"", ""delta_gap_mm"": 0.84}]"
s062_seed37607718_v215_ballast,37607718,215,train,ballast,,"[{""type"": ""ballast_condition"", ""label"": ""ballast_hardened"", ""start_m"": 177.0, ""count"": 94, ""side"": ""both"", ""directions"": ""vertical"", ""stiffness_factor_eta_k"": 5.8758, ""damping_factor_eta_c"": 1.0}]"
s062_seed37607718_v215_subgrade,37607718,215,train,subgrade,,"[{""type"": ""subgrade_condition"", ""label"": ""subgrade_weakened"", ""start_m"": 199.2, ""count"": 62, ""side"": ""left"", ""directions"": ""vertical"", ""stiffness_factor_eta_k"": 0.6928, ""damping_factor_eta_c"": 1.0}]"
s062_seed37607718_v215_coupled_fastener_subgrade,37607718,215,train,coupled_fastener_subgrade,,"[{""type"": ""fastener_failure"", ""label"": ""fastener_eta"", ""start_m"": 211.2, ""count"": 8, ""side"": ""both"", ""directions"": ""both"", ""stiffness_factor_eta_k"": 0.1, ""damping_factor_eta_c"": 1.0}, {""type"": ""subgrade_condition"", ""label"": ""subgrade_weakened"", ""start_m"": 244.2, ""count"": 117, ""side"": ""both"", ""directions"": ""vertical"", ""stiffness_factor_eta_k"": 0.2432, ""damping_factor_eta_c"": 1.0}]"
s063_seed88424244_v215_baseline,88424244,215,train,baseline,,[]
s063_seed88424244_v215_fastener,88424244,215,train,fastener,,"[{""type"": ""fastener_failure"", ""label"": ""fastener_eta"", ""start_m"": 200.4, ""count"": 3, ""side"": ""both"", ""directions"": ""both"", ""stiffness_factor_eta_k"": 0.75, ""damping_factor_eta_c"": 1.0}]"
s063_seed88424244_v215_sleeper_void,88424244,215,train,sleeper_void,,"[{""type"": ""sleeper_void"", ""label"": ""sleeper_void"", ""start_m"": 263.4, ""count"": 9, ""side"": ""left"", ""directions"": ""vertical"", ""delta_gap_mm"": 2.65}]"
s063_seed88424244_v215_ballast,88424244,215,train,ballast,,"[{""type"": ""ballast_condition"", ""label"": ""ballast_hardened"", ""start_m"": 295.8, ""count"": 135, ""side"": ""left"", ""directions"": ""vertical"", ""stiffness_factor_eta_k"": 7.3075, ""damping_factor_eta_c"": 1.0}]"
s063_seed88424244_v215_subgrade,88424244,215,train,subgrade,,"[{""type"": ""subgrade_condition"", ""label"": ""subgrade_weakened"", ""start_m"": 153.6, ""count"": 157, ""side"": ""right"", ""directions"": ""vertical"", ""stiffness_factor_eta_k"": 0.4436, ""damping_factor_eta_c"": 1.0}]"
s063_seed88424244_v215_coupled_sleeper_void_ballast,88424244,215,train,coupled_sleeper_void_ballast,,"[{""type"": ""sleeper_void"", ""label"": ""sleeper_void"", ""start_m"": 266.4, ""count"": 2, ""side"": ""right"", ""directions"": ""vertical"", ""delta_gap_mm"": 2.01}, {""type"": ""ballast_condition"", ""label"": ""ballast_loose"", ""start_m"": 193.2, ""count"": 58, ""side"": ""right"", ""directions"": ""vertical"", ""stiffness_factor_eta_k"": 0.2841, ""damping_factor_eta_c"": 1.0}]"
s064_seed96873032_v215_baseline,96873032,215,train,baseline,,[]
s064_seed96873032_v215_fastener,96873032,215,train,fastener,,"[{""type"": ""fastener_failure"", ""label"": ""fastener_eta"", ""start_m"": 258.0, ""count"": 6, ""side"": ""right"", ""directions"": ""both"", ""stiffness_factor_eta_k"": 0.5, ""damping_factor_eta_c"": 1.0}]"
s064_seed96873032_v215_sleeper_void,96873032,215,train,sleeper_void,,"[{""type"": ""sleeper_void"", ""label"": ""sleeper_void"", ""start_m"": 157.8, ""count"": 7, ""side"": ""both"", ""directions"": ""vertical"", ""delta_gap_mm"": 2.72}]"
s064_seed96873032_v215_ballast,96873032,215,train,ballast,,"[{""type"": ""ballast_condition"", ""label"": ""ballast_loose"", ""start_m"": 175.8, ""count"": 11, ""side"": ""both"", ""directions"": ""vertical"", ""stiffness_factor_eta_k"": 0.5754, ""damping_factor_eta_c"": 1.0}]"
s064_seed96873032_v215_subgrade,96873032,215,train,subgrade,,"[{""type"": ""subgrade_condition"", ""label"": ""subgrade_weakened"", ""start_m"": 220.2, ""count"": 60, ""side"": ""left"", ""directions"": ""vertical"", ""stiffness_factor_eta_k"": 0.1688, ""damping_factor_eta_c"": 1.0}]"
s064_seed96873032_v215_coupled_fastener_sleeper_void,96873032,215,train,coupled_fastener_sleeper_void,,"[{""type"": ""fastener_failure"", ""label"": ""fastener_eta"", ""start_m"": 279.0, ""count"": 2, ""side"": ""both"", ""directions"": ""both"", ""stiffness_factor_eta_k"": 0.1, ""damping_factor_eta_c"": 1.0}, {""type"": ""sleeper_void"", ""label"": ""sleeper_void"", ""start_m"": 165.0, ""count"": 5, ""side"": ""both"", ""directions"": ""vertical"", ""delta_gap_mm"": 1.65}]"
s065_seed12550332_v215_baseline,12550332,215,train,baseline,,[]
s065_seed12550332_v215_fastener,12550332,215,train,fastener,,"[{""type"": ""fastener_failure"", ""label"": ""fastener_eta"", ""start_m"": 156.0, ""count"": 10, ""side"": ""both"", ""directions"": ""both"", ""stiffness_factor_eta_k"": 0.1, ""damping_factor_eta_c"": 1.0}]"
s065_seed12550332_v215_sleeper_void,12550332,215,train,sleeper_void,,"[{""type"": ""sleeper_void"", ""label"": ""sleeper_void"", ""start_m"": 160.2, ""count"": 1, ""side"": ""left"", ""directions"": ""vertical"", ""delta_gap_mm"": 0.82}]"
s065_seed12550332_v215_ballast,12550332,215,train,ballast,,"[{""type"": ""ballast_condition"", ""label"": ""ballast_loose"", ""start_m"": 166.8, ""count"": 144, ""side"": ""left"", ""directions"": ""vertical"", ""stiffness_factor_eta_k"": 0.7601, ""damping_factor_eta_c"": 1.0}]"
s065_seed12550332_v215_subgrade,12550332,215,train,subgrade,,"[{""type"": ""subgrade_condition"", ""label"": ""subgrade_weakened"", ""start_m"": 286.2, ""count"": 106, ""side"": ""both"", ""directions"": ""vertical"", ""stiffness_factor_eta_k"": 0.7199, ""damping_factor_eta_c"": 1.0}]"
s065_seed12550332_v215_coupled_subgrade_fastener,12550332,215,train,coupled_subgrade_fastener,,"[{""type"": ""subgrade_condition"", ""label"": ""subgrade_weakened"", ""start_m"": 233.4, ""count"": 134, ""side"": ""right"", ""directions"": ""vertical"", ""stiffness_factor_eta_k"": 0.5254, ""damping_factor_eta_c"": 1.0}, {""type"": ""fastener_failure"", ""label"": ""fastener_eta"", ""start_m"": 271.8, ""count"": 10, ""side"": ""left"", ""directions"": ""both"", ""stiffness_factor_eta_k"": 0.25, ""damping_factor_eta_c"": 1.0}]"
s066_seed46101132_v215_baseline,46101132,215,val,baseline,,[]
s066_seed46101132_v215_fastener,46101132,215,val,fastener,,"[{""type"": ""fastener_failure"", ""label"": ""fastener_eta"", ""start_m"": 241.8, ""count"": 9, ""side"": ""both"", ""directions"": ""both"", ""stiffness_factor_eta_k"": 0.1, ""damping_factor_eta_c"": 1.0}]"
s066_seed46101132_v215_sleeper_void,46101132,215,val,sleeper_void,,"[{""type"": ""sleeper_void"", ""label"": ""sleeper_void"", ""start_m"": 223.8, ""count"": 8, ""side"": ""both"", ""directions"": ""vertical"", ""delta_gap_mm"": 1.82}]"
s066_seed46101132_v215_ballast,46101132,215,val,ballast,,"[{""type"": ""ballast_condition"", ""label"": ""ballast_loose"", ""start_m"": 156.6, ""count"": 160, ""side"": ""both"", ""directions"": ""vertical"", ""stiffness_factor_eta_k"": 0.7536, ""damping_factor_eta_c"": 1.0}]"
s066_seed46101132_v215_subgrade,46101132,215,val,subgrade,,"[{""type"": ""subgrade_condition"", ""label"": ""subgrade_weakened"", ""start_m"": 153.0, ""count"": 135, ""side"": ""left"", ""directions"": ""vertical"", ""stiffness_factor_eta_k"": 0.7059, ""damping_factor_eta_c"": 1.0}]"
s066_seed46101132_v215_coupled_subgrade_fastener,46101132,215,val,coupled_subgrade_fastener,,"[{""type"": ""subgrade_condition"", ""label"": ""subgrade_weakened"", ""start_m"": 295.2, ""count"": 61, ""side"": ""left"", ""directions"": ""vertical"", ""stiffness_factor_eta_k"": 0.1572, ""damping_factor_eta_c"": 1.0}, {""type"": ""fastener_failure"", ""label"": ""fastener_eta"", ""start_m"": 285.0, ""count"": 6, ""side"": ""right"", ""directions"": ""both"", ""stiffness_factor_eta_k"": 0.5, ""damping_factor_eta_c"": 1.0}]"
s067_seed76750189_v215_baseline,76750189,215,val,baseline,,[]
s067_seed76750189_v215_fastener,76750189,215,val,fastener,,"[{""type"": ""fastener_failure"", ""label"": ""fastener_eta"", ""start_m"": 265.2, ""count"": 5, ""side"": ""right"", ""directions"": ""both"", ""stiffness_factor_eta_k"": 0.1, ""damping_factor_eta_c"": 1.0}]"
s067_seed76750189_v215_sleeper_void,76750189,215,val,sleeper_void,,"[{""type"": ""sleeper_void"", ""label"": ""sleeper_void"", ""start_m"": 291.6, ""count"": 2, ""side"": ""right"", ""directions"": ""vertical"", ""delta_gap_mm"": 1.67}]"
s067_seed76750189_v215_ballast,76750189,215,val,ballast,,"[{""type"": ""ballast_condition"", ""label"": ""ballast_loose"", ""start_m"": 172.8, ""count"": 12, ""side"": ""both"", ""directions"": ""vertical"", ""stiffness_factor_eta_k"": 0.2937, ""damping_factor_eta_c"": 1.0}]"
s067_seed76750189_v215_subgrade,76750189,215,val,subgrade,,"[{""type"": ""subgrade_condition"", ""label"": ""subgrade_weakened"", ""start_m"": 157.8, ""count"": 101, ""side"": ""both"", ""directions"": ""vertical"", ""stiffness_factor_eta_k"": 0.1393, ""damping_factor_eta_c"": 1.0}]"
s067_seed76750189_v215_coupled_subgrade_ballast,76750189,215,val,coupled_subgrade_ballast,,"[{""type"": ""subgrade_condition"", ""label"": ""subgrade_weakened"", ""start_m"": 255.6, ""count"": 61, ""side"": ""both"", ""directions"": ""vertical"", ""stiffness_factor_eta_k"": 0.6771, ""damping_factor_eta_c"": 1.0}, {""type"": ""ballast_condition"", ""label"": ""ballast_hardened"", ""start_m"": 176.4, ""count"": 130, ""side"": ""both"", ""directions"": ""vertical"", ""stiffness_factor_eta_k"": 4.4439, ""damping_factor_eta_c"": 1.0}]"
s068_seed52458309_v215_baseline,52458309,215,val,baseline,,[]
s068_seed52458309_v215_fastener,52458309,215,val,fastener,,"[{""type"": ""fastener_failure"", ""label"": ""fastener_eta"", ""start_m"": 207.0, ""count"": 8, ""side"": ""both"", ""directions"": ""both"", ""stiffness_factor_eta_k"": 0.0, ""damping_factor_eta_c"": 1.0}]"
s068_seed52458309_v215_sleeper_void,52458309,215,val,sleeper_void,,"[{""type"": ""sleeper_void"", ""label"": ""sleeper_void"", ""start_m"": 235.8, ""count"": 3, ""side"": ""left"", ""directions"": ""vertical"", ""delta_gap_mm"": 0.98}]"
s068_seed52458309_v215_ballast,52458309,215,val,ballast,,"[{""type"": ""ballast_condition"", ""label"": ""ballast_loose"", ""start_m"": 211.2, ""count"": 78, ""side"": ""both"", ""directions"": ""vertical"", ""stiffness_factor_eta_k"": 0.5801, ""damping_factor_eta_c"": 1.0}]"
s068_seed52458309_v215_subgrade,52458309,215,val,subgrade,,"[{""type"": ""subgrade_condition"", ""label"": ""subgrade_weakened"", ""start_m"": 277.8, ""count"": 144, ""side"": ""both"", ""directions"": ""vertical"", ""stiffness_factor_eta_k"": 0.7943, ""damping_factor_eta_c"": 1.0}]"
s068_seed52458309_v215_coupled_fastener_sleeper_void,52458309,215,val,coupled_fastener_sleeper_void,,"[{""type"": ""fastener_failure"", ""label"": ""fastener_eta"", ""start_m"": 298.8, ""count"": 7, ""side"": ""both"", ""directions"": ""both"", ""stiffness_factor_eta_k"": 0.75, ""damping_factor_eta_c"": 1.0}, {""type"": ""sleeper_void"", ""label"": ""sleeper_void"", ""start_m"": 202.8, ""count"": 1, ""side"": ""both"", ""directions"": ""vertical"", ""delta_gap_mm"": 1.51}]"
s069_seed49194748_v215_baseline,49194748,215,test,baseline,,[]
s069_seed49194748_v215_fastener,49194748,215,test,fastener,,"[{""type"": ""fastener_failure"", ""label"": ""fastener_eta"", ""start_m"": 288.6, ""count"": 2, ""side"": ""left"", ""directions"": ""both"", ""stiffness_factor_eta_k"": 0.0, ""damping_factor_eta_c"": 1.0}]"
s069_seed49194748_v215_sleeper_void,49194748,215,test,sleeper_void,,"[{""type"": ""sleeper_void"", ""label"": ""sleeper_void"", ""start_m"": 222.6, ""count"": 1, ""side"": ""right"", ""directions"": ""vertical"", ""delta_gap_mm"": 1.12}]"
s069_seed49194748_v215_ballast,49194748,215,test,ballast,,"[{""type"": ""ballast_condition"", ""label"": ""ballast_hardened"", ""start_m"": 288.0, ""count"": 118, ""side"": ""left"", ""directions"": ""vertical"", ""stiffness_factor_eta_k"": 4.026, ""damping_factor_eta_c"": 1.0}]"
s069_seed49194748_v215_subgrade,49194748,215,test,subgrade,,"[{""type"": ""subgrade_condition"", ""label"": ""subgrade_weakened"", ""start_m"": 287.4, ""count"": 96, ""side"": ""both"", ""directions"": ""vertical"", ""stiffness_factor_eta_k"": 0.4327, ""damping_factor_eta_c"": 1.0}]"
s069_seed49194748_v215_coupled_subgrade_ballast,49194748,215,test,coupled_subgrade_ballast,,"[{""type"": ""subgrade_condition"", ""label"": ""subgrade_weakened"", ""start_m"": 174.6, ""count"": 158, ""side"": ""right"", ""directions"": ""vertical"", ""stiffness_factor_eta_k"": 0.4329, ""damping_factor_eta_c"": 1.0}, {""type"": ""ballast_condition"", ""label"": ""ballast_hardened"", ""start_m"": 196.2, ""count"": 150, ""side"": ""both"", ""directions"": ""vertical"", ""stiffness_factor_eta_k"": 2.9168, ""damping_factor_eta_c"": 1.0}]"
s070_seed25000043_v215_baseline,25000043,215,test,baseline,,[]
s070_seed25000043_v215_fastener,25000043,215,test,fastener,,"[{""type"": ""fastener_failure"", ""label"": ""fastener_eta"", ""start_m"": 214.2, ""count"": 3, ""side"": ""left"", ""directions"": ""both"", ""stiffness_factor_eta_k"": 0.25, ""damping_factor_eta_c"": 1.0}]"
s070_seed25000043_v215_sleeper_void,25000043,215,test,sleeper_void,,"[{""type"": ""sleeper_void"", ""label"": ""sleeper_void"", ""start_m"": 253.2, ""count"": 2, ""side"": ""both"", ""directions"": ""vertical"", ""delta_gap_mm"": 2.98}]"
s070_seed25000043_v215_ballast,25000043,215,test,ballast,,"[{""type"": ""ballast_condition"", ""label"": ""ballast_hardened"", ""start_m"": 297.6, ""count"": 57, ""side"": ""right"", ""directions"": ""vertical"", ""stiffness_factor_eta_k"": 7.9199, ""damping_factor_eta_c"": 1.0}]"
s070_seed25000043_v215_subgrade,25000043,215,test,subgrade,,"[{""type"": ""subgrade_condition"", ""label"": ""subgrade_weakened"", ""start_m"": 189.0, ""count"": 100, ""side"": ""left"", ""directions"": ""vertical"", ""stiffness_factor_eta_k"": 0.1319, ""damping_factor_eta_c"": 1.0}]"
s070_seed25000043_v215_coupled_fastener_sleeper_void,25000043,215,test,coupled_fastener_sleeper_void,,"[{""type"": ""fastener_failure"", ""label"": ""fastener_eta"", ""start_m"": 189.6, ""count"": 6, ""side"": ""right"", ""directions"": ""both"", ""stiffness_factor_eta_k"": 0.1, ""damping_factor_eta_c"": 1.0}, {""type"": ""sleeper_void"", ""label"": ""sleeper_void"", ""start_m"": 216.6, ""count"": 6, ""side"": ""both"", ""directions"": ""vertical"", ""delta_gap_mm"": 0.68}]"
s071_seed12458220_v215_baseline,12458220,215,test,baseline,,[]
s071_seed12458220_v215_fastener,12458220,215,test,fastener,,"[{""type"": ""fastener_failure"", ""label"": ""fastener_eta"", ""start_m"": 264.6, ""count"": 5, ""side"": ""both"", ""directions"": ""both"", ""stiffness_factor_eta_k"": 0.25, ""damping_factor_eta_c"": 1.0}]"
s071_seed12458220_v215_sleeper_void,12458220,215,test,sleeper_void,,"[{""type"": ""sleeper_void"", ""label"": ""sleeper_void"", ""start_m"": 281.4, ""count"": 7, ""side"": ""left"", ""directions"": ""vertical"", ""delta_gap_mm"": 1.96}]"
s071_seed12458220_v215_ballast,12458220,215,test,ballast,,"[{""type"": ""ballast_condition"", ""label"": ""ballast_loose"", ""start_m"": 182.4, ""count"": 96, ""side"": ""both"", ""directions"": ""vertical"", ""stiffness_factor_eta_k"": 0.7587, ""damping_factor_eta_c"": 1.0}]"
s071_seed12458220_v215_subgrade,12458220,215,test,subgrade,,"[{""type"": ""subgrade_condition"", ""label"": ""subgrade_weakened"", ""start_m"": 165.6, ""count"": 68, ""side"": ""right"", ""directions"": ""vertical"", ""stiffness_factor_eta_k"": 0.1892, ""damping_factor_eta_c"": 1.0}]"
s071_seed12458220_v215_coupled_subgrade_fastener,12458220,215,test,coupled_subgrade_fastener,,"[{""type"": ""subgrade_condition"", ""label"": ""subgrade_weakened"", ""start_m"": 254.4, ""count"": 44, ""side"": ""left"", ""directions"": ""vertical"", ""stiffness_factor_eta_k"": 0.3644, ""damping_factor_eta_c"": 1.0}, {""type"": ""fastener_failure"", ""label"": ""fastener_eta"", ""start_m"": 240.6, ""count"": 3, ""side"": ""left"", ""directions"": ""both"", ""stiffness_factor_eta_k"": 0.5, ""damping_factor_eta_c"": 1.0}]"
s072_seed56001826_v215_baseline,56001826,215,test,baseline,,[]
s072_seed56001826_v215_fastener,56001826,215,test,fastener,,"[{""type"": ""fastener_failure"", ""label"": ""fastener_eta"", ""start_m"": 292.2, ""count"": 2, ""side"": ""both"", ""directions"": ""both"", ""stiffness_factor_eta_k"": 0.1, ""damping_factor_eta_c"": 1.0}]"
s072_seed56001826_v215_sleeper_void,56001826,215,test,sleeper_void,,"[{""type"": ""sleeper_void"", ""label"": ""sleeper_void"", ""start_m"": 225.0, ""count"": 2, ""side"": ""both"", ""directions"": ""vertical"", ""delta_gap_mm"": 1.11}]"
s072_seed56001826_v215_ballast,56001826,215,test,ballast,,"[{""type"": ""ballast_condition"", ""label"": ""ballast_loose"", ""start_m"": 292.8, ""count"": 18, ""side"": ""both"", ""directions"": ""vertical"", ""stiffness_factor_eta_k"": 0.2575, ""damping_factor_eta_c"": 1.0}]"
s072_seed56001826_v215_subgrade,56001826,215,test,subgrade,,"[{""type"": ""subgrade_condition"", ""label"": ""subgrade_weakened"", ""start_m"": 256.8, ""count"": 46, ""side"": ""right"", ""directions"": ""vertical"", ""stiffness_factor_eta_k"": 0.3835, ""damping_factor_eta_c"": 1.0}]"
s072_seed56001826_v215_coupled_sleeper_void_ballast,56001826,215,test,coupled_sleeper_void_ballast,,"[{""type"": ""sleeper_void"", ""label"": ""sleeper_void"", ""start_m"": 268.2, ""count"": 6, ""side"": ""both"", ""directions"": ""vertical"", ""delta_gap_mm"": 0.65}, {""type"": ""ballast_condition"", ""label"": ""ballast_loose"", ""start_m"": 176.4, ""count"": 75, ""side"": ""both"", ""directions"": ""vertical"", ""stiffness_factor_eta_k"": 0.6254, ""damping_factor_eta_c"": 1.0}]"
s073_seed69648059_v250_baseline,69648059,250,train,baseline,,[]
s073_seed69648059_v250_fastener,69648059,250,train,fastener,,"[{""type"": ""fastener_failure"", ""label"": ""fastener_eta"", ""start_m"": 288.0, ""count"": 3, ""side"": ""both"", ""directions"": ""both"", ""stiffness_factor_eta_k"": 0.1, ""damping_factor_eta_c"": 1.0}]"
s073_seed69648059_v250_sleeper_void,69648059,250,train,sleeper_void,,"[{""type"": ""sleeper_void"", ""label"": ""sleeper_void"", ""start_m"": 165.0, ""count"": 7, ""side"": ""left"", ""directions"": ""vertical"", ""delta_gap_mm"": 1.15}]"
s073_seed69648059_v250_ballast,69648059,250,train,ballast,,"[{""type"": ""ballast_condition"", ""label"": ""ballast_hardened"", ""start_m"": 153.6, ""count"": 140, ""side"": ""both"", ""directions"": ""vertical"", ""stiffness_factor_eta_k"": 6.9189, ""damping_factor_eta_c"": 1.0}]"
s073_seed69648059_v250_subgrade,69648059,250,train,subgrade,,"[{""type"": ""subgrade_condition"", ""label"": ""subgrade_weakened"", ""start_m"": 280.2, ""count"": 160, ""side"": ""left"", ""directions"": ""vertical"", ""stiffness_factor_eta_k"": 0.5977, ""damping_factor_eta_c"": 1.0}]"
s073_seed69648059_v250_coupled_fastener_subgrade,69648059,250,train,coupled_fastener_subgrade,,"[{""type"": ""fastener_failure"", ""label"": ""fastener_eta"", ""start_m"": 216.6, ""count"": 2, ""side"": ""right"", ""directions"": ""both"", ""stiffness_factor_eta_k"": 0.75, ""damping_factor_eta_c"": 1.0}, {""type"": ""subgrade_condition"", ""label"": ""subgrade_weakened"", ""start_m"": 192.6, ""count"": 60, ""side"": ""left"", ""directions"": ""vertical"", ""stiffness_factor_eta_k"": 0.7296, ""damping_factor_eta_c"": 1.0}]"
s074_seed87908906_v250_baseline,87908906,250,train,baseline,,[]
s074_seed87908906_v250_fastener,87908906,250,train,fastener,,"[{""type"": ""fastener_failure"", ""label"": ""fastener_eta"", ""start_m"": 185.4, ""count"": 5, ""side"": ""both"", ""directions"": ""both"", ""stiffness_factor_eta_k"": 0.1, ""damping_factor_eta_c"": 1.0}]"
s074_seed87908906_v250_sleeper_void,87908906,250,train,sleeper_void,,"[{""type"": ""sleeper_void"", ""label"": ""sleeper_void"", ""start_m"": 292.8, ""count"": 4, ""side"": ""right"", ""directions"": ""vertical"", ""delta_gap_mm"": 1.3}]"
s074_seed87908906_v250_ballast,87908906,250,train,ballast,,"[{""type"": ""ballast_condition"", ""label"": ""ballast_loose"", ""start_m"": 214.2, ""count"": 95, ""side"": ""right"", ""directions"": ""vertical"", ""stiffness_factor_eta_k"": 0.3791, ""damping_factor_eta_c"": 1.0}]"
s074_seed87908906_v250_subgrade,87908906,250,train,subgrade,,"[{""type"": ""subgrade_condition"", ""label"": ""subgrade_weakened"", ""start_m"": 202.8, ""count"": 30, ""side"": ""right"", ""directions"": ""vertical"", ""stiffness_factor_eta_k"": 0.3504, ""damping_factor_eta_c"": 1.0}]"
s074_seed87908906_v250_coupled_sleeper_void_ballast,87908906,250,train,coupled_sleeper_void_ballast,,"[{""type"": ""sleeper_void"", ""label"": ""sleeper_void"", ""start_m"": 183.0, ""count"": 7, ""side"": ""right"", ""directions"": ""vertical"", ""delta_gap_mm"": 0.88}, {""type"": ""ballast_condition"", ""label"": ""ballast_loose"", ""start_m"": 241.2, ""count"": 114, ""side"": ""right"", ""directions"": ""vertical"", ""stiffness_factor_eta_k"": 0.6974, ""damping_factor_eta_c"": 1.0}]"
s075_seed68021725_v250_baseline,68021725,250,train,baseline,,[]
s075_seed68021725_v250_fastener,68021725,250,train,fastener,,"[{""type"": ""fastener_failure"", ""label"": ""fastener_eta"", ""start_m"": 191.4, ""count"": 8, ""side"": ""both"", ""directions"": ""both"", ""stiffness_factor_eta_k"": 0.1, ""damping_factor_eta_c"": 1.0}]"
s075_seed68021725_v250_sleeper_void,68021725,250,train,sleeper_void,,"[{""type"": ""sleeper_void"", ""label"": ""sleeper_void"", ""start_m"": 178.8, ""count"": 6, ""side"": ""left"", ""directions"": ""vertical"", ""delta_gap_mm"": 0.57}]"
s075_seed68021725_v250_ballast,68021725,250,train,ballast,,"[{""type"": ""ballast_condition"", ""label"": ""ballast_loose"", ""start_m"": 200.4, ""count"": 104, ""side"": ""both"", ""directions"": ""vertical"", ""stiffness_factor_eta_k"": 0.6524, ""damping_factor_eta_c"": 1.0}]"
s075_seed68021725_v250_subgrade,68021725,250,train,subgrade,,"[{""type"": ""subgrade_condition"", ""label"": ""subgrade_weakened"", ""start_m"": 240.0, ""count"": 84, ""side"": ""both"", ""directions"": ""vertical"", ""stiffness_factor_eta_k"": 0.341, ""damping_factor_eta_c"": 1.0}]"
s075_seed68021725_v250_coupled_subgrade_sleeper_void,68021725,250,train,coupled_subgrade_sleeper_void,,"[{""type"": ""subgrade_condition"", ""label"": ""subgrade_weakened"", ""start_m"": 275.4, ""count"": 53, ""side"": ""right"", ""directions"": ""vertical"", ""stiffness_factor_eta_k"": 0.2435, ""damping_factor_eta_c"": 1.0}, {""type"": ""sleeper_void"", ""label"": ""sleeper_void"", ""start_m"": 279.6, ""count"": 4, ""side"": ""right"", ""directions"": ""vertical"", ""delta_gap_mm"": 2.61}]"
s076_seed48935295_v250_baseline,48935295,250,train,baseline,,[]
s076_seed48935295_v250_fastener,48935295,250,train,fastener,,"[{""type"": ""fastener_failure"", ""label"": ""fastener_eta"", ""start_m"": 232.8, ""count"": 2, ""side"": ""both"", ""directions"": ""both"", ""stiffness_factor_eta_k"": 0.1, ""damping_factor_eta_c"": 1.0}]"
s076_seed48935295_v250_sleeper_void,48935295,250,train,sleeper_void,,"[{""type"": ""sleeper_void"", ""label"": ""sleeper_void"", ""start_m"": 263.4, ""count"": 10, ""side"": ""left"", ""directions"": ""vertical"", ""delta_gap_mm"": 0.83}]"
s076_seed48935295_v250_ballast,48935295,250,train,ballast,,"[{""type"": ""ballast_condition"", ""label"": ""ballast_loose"", ""start_m"": 266.4, ""count"": 110, ""side"": ""left"", ""directions"": ""vertical"", ""stiffness_factor_eta_k"": 0.1914, ""damping_factor_eta_c"": 1.0}]"
s076_seed48935295_v250_subgrade,48935295,250,train,subgrade,,"[{""type"": ""subgrade_condition"", ""label"": ""subgrade_weakened"", ""start_m"": 245.4, ""count"": 144, ""side"": ""both"", ""directions"": ""vertical"", ""stiffness_factor_eta_k"": 0.5439, ""damping_factor_eta_c"": 1.0}]"
s076_seed48935295_v250_coupled_ballast_fastener,48935295,250,train,coupled_ballast_fastener,,"[{""type"": ""ballast_condition"", ""label"": ""ballast_hardened"", ""start_m"": 259.8, ""count"": 159, ""side"": ""both"", ""directions"": ""vertical"", ""stiffness_factor_eta_k"": 4.9908, ""damping_factor_eta_c"": 1.0}, {""type"": ""fastener_failure"", ""label"": ""fastener_eta"", ""start_m"": 157.8, ""count"": 5, ""side"": ""left"", ""directions"": ""both"", ""stiffness_factor_eta_k"": 0.25, ""damping_factor_eta_c"": 1.0}]"
s077_seed91226907_v250_baseline,91226907,250,train,baseline,,[]
s077_seed91226907_v250_fastener,91226907,250,train,fastener,,"[{""type"": ""fastener_failure"", ""label"": ""fastener_eta"", ""start_m"": 279.6, ""count"": 7, ""side"": ""both"", ""directions"": ""both"", ""stiffness_factor_eta_k"": 0.5, ""damping_factor_eta_c"": 1.0}]"
s077_seed91226907_v250_sleeper_void,91226907,250,train,sleeper_void,,"[{""type"": ""sleeper_void"", ""label"": ""sleeper_void"", ""start_m"": 175.2, ""count"": 4, ""side"": ""left"", ""directions"": ""vertical"", ""delta_gap_mm"": 0.65}]"
s077_seed91226907_v250_ballast,91226907,250,train,ballast,,"[{""type"": ""ballast_condition"", ""label"": ""ballast_loose"", ""start_m"": 280.8, ""count"": 14, ""side"": ""both"", ""directions"": ""vertical"", ""stiffness_factor_eta_k"": 0.6439, ""damping_factor_eta_c"": 1.0}]"
s077_seed91226907_v250_subgrade,91226907,250,train,subgrade,,"[{""type"": ""subgrade_condition"", ""label"": ""subgrade_weakened"", ""start_m"": 150.0, ""count"": 34, ""side"": ""both"", ""directions"": ""vertical"", ""stiffness_factor_eta_k"": 0.1005, ""damping_factor_eta_c"": 1.0}]"
s077_seed91226907_v250_coupled_ballast_sleeper_void,91226907,250,train,coupled_ballast_sleeper_void,,"[{""type"": ""ballast_condition"", ""label"": ""ballast_loose"", ""start_m"": 162.6, ""count"": 120, ""side"": ""right"", ""directions"": ""vertical"", ""stiffness_factor_eta_k"": 0.296, ""damping_factor_eta_c"": 1.0}, {""type"": ""sleeper_void"", ""label"": ""sleeper_void"", ""start_m"": 292.8, ""count"": 5, ""side"": ""right"", ""directions"": ""vertical"", ""delta_gap_mm"": 2.12}]"
s078_seed74088663_v250_baseline,74088663,250,train,baseline,,[]
s078_seed74088663_v250_fastener,74088663,250,train,fastener,,"[{""type"": ""fastener_failure"", ""label"": ""fastener_eta"", ""start_m"": 192.6, ""count"": 2, ""side"": ""right"", ""directions"": ""both"", ""stiffness_factor_eta_k"": 0.75, ""damping_factor_eta_c"": 1.0}]"
s078_seed74088663_v250_sleeper_void,74088663,250,train,sleeper_void,,"[{""type"": ""sleeper_void"", ""label"": ""sleeper_void"", ""start_m"": 274.2, ""count"": 3, ""side"": ""both"", ""directions"": ""vertical"", ""delta_gap_mm"": 2.13}]"
s078_seed74088663_v250_ballast,74088663,250,train,ballast,,"[{""type"": ""ballast_condition"", ""label"": ""ballast_hardened"", ""start_m"": 261.0, ""count"": 139, ""side"": ""both"", ""directions"": ""vertical"", ""stiffness_factor_eta_k"": 5.533, ""damping_factor_eta_c"": 1.0}]"
s078_seed74088663_v250_subgrade,74088663,250,train,subgrade,,"[{""type"": ""subgrade_condition"", ""label"": ""subgrade_weakened"", ""start_m"": 208.2, ""count"": 130, ""side"": ""both"", ""directions"": ""vertical"", ""stiffness_factor_eta_k"": 0.3346, ""damping_factor_eta_c"": 1.0}]"
s078_seed74088663_v250_coupled_sleeper_void_ballast,74088663,250,train,coupled_sleeper_void_ballast,,"[{""type"": ""sleeper_void"", ""label"": ""sleeper_void"", ""start_m"": 229.2, ""count"": 2, ""side"": ""right"", ""directions"": ""vertical"", ""delta_gap_mm"": 1.43}, {""type"": ""ballast_condition"", ""label"": ""ballast_loose"", ""start_m"": 288.0, ""count"": 143, ""side"": ""both"", ""directions"": ""vertical"", ""stiffness_factor_eta_k"": 0.1724, ""damping_factor_eta_c"": 1.0}]"
s079_seed54432337_v250_baseline,54432337,250,train,baseline,,[]
s079_seed54432337_v250_fastener,54432337,250,train,fastener,,"[{""type"": ""fastener_failure"", ""label"": ""fastener_eta"", ""start_m"": 256.8, ""count"": 8, ""side"": ""right"", ""directions"": ""both"", ""stiffness_factor_eta_k"": 0.75, ""damping_factor_eta_c"": 1.0}]"
s079_seed54432337_v250_sleeper_void,54432337,250,train,sleeper_void,,"[{""type"": ""sleeper_void"", ""label"": ""sleeper_void"", ""start_m"": 211.2, ""count"": 9, ""side"": ""both"", ""directions"": ""vertical"", ""delta_gap_mm"": 2.73}]"
s079_seed54432337_v250_ballast,54432337,250,train,ballast,,"[{""type"": ""ballast_condition"", ""label"": ""ballast_loose"", ""start_m"": 216.6, ""count"": 87, ""side"": ""both"", ""directions"": ""vertical"", ""stiffness_factor_eta_k"": 0.5468, ""damping_factor_eta_c"": 1.0}]"
s079_seed54432337_v250_subgrade,54432337,250,train,subgrade,,"[{""type"": ""subgrade_condition"", ""label"": ""subgrade_weakened"", ""start_m"": 226.2, ""count"": 118, ""side"": ""both"", ""directions"": ""vertical"", ""stiffness_factor_eta_k"": 0.7826, ""damping_factor_eta_c"": 1.0}]"
s079_seed54432337_v250_coupled_subgrade_ballast,54432337,250,train,coupled_subgrade_ballast,,"[{""type"": ""subgrade_condition"", ""label"": ""subgrade_weakened"", ""start_m"": 212.4, ""count"": 114, ""side"": ""right"", ""directions"": ""vertical"", ""stiffness_factor_eta_k"": 0.4355, ""damping_factor_eta_c"": 1.0}, {""type"": ""ballast_condition"", ""label"": ""ballast_loose"", ""start_m"": 297.6, ""count"": 96, ""side"": ""both"", ""directions"": ""vertical"", ""stiffness_factor_eta_k"": 0.6193, ""damping_factor_eta_c"": 1.0}]"
s080_seed48623433_v250_baseline,48623433,250,train,baseline,,[]
s080_seed48623433_v250_fastener,48623433,250,train,fastener,,"[{""type"": ""fastener_failure"", ""label"": ""fastener_eta"", ""start_m"": 193.2, ""count"": 6, ""side"": ""left"", ""directions"": ""both"", ""stiffness_factor_eta_k"": 0.75, ""damping_factor_eta_c"": 1.0}]"
s080_seed48623433_v250_sleeper_void,48623433,250,train,sleeper_void,,"[{""type"": ""sleeper_void"", ""label"": ""sleeper_void"", ""start_m"": 299.4, ""count"": 10, ""side"": ""both"", ""directions"": ""vertical"", ""delta_gap_mm"": 1.75}]"
s080_seed48623433_v250_ballast,48623433,250,train,ballast,,"[{""type"": ""ballast_condition"", ""label"": ""ballast_loose"", ""start_m"": 296.4, ""count"": 117, ""side"": ""right"", ""directions"": ""vertical"", ""stiffness_factor_eta_k"": 0.4602, ""damping_factor_eta_c"": 1.0}]"
s080_seed48623433_v250_subgrade,48623433,250,train,subgrade,,"[{""type"": ""subgrade_condition"", ""label"": ""subgrade_weakened"", ""start_m"": 183.6, ""count"": 116, ""side"": ""both"", ""directions"": ""vertical"", ""stiffness_factor_eta_k"": 0.3521, ""damping_factor_eta_c"": 1.0}]"
s080_seed48623433_v250_coupled_fastener_sleeper_void,48623433,250,train,coupled_fastener_sleeper_void,,"[{""type"": ""fastener_failure"", ""label"": ""fastener_eta"", ""start_m"": 228.6, ""count"": 9, ""side"": ""right"", ""directions"": ""both"", ""stiffness_factor_eta_k"": 0.75, ""damping_factor_eta_c"": 1.0}, {""type"": ""sleeper_void"", ""label"": ""sleeper_void"", ""start_m"": 174.0, ""count"": 5, ""side"": ""right"", ""directions"": ""vertical"", ""delta_gap_mm"": 2.72}]"
s081_seed17756380_v250_baseline,17756380,250,train,baseline,,[]
s081_seed17756380_v250_fastener,17756380,250,train,fastener,,"[{""type"": ""fastener_failure"", ""label"": ""fastener_eta"", ""start_m"": 198.0, ""count"": 9, ""side"": ""both"", ""directions"": ""both"", ""stiffness_factor_eta_k"": 0.0, ""damping_factor_eta_c"": 1.0}]"
s081_seed17756380_v250_sleeper_void,17756380,250,train,sleeper_void,,"[{""type"": ""sleeper_void"", ""label"": ""sleeper_void"", ""start_m"": 254.4, ""count"": 9, ""side"": ""both"", ""directions"": ""vertical"", ""delta_gap_mm"": 2.1}]"
s081_seed17756380_v250_ballast,17756380,250,train,ballast,,"[{""type"": ""ballast_condition"", ""label"": ""ballast_hardened"", ""start_m"": 285.6, ""count"": 84, ""side"": ""both"", ""directions"": ""vertical"", ""stiffness_factor_eta_k"": 4.1692, ""damping_factor_eta_c"": 1.0}]"
s081_seed17756380_v250_subgrade,17756380,250,train,subgrade,,"[{""type"": ""subgrade_condition"", ""label"": ""subgrade_weakened"", ""start_m"": 234.6, ""count"": 96, ""side"": ""left"", ""directions"": ""vertical"", ""stiffness_factor_eta_k"": 0.3602, ""damping_factor_eta_c"": 1.0}]"
s081_seed17756380_v250_coupled_sleeper_void_subgrade,17756380,250,train,coupled_sleeper_void_subgrade,,"[{""type"": ""sleeper_void"", ""label"": ""sleeper_void"", ""start_m"": 205.8, ""count"": 3, ""side"": ""left"", ""directions"": ""vertical"", ""delta_gap_mm"": 2.38}, {""type"": ""subgrade_condition"", ""label"": ""subgrade_weakened"", ""start_m"": 169.8, ""count"": 136, ""side"": ""both"", ""directions"": ""vertical"", ""stiffness_factor_eta_k"": 0.6748, ""damping_factor_eta_c"": 1.0}]"
s082_seed97586033_v250_baseline,97586033,250,train,baseline,,[]
s082_seed97586033_v250_fastener,97586033,250,train,fastener,,"[{""type"": ""fastener_failure"", ""label"": ""fastener_eta"", ""start_m"": 214.8, ""count"": 6, ""side"": ""both"", ""directions"": ""both"", ""stiffness_factor_eta_k"": 0.1, ""damping_factor_eta_c"": 1.0}]"
s082_seed97586033_v250_sleeper_void,97586033,250,train,sleeper_void,,"[{""type"": ""sleeper_void"", ""label"": ""sleeper_void"", ""start_m"": 159.6, ""count"": 1, ""side"": ""both"", ""directions"": ""vertical"", ""delta_gap_mm"": 2.12}]"
s082_seed97586033_v250_ballast,97586033,250,train,ballast,,"[{""type"": ""ballast_condition"", ""label"": ""ballast_hardened"", ""start_m"": 162.0, ""count"": 137, ""side"": ""right"", ""directions"": ""vertical"", ""stiffness_factor_eta_k"": 3.4997, ""damping_factor_eta_c"": 1.0}]"
s082_seed97586033_v250_subgrade,97586033,250,train,subgrade,,"[{""type"": ""subgrade_condition"", ""label"": ""subgrade_weakened"", ""start_m"": 231.6, ""count"": 74, ""side"": ""both"", ""directions"": ""vertical"", ""stiffness_factor_eta_k"": 0.3816, ""damping_factor_eta_c"": 1.0}]"
s082_seed97586033_v250_coupled_ballast_sleeper_void,97586033,250,train,coupled_ballast_sleeper_void,,"[{""type"": ""ballast_condition"", ""label"": ""ballast_hardened"", ""start_m"": 216.0, ""count"": 82, ""side"": ""right"", ""directions"": ""vertical"", ""stiffness_factor_eta_k"": 3.4941, ""damping_factor_eta_c"": 1.0}, {""type"": ""sleeper_void"", ""label"": ""sleeper_void"", ""start_m"": 275.4, ""count"": 1, ""side"": ""both"", ""directions"": ""vertical"", ""delta_gap_mm"": 2.97}]"
s083_seed19673014_v250_baseline,19673014,250,train,baseline,,[]
s083_seed19673014_v250_fastener,19673014,250,train,fastener,,"[{""type"": ""fastener_failure"", ""label"": ""fastener_eta"", ""start_m"": 267.0, ""count"": 4, ""side"": ""both"", ""directions"": ""both"", ""stiffness_factor_eta_k"": 0.25, ""damping_factor_eta_c"": 1.0}]"
s083_seed19673014_v250_sleeper_void,19673014,250,train,sleeper_void,,"[{""type"": ""sleeper_void"", ""label"": ""sleeper_void"", ""start_m"": 238.8, ""count"": 2, ""side"": ""both"", ""directions"": ""vertical"", ""delta_gap_mm"": 0.78}]"
s083_seed19673014_v250_ballast,19673014,250,train,ballast,,"[{""type"": ""ballast_condition"", ""label"": ""ballast_loose"", ""start_m"": 225.6, ""count"": 87, ""side"": ""both"", ""directions"": ""vertical"", ""stiffness_factor_eta_k"": 0.7096, ""damping_factor_eta_c"": 1.0}]"
s083_seed19673014_v250_subgrade,19673014,250,train,subgrade,,"[{""type"": ""subgrade_condition"", ""label"": ""subgrade_weakened"", ""start_m"": 231.6, ""count"": 140, ""side"": ""both"", ""directions"": ""vertical"", ""stiffness_factor_eta_k"": 0.3278, ""damping_factor_eta_c"": 1.0}]"
s083_seed19673014_v250_coupled_fastener_sleeper_void,19673014,250,train,coupled_fastener_sleeper_void,,"[{""type"": ""fastener_failure"", ""label"": ""fastener_eta"", ""start_m"": 255.6, ""count"": 2, ""side"": ""left"", ""directions"": ""both"", ""stiffness_factor_eta_k"": 0.1, ""damping_factor_eta_c"": 1.0}, {""type"": ""sleeper_void"", ""label"": ""sleeper_void"", ""start_m"": 192.6, ""count"": 9, ""side"": ""right"", ""directions"": ""vertical"", ""delta_gap_mm"": 2.28}]"
s084_seed31337175_v250_baseline,31337175,250,train,baseline,,[]
s084_seed31337175_v250_fastener,31337175,250,train,fastener,,"[{""type"": ""fastener_failure"", ""label"": ""fastener_eta"", ""start_m"": 152.4, ""count"": 2, ""side"": ""both"", ""directions"": ""both"", ""stiffness_factor_eta_k"": 0.1, ""damping_factor_eta_c"": 1.0}]"
s084_seed31337175_v250_sleeper_void,31337175,250,train,sleeper_void,,"[{""type"": ""sleeper_void"", ""label"": ""sleeper_void"", ""start_m"": 291.6, ""count"": 4, ""side"": ""right"", ""directions"": ""vertical"", ""delta_gap_mm"": 0.68}]"
s084_seed31337175_v250_ballast,31337175,250,train,ballast,,"[{""type"": ""ballast_condition"", ""label"": ""ballast_loose"", ""start_m"": 158.4, ""count"": 167, ""side"": ""both"", ""directions"": ""vertical"", ""stiffness_factor_eta_k"": 0.6537, ""damping_factor_eta_c"": 1.0}]"
s084_seed31337175_v250_subgrade,31337175,250,train,subgrade,,"[{""type"": ""subgrade_condition"", ""label"": ""subgrade_weakened"", ""start_m"": 189.6, ""count"": 77, ""side"": ""left"", ""directions"": ""vertical"", ""stiffness_factor_eta_k"": 0.3104, ""damping_factor_eta_c"": 1.0}]"
s084_seed31337175_v250_coupled_subgrade_ballast,31337175,250,train,coupled_subgrade_ballast,,"[{""type"": ""subgrade_condition"", ""label"": ""subgrade_weakened"", ""start_m"": 298.2, ""count"": 40, ""side"": ""right"", ""directions"": ""vertical"", ""stiffness_factor_eta_k"": 0.3264, ""damping_factor_eta_c"": 1.0}, {""type"": ""ballast_condition"", ""label"": ""ballast_hardened"", ""start_m"": 268.2, ""count"": 29, ""side"": ""left"", ""directions"": ""vertical"", ""stiffness_factor_eta_k"": 4.3435, ""damping_factor_eta_c"": 1.0}]"
s085_seed56500237_v250_baseline,56500237,250,train,baseline,,[]
s085_seed56500237_v250_fastener,56500237,250,train,fastener,,"[{""type"": ""fastener_failure"", ""label"": ""fastener_eta"", ""start_m"": 165.6, ""count"": 7, ""side"": ""both"", ""directions"": ""both"", ""stiffness_factor_eta_k"": 0.0, ""damping_factor_eta_c"": 1.0}]"
s085_seed56500237_v250_sleeper_void,56500237,250,train,sleeper_void,,"[{""type"": ""sleeper_void"", ""label"": ""sleeper_void"", ""start_m"": 258.0, ""count"": 10, ""side"": ""both"", ""directions"": ""vertical"", ""delta_gap_mm"": 1.35}]"
s085_seed56500237_v250_ballast,56500237,250,train,ballast,,"[{""type"": ""ballast_condition"", ""label"": ""ballast_loose"", ""start_m"": 181.2, ""count"": 120, ""side"": ""left"", ""directions"": ""vertical"", ""stiffness_factor_eta_k"": 0.7422, ""damping_factor_eta_c"": 1.0}]"
s085_seed56500237_v250_subgrade,56500237,250,train,subgrade,,"[{""type"": ""subgrade_condition"", ""label"": ""subgrade_weakened"", ""start_m"": 211.2, ""count"": 146, ""side"": ""right"", ""directions"": ""vertical"", ""stiffness_factor_eta_k"": 0.3592, ""damping_factor_eta_c"": 1.0}]"
s085_seed56500237_v250_coupled_sleeper_void_fastener,56500237,250,train,coupled_sleeper_void_fastener,,"[{""type"": ""sleeper_void"", ""label"": ""sleeper_void"", ""start_m"": 223.2, ""count"": 2, ""side"": ""left"", ""directions"": ""vertical"", ""delta_gap_mm"": 2.52}, {""type"": ""fastener_failure"", ""label"": ""fastener_eta"", ""start_m"": 201.6, ""count"": 2, ""side"": ""both"", ""directions"": ""both"", ""stiffness_factor_eta_k"": 0.75, ""damping_factor_eta_c"": 1.0}]"
s086_seed34271439_v250_baseline,34271439,250,train,baseline,,[]
s086_seed34271439_v250_fastener,34271439,250,train,fastener,,"[{""type"": ""fastener_failure"", ""label"": ""fastener_eta"", ""start_m"": 160.8, ""count"": 9, ""side"": ""both"", ""directions"": ""both"", ""stiffness_factor_eta_k"": 0.1, ""damping_factor_eta_c"": 1.0}]"
s086_seed34271439_v250_sleeper_void,34271439,250,train,sleeper_void,,"[{""type"": ""sleeper_void"", ""label"": ""sleeper_void"", ""start_m"": 189.0, ""count"": 8, ""side"": ""left"", ""directions"": ""vertical"", ""delta_gap_mm"": 2.17}]"
s086_seed34271439_v250_ballast,34271439,250,train,ballast,,"[{""type"": ""ballast_condition"", ""label"": ""ballast_hardened"", ""start_m"": 211.2, ""count"": 84, ""side"": ""both"", ""directions"": ""vertical"", ""stiffness_factor_eta_k"": 2.0165, ""damping_factor_eta_c"": 1.0}]"
s086_seed34271439_v250_subgrade,34271439,250,train,subgrade,,"[{""type"": ""subgrade_condition"", ""label"": ""subgrade_weakened"", ""start_m"": 290.4, ""count"": 144, ""side"": ""right"", ""directions"": ""vertical"", ""stiffness_factor_eta_k"": 0.4351, ""damping_factor_eta_c"": 1.0}]"
s086_seed34271439_v250_coupled_ballast_subgrade,34271439,250,train,coupled_ballast_subgrade,,"[{""type"": ""ballast_condition"", ""label"": ""ballast_hardened"", ""start_m"": 163.2, ""count"": 154, ""side"": ""both"", ""directions"": ""vertical"", ""stiffness_factor_eta_k"": 3.609, ""damping_factor_eta_c"": 1.0}, {""type"": ""subgrade_condition"", ""label"": ""subgrade_weakened"", ""start_m"": 205.2, ""count"": 59, ""side"": ""both"", ""directions"": ""vertical"", ""stiffness_factor_eta_k"": 0.5293, ""damping_factor_eta_c"": 1.0}]"
s087_seed24576532_v250_baseline,24576532,250,train,baseline,,[]
s087_seed24576532_v250_fastener,24576532,250,train,fastener,,"[{""type"": ""fastener_failure"", ""label"": ""fastener_eta"", ""start_m"": 154.8, ""count"": 9, ""side"": ""both"", ""directions"": ""both"", ""stiffness_factor_eta_k"": 0.75, ""damping_factor_eta_c"": 1.0}]"
s087_seed24576532_v250_sleeper_void,24576532,250,train,sleeper_void,,"[{""type"": ""sleeper_void"", ""label"": ""sleeper_void"", ""start_m"": 171.0, ""count"": 4, ""side"": ""both"", ""directions"": ""vertical"", ""delta_gap_mm"": 1.33}]"
s087_seed24576532_v250_ballast,24576532,250,train,ballast,,"[{""type"": ""ballast_condition"", ""label"": ""ballast_hardened"", ""start_m"": 300.0, ""count"": 76, ""side"": ""left"", ""directions"": ""vertical"", ""stiffness_factor_eta_k"": 3.8826, ""damping_factor_eta_c"": 1.0}]"
s087_seed24576532_v250_subgrade,24576532,250,train,subgrade,,"[{""type"": ""subgrade_condition"", ""label"": ""subgrade_weakened"", ""start_m"": 167.4, ""count"": 68, ""side"": ""left"", ""directions"": ""vertical"", ""stiffness_factor_eta_k"": 0.2726, ""damping_factor_eta_c"": 1.0}]"
s087_seed24576532_v250_coupled_sleeper_void_subgrade,24576532,250,train,coupled_sleeper_void_subgrade,,"[{""type"": ""sleeper_void"", ""label"": ""sleeper_void"", ""start_m"": 216.6, ""count"": 5, ""side"": ""both"", ""directions"": ""vertical"", ""delta_gap_mm"": 0.78}, {""type"": ""subgrade_condition"", ""label"": ""subgrade_weakened"", ""start_m"": 210.0, ""count"": 126, ""side"": ""both"", ""directions"": ""vertical"", ""stiffness_factor_eta_k"": 0.3043, ""damping_factor_eta_c"": 1.0}]"
s088_seed54586931_v250_baseline,54586931,250,train,baseline,,[]
s088_seed54586931_v250_fastener,54586931,250,train,fastener,,"[{""type"": ""fastener_failure"", ""label"": ""fastener_eta"", ""start_m"": 253.8, ""count"": 7, ""side"": ""right"", ""directions"": ""both"", ""stiffness_factor_eta_k"": 0.1, ""damping_factor_eta_c"": 1.0}]"
s088_seed54586931_v250_sleeper_void,54586931,250,train,sleeper_void,,"[{""type"": ""sleeper_void"", ""label"": ""sleeper_void"", ""start_m"": 158.4, ""count"": 10, ""side"": ""right"", ""directions"": ""vertical"", ""delta_gap_mm"": 1.98}]"
s088_seed54586931_v250_ballast,54586931,250,train,ballast,,"[{""type"": ""ballast_condition"", ""label"": ""ballast_loose"", ""start_m"": 251.4, ""count"": 112, ""side"": ""right"", ""directions"": ""vertical"", ""stiffness_factor_eta_k"": 0.4342, ""damping_factor_eta_c"": 1.0}]"
s088_seed54586931_v250_subgrade,54586931,250,train,subgrade,,"[{""type"": ""subgrade_condition"", ""label"": ""subgrade_weakened"", ""start_m"": 300.0, ""count"": 87, ""side"": ""right"", ""directions"": ""vertical"", ""stiffness_factor_eta_k"": 0.4176, ""damping_factor_eta_c"": 1.0}]"
s088_seed54586931_v250_coupled_fastener_ballast,54586931,250,train,coupled_fastener_ballast,,"[{""type"": ""fastener_failure"", ""label"": ""fastener_eta"", ""start_m"": 171.0, ""count"": 7, ""side"": ""right"", ""directions"": ""both"", ""stiffness_factor_eta_k"": 0.75, ""damping_factor_eta_c"": 1.0}, {""type"": ""ballast_condition"", ""label"": ""ballast_loose"", ""start_m"": 175.2, ""count"": 145, ""side"": ""right"", ""directions"": ""vertical"", ""stiffness_factor_eta_k"": 0.5752, ""damping_factor_eta_c"": 1.0}]"
s089_seed36231494_v250_baseline,36231494,250,train,baseline,,[]
s089_seed36231494_v250_fastener,36231494,250,train,fastener,,"[{""type"": ""fastener_failure"", ""label"": ""fastener_eta"", ""start_m"": 244.8, ""count"": 5, ""side"": ""right"", ""directions"": ""both"", ""stiffness_factor_eta_k"": 0.0, ""damping_factor_eta_c"": 1.0}]"
s089_seed36231494_v250_sleeper_void,36231494,250,train,sleeper_void,,"[{""type"": ""sleeper_void"", ""label"": ""sleeper_void"", ""start_m"": 252.0, ""count"": 9, ""side"": ""left"", ""directions"": ""vertical"", ""delta_gap_mm"": 1.95}]"
s089_seed36231494_v250_ballast,36231494,250,train,ballast,,"[{""type"": ""ballast_condition"", ""label"": ""ballast_hardened"", ""start_m"": 282.6, ""count"": 159, ""side"": ""both"", ""directions"": ""vertical"", ""stiffness_factor_eta_k"": 2.8761, ""damping_factor_eta_c"": 1.0}]"
s089_seed36231494_v250_subgrade,36231494,250,train,subgrade,,"[{""type"": ""subgrade_condition"", ""label"": ""subgrade_weakened"", ""start_m"": 291.0, ""count"": 36, ""side"": ""right"", ""directions"": ""vertical"", ""stiffness_factor_eta_k"": 0.6053, ""damping_factor_eta_c"": 1.0}]"
s089_seed36231494_v250_coupled_subgrade_sleeper_void,36231494,250,train,coupled_subgrade_sleeper_void,,"[{""type"": ""subgrade_condition"", ""label"": ""subgrade_weakened"", ""start_m"": 153.6, ""count"": 74, ""side"": ""both"", ""directions"": ""vertical"", ""stiffness_factor_eta_k"": 0.2316, ""damping_factor_eta_c"": 1.0}, {""type"": ""sleeper_void"", ""label"": ""sleeper_void"", ""start_m"": 235.8, ""count"": 3, ""side"": ""left"", ""directions"": ""vertical"", ""delta_gap_mm"": 1.85}]"
s090_seed35968468_v250_baseline,35968468,250,val,baseline,,[]
s090_seed35968468_v250_fastener,35968468,250,val,fastener,,"[{""type"": ""fastener_failure"", ""label"": ""fastener_eta"", ""start_m"": 276.6, ""count"": 9, ""side"": ""both"", ""directions"": ""both"", ""stiffness_factor_eta_k"": 0.1, ""damping_factor_eta_c"": 1.0}]"
s090_seed35968468_v250_sleeper_void,35968468,250,val,sleeper_void,,"[{""type"": ""sleeper_void"", ""label"": ""sleeper_void"", ""start_m"": 175.8, ""count"": 2, ""side"": ""right"", ""directions"": ""vertical"", ""delta_gap_mm"": 1.73}]"
s090_seed35968468_v250_ballast,35968468,250,val,ballast,,"[{""type"": ""ballast_condition"", ""label"": ""ballast_hardened"", ""start_m"": 200.4, ""count"": 127, ""side"": ""both"", ""directions"": ""vertical"", ""stiffness_factor_eta_k"": 3.4885, ""damping_factor_eta_c"": 1.0}]"
s090_seed35968468_v250_subgrade,35968468,250,val,subgrade,,"[{""type"": ""subgrade_condition"", ""label"": ""subgrade_weakened"", ""start_m"": 295.2, ""count"": 43, ""side"": ""both"", ""directions"": ""vertical"", ""stiffness_factor_eta_k"": 0.5666, ""damping_factor_eta_c"": 1.0}]"
s090_seed35968468_v250_coupled_fastener_sleeper_void,35968468,250,val,coupled_fastener_sleeper_void,,"[{""type"": ""fastener_failure"", ""label"": ""fastener_eta"", ""start_m"": 232.8, ""count"": 7, ""side"": ""left"", ""directions"": ""both"", ""stiffness_factor_eta_k"": 0.5, ""damping_factor_eta_c"": 1.0}, {""type"": ""sleeper_void"", ""label"": ""sleeper_void"", ""start_m"": 228.6, ""count"": 8, ""side"": ""right"", ""directions"": ""vertical"", ""delta_gap_mm"": 2.5}]"
s091_seed87922783_v250_baseline,87922783,250,val,baseline,,[]
s091_seed87922783_v250_fastener,87922783,250,val,fastener,,"[{""type"": ""fastener_failure"", ""label"": ""fastener_eta"", ""start_m"": 155.4, ""count"": 8, ""side"": ""both"", ""directions"": ""both"", ""stiffness_factor_eta_k"": 0.0, ""damping_factor_eta_c"": 1.0}]"
s091_seed87922783_v250_sleeper_void,87922783,250,val,sleeper_void,,"[{""type"": ""sleeper_void"", ""label"": ""sleeper_void"", ""start_m"": 297.6, ""count"": 9, ""side"": ""right"", ""directions"": ""vertical"", ""delta_gap_mm"": 1.56}]"
s091_seed87922783_v250_ballast,87922783,250,val,ballast,,"[{""type"": ""ballast_condition"", ""label"": ""ballast_loose"", ""start_m"": 286.2, ""count"": 82, ""side"": ""both"", ""directions"": ""vertical"", ""stiffness_factor_eta_k"": 0.6212, ""damping_factor_eta_c"": 1.0}]"
s091_seed87922783_v250_subgrade,87922783,250,val,subgrade,,"[{""type"": ""subgrade_condition"", ""label"": ""subgrade_weakened"", ""start_m"": 290.4, ""count"": 37, ""side"": ""right"", ""directions"": ""vertical"", ""stiffness_factor_eta_k"": 0.2375, ""damping_factor_eta_c"": 1.0}]"
s091_seed87922783_v250_coupled_ballast_sleeper_void,87922783,250,val,coupled_ballast_sleeper_void,,"[{""type"": ""ballast_condition"", ""label"": ""ballast_hardened"", ""start_m"": 187.2, ""count"": 106, ""side"": ""right"", ""directions"": ""vertical"", ""stiffness_factor_eta_k"": 1.8808, ""damping_factor_eta_c"": 1.0}, {""type"": ""sleeper_void"", ""label"": ""sleeper_void"", ""start_m"": 255.0, ""count"": 4, ""side"": ""both"", ""directions"": ""vertical"", ""delta_gap_mm"": 1.62}]"
s092_seed97168267_v250_baseline,97168267,250,val,baseline,,[]
s092_seed97168267_v250_fastener,97168267,250,val,fastener,,"[{""type"": ""fastener_failure"", ""label"": ""fastener_eta"", ""start_m"": 273.0, ""count"": 8, ""side"": ""right"", ""directions"": ""both"", ""stiffness_factor_eta_k"": 0.5, ""damping_factor_eta_c"": 1.0}]"
s092_seed97168267_v250_sleeper_void,97168267,250,val,sleeper_void,,"[{""type"": ""sleeper_void"", ""label"": ""sleeper_void"", ""start_m"": 201.6, ""count"": 9, ""side"": ""both"", ""directions"": ""vertical"", ""delta_gap_mm"": 2.77}]"
s092_seed97168267_v250_ballast,97168267,250,val,ballast,,"[{""type"": ""ballast_condition"", ""label"": ""ballast_hardened"", ""start_m"": 280.2, ""count"": 34, ""side"": ""left"", ""directions"": ""vertical"", ""stiffness_factor_eta_k"": 6.5382, ""damping_factor_eta_c"": 1.0}]"
s092_seed97168267_v250_subgrade,97168267,250,val,subgrade,,"[{""type"": ""subgrade_condition"", ""label"": ""subgrade_weakened"", ""start_m"": 218.4, ""count"": 143, ""side"": ""right"", ""directions"": ""vertical"", ""stiffness_factor_eta_k"": 0.1192, ""damping_factor_eta_c"": 1.0}]"
s092_seed97168267_v250_coupled_ballast_fastener,97168267,250,val,coupled_ballast_fastener,,"[{""type"": ""ballast_condition"", ""label"": ""ballast_loose"", ""start_m"": 173.4, ""count"": 18, ""side"": ""left"", ""directions"": ""vertical"", ""stiffness_factor_eta_k"": 0.6876, ""damping_factor_eta_c"": 1.0}, {""type"": ""fastener_failure"", ""label"": ""fastener_eta"", ""start_m"": 223.2, ""count"": 8, ""side"": ""right"", ""directions"": ""both"", ""stiffness_factor_eta_k"": 0.5, ""damping_factor_eta_c"": 1.0}]"
s093_seed38985071_v250_baseline,38985071,250,test,baseline,,[]
s093_seed38985071_v250_fastener,38985071,250,test,fastener,,"[{""type"": ""fastener_failure"", ""label"": ""fastener_eta"", ""start_m"": 295.8, ""count"": 2, ""side"": ""both"", ""directions"": ""both"", ""stiffness_factor_eta_k"": 0.25, ""damping_factor_eta_c"": 1.0}]"
s093_seed38985071_v250_sleeper_void,38985071,250,test,sleeper_void,,"[{""type"": ""sleeper_void"", ""label"": ""sleeper_void"", ""start_m"": 280.8, ""count"": 10, ""side"": ""right"", ""directions"": ""vertical"", ""delta_gap_mm"": 1.72}]"
s093_seed38985071_v250_ballast,38985071,250,test,ballast,,"[{""type"": ""ballast_condition"", ""label"": ""ballast_hardened"", ""start_m"": 191.4, ""count"": 65, ""side"": ""both"", ""directions"": ""vertical"", ""stiffness_factor_eta_k"": 4.9828, ""damping_factor_eta_c"": 1.0}]"
s093_seed38985071_v250_subgrade,38985071,250,test,subgrade,,"[{""type"": ""subgrade_condition"", ""label"": ""subgrade_weakened"", ""start_m"": 165.6, ""count"": 24, ""side"": ""right"", ""directions"": ""vertical"", ""stiffness_factor_eta_k"": 0.363, ""damping_factor_eta_c"": 1.0}]"
s093_seed38985071_v250_coupled_sleeper_void_fastener,38985071,250,test,coupled_sleeper_void_fastener,,"[{""type"": ""sleeper_void"", ""label"": ""sleeper_void"", ""start_m"": 294.0, ""count"": 7, ""side"": ""left"", ""directions"": ""vertical"", ""delta_gap_mm"": 1.03}, {""type"": ""fastener_failure"", ""label"": ""fastener_eta"", ""start_m"": 293.4, ""count"": 5, ""side"": ""both"", ""directions"": ""both"", ""stiffness_factor_eta_k"": 0.0, ""damping_factor_eta_c"": 1.0}]"
s094_seed93156407_v250_baseline,93156407,250,test,baseline,,[]
s094_seed93156407_v250_fastener,93156407,250,test,fastener,,"[{""type"": ""fastener_failure"", ""label"": ""fastener_eta"", ""start_m"": 208.2, ""count"": 2, ""side"": ""both"", ""directions"": ""both"", ""stiffness_factor_eta_k"": 0.1, ""damping_factor_eta_c"": 1.0}]"
s094_seed93156407_v250_sleeper_void,93156407,250,test,sleeper_void,,"[{""type"": ""sleeper_void"", ""label"": ""sleeper_void"", ""start_m"": 277.8, ""count"": 4, ""side"": ""both"", ""directions"": ""vertical"", ""delta_gap_mm"": 2.39}]"
s094_seed93156407_v250_ballast,93156407,250,test,ballast,,"[{""type"": ""ballast_condition"", ""label"": ""ballast_loose"", ""start_m"": 164.4, ""count"": 62, ""side"": ""left"", ""directions"": ""vertical"", ""stiffness_factor_eta_k"": 0.7203, ""damping_factor_eta_c"": 1.0}]"
s094_seed93156407_v250_subgrade,93156407,250,test,subgrade,,"[{""type"": ""subgrade_condition"", ""label"": ""subgrade_weakened"", ""start_m"": 195.6, ""count"": 166, ""side"": ""both"", ""directions"": ""vertical"", ""stiffness_factor_eta_k"": 0.3167, ""damping_factor_eta_c"": 1.0}]"
s094_seed93156407_v250_coupled_fastener_ballast,93156407,250,test,coupled_fastener_ballast,,"[{""type"": ""fastener_failure"", ""label"": ""fastener_eta"", ""start_m"": 196.8, ""count"": 9, ""side"": ""both"", ""directions"": ""both"", ""stiffness_factor_eta_k"": 0.1, ""damping_factor_eta_c"": 1.0}, {""type"": ""ballast_condition"", ""label"": ""ballast_loose"", ""start_m"": 253.2, ""count"": 137, ""side"": ""left"", ""directions"": ""vertical"", ""stiffness_factor_eta_k"": 0.5215, ""damping_factor_eta_c"": 1.0}]"
s095_seed60173705_v250_baseline,60173705,250,test,baseline,,[]
s095_seed60173705_v250_fastener,60173705,250,test,fastener,,"[{""type"": ""fastener_failure"", ""label"": ""fastener_eta"", ""start_m"": 256.2, ""count"": 9, ""side"": ""both"", ""directions"": ""both"", ""stiffness_factor_eta_k"": 0.75, ""damping_factor_eta_c"": 1.0}]"
s095_seed60173705_v250_sleeper_void,60173705,250,test,sleeper_void,,"[{""type"": ""sleeper_void"", ""label"": ""sleeper_void"", ""start_m"": 170.4, ""count"": 6, ""side"": ""right"", ""directions"": ""vertical"", ""delta_gap_mm"": 1.0}]"
s095_seed60173705_v250_ballast,60173705,250,test,ballast,,"[{""type"": ""ballast_condition"", ""label"": ""ballast_loose"", ""start_m"": 214.8, ""count"": 167, ""side"": ""both"", ""directions"": ""vertical"", ""stiffness_factor_eta_k"": 0.1935, ""damping_factor_eta_c"": 1.0}]"
s095_seed60173705_v250_subgrade,60173705,250,test,subgrade,,"[{""type"": ""subgrade_condition"", ""label"": ""subgrade_weakened"", ""start_m"": 238.2, ""count"": 93, ""side"": ""both"", ""directions"": ""vertical"", ""stiffness_factor_eta_k"": 0.3616, ""damping_factor_eta_c"": 1.0}]"
s095_seed60173705_v250_coupled_sleeper_void_fastener,60173705,250,test,coupled_sleeper_void_fastener,,"[{""type"": ""sleeper_void"", ""label"": ""sleeper_void"", ""start_m"": 181.8, ""count"": 5, ""side"": ""both"", ""directions"": ""vertical"", ""delta_gap_mm"": 0.68}, {""type"": ""fastener_failure"", ""label"": ""fastener_eta"", ""start_m"": 228.0, ""count"": 4, ""side"": ""both"", ""directions"": ""both"", ""stiffness_factor_eta_k"": 0.75, ""damping_factor_eta_c"": 1.0}]"
s096_seed14234665_v250_baseline,14234665,250,test,baseline,,[]
s096_seed14234665_v250_fastener,14234665,250,test,fastener,,"[{""type"": ""fastener_failure"", ""label"": ""fastener_eta"", ""start_m"": 255.6, ""count"": 7, ""side"": ""right"", ""directions"": ""both"", ""stiffness_factor_eta_k"": 0.1, ""damping_factor_eta_c"": 1.0}]"
s096_seed14234665_v250_sleeper_void,14234665,250,test,sleeper_void,,"[{""type"": ""sleeper_void"", ""label"": ""sleeper_void"", ""start_m"": 233.4, ""count"": 6, ""side"": ""both"", ""directions"": ""vertical"", ""delta_gap_mm"": 2.66}]"
s096_seed14234665_v250_ballast,14234665,250,test,ballast,,"[{""type"": ""ballast_condition"", ""label"": ""ballast_hardened"", ""start_m"": 230.4, ""count"": 82, ""side"": ""right"", ""directions"": ""vertical"", ""stiffness_factor_eta_k"": 1.886, ""damping_factor_eta_c"": 1.0}]"
s096_seed14234665_v250_subgrade,14234665,250,test,subgrade,,"[{""type"": ""subgrade_condition"", ""label"": ""subgrade_weakened"", ""start_m"": 201.6, ""count"": 147, ""side"": ""left"", ""directions"": ""vertical"", ""stiffness_factor_eta_k"": 0.5634, ""damping_factor_eta_c"": 1.0}]"
s096_seed14234665_v250_coupled_sleeper_void_fastener,14234665,250,test,coupled_sleeper_void_fastener,,"[{""type"": ""sleeper_void"", ""label"": ""sleeper_void"", ""start_m"": 237.6, ""count"": 10, ""side"": ""both"", ""directions"": ""vertical"", ""delta_gap_mm"": 1.95}, {""type"": ""fastener_failure"", ""label"": ""fastener_eta"", ""start_m"": 224.4, ""count"": 6, ""side"": ""both"", ""directions"": ""both"", ""stiffness_factor_eta_k"": 0.75, ""damping_factor_eta_c"": 1.0}]"
v2l001_seed30250811_v200_baseline,30250811,200,train,baseline,legacy_seed30250811_cross_speed,[]
v2l001_seed30250811_v200_fastener,30250811,200,train,fastener,legacy_seed30250811_cross_speed,"[{""type"": ""fastener_failure"", ""label"": ""fastener_eta"", ""start_m"": 191.4, ""count"": 4, ""side"": ""both"", ""directions"": ""both"", ""stiffness_factor_eta_k"": 0.0, ""damping_factor_eta_c"": 1.0}]"
v2l002_seed29721531_v215_baseline,29721531,215,train,baseline,legacy_seed29721531_cross_speed,[]
v2l002_seed29721531_v215_sleeper_void,29721531,215,train,sleeper_void,legacy_seed29721531_cross_speed,"[{""type"": ""sleeper_void"", ""label"": ""sleeper_void"", ""start_m"": 180.0, ""count"": 5, ""side"": ""left"", ""directions"": ""vertical"", ""delta_gap_mm"": 2.33}]"
v2l003_seed87860543_v200_baseline,87860543,200,train,baseline,legacy_seed87860543_cross_speed,[]
v2l003_seed87860543_v200_ballast,87860543,200,train,ballast,legacy_seed87860543_cross_speed,"[{""type"": ""ballast_condition"", ""label"": ""ballast_loose"", ""start_m"": 220.8, ""count"": 145, ""side"": ""right"", ""directions"": ""vertical"", ""stiffness_factor_eta_k"": 0.2563, ""damping_factor_eta_c"": 1.0}]"
v2l004_seed74178924_v215_baseline,74178924,215,train,baseline,legacy_seed74178924_cross_speed,[]
v2l004_seed74178924_v215_subgrade,74178924,215,train,subgrade,legacy_seed74178924_cross_speed,"[{""type"": ""subgrade_condition"", ""label"": ""subgrade_weakened"", ""start_m"": 198.0, ""count"": 66, ""side"": ""right"", ""directions"": ""vertical"", ""stiffness_factor_eta_k"": 0.1846, ""damping_factor_eta_c"": 1.0}]"
v2l005_seed80930382_v200_baseline,80930382,200,train,baseline,legacy_seed80930382_cross_speed,[]
v2l005_seed80930382_v200_fastener,80930382,200,train,fastener,legacy_seed80930382_cross_speed,"[{""type"": ""fastener_failure"", ""label"": ""fastener_eta"", ""start_m"": 295.2, ""count"": 2, ""side"": ""left"", ""directions"": ""both"", ""stiffness_factor_eta_k"": 0.75, ""damping_factor_eta_c"": 1.0}]"
v2l006_seed25935677_v215_baseline,25935677,215,train,baseline,legacy_seed25935677_cross_speed,[]
v2l006_seed25935677_v215_sleeper_void,25935677,215,train,sleeper_void,legacy_seed25935677_cross_speed,"[{""type"": ""sleeper_void"", ""label"": ""sleeper_void"", ""start_m"": 275.4, ""count"": 8, ""side"": ""right"", ""directions"": ""vertical"", ""delta_gap_mm"": 0.88}]"
v2l007_seed75475639_v200_baseline,75475639,200,train,baseline,legacy_seed75475639_cross_speed,[]
v2l007_seed75475639_v200_ballast,75475639,200,train,ballast,legacy_seed75475639_cross_speed,"[{""type"": ""ballast_condition"", ""label"": ""ballast_hardened"", ""start_m"": 243.6, ""count"": 108, ""side"": ""both"", ""directions"": ""vertical"", ""stiffness_factor_eta_k"": 4.8308, ""damping_factor_eta_c"": 1.0}]"
v2l008_seed93896902_v215_baseline,93896902,215,train,baseline,legacy_seed93896902_cross_speed,[]
v2l008_seed93896902_v215_subgrade,93896902,215,train,subgrade,legacy_seed93896902_cross_speed,"[{""type"": ""subgrade_condition"", ""label"": ""subgrade_weakened"", ""start_m"": 200.4, ""count"": 123, ""side"": ""left"", ""directions"": ""vertical"", ""stiffness_factor_eta_k"": 0.7289, ""damping_factor_eta_c"": 1.0}]"
v2l009_seed72037751_v200_baseline,72037751,200,train,baseline,legacy_seed72037751_cross_speed,[]
v2l009_seed72037751_v200_fastener,72037751,200,train,fastener,legacy_seed72037751_cross_speed,"[{""type"": ""fastener_failure"", ""label"": ""fastener_eta"", ""start_m"": 172.2, ""count"": 2, ""side"": ""both"", ""directions"": ""both"", ""stiffness_factor_eta_k"": 0.0, ""damping_factor_eta_c"": 1.0}]"
v2l010_seed67254543_v215_baseline,67254543,215,train,baseline,legacy_seed67254543_cross_speed,[]
v2l010_seed67254543_v215_sleeper_void,67254543,215,train,sleeper_void,legacy_seed67254543_cross_speed,"[{""type"": ""sleeper_void"", ""label"": ""sleeper_void"", ""start_m"": 295.8, ""count"": 6, ""side"": ""both"", ""directions"": ""vertical"", ""delta_gap_mm"": 2.18}]"
v2l011_seed41396190_v200_baseline,41396190,200,train,baseline,legacy_seed41396190_cross_speed,[]
v2l011_seed41396190_v200_ballast,41396190,200,train,ballast,legacy_seed41396190_cross_speed,"[{""type"": ""ballast_condition"", ""label"": ""ballast_loose"", ""start_m"": 162.6, ""count"": 137, ""side"": ""both"", ""directions"": ""vertical"", ""stiffness_factor_eta_k"": 0.6547, ""damping_factor_eta_c"": 1.0}]"
v2l012_seed47121630_v215_baseline,47121630,215,train,baseline,legacy_seed47121630_cross_speed,[]
v2l012_seed47121630_v215_subgrade,47121630,215,train,subgrade,legacy_seed47121630_cross_speed,"[{""type"": ""subgrade_condition"", ""label"": ""subgrade_weakened"", ""start_m"": 239.4, ""count"": 123, ""side"": ""right"", ""directions"": ""vertical"", ""stiffness_factor_eta_k"": 0.5291, ""damping_factor_eta_c"": 1.0}]"
v2l013_seed66290043_v200_baseline,66290043,200,train,baseline,legacy_seed66290043_cross_speed,[]
v2l013_seed66290043_v200_fastener,66290043,200,train,fastener,legacy_seed66290043_cross_speed,"[{""type"": ""fastener_failure"", ""label"": ""fastener_eta"", ""start_m"": 277.8, ""count"": 3, ""side"": ""right"", ""directions"": ""both"", ""stiffness_factor_eta_k"": 0.0, ""damping_factor_eta_c"": 1.0}]"
v2l014_seed29905071_v215_baseline,29905071,215,train,baseline,legacy_seed29905071_cross_speed,[]
v2l014_seed29905071_v215_sleeper_void,29905071,215,train,sleeper_void,legacy_seed29905071_cross_speed,"[{""type"": ""sleeper_void"", ""label"": ""sleeper_void"", ""start_m"": 278.4, ""count"": 1, ""side"": ""both"", ""directions"": ""vertical"", ""delta_gap_mm"": 1.27}]"
v2l015_seed91979125_v200_baseline,91979125,200,train,baseline,legacy_seed91979125_cross_speed,[]
v2l015_seed91979125_v200_ballast,91979125,200,train,ballast,legacy_seed91979125_cross_speed,"[{""type"": ""ballast_condition"", ""label"": ""ballast_hardened"", ""start_m"": 159.6, ""count"": 28, ""side"": ""both"", ""directions"": ""vertical"", ""stiffness_factor_eta_k"": 5.4747, ""damping_factor_eta_c"": 1.0}]"
v2l016_seed48931274_v215_baseline,48931274,215,train,baseline,legacy_seed48931274_cross_speed,[]
v2l016_seed48931274_v215_subgrade,48931274,215,train,subgrade,legacy_seed48931274_cross_speed,"[{""type"": ""subgrade_condition"", ""label"": ""subgrade_weakened"", ""start_m"": 224.4, ""count"": 139, ""side"": ""right"", ""directions"": ""vertical"", ""stiffness_factor_eta_k"": 0.3478, ""damping_factor_eta_c"": 1.0}]"
v2l017_seed84960042_v200_baseline,84960042,200,train,baseline,legacy_seed84960042_cross_speed,[]
v2l017_seed84960042_v200_fastener,84960042,200,train,fastener,legacy_seed84960042_cross_speed,"[{""type"": ""fastener_failure"", ""label"": ""fastener_eta"", ""start_m"": 252.0, ""count"": 8, ""side"": ""both"", ""directions"": ""both"", ""stiffness_factor_eta_k"": 0.25, ""damping_factor_eta_c"": 1.0}]"
v2l018_seed69676646_v215_baseline,69676646,215,val,baseline,legacy_seed69676646_cross_speed,[]
v2l018_seed69676646_v215_sleeper_void,69676646,215,val,sleeper_void,legacy_seed69676646_cross_speed,"[{""type"": ""sleeper_void"", ""label"": ""sleeper_void"", ""start_m"": 273.6, ""count"": 9, ""side"": ""both"", ""directions"": ""vertical"", ""delta_gap_mm"": 2.81}]"
v2l019_seed45489883_v200_baseline,45489883,200,val,baseline,legacy_seed45489883_cross_speed,[]
v2l019_seed45489883_v200_ballast,45489883,200,val,ballast,legacy_seed45489883_cross_speed,"[{""type"": ""ballast_condition"", ""label"": ""ballast_loose"", ""start_m"": 286.2, ""count"": 147, ""side"": ""left"", ""directions"": ""vertical"", ""stiffness_factor_eta_k"": 0.6413, ""damping_factor_eta_c"": 1.0}]"
v2l020_seed47089144_v215_baseline,47089144,215,val,baseline,legacy_seed47089144_cross_speed,[]
v2l020_seed47089144_v215_subgrade,47089144,215,val,subgrade,legacy_seed47089144_cross_speed,"[{""type"": ""subgrade_condition"", ""label"": ""subgrade_weakened"", ""start_m"": 157.2, ""count"": 122, ""side"": ""right"", ""directions"": ""vertical"", ""stiffness_factor_eta_k"": 0.2387, ""damping_factor_eta_c"": 1.0}]"
v2l021_seed47129498_v200_baseline,47129498,200,val,baseline,legacy_seed47129498_cross_speed,[]
v2l021_seed47129498_v200_fastener,47129498,200,val,fastener,legacy_seed47129498_cross_speed,"[{""type"": ""fastener_failure"", ""label"": ""fastener_eta"", ""start_m"": 183.0, ""count"": 7, ""side"": ""both"", ""directions"": ""both"", ""stiffness_factor_eta_k"": 0.1, ""damping_factor_eta_c"": 1.0}]"
v2l022_seed62412871_v215_baseline,62412871,215,test,baseline,legacy_seed62412871_cross_speed,[]
v2l022_seed62412871_v215_sleeper_void,62412871,215,test,sleeper_void,legacy_seed62412871_cross_speed,"[{""type"": ""sleeper_void"", ""label"": ""sleeper_void"", ""start_m"": 217.2, ""count"": 2, ""side"": ""both"", ""directions"": ""vertical"", ""delta_gap_mm"": 0.9}]"
v2l023_seed89627785_v200_baseline,89627785,200,test,baseline,legacy_seed89627785_cross_speed,[]
v2l023_seed89627785_v200_ballast,89627785,200,test,ballast,legacy_seed89627785_cross_speed,"[{""type"": ""ballast_condition"", ""label"": ""ballast_loose"", ""start_m"": 189.6, ""count"": 104, ""side"": ""both"", ""directions"": ""vertical"", ""stiffness_factor_eta_k"": 0.7836, ""damping_factor_eta_c"": 1.0}]"
v2l024_seed88267142_v215_baseline,88267142,215,test,baseline,legacy_seed88267142_cross_speed,[]
v2l024_seed88267142_v215_subgrade,88267142,215,test,subgrade,legacy_seed88267142_cross_speed,"[{""type"": ""subgrade_condition"", ""label"": ""subgrade_weakened"", ""start_m"": 273.6, ""count"": 30, ""side"": ""both"", ""directions"": ""vertical"", ""stiffness_factor_eta_k"": 0.4778, ""damping_factor_eta_c"": 1.0}]"
v2l025_seed35130997_v215_baseline,35130997,215,train,baseline,legacy_seed35130997_cross_speed,[]
v2l025_seed35130997_v215_fastener,35130997,215,train,fastener,legacy_seed35130997_cross_speed,"[{""type"": ""fastener_failure"", ""label"": ""fastener_eta"", ""start_m"": 274.8, ""count"": 10, ""side"": ""left"", ""directions"": ""both"", ""stiffness_factor_eta_k"": 0.1, ""damping_factor_eta_c"": 1.0}]"
v2l026_seed64860803_v250_baseline,64860803,250,train,baseline,legacy_seed64860803_cross_speed,[]
v2l026_seed64860803_v250_sleeper_void,64860803,250,train,sleeper_void,legacy_seed64860803_cross_speed,"[{""type"": ""sleeper_void"", ""label"": ""sleeper_void"", ""start_m"": 224.4, ""count"": 3, ""side"": ""left"", ""directions"": ""vertical"", ""delta_gap_mm"": 2.47}]"
v2l027_seed91450060_v215_baseline,91450060,215,train,baseline,legacy_seed91450060_cross_speed,[]
v2l027_seed91450060_v215_ballast,91450060,215,train,ballast,legacy_seed91450060_cross_speed,"[{""type"": ""ballast_condition"", ""label"": ""ballast_hardened"", ""start_m"": 169.8, ""count"": 82, ""side"": ""left"", ""directions"": ""vertical"", ""stiffness_factor_eta_k"": 7.612, ""damping_factor_eta_c"": 1.0}]"
v2l028_seed40898934_v250_baseline,40898934,250,train,baseline,legacy_seed40898934_cross_speed,[]
v2l028_seed40898934_v250_subgrade,40898934,250,train,subgrade,legacy_seed40898934_cross_speed,"[{""type"": ""subgrade_condition"", ""label"": ""subgrade_weakened"", ""start_m"": 229.2, ""count"": 68, ""side"": ""both"", ""directions"": ""vertical"", ""stiffness_factor_eta_k"": 0.7861, ""damping_factor_eta_c"": 1.0}]"
v2l029_seed54287707_v215_baseline,54287707,215,train,baseline,legacy_seed54287707_cross_speed,[]
v2l029_seed54287707_v215_fastener,54287707,215,train,fastener,legacy_seed54287707_cross_speed,"[{""type"": ""fastener_failure"", ""label"": ""fastener_eta"", ""start_m"": 178.8, ""count"": 9, ""side"": ""left"", ""directions"": ""both"", ""stiffness_factor_eta_k"": 0.0, ""damping_factor_eta_c"": 1.0}]"
v2l030_seed56435458_v250_baseline,56435458,250,train,baseline,legacy_seed56435458_cross_speed,[]
v2l030_seed56435458_v250_sleeper_void,56435458,250,train,sleeper_void,legacy_seed56435458_cross_speed,"[{""type"": ""sleeper_void"", ""label"": ""sleeper_void"", ""start_m"": 273.0, ""count"": 7, ""side"": ""both"", ""directions"": ""vertical"", ""delta_gap_mm"": 0.9}]"
v2l031_seed67187233_v215_baseline,67187233,215,train,baseline,legacy_seed67187233_cross_speed,[]
v2l031_seed67187233_v215_ballast,67187233,215,train,ballast,legacy_seed67187233_cross_speed,"[{""type"": ""ballast_condition"", ""label"": ""ballast_loose"", ""start_m"": 229.8, ""count"": 142, ""side"": ""both"", ""directions"": ""vertical"", ""stiffness_factor_eta_k"": 0.658, ""damping_factor_eta_c"": 1.0}]"
v2l032_seed23341517_v250_baseline,23341517,250,train,baseline,legacy_seed23341517_cross_speed,[]
v2l032_seed23341517_v250_subgrade,23341517,250,train,subgrade,legacy_seed23341517_cross_speed,"[{""type"": ""subgrade_condition"", ""label"": ""subgrade_weakened"", ""start_m"": 188.4, ""count"": 42, ""side"": ""both"", ""directions"": ""vertical"", ""stiffness_factor_eta_k"": 0.3728, ""damping_factor_eta_c"": 1.0}]"
v2l033_seed66135622_v215_baseline,66135622,215,train,baseline,legacy_seed66135622_cross_speed,[]
v2l033_seed66135622_v215_fastener,66135622,215,train,fastener,legacy_seed66135622_cross_speed,"[{""type"": ""fastener_failure"", ""label"": ""fastener_eta"", ""start_m"": 251.4, ""count"": 8, ""side"": ""left"", ""directions"": ""both"", ""stiffness_factor_eta_k"": 0.5, ""damping_factor_eta_c"": 1.0}]"
v2l034_seed99231899_v250_baseline,99231899,250,train,baseline,legacy_seed99231899_cross_speed,[]
v2l034_seed99231899_v250_sleeper_void,99231899,250,train,sleeper_void,legacy_seed99231899_cross_speed,"[{""type"": ""sleeper_void"", ""label"": ""sleeper_void"", ""start_m"": 223.2, ""count"": 4, ""side"": ""both"", ""directions"": ""vertical"", ""delta_gap_mm"": 2.13}]"
v2l035_seed69082039_v215_baseline,69082039,215,train,baseline,legacy_seed69082039_cross_speed,[]
v2l035_seed69082039_v215_ballast,69082039,215,train,ballast,legacy_seed69082039_cross_speed,"[{""type"": ""ballast_condition"", ""label"": ""ballast_hardened"", ""start_m"": 160.8, ""count"": 69, ""side"": ""both"", ""directions"": ""vertical"", ""stiffness_factor_eta_k"": 2.7195, ""damping_factor_eta_c"": 1.0}]"
v2l036_seed78816363_v250_baseline,78816363,250,train,baseline,legacy_seed78816363_cross_speed,[]
v2l036_seed78816363_v250_subgrade,78816363,250,train,subgrade,legacy_seed78816363_cross_speed,"[{""type"": ""subgrade_condition"", ""label"": ""subgrade_weakened"", ""start_m"": 266.4, ""count"": 164, ""side"": ""both"", ""directions"": ""vertical"", ""stiffness_factor_eta_k"": 0.7834, ""damping_factor_eta_c"": 1.0}]"
v2l037_seed26171670_v215_baseline,26171670,215,train,baseline,legacy_seed26171670_cross_speed,[]
v2l037_seed26171670_v215_fastener,26171670,215,train,fastener,legacy_seed26171670_cross_speed,"[{""type"": ""fastener_failure"", ""label"": ""fastener_eta"", ""start_m"": 291.6, ""count"": 3, ""side"": ""left"", ""directions"": ""both"", ""stiffness_factor_eta_k"": 0.1, ""damping_factor_eta_c"": 1.0}]"
v2l038_seed57212486_v250_baseline,57212486,250,train,baseline,legacy_seed57212486_cross_speed,[]
v2l038_seed57212486_v250_sleeper_void,57212486,250,train,sleeper_void,legacy_seed57212486_cross_speed,"[{""type"": ""sleeper_void"", ""label"": ""sleeper_void"", ""start_m"": 173.4, ""count"": 1, ""side"": ""both"", ""directions"": ""vertical"", ""delta_gap_mm"": 1.51}]"
v2l039_seed18547009_v215_baseline,18547009,215,train,baseline,legacy_seed18547009_cross_speed,[]
v2l039_seed18547009_v215_ballast,18547009,215,train,ballast,legacy_seed18547009_cross_speed,"[{""type"": ""ballast_condition"", ""label"": ""ballast_hardened"", ""start_m"": 260.4, ""count"": 89, ""side"": ""both"", ""directions"": ""vertical"", ""stiffness_factor_eta_k"": 7.1891, ""damping_factor_eta_c"": 1.0}]"
v2l040_seed90294680_v250_baseline,90294680,250,train,baseline,legacy_seed90294680_cross_speed,[]
v2l040_seed90294680_v250_subgrade,90294680,250,train,subgrade,legacy_seed90294680_cross_speed,"[{""type"": ""subgrade_condition"", ""label"": ""subgrade_weakened"", ""start_m"": 203.4, ""count"": 82, ""side"": ""left"", ""directions"": ""vertical"", ""stiffness_factor_eta_k"": 0.3786, ""damping_factor_eta_c"": 1.0}]"
v2l041_seed18533410_v215_baseline,18533410,215,train,baseline,legacy_seed18533410_cross_speed,[]
v2l041_seed18533410_v215_fastener,18533410,215,train,fastener,legacy_seed18533410_cross_speed,"[{""type"": ""fastener_failure"", ""label"": ""fastener_eta"", ""start_m"": 195.0, ""count"": 1, ""side"": ""both"", ""directions"": ""both"", ""stiffness_factor_eta_k"": 0.25, ""damping_factor_eta_c"": 1.0}]"
v2l042_seed97384339_v250_baseline,97384339,250,val,baseline,legacy_seed97384339_cross_speed,[]
v2l042_seed97384339_v250_sleeper_void,97384339,250,val,sleeper_void,legacy_seed97384339_cross_speed,"[{""type"": ""sleeper_void"", ""label"": ""sleeper_void"", ""start_m"": 215.4, ""count"": 4, ""side"": ""both"", ""directions"": ""vertical"", ""delta_gap_mm"": 0.95}]"
v2l043_seed44692998_v215_baseline,44692998,215,val,baseline,legacy_seed44692998_cross_speed,[]
v2l043_seed44692998_v215_ballast,44692998,215,val,ballast,legacy_seed44692998_cross_speed,"[{""type"": ""ballast_condition"", ""label"": ""ballast_hardened"", ""start_m"": 242.4, ""count"": 100, ""side"": ""right"", ""directions"": ""vertical"", ""stiffness_factor_eta_k"": 2.1103, ""damping_factor_eta_c"": 1.0}]"
v2l044_seed83864817_v250_baseline,83864817,250,val,baseline,legacy_seed83864817_cross_speed,[]
v2l044_seed83864817_v250_subgrade,83864817,250,val,subgrade,legacy_seed83864817_cross_speed,"[{""type"": ""subgrade_condition"", ""label"": ""subgrade_weakened"", ""start_m"": 178.2, ""count"": 33, ""side"": ""right"", ""directions"": ""vertical"", ""stiffness_factor_eta_k"": 0.6682, ""damping_factor_eta_c"": 1.0}]"
v2l045_seed42708744_v215_baseline,42708744,215,val,baseline,legacy_seed42708744_cross_speed,[]
v2l045_seed42708744_v215_fastener,42708744,215,val,fastener,legacy_seed42708744_cross_speed,"[{""type"": ""fastener_failure"", ""label"": ""fastener_eta"", ""start_m"": 171.0, ""count"": 2, ""side"": ""left"", ""directions"": ""both"", ""stiffness_factor_eta_k"": 0.5, ""damping_factor_eta_c"": 1.0}]"
v2l046_seed35497057_v250_baseline,35497057,250,test,baseline,legacy_seed35497057_cross_speed,[]
v2l046_seed35497057_v250_sleeper_void,35497057,250,test,sleeper_void,legacy_seed35497057_cross_speed,"[{""type"": ""sleeper_void"", ""label"": ""sleeper_void"", ""start_m"": 192.6, ""count"": 6, ""side"": ""both"", ""directions"": ""vertical"", ""delta_gap_mm"": 2.36}]"
v2l047_seed51950605_v215_baseline,51950605,215,test,baseline,legacy_seed51950605_cross_speed,[]
v2l047_seed51950605_v215_ballast,51950605,215,test,ballast,legacy_seed51950605_cross_speed,"[{""type"": ""ballast_condition"", ""label"": ""ballast_loose"", ""start_m"": 157.2, ""count"": 165, ""side"": ""left"", ""directions"": ""vertical"", ""stiffness_factor_eta_k"": 0.391, ""damping_factor_eta_c"": 1.0}]"
v2l048_seed31769732_v250_baseline,31769732,250,test,baseline,legacy_seed31769732_cross_speed,[]
v2l048_seed31769732_v250_subgrade,31769732,250,test,subgrade,legacy_seed31769732_cross_speed,"[{""type"": ""subgrade_condition"", ""label"": ""subgrade_weakened"", ""start_m"": 176.4, ""count"": 136, ""side"": ""left"", ""directions"": ""vertical"", ""stiffness_factor_eta_k"": 0.703, ""damping_factor_eta_c"": 1.0}]"
v2l049_seed94369616_v250_baseline,94369616,250,train,baseline,legacy_seed94369616_cross_speed,[]
v2l049_seed94369616_v250_fastener,94369616,250,train,fastener,legacy_seed94369616_cross_speed,"[{""type"": ""fastener_failure"", ""label"": ""fastener_eta"", ""start_m"": 298.8, ""count"": 5, ""side"": ""both"", ""directions"": ""both"", ""stiffness_factor_eta_k"": 0.5, ""damping_factor_eta_c"": 1.0}]"
v2l050_seed73599946_v160_baseline,73599946,160,train,baseline,legacy_seed73599946_cross_speed,[]
v2l050_seed73599946_v160_sleeper_void,73599946,160,train,sleeper_void,legacy_seed73599946_cross_speed,"[{""type"": ""sleeper_void"", ""label"": ""sleeper_void"", ""start_m"": 209.4, ""count"": 1, ""side"": ""left"", ""directions"": ""vertical"", ""delta_gap_mm"": 2.36}]"
v2l051_seed78825186_v250_baseline,78825186,250,train,baseline,legacy_seed78825186_cross_speed,[]
v2l051_seed78825186_v250_ballast,78825186,250,train,ballast,legacy_seed78825186_cross_speed,"[{""type"": ""ballast_condition"", ""label"": ""ballast_loose"", ""start_m"": 215.4, ""count"": 166, ""side"": ""both"", ""directions"": ""vertical"", ""stiffness_factor_eta_k"": 0.3413, ""damping_factor_eta_c"": 1.0}]"
v2l052_seed85399051_v160_baseline,85399051,160,train,baseline,legacy_seed85399051_cross_speed,[]
v2l052_seed85399051_v160_subgrade,85399051,160,train,subgrade,legacy_seed85399051_cross_speed,"[{""type"": ""subgrade_condition"", ""label"": ""subgrade_weakened"", ""start_m"": 268.8, ""count"": 114, ""side"": ""both"", ""directions"": ""vertical"", ""stiffness_factor_eta_k"": 0.693, ""damping_factor_eta_c"": 1.0}]"
v2l053_seed29657402_v250_baseline,29657402,250,train,baseline,legacy_seed29657402_cross_speed,[]
v2l053_seed29657402_v250_fastener,29657402,250,train,fastener,legacy_seed29657402_cross_speed,"[{""type"": ""fastener_failure"", ""label"": ""fastener_eta"", ""start_m"": 151.8, ""count"": 8, ""side"": ""both"", ""directions"": ""both"", ""stiffness_factor_eta_k"": 0.1, ""damping_factor_eta_c"": 1.0}]"
v2l054_seed74712047_v160_baseline,74712047,160,train,baseline,legacy_seed74712047_cross_speed,[]
v2l054_seed74712047_v160_sleeper_void,74712047,160,train,sleeper_void,legacy_seed74712047_cross_speed,"[{""type"": ""sleeper_void"", ""label"": ""sleeper_void"", ""start_m"": 256.8, ""count"": 6, ""side"": ""both"", ""directions"": ""vertical"", ""delta_gap_mm"": 1.77}]"
v2l055_seed15258332_v250_baseline,15258332,250,train,baseline,legacy_seed15258332_cross_speed,[]
v2l055_seed15258332_v250_ballast,15258332,250,train,ballast,legacy_seed15258332_cross_speed,"[{""type"": ""ballast_condition"", ""label"": ""ballast_hardened"", ""start_m"": 291.0, ""count"": 44, ""side"": ""right"", ""directions"": ""vertical"", ""stiffness_factor_eta_k"": 7.5695, ""damping_factor_eta_c"": 1.0}]"
v2l056_seed68162758_v160_baseline,68162758,160,train,baseline,legacy_seed68162758_cross_speed,[]
v2l056_seed68162758_v160_subgrade,68162758,160,train,subgrade,legacy_seed68162758_cross_speed,"[{""type"": ""subgrade_condition"", ""label"": ""subgrade_weakened"", ""start_m"": 179.4, ""count"": 94, ""side"": ""right"", ""directions"": ""vertical"", ""stiffness_factor_eta_k"": 0.7686, ""damping_factor_eta_c"": 1.0}]"
v2l057_seed65657739_v250_baseline,65657739,250,train,baseline,legacy_seed65657739_cross_speed,[]
v2l057_seed65657739_v250_fastener,65657739,250,train,fastener,legacy_seed65657739_cross_speed,"[{""type"": ""fastener_failure"", ""label"": ""fastener_eta"", ""start_m"": 277.8, ""count"": 6, ""side"": ""both"", ""directions"": ""both"", ""stiffness_factor_eta_k"": 0.0, ""damping_factor_eta_c"": 1.0}]"
v2l058_seed42589834_v160_baseline,42589834,160,train,baseline,legacy_seed42589834_cross_speed,[]
v2l058_seed42589834_v160_sleeper_void,42589834,160,train,sleeper_void,legacy_seed42589834_cross_speed,"[{""type"": ""sleeper_void"", ""label"": ""sleeper_void"", ""start_m"": 292.8, ""count"": 5, ""side"": ""right"", ""directions"": ""vertical"", ""delta_gap_mm"": 0.83}]"
v2l059_seed63273372_v250_baseline,63273372,250,train,baseline,legacy_seed63273372_cross_speed,[]
v2l059_seed63273372_v250_ballast,63273372,250,train,ballast,legacy_seed63273372_cross_speed,"[{""type"": ""ballast_condition"", ""label"": ""ballast_hardened"", ""start_m"": 169.2, ""count"": 55, ""side"": ""both"", ""directions"": ""vertical"", ""stiffness_factor_eta_k"": 3.0834, ""damping_factor_eta_c"": 1.0}]"
v2l060_seed23956834_v160_baseline,23956834,160,train,baseline,legacy_seed23956834_cross_speed,[]
v2l060_seed23956834_v160_subgrade,23956834,160,train,subgrade,legacy_seed23956834_cross_speed,"[{""type"": ""subgrade_condition"", ""label"": ""subgrade_weakened"", ""start_m"": 213.0, ""count"": 26, ""side"": ""left"", ""directions"": ""vertical"", ""stiffness_factor_eta_k"": 0.1165, ""damping_factor_eta_c"": 1.0}]"
v2l061_seed43860874_v250_baseline,43860874,250,train,baseline,legacy_seed43860874_cross_speed,[]
v2l061_seed43860874_v250_fastener,43860874,250,train,fastener,legacy_seed43860874_cross_speed,"[{""type"": ""fastener_failure"", ""label"": ""fastener_eta"", ""start_m"": 224.4, ""count"": 7, ""side"": ""left"", ""directions"": ""both"", ""stiffness_factor_eta_k"": 0.1, ""damping_factor_eta_c"": 1.0}]"
v2l062_seed37607718_v160_baseline,37607718,160,train,baseline,legacy_seed37607718_cross_speed,[]
v2l062_seed37607718_v160_sleeper_void,37607718,160,train,sleeper_void,legacy_seed37607718_cross_speed,"[{""type"": ""sleeper_void"", ""label"": ""sleeper_void"", ""start_m"": 254.4, ""count"": 7, ""side"": ""left"", ""directions"": ""vertical"", ""delta_gap_mm"": 0.84}]"
v2l063_seed88424244_v250_baseline,88424244,250,train,baseline,legacy_seed88424244_cross_speed,[]
v2l063_seed88424244_v250_ballast,88424244,250,train,ballast,legacy_seed88424244_cross_speed,"[{""type"": ""ballast_condition"", ""label"": ""ballast_hardened"", ""start_m"": 295.8, ""count"": 135, ""side"": ""left"", ""directions"": ""vertical"", ""stiffness_factor_eta_k"": 7.3075, ""damping_factor_eta_c"": 1.0}]"
v2l064_seed96873032_v160_baseline,96873032,160,train,baseline,legacy_seed96873032_cross_speed,[]
v2l064_seed96873032_v160_subgrade,96873032,160,train,subgrade,legacy_seed96873032_cross_speed,"[{""type"": ""subgrade_condition"", ""label"": ""subgrade_weakened"", ""start_m"": 220.2, ""count"": 60, ""side"": ""left"", ""directions"": ""vertical"", ""stiffness_factor_eta_k"": 0.1688, ""damping_factor_eta_c"": 1.0}]"
v2l065_seed12550332_v250_baseline,12550332,250,train,baseline,legacy_seed12550332_cross_speed,[]
v2l065_seed12550332_v250_fastener,12550332,250,train,fastener,legacy_seed12550332_cross_speed,"[{""type"": ""fastener_failure"", ""label"": ""fastener_eta"", ""start_m"": 156.0, ""count"": 10, ""side"": ""both"", ""directions"": ""both"", ""stiffness_factor_eta_k"": 0.1, ""damping_factor_eta_c"": 1.0}]"
v2l066_seed46101132_v160_baseline,46101132,160,val,baseline,legacy_seed46101132_cross_speed,[]
v2l066_seed46101132_v160_sleeper_void,46101132,160,val,sleeper_void,legacy_seed46101132_cross_speed,"[{""type"": ""sleeper_void"", ""label"": ""sleeper_void"", ""start_m"": 223.8, ""count"": 8, ""side"": ""both"", ""directions"": ""vertical"", ""delta_gap_mm"": 1.82}]"
v2l067_seed76750189_v250_baseline,76750189,250,val,baseline,legacy_seed76750189_cross_speed,[]
v2l067_seed76750189_v250_ballast,76750189,250,val,ballast,legacy_seed76750189_cross_speed,"[{""type"": ""ballast_condition"", ""label"": ""ballast_loose"", ""start_m"": 172.8, ""count"": 12, ""side"": ""both"", ""directions"": ""vertical"", ""stiffness_factor_eta_k"": 0.2937, ""damping_factor_eta_c"": 1.0}]"
v2l068_seed52458309_v160_baseline,52458309,160,val,baseline,legacy_seed52458309_cross_speed,[]
v2l068_seed52458309_v160_subgrade,52458309,160,val,subgrade,legacy_seed52458309_cross_speed,"[{""type"": ""subgrade_condition"", ""label"": ""subgrade_weakened"", ""start_m"": 277.8, ""count"": 144, ""side"": ""both"", ""directions"": ""vertical"", ""stiffness_factor_eta_k"": 0.7943, ""damping_factor_eta_c"": 1.0}]"
v2l069_seed49194748_v250_baseline,49194748,250,test,baseline,legacy_seed49194748_cross_speed,[]
v2l069_seed49194748_v250_fastener,49194748,250,test,fastener,legacy_seed49194748_cross_speed,"[{""type"": ""fastener_failure"", ""label"": ""fastener_eta"", ""start_m"": 288.6, ""count"": 2, ""side"": ""left"", ""directions"": ""both"", ""stiffness_factor_eta_k"": 0.0, ""damping_factor_eta_c"": 1.0}]"
v2l070_seed25000043_v160_baseline,25000043,160,test,baseline,legacy_seed25000043_cross_speed,[]
v2l070_seed25000043_v160_sleeper_void,25000043,160,test,sleeper_void,legacy_seed25000043_cross_speed,"[{""type"": ""sleeper_void"", ""label"": ""sleeper_void"", ""start_m"": 253.2, ""count"": 2, ""side"": ""both"", ""directions"": ""vertical"", ""delta_gap_mm"": 2.98}]"
v2l071_seed12458220_v250_baseline,12458220,250,test,baseline,legacy_seed12458220_cross_speed,[]
v2l071_seed12458220_v250_ballast,12458220,250,test,ballast,legacy_seed12458220_cross_speed,"[{""type"": ""ballast_condition"", ""label"": ""ballast_loose"", ""start_m"": 182.4, ""count"": 96, ""side"": ""both"", ""directions"": ""vertical"", ""stiffness_factor_eta_k"": 0.7587, ""damping_factor_eta_c"": 1.0}]"
v2l072_seed56001826_v160_baseline,56001826,160,test,baseline,legacy_seed56001826_cross_speed,[]
v2l072_seed56001826_v160_subgrade,56001826,160,test,subgrade,legacy_seed56001826_cross_speed,"[{""type"": ""subgrade_condition"", ""label"": ""subgrade_weakened"", ""start_m"": 256.8, ""count"": 46, ""side"": ""right"", ""directions"": ""vertical"", ""stiffness_factor_eta_k"": 0.3835, ""damping_factor_eta_c"": 1.0}]"
v2l073_seed69648059_v160_baseline,69648059,160,train,baseline,legacy_seed69648059_cross_speed,[]
v2l073_seed69648059_v160_fastener,69648059,160,train,fastener,legacy_seed69648059_cross_speed,"[{""type"": ""fastener_failure"", ""label"": ""fastener_eta"", ""start_m"": 288.0, ""count"": 3, ""side"": ""both"", ""directions"": ""both"", ""stiffness_factor_eta_k"": 0.1, ""damping_factor_eta_c"": 1.0}]"
v2l074_seed87908906_v200_baseline,87908906,200,train,baseline,legacy_seed87908906_cross_speed,[]
v2l074_seed87908906_v200_sleeper_void,87908906,200,train,sleeper_void,legacy_seed87908906_cross_speed,"[{""type"": ""sleeper_void"", ""label"": ""sleeper_void"", ""start_m"": 292.8, ""count"": 4, ""side"": ""right"", ""directions"": ""vertical"", ""delta_gap_mm"": 1.3}]"
v2l075_seed68021725_v160_baseline,68021725,160,train,baseline,legacy_seed68021725_cross_speed,[]
v2l075_seed68021725_v160_ballast,68021725,160,train,ballast,legacy_seed68021725_cross_speed,"[{""type"": ""ballast_condition"", ""label"": ""ballast_loose"", ""start_m"": 200.4, ""count"": 104, ""side"": ""both"", ""directions"": ""vertical"", ""stiffness_factor_eta_k"": 0.6524, ""damping_factor_eta_c"": 1.0}]"
v2l076_seed48935295_v200_baseline,48935295,200,train,baseline,legacy_seed48935295_cross_speed,[]
v2l076_seed48935295_v200_subgrade,48935295,200,train,subgrade,legacy_seed48935295_cross_speed,"[{""type"": ""subgrade_condition"", ""label"": ""subgrade_weakened"", ""start_m"": 245.4, ""count"": 144, ""side"": ""both"", ""directions"": ""vertical"", ""stiffness_factor_eta_k"": 0.5439, ""damping_factor_eta_c"": 1.0}]"
v2l077_seed91226907_v160_baseline,91226907,160,train,baseline,legacy_seed91226907_cross_speed,[]
v2l077_seed91226907_v160_fastener,91226907,160,train,fastener,legacy_seed91226907_cross_speed,"[{""type"": ""fastener_failure"", ""label"": ""fastener_eta"", ""start_m"": 279.6, ""count"": 7, ""side"": ""both"", ""directions"": ""both"", ""stiffness_factor_eta_k"": 0.5, ""damping_factor_eta_c"": 1.0}]"
v2l078_seed74088663_v200_baseline,74088663,200,train,baseline,legacy_seed74088663_cross_speed,[]
v2l078_seed74088663_v200_sleeper_void,74088663,200,train,sleeper_void,legacy_seed74088663_cross_speed,"[{""type"": ""sleeper_void"", ""label"": ""sleeper_void"", ""start_m"": 274.2, ""count"": 3, ""side"": ""both"", ""directions"": ""vertical"", ""delta_gap_mm"": 2.13}]"
v2l079_seed54432337_v160_baseline,54432337,160,train,baseline,legacy_seed54432337_cross_speed,[]
v2l079_seed54432337_v160_ballast,54432337,160,train,ballast,legacy_seed54432337_cross_speed,"[{""type"": ""ballast_condition"", ""label"": ""ballast_loose"", ""start_m"": 216.6, ""count"": 87, ""side"": ""both"", ""directions"": ""vertical"", ""stiffness_factor_eta_k"": 0.5468, ""damping_factor_eta_c"": 1.0}]"
v2l080_seed48623433_v200_baseline,48623433,200,train,baseline,legacy_seed48623433_cross_speed,[]
v2l080_seed48623433_v200_subgrade,48623433,200,train,subgrade,legacy_seed48623433_cross_speed,"[{""type"": ""subgrade_condition"", ""label"": ""subgrade_weakened"", ""start_m"": 183.6, ""count"": 116, ""side"": ""both"", ""directions"": ""vertical"", ""stiffness_factor_eta_k"": 0.3521, ""damping_factor_eta_c"": 1.0}]"
v2l081_seed17756380_v160_baseline,17756380,160,train,baseline,legacy_seed17756380_cross_speed,[]
v2l081_seed17756380_v160_fastener,17756380,160,train,fastener,legacy_seed17756380_cross_speed,"[{""type"": ""fastener_failure"", ""label"": ""fastener_eta"", ""start_m"": 198.0, ""count"": 9, ""side"": ""both"", ""directions"": ""both"", ""stiffness_factor_eta_k"": 0.0, ""damping_factor_eta_c"": 1.0}]"
v2l082_seed97586033_v200_baseline,97586033,200,train,baseline,legacy_seed97586033_cross_speed,[]
v2l082_seed97586033_v200_sleeper_void,97586033,200,train,sleeper_void,legacy_seed97586033_cross_speed,"[{""type"": ""sleeper_void"", ""label"": ""sleeper_void"", ""start_m"": 159.6, ""count"": 1, ""side"": ""both"", ""directions"": ""vertical"", ""delta_gap_mm"": 2.12}]"
v2l083_seed19673014_v160_baseline,19673014,160,train,baseline,legacy_seed19673014_cross_speed,[]
v2l083_seed19673014_v160_ballast,19673014,160,train,ballast,legacy_seed19673014_cross_speed,"[{""type"": ""ballast_condition"", ""label"": ""ballast_loose"", ""start_m"": 225.6, ""count"": 87, ""side"": ""both"", ""directions"": ""vertical"", ""stiffness_factor_eta_k"": 0.7096, ""damping_factor_eta_c"": 1.0}]"
v2l084_seed31337175_v200_baseline,31337175,200,train,baseline,legacy_seed31337175_cross_speed,[]
v2l084_seed31337175_v200_subgrade,31337175,200,train,subgrade,legacy_seed31337175_cross_speed,"[{""type"": ""subgrade_condition"", ""label"": ""subgrade_weakened"", ""start_m"": 189.6, ""count"": 77, ""side"": ""left"", ""directions"": ""vertical"", ""stiffness_factor_eta_k"": 0.3104, ""damping_factor_eta_c"": 1.0}]"
v2l085_seed56500237_v160_baseline,56500237,160,train,baseline,legacy_seed56500237_cross_speed,[]
v2l085_seed56500237_v160_fastener,56500237,160,train,fastener,legacy_seed56500237_cross_speed,"[{""type"": ""fastener_failure"", ""label"": ""fastener_eta"", ""start_m"": 165.6, ""count"": 7, ""side"": ""both"", ""directions"": ""both"", ""stiffness_factor_eta_k"": 0.0, ""damping_factor_eta_c"": 1.0}]"
v2l086_seed34271439_v200_baseline,34271439,200,train,baseline,legacy_seed34271439_cross_speed,[]
v2l086_seed34271439_v200_sleeper_void,34271439,200,train,sleeper_void,legacy_seed34271439_cross_speed,"[{""type"": ""sleeper_void"", ""label"": ""sleeper_void"", ""start_m"": 189.0, ""count"": 8, ""side"": ""left"", ""directions"": ""vertical"", ""delta_gap_mm"": 2.17}]"
v2l087_seed24576532_v160_baseline,24576532,160,train,baseline,legacy_seed24576532_cross_speed,[]
v2l087_seed24576532_v160_ballast,24576532,160,train,ballast,legacy_seed24576532_cross_speed,"[{""type"": ""ballast_condition"", ""label"": ""ballast_hardened"", ""start_m"": 300.0, ""count"": 76, ""side"": ""left"", ""directions"": ""vertical"", ""stiffness_factor_eta_k"": 3.8826, ""damping_factor_eta_c"": 1.0}]"
v2l088_seed54586931_v200_baseline,54586931,200,train,baseline,legacy_seed54586931_cross_speed,[]
v2l088_seed54586931_v200_subgrade,54586931,200,train,subgrade,legacy_seed54586931_cross_speed,"[{""type"": ""subgrade_condition"", ""label"": ""subgrade_weakened"", ""start_m"": 300.0, ""count"": 87, ""side"": ""right"", ""directions"": ""vertical"", ""stiffness_factor_eta_k"": 0.4176, ""damping_factor_eta_c"": 1.0}]"
v2l089_seed36231494_v160_baseline,36231494,160,train,baseline,legacy_seed36231494_cross_speed,[]
v2l089_seed36231494_v160_fastener,36231494,160,train,fastener,legacy_seed36231494_cross_speed,"[{""type"": ""fastener_failure"", ""label"": ""fastener_eta"", ""start_m"": 244.8, ""count"": 5, ""side"": ""right"", ""directions"": ""both"", ""stiffness_factor_eta_k"": 0.0, ""damping_factor_eta_c"": 1.0}]"
v2l090_seed35968468_v200_baseline,35968468,200,val,baseline,legacy_seed35968468_cross_speed,[]
v2l090_seed35968468_v200_sleeper_void,35968468,200,val,sleeper_void,legacy_seed35968468_cross_speed,"[{""type"": ""sleeper_void"", ""label"": ""sleeper_void"", ""start_m"": 175.8, ""count"": 2, ""side"": ""right"", ""directions"": ""vertical"", ""delta_gap_mm"": 1.73}]"
v2l091_seed87922783_v160_baseline,87922783,160,val,baseline,legacy_seed87922783_cross_speed,[]
v2l091_seed87922783_v160_ballast,87922783,160,val,ballast,legacy_seed87922783_cross_speed,"[{""type"": ""ballast_condition"", ""label"": ""ballast_loose"", ""start_m"": 286.2, ""count"": 82, ""side"": ""both"", ""directions"": ""vertical"", ""stiffness_factor_eta_k"": 0.6212, ""damping_factor_eta_c"": 1.0}]"
v2l092_seed97168267_v200_baseline,97168267,200,val,baseline,legacy_seed97168267_cross_speed,[]
v2l092_seed97168267_v200_subgrade,97168267,200,val,subgrade,legacy_seed97168267_cross_speed,"[{""type"": ""subgrade_condition"", ""label"": ""subgrade_weakened"", ""start_m"": 218.4, ""count"": 143, ""side"": ""right"", ""directions"": ""vertical"", ""stiffness_factor_eta_k"": 0.1192, ""damping_factor_eta_c"": 1.0}]"
v2l093_seed38985071_v160_baseline,38985071,160,test,baseline,legacy_seed38985071_cross_speed,[]
v2l093_seed38985071_v160_fastener,38985071,160,test,fastener,legacy_seed38985071_cross_speed,"[{""type"": ""fastener_failure"", ""label"": ""fastener_eta"", ""start_m"": 295.8, ""count"": 2, ""side"": ""both"", ""directions"": ""both"", ""stiffness_factor_eta_k"": 0.25, ""damping_factor_eta_c"": 1.0}]"
v2l094_seed93156407_v200_baseline,93156407,200,test,baseline,legacy_seed93156407_cross_speed,[]
v2l094_seed93156407_v200_sleeper_void,93156407,200,test,sleeper_void,legacy_seed93156407_cross_speed,"[{""type"": ""sleeper_void"", ""label"": ""sleeper_void"", ""start_m"": 277.8, ""count"": 4, ""side"": ""both"", ""directions"": ""vertical"", ""delta_gap_mm"": 2.39}]"
v2l095_seed60173705_v160_baseline,60173705,160,test,baseline,legacy_seed60173705_cross_speed,[]
v2l095_seed60173705_v160_ballast,60173705,160,test,ballast,legacy_seed60173705_cross_speed,"[{""type"": ""ballast_condition"", ""label"": ""ballast_loose"", ""start_m"": 214.8, ""count"": 167, ""side"": ""both"", ""directions"": ""vertical"", ""stiffness_factor_eta_k"": 0.1935, ""damping_factor_eta_c"": 1.0}]"
v2l096_seed14234665_v200_baseline,14234665,200,test,baseline,legacy_seed14234665_cross_speed,[]
v2l096_seed14234665_v200_subgrade,14234665,200,test,subgrade,legacy_seed14234665_cross_speed,"[{""type"": ""subgrade_condition"", ""label"": ""subgrade_weakened"", ""start_m"": 201.6, ""count"": 147, ""side"": ""left"", ""directions"": ""vertical"", ""stiffness_factor_eta_k"": 0.5634, ""damping_factor_eta_c"": 1.0}]"
v2n001_seed73873257_v160_baseline,73873257,160,train,baseline,v2_seed73873257,[]
v2n001_seed73873257_v160_fastener,73873257,160,train,fastener,v2_seed73873257,"[{""type"": ""fastener_failure"", ""label"": ""fastener_eta"", ""start_m"": 257.4, ""count"": 1, ""side"": ""left"", ""directions"": ""both"", ""stiffness_factor_eta_k"": 0.0, ""damping_factor_eta_c"": 1.0}]"
v2n001_seed73873257_v160_sleeper_void,73873257,160,train,sleeper_void,v2_seed73873257,"[{""type"": ""sleeper_void"", ""label"": ""sleeper_void"", ""start_m"": 253.2, ""count"": 2, ""side"": ""both"", ""directions"": ""vertical"", ""delta_gap_mm"": 0.804}]"
v2n001_seed73873257_v160_ballast,73873257,160,train,ballast,v2_seed73873257,"[{""type"": ""ballast_condition"", ""label"": ""ballast_softened"", ""start_m"": 248.4, ""count"": 8, ""side"": ""right"", ""directions"": ""vertical"", ""stiffness_factor_eta_k"": 0.8161, ""damping_factor_eta_c"": 1.0}]"
v2n001_seed73873257_v160_subgrade,73873257,160,train,subgrade,v2_seed73873257,"[{""type"": ""subgrade_condition"", ""label"": ""subgrade_hardened"", ""start_m"": 225.6, ""count"": 12, ""side"": ""left"", ""directions"": ""vertical"", ""stiffness_factor_eta_k"": 1.1115, ""damping_factor_eta_c"": 1.0}]"
v2n001_seed73873257_v160_coupled_fastener_ballast_overlap,73873257,160,train,coupled_fastener_ballast_overlap,v2_seed73873257,"[{""type"": ""fastener_failure"", ""label"": ""fastener_eta"", ""start_m"": 235.8, ""count"": 5, ""side"": ""left"", ""directions"": ""both"", ""stiffness_factor_eta_k"": 0.5, ""damping_factor_eta_c"": 1.0}, {""type"": ""ballast_condition"", ""label"": ""ballast_softened"", ""start_m"": 235.8, ""count"": 3, ""side"": ""left"", ""directions"": ""vertical"", ""stiffness_factor_eta_k"": 0.503, ""damping_factor_eta_c"": 1.0}]"
v2n001_seed73873257_v160_coupled_fastener_sleeper_void_partial_overlap,73873257,160,train,coupled_fastener_sleeper_void_partial_overlap,v2_seed73873257,"[{""type"": ""fastener_failure"", ""label"": ""fastener_eta"", ""start_m"": 235.2, ""count"": 8, ""side"": ""right"", ""directions"": ""both"", ""stiffness_factor_eta_k"": 0.75, ""damping_factor_eta_c"": 1.0}, {""type"": ""sleeper_void"", ""label"": ""sleeper_void"", ""start_m"": 235.8, ""count"": 2, ""side"": ""left"", ""directions"": ""vertical"", ""delta_gap_mm"": 0.293}]"
v2n001_seed73873257_v200_baseline,73873257,200,train,baseline,v2_seed73873257,[]
v2n001_seed73873257_v200_fastener,73873257,200,train,fastener,v2_seed73873257,"[{""type"": ""fastener_failure"", ""label"": ""fastener_eta"", ""start_m"": 257.4, ""count"": 1, ""side"": ""left"", ""directions"": ""both"", ""stiffness_factor_eta_k"": 0.0, ""damping_factor_eta_c"": 1.0}]"
v2n001_seed73873257_v200_coupled_fastener_ballast_overlap,73873257,200,train,coupled_fastener_ballast_overlap,v2_seed73873257,"[{""type"": ""fastener_failure"", ""label"": ""fastener_eta"", ""start_m"": 235.8, ""count"": 5, ""side"": ""left"", ""directions"": ""both"", ""stiffness_factor_eta_k"": 0.5, ""damping_factor_eta_c"": 1.0}, {""type"": ""ballast_condition"", ""label"": ""ballast_softened"", ""start_m"": 235.8, ""count"": 3, ""side"": ""left"", ""directions"": ""vertical"", ""stiffness_factor_eta_k"": 0.503, ""damping_factor_eta_c"": 1.0}]"
v2n002_seed28333167_v200_baseline,28333167,200,val,baseline,v2_seed28333167,[]
v2n002_seed28333167_v200_fastener,28333167,200,val,fastener,v2_seed28333167,"[{""type"": ""fastener_failure"", ""label"": ""fastener_eta"", ""start_m"": 153.6, ""count"": 2, ""side"": ""right"", ""directions"": ""both"", ""stiffness_factor_eta_k"": 0.1, ""damping_factor_eta_c"": 1.0}]"
v2n002_seed28333167_v200_sleeper_void,28333167,200,val,sleeper_void,v2_seed28333167,"[{""type"": ""sleeper_void"", ""label"": ""sleeper_void"", ""start_m"": 154.8, ""count"": 3, ""side"": ""left"", ""directions"": ""vertical"", ""delta_gap_mm"": 1.19}]"
v2n002_seed28333167_v200_ballast,28333167,200,val,ballast,v2_seed28333167,"[{""type"": ""ballast_condition"", ""label"": ""ballast_hardened"", ""start_m"": 270.6, ""count"": 12, ""side"": ""both"", ""directions"": ""vertical"", ""stiffness_factor_eta_k"": 1.1686, ""damping_factor_eta_c"": 1.0}]"
v2n002_seed28333167_v200_subgrade,28333167,200,val,subgrade,v2_seed28333167,"[{""type"": ""subgrade_condition"", ""label"": ""subgrade_hardened"", ""start_m"": 176.4, ""count"": 20, ""side"": ""right"", ""directions"": ""vertical"", ""stiffness_factor_eta_k"": 2.5601, ""damping_factor_eta_c"": 1.0}]"
v2n002_seed28333167_v200_coupled_fastener_subgrade_partial_overlap,28333167,200,val,coupled_fastener_subgrade_partial_overlap,v2_seed28333167,"[{""type"": ""fastener_failure"", ""label"": ""fastener_eta"", ""start_m"": 198.6, ""count"": 8, ""side"": ""right"", ""directions"": ""both"", ""stiffness_factor_eta_k"": 0.75, ""damping_factor_eta_c"": 1.0}, {""type"": ""subgrade_condition"", ""label"": ""subgrade_softened"", ""start_m"": 199.8, ""count"": 5, ""side"": ""both"", ""directions"": ""vertical"", ""stiffness_factor_eta_k"": 0.7766, ""damping_factor_eta_c"": 1.0}]"
v2n002_seed28333167_v200_coupled_ballast_sleeper_void_separate,28333167,200,val,coupled_ballast_sleeper_void_separate,v2_seed28333167,"[{""type"": ""ballast_condition"", ""label"": ""ballast_hardened"", ""start_m"": 240.0, ""count"": 40, ""side"": ""right"", ""directions"": ""vertical"", ""stiffness_factor_eta_k"": 3.8608, ""damping_factor_eta_c"": 1.0}, {""type"": ""sleeper_void"", ""label"": ""sleeper_void"", ""start_m"": 276.0, ""count"": 3, ""side"": ""right"", ""directions"": ""vertical"", ""delta_gap_mm"": 0.566}]"
v2n002_seed28333167_v250_baseline,28333167,250,val,baseline,v2_seed28333167,[]
v2n002_seed28333167_v250_sleeper_void,28333167,250,val,sleeper_void,v2_seed28333167,"[{""type"": ""sleeper_void"", ""label"": ""sleeper_void"", ""start_m"": 154.8, ""count"": 3, ""side"": ""left"", ""directions"": ""vertical"", ""delta_gap_mm"": 1.19}]"
v2n002_seed28333167_v250_coupled_fastener_subgrade_partial_overlap,28333167,250,val,coupled_fastener_subgrade_partial_overlap,v2_seed28333167,"[{""type"": ""fastener_failure"", ""label"": ""fastener_eta"", ""start_m"": 198.6, ""count"": 8, ""side"": ""right"", ""directions"": ""both"", ""stiffness_factor_eta_k"": 0.75, ""damping_factor_eta_c"": 1.0}, {""type"": ""subgrade_condition"", ""label"": ""subgrade_softened"", ""start_m"": 199.8, ""count"": 5, ""side"": ""both"", ""directions"": ""vertical"", ""stiffness_factor_eta_k"": 0.7766, ""damping_factor_eta_c"": 1.0}]"
v2n003_seed22430800_v215_baseline,22430800,215,train,baseline,v2_seed22430800,[]
v2n003_seed22430800_v215_fastener,22430800,215,train,fastener,v2_seed22430800,"[{""type"": ""fastener_failure"", ""label"": ""fastener_eta"", ""start_m"": 221.4, ""count"": 3, ""side"": ""both"", ""directions"": ""both"", ""stiffness_factor_eta_k"": 0.25, ""damping_factor_eta_c"": 1.0}]"
v2n003_seed22430800_v215_sleeper_void,22430800,215,train,sleeper_void,v2_seed22430800,"[{""type"": ""sleeper_void"", ""label"": ""sleeper_void"", ""start_m"": 260.4, ""count"": 5, ""side"": ""right"", ""directions"": ""vertical"", ""delta_gap_mm"": 2.857}]"
v2n003_seed22430800_v215_ballast,22430800,215,train,ballast,v2_seed22430800,"[{""type"": ""ballast_condition"", ""label"": ""ballast_hardened"", ""start_m"": 261.6, ""count"": 20, ""side"": ""left"", ""directions"": ""vertical"", ""stiffness_factor_eta_k"": 2.7411, ""damping_factor_eta_c"": 1.0}]"
v2n003_seed22430800_v215_subgrade,22430800,215,train,subgrade,v2_seed22430800,"[{""type"": ""subgrade_condition"", ""label"": ""subgrade_hardened"", ""start_m"": 180.0, ""count"": 40, ""side"": ""both"", ""directions"": ""vertical"", ""stiffness_factor_eta_k"": 7.023, ""damping_factor_eta_c"": 1.0}]"
v2n003_seed22430800_v215_coupled_ballast_subgrade_separate,22430800,215,train,coupled_ballast_subgrade_separate,v2_seed22430800,"[{""type"": ""ballast_condition"", ""label"": ""ballast_hardened"", ""start_m"": 216.6, ""count"": 40, ""side"": ""right"", ""directions"": ""vertical"", ""stiffness_factor_eta_k"": 4.937, ""damping_factor_eta_c"": 1.0}, {""type"": ""subgrade_condition"", ""label"": ""subgrade_hardened"", ""start_m"": 252.6, ""count"": 8, ""side"": ""left"", ""directions"": ""vertical"", ""stiffness_factor_eta_k"": 1.0818, ""damping_factor_eta_c"": 1.0}]"
v2n003_seed22430800_v215_coupled_subgrade_sleeper_void_overlap,22430800,215,train,coupled_subgrade_sleeper_void_overlap,v2_seed22430800,"[{""type"": ""subgrade_condition"", ""label"": ""subgrade_softened"", ""start_m"": 194.4, ""count"": 80, ""side"": ""left"", ""directions"": ""vertical"", ""stiffness_factor_eta_k"": 0.2989, ""damping_factor_eta_c"": 1.0}, {""type"": ""sleeper_void"", ""label"": ""sleeper_void"", ""start_m"": 194.4, ""count"": 5, ""side"": ""both"", ""directions"": ""vertical"", ""delta_gap_mm"": 1.515}]"
v2n003_seed22430800_v250_baseline,22430800,250,train,baseline,v2_seed22430800,[]
v2n003_seed22430800_v250_ballast,22430800,250,train,ballast,v2_seed22430800,"[{""type"": ""ballast_condition"", ""label"": ""ballast_hardened"", ""start_m"": 261.6, ""count"": 20, ""side"": ""left"", ""directions"": ""vertical"", ""stiffness_factor_eta_k"": 2.7411, ""damping_factor_eta_c"": 1.0}]"
v2n003_seed22430800_v250_coupled_ballast_subgrade_separate,22430800,250,train,coupled_ballast_subgrade_separate,v2_seed22430800,"[{""type"": ""ballast_condition"", ""label"": ""ballast_hardened"", ""start_m"": 216.6, ""count"": 40, ""side"": ""right"", ""directions"": ""vertical"", ""stiffness_factor_eta_k"": 4.937, ""damping_factor_eta_c"": 1.0}, {""type"": ""subgrade_condition"", ""label"": ""subgrade_hardened"", ""start_m"": 252.6, ""count"": 8, ""side"": ""left"", ""directions"": ""vertical"", ""stiffness_factor_eta_k"": 1.0818, ""damping_factor_eta_c"": 1.0}]"
v2n004_seed54436955_v250_baseline,54436955,250,val,baseline,v2_seed54436955,[]
v2n004_seed54436955_v250_fastener,54436955,250,val,fastener,v2_seed54436955,"[{""type"": ""fastener_failure"", ""label"": ""fastener_eta"", ""start_m"": 214.8, ""count"": 5, ""side"": ""left"", ""directions"": ""both"", ""stiffness_factor_eta_k"": 0.5, ""damping_factor_eta_c"": 1.0}]"
v2n004_seed54436955_v250_sleeper_void,54436955,250,val,sleeper_void,v2_seed54436955,"[{""type"": ""sleeper_void"", ""label"": ""sleeper_void"", ""start_m"": 291.6, ""count"": 8, ""side"": ""both"", ""directions"": ""vertical"", ""delta_gap_mm"": 0.358}]"
v2n004_seed54436955_v250_ballast,54436955,250,val,ballast,v2_seed54436955,"[{""type"": ""ballast_condition"", ""label"": ""ballast_hardened"", ""start_m"": 155.4, ""count"": 40, ""side"": ""right"", ""directions"": ""vertical"", ""stiffness_factor_eta_k"": 4.3937, ""damping_factor_eta_c"": 1.0}]"
v2n004_seed54436955_v250_subgrade,54436955,250,val,subgrade,v2_seed54436955,"[{""type"": ""subgrade_condition"", ""label"": ""subgrade_softened"", ""start_m"": 156.6, ""count"": 80, ""side"": ""left"", ""directions"": ""vertical"", ""stiffness_factor_eta_k"": 0.1213, ""damping_factor_eta_c"": 1.0}]"
v2n004_seed54436955_v250_coupled_fastener_ballast_overlap,54436955,250,val,coupled_fastener_ballast_overlap,v2_seed54436955,"[{""type"": ""fastener_failure"", ""label"": ""fastener_eta"", ""start_m"": 189.0, ""count"": 20, ""side"": ""left"", ""directions"": ""both"", ""stiffness_factor_eta_k"": 0.9, ""damping_factor_eta_c"": 1.0}, {""type"": ""ballast_condition"", ""label"": ""ballast_hardened"", ""start_m"": 189.0, ""count"": 12, ""side"": ""left"", ""directions"": ""vertical"", ""stiffness_factor_eta_k"": 1.5562, ""damping_factor_eta_c"": 1.0}]"
v2n004_seed54436955_v250_coupled_fastener_sleeper_void_partial_overlap,54436955,250,val,coupled_fastener_sleeper_void_partial_overlap,v2_seed54436955,"[{""type"": ""fastener_failure"", ""label"": ""fastener_eta"", ""start_m"": 230.4, ""count"": 1, ""side"": ""right"", ""directions"": ""both"", ""stiffness_factor_eta_k"": 0.95, ""damping_factor_eta_c"": 1.0}, {""type"": ""sleeper_void"", ""label"": ""sleeper_void"", ""start_m"": 231.0, ""count"": 8, ""side"": ""left"", ""directions"": ""vertical"", ""delta_gap_mm"": 3.28}]"
v2n004_seed54436955_v200_baseline,54436955,200,val,baseline,v2_seed54436955,[]
v2n004_seed54436955_v200_subgrade,54436955,200,val,subgrade,v2_seed54436955,"[{""type"": ""subgrade_condition"", ""label"": ""subgrade_softened"", ""start_m"": 156.6, ""count"": 80, ""side"": ""left"", ""directions"": ""vertical"", ""stiffness_factor_eta_k"": 0.1213, ""damping_factor_eta_c"": 1.0}]"
v2n004_seed54436955_v200_coupled_fastener_ballast_overlap,54436955,200,val,coupled_fastener_ballast_overlap,v2_seed54436955,"[{""type"": ""fastener_failure"", ""label"": ""fastener_eta"", ""start_m"": 189.0, ""count"": 20, ""side"": ""left"", ""directions"": ""both"", ""stiffness_factor_eta_k"": 0.9, ""damping_factor_eta_c"": 1.0}, {""type"": ""ballast_condition"", ""label"": ""ballast_hardened"", ""start_m"": 189.0, ""count"": 12, ""side"": ""left"", ""directions"": ""vertical"", ""stiffness_factor_eta_k"": 1.5562, ""damping_factor_eta_c"": 1.0}]"
v2n005_seed67141373_v160_baseline,67141373,160,train,baseline,v2_seed67141373,[]
v2n005_seed67141373_v160_fastener,67141373,160,train,fastener,v2_seed67141373,"[{""type"": ""fastener_failure"", ""label"": ""fastener_eta"", ""start_m"": 198.0, ""count"": 8, ""side"": ""right"", ""directions"": ""both"", ""stiffness_factor_eta_k"": 0.75, ""damping_factor_eta_c"": 1.0}]"
v2n005_seed67141373_v160_sleeper_void,67141373,160,train,sleeper_void,v2_seed67141373,"[{""type"": ""sleeper_void"", ""label"": ""sleeper_void"", ""start_m"": 178.8, ""count"": 12, ""side"": ""left"", ""directions"": ""vertical"", ""delta_gap_mm"": 0.82}]"
v2n005_seed67141373_v160_ballast,67141373,160,train,ballast,v2_seed67141373,"[{""type"": ""ballast_condition"", ""label"": ""ballast_softened"", ""start_m"": 192.6, ""count"": 80, ""side"": ""both"", ""directions"": ""vertical"", ""stiffness_factor_eta_k"": 0.2031, ""damping_factor_eta_c"": 1.0}]"
v2n005_seed67141373_v160_subgrade,67141373,160,train,subgrade,v2_seed67141373,"[{""type"": ""subgrade_condition"", ""label"": ""subgrade_softened"", ""start_m"": 181.8, ""count"": 3, ""side"": ""right"", ""directions"": ""vertical"", ""stiffness_factor_eta_k"": 0.6255, ""damping_factor_eta_c"": 1.0}]"
v2n005_seed67141373_v160_coupled_fastener_subgrade_partial_overlap,67141373,160,train,coupled_fastener_subgrade_partial_overlap,v2_seed67141373,"[{""type"": ""fastener_failure"", ""label"": ""fastener_eta"", ""start_m"": 220.2, ""count"": 1, ""side"": ""right"", ""directions"": ""both"", ""stiffness_factor_eta_k"": 0.95, ""damping_factor_eta_c"": 1.0}, {""type"": ""subgrade_condition"", ""label"": ""subgrade_hardened"", ""start_m"": 220.8, ""count"": 20, ""side"": ""both"", ""directions"": ""vertical"", ""stiffness_factor_eta_k"": 4.9976, ""damping_factor_eta_c"": 1.0}]"
v2n005_seed67141373_v160_coupled_ballast_sleeper_void_separate,67141373,160,train,coupled_ballast_sleeper_void_separate,v2_seed67141373,"[{""type"": ""ballast_condition"", ""label"": ""ballast_softened"", ""start_m"": 239.4, ""count"": 5, ""side"": ""right"", ""directions"": ""vertical"", ""stiffness_factor_eta_k"": 0.7101, ""damping_factor_eta_c"": 1.0}, {""type"": ""sleeper_void"", ""label"": ""sleeper_void"", ""start_m"": 258.6, ""count"": 12, ""side"": ""right"", ""directions"": ""vertical"", ""delta_gap_mm"": 0.19}]"
v2n005_seed67141373_v200_baseline,67141373,200,train,baseline,v2_seed67141373,[]
v2n005_seed67141373_v200_fastener,67141373,200,train,fastener,v2_seed67141373,"[{""type"": ""fastener_failure"", ""label"": ""fastener_eta"", ""start_m"": 198.0, ""count"": 8, ""side"": ""right"", ""directions"": ""both"", ""stiffness_factor_eta_k"": 0.75, ""damping_factor_eta_c"": 1.0}]"
v2n005_seed67141373_v200_coupled_fastener_subgrade_partial_overlap,67141373,200,train,coupled_fastener_subgrade_partial_overlap,v2_seed67141373,"[{""type"": ""fastener_failure"", ""label"": ""fastener_eta"", ""start_m"": 220.2, ""count"": 1, ""side"": ""right"", ""directions"": ""both"", ""stiffness_factor_eta_k"": 0.95, ""damping_factor_eta_c"": 1.0}, {""type"": ""subgrade_condition"", ""label"": ""subgrade_hardened"", ""start_m"": 220.8, ""count"": 20, ""side"": ""both"", ""directions"": ""vertical"", ""stiffness_factor_eta_k"": 4.9976, ""damping_factor_eta_c"": 1.0}]"
v2n006_seed63640950_v200_baseline,63640950,200,train,baseline,v2_seed63640950,[]
v2n006_seed63640950_v200_fastener,63640950,200,train,fastener,v2_seed63640950,"[{""type"": ""fastener_failure"", ""label"": ""fastener_eta"", ""start_m"": 258.0, ""count"": 12, ""side"": ""both"", ""directions"": ""both"", ""stiffness_factor_eta_k"": 0.85, ""damping_factor_eta_c"": 1.0}]"
v2n006_seed63640950_v200_sleeper_void,63640950,200,train,sleeper_void,v2_seed63640950,"[{""type"": ""sleeper_void"", ""label"": ""sleeper_void"", ""start_m"": 185.4, ""count"": 20, ""side"": ""right"", ""directions"": ""vertical"", ""delta_gap_mm"": 1.294}]"
v2n006_seed63640950_v200_ballast,63640950,200,train,ballast,v2_seed63640950,"[{""type"": ""ballast_condition"", ""label"": ""ballast_softened"", ""start_m"": 181.8, ""count"": 3, ""side"": ""left"", ""directions"": ""vertical"", ""stiffness_factor_eta_k"": 0.3951, ""damping_factor_eta_c"": 1.0}]"
v2n006_seed63640950_v200_subgrade,63640950,200,train,subgrade,v2_seed63640950,"[{""type"": ""subgrade_condition"", ""label"": ""subgrade_softened"", ""start_m"": 266.4, ""count"": 5, ""side"": ""both"", ""directions"": ""vertical"", ""stiffness_factor_eta_k"": 0.7555, ""damping_factor_eta_c"": 1.0}]"
v2n006_seed63640950_v200_coupled_ballast_subgrade_separate,63640950,200,train,coupled_ballast_subgrade_separate,v2_seed63640950,"[{""type"": ""ballast_condition"", ""label"": ""ballast_softened"", ""start_m"": 231.0, ""count"": 5, ""side"": ""right"", ""directions"": ""vertical"", ""stiffness_factor_eta_k"": 0.7318, ""damping_factor_eta_c"": 1.0}, {""type"": ""subgrade_condition"", ""label"": ""subgrade_softened"", ""start_m"": 267.0, ""count"": 40, ""side"": ""left"", ""directions"": ""vertical"", ""stiffness_factor_eta_k"": 0.298, ""damping_factor_eta_c"": 1.0}]"
v2n006_seed63640950_v200_coupled_subgrade_sleeper_void_overlap,63640950,200,train,coupled_subgrade_sleeper_void_overlap,v2_seed63640950,"[{""type"": ""subgrade_condition"", ""label"": ""subgrade_hardened"", ""start_m"": 234.6, ""count"": 8, ""side"": ""left"", ""directions"": ""vertical"", ""stiffness_factor_eta_k"": 1.2118, ""damping_factor_eta_c"": 1.0}, {""type"": ""sleeper_void"", ""label"": ""sleeper_void"", ""start_m"": 234.6, ""count"": 20, ""side"": ""both"", ""directions"": ""vertical"", ""delta_gap_mm"": 0.7}]"
v2n006_seed63640950_v250_baseline,63640950,250,train,baseline,v2_seed63640950,[]
v2n006_seed63640950_v250_sleeper_void,63640950,250,train,sleeper_void,v2_seed63640950,"[{""type"": ""sleeper_void"", ""label"": ""sleeper_void"", ""start_m"": 185.4, ""count"": 20, ""side"": ""right"", ""directions"": ""vertical"", ""delta_gap_mm"": 1.294}]"
v2n006_seed63640950_v250_coupled_ballast_subgrade_separate,63640950,250,train,coupled_ballast_subgrade_separate,v2_seed63640950,"[{""type"": ""ballast_condition"", ""label"": ""ballast_softened"", ""start_m"": 231.0, ""count"": 5, ""side"": ""right"", ""directions"": ""vertical"", ""stiffness_factor_eta_k"": 0.7318, ""damping_factor_eta_c"": 1.0}, {""type"": ""subgrade_condition"", ""label"": ""subgrade_softened"", ""start_m"": 267.0, ""count"": 40, ""side"": ""left"", ""directions"": ""vertical"", ""stiffness_factor_eta_k"": 0.298, ""damping_factor_eta_c"": 1.0}]"
v2n007_seed55708238_v215_baseline,55708238,215,train,baseline,v2_seed55708238,[]
v2n007_seed55708238_v215_fastener,55708238,215,train,fastener,v2_seed55708238,"[{""type"": ""fastener_failure"", ""label"": ""fastener_eta"", ""start_m"": 210.6, ""count"": 20, ""side"": ""left"", ""directions"": ""both"", ""stiffness_factor_eta_k"": 0.9, ""damping_factor_eta_c"": 1.0}]"
v2n007_seed55708238_v215_sleeper_void,55708238,215,train,sleeper_void,v2_seed55708238,"[{""type"": ""sleeper_void"", ""label"": ""sleeper_void"", ""start_m"": 212.4, ""count"": 1, ""side"": ""both"", ""directions"": ""vertical"", ""delta_gap_mm"": 2.327}]"
v2n007_seed55708238_v215_ballast,55708238,215,train,ballast,v2_seed55708238,"[{""type"": ""ballast_condition"", ""label"": ""ballast_softened"", ""start_m"": 170.4, ""count"": 5, ""side"": ""right"", ""directions"": ""vertical"", ""stiffness_factor_eta_k"": 0.8485, ""damping_factor_eta_c"": 1.0}]"
v2n007_seed55708238_v215_subgrade,55708238,215,train,subgrade,v2_seed55708238,"[{""type"": ""subgrade_condition"", ""label"": ""subgrade_hardened"", ""start_m"": 266.4, ""count"": 8, ""side"": ""left"", ""directions"": ""vertical"", ""stiffness_factor_eta_k"": 1.2649, ""damping_factor_eta_c"": 1.0}]"
v2n007_seed55708238_v215_coupled_fastener_ballast_overlap,55708238,215,train,coupled_fastener_ballast_overlap,v2_seed55708238,"[{""type"": ""fastener_failure"", ""label"": ""fastener_eta"", ""start_m"": 220.8, ""count"": 3, ""side"": ""left"", ""directions"": ""both"", ""stiffness_factor_eta_k"": 1.1, ""damping_factor_eta_c"": 1.0}, {""type"": ""ballast_condition"", ""label"": ""ballast_softened"", ""start_m"": 220.8, ""count"": 80, ""side"": ""left"", ""directions"": ""vertical"", ""stiffness_factor_eta_k"": 0.6469, ""damping_factor_eta_c"": 1.0}]"
v2n007_seed55708238_v215_coupled_fastener_sleeper_void_partial_overlap,55708238,215,train,coupled_fastener_sleeper_void_partial_overlap,v2_seed55708238,"[{""type"": ""fastener_failure"", ""label"": ""fastener_eta"", ""start_m"": 196.2, ""count"": 5, ""side"": ""right"", ""directions"": ""both"", ""stiffness_factor_eta_k"": 1.25, ""damping_factor_eta_c"": 1.0}, {""type"": ""sleeper_void"", ""label"": ""sleeper_void"", ""start_m"": 196.8, ""count"": 1, ""side"": ""left"", ""directions"": ""vertical"", ""delta_gap_mm"": 1.139}]"
v2n007_seed55708238_v250_baseline,55708238,250,train,baseline,v2_seed55708238,[]
v2n007_seed55708238_v250_ballast,55708238,250,train,ballast,v2_seed55708238,"[{""type"": ""ballast_condition"", ""label"": ""ballast_softened"", ""start_m"": 170.4, ""count"": 5, ""side"": ""right"", ""directions"": ""vertical"", ""stiffness_factor_eta_k"": 0.8485, ""damping_factor_eta_c"": 1.0}]"
v2n007_seed55708238_v250_coupled_fastener_ballast_overlap,55708238,250,train,coupled_fastener_ballast_overlap,v2_seed55708238,"[{""type"": ""fastener_failure"", ""label"": ""fastener_eta"", ""start_m"": 220.8, ""count"": 3, ""side"": ""left"", ""directions"": ""both"", ""stiffness_factor_eta_k"": 1.1, ""damping_factor_eta_c"": 1.0}, {""type"": ""ballast_condition"", ""label"": ""ballast_softened"", ""start_m"": 220.8, ""count"": 80, ""side"": ""left"", ""directions"": ""vertical"", ""stiffness_factor_eta_k"": 0.6469, ""damping_factor_eta_c"": 1.0}]"
v2n008_seed52495558_v250_baseline,52495558,250,test,baseline,v2_seed52495558,[]
v2n008_seed52495558_v250_fastener,52495558,250,test,fastener,v2_seed52495558,"[{""type"": ""fastener_failure"", ""label"": ""fastener_eta"", ""start_m"": 248.4, ""count"": 1, ""side"": ""right"", ""directions"": ""both"", ""stiffness_factor_eta_k"": 0.95, ""damping_factor_eta_c"": 1.0}]"
v2n008_seed52495558_v250_sleeper_void,52495558,250,test,sleeper_void,v2_seed52495558,"[{""type"": ""sleeper_void"", ""label"": ""sleeper_void"", ""start_m"": 240.6, ""count"": 2, ""side"": ""left"", ""directions"": ""vertical"", ""delta_gap_mm"": 0.365}]"
v2n008_seed52495558_v250_ballast,52495558,250,test,ballast,v2_seed52495558,"[{""type"": ""ballast_condition"", ""label"": ""ballast_hardened"", ""start_m"": 288.6, ""count"": 8, ""side"": ""both"", ""directions"": ""vertical"", ""stiffness_factor_eta_k"": 1.1637, ""damping_factor_eta_c"": 1.0}]"
v2n008_seed52495558_v250_subgrade,52495558,250,test,subgrade,v2_seed52495558,"[{""type"": ""subgrade_condition"", ""label"": ""subgrade_hardened"", ""start_m"": 201.0, ""count"": 12, ""side"": ""right"", ""directions"": ""vertical"", ""stiffness_factor_eta_k"": 1.7861, ""damping_factor_eta_c"": 1.0}]"
v2n008_seed52495558_v250_coupled_fastener_subgrade_partial_overlap,52495558,250,test,coupled_fastener_subgrade_partial_overlap,v2_seed52495558,"[{""type"": ""fastener_failure"", ""label"": ""fastener_eta"", ""start_m"": 190.8, ""count"": 5, ""side"": ""right"", ""directions"": ""both"", ""stiffness_factor_eta_k"": 1.25, ""damping_factor_eta_c"": 1.0}, {""type"": ""subgrade_condition"", ""label"": ""subgrade_softened"", ""start_m"": 191.4, ""count"": 3, ""side"": ""both"", ""directions"": ""vertical"", ""stiffness_factor_eta_k"": 0.9419, ""damping_factor_eta_c"": 1.0}]"
v2n008_seed52495558_v250_coupled_ballast_sleeper_void_separate,52495558,250,test,coupled_ballast_sleeper_void_separate,v2_seed52495558,"[{""type"": ""ballast_condition"", ""label"": ""ballast_hardened"", ""start_m"": 203.4, ""count"": 20, ""side"": ""right"", ""directions"": ""vertical"", ""stiffness_factor_eta_k"": 6.7684, ""damping_factor_eta_c"": 1.0}, {""type"": ""sleeper_void"", ""label"": ""sleeper_void"", ""start_m"": 227.4, ""count"": 2, ""side"": ""right"", ""directions"": ""vertical"", ""delta_gap_mm"": 2.372}]"
v2n008_seed52495558_v200_baseline,52495558,200,test,baseline,v2_seed52495558,[]
v2n008_seed52495558_v200_subgrade,52495558,200,test,subgrade,v2_seed52495558,"[{""type"": ""subgrade_condition"", ""label"": ""subgrade_hardened"", ""start_m"": 201.0, ""count"": 12, ""side"": ""right"", ""directions"": ""vertical"", ""stiffness_factor_eta_k"": 1.7861, ""damping_factor_eta_c"": 1.0}]"
v2n008_seed52495558_v200_coupled_fastener_subgrade_partial_overlap,52495558,200,test,coupled_fastener_subgrade_partial_overlap,v2_seed52495558,"[{""type"": ""fastener_failure"", ""label"": ""fastener_eta"", ""start_m"": 190.8, ""count"": 5, ""side"": ""right"", ""directions"": ""both"", ""stiffness_factor_eta_k"": 1.25, ""damping_factor_eta_c"": 1.0}, {""type"": ""subgrade_condition"", ""label"": ""subgrade_softened"", ""start_m"": 191.4, ""count"": 3, ""side"": ""both"", ""directions"": ""vertical"", ""stiffness_factor_eta_k"": 0.9419, ""damping_factor_eta_c"": 1.0}]"
v2n009_seed95135943_v160_baseline,95135943,160,train,baseline,v2_seed95135943,[]
v2n009_seed95135943_v160_fastener,95135943,160,train,fastener,v2_seed95135943,"[{""type"": ""fastener_failure"", ""label"": ""fastener_eta"", ""start_m"": 283.8, ""count"": 2, ""side"": ""both"", ""directions"": ""both"", ""stiffness_factor_eta_k"": 1.05, ""damping_factor_eta_c"": 1.0}]"
v2n009_seed95135943_v160_sleeper_void,95135943,160,train,sleeper_void,v2_seed95135943,"[{""type"": ""sleeper_void"", ""label"": ""sleeper_void"", ""start_m"": 196.2, ""count"": 3, ""side"": ""right"", ""directions"": ""vertical"", ""delta_gap_mm"": 0.81}]"
v2n009_seed95135943_v160_ballast,95135943,160,train,ballast,v2_seed95135943,"[{""type"": ""ballast_condition"", ""label"": ""ballast_hardened"", ""start_m"": 214.2, ""count"": 12, ""side"": ""left"", ""directions"": ""vertical"", ""stiffness_factor_eta_k"": 1.8355, ""damping_factor_eta_c"": 1.0}]"
v2n009_seed95135943_v160_subgrade,95135943,160,train,subgrade,v2_seed95135943,"[{""type"": ""subgrade_condition"", ""label"": ""subgrade_hardened"", ""start_m"": 157.2, ""count"": 20, ""side"": ""both"", ""directions"": ""vertical"", ""stiffness_factor_eta_k"": 3.9325, ""damping_factor_eta_c"": 1.0}]"
v2n009_seed95135943_v160_coupled_ballast_subgrade_separate,95135943,160,train,coupled_ballast_subgrade_separate,v2_seed95135943,"[{""type"": ""ballast_condition"", ""label"": ""ballast_hardened"", ""start_m"": 183.0, ""count"": 20, ""side"": ""right"", ""directions"": ""vertical"", ""stiffness_factor_eta_k"": 4.9369, ""damping_factor_eta_c"": 1.0}, {""type"": ""subgrade_condition"", ""label"": ""subgrade_hardened"", ""start_m"": 207.0, ""count"": 5, ""side"": ""left"", ""directions"": ""vertical"", ""stiffness_factor_eta_k"": 1.1372, ""damping_factor_eta_c"": 1.0}]"
v2n009_seed95135943_v160_coupled_subgrade_sleeper_void_overlap,95135943,160,train,coupled_subgrade_sleeper_void_overlap,v2_seed95135943,"[{""type"": ""subgrade_condition"", ""label"": ""subgrade_softened"", ""start_m"": 210.0, ""count"": 40, ""side"": ""left"", ""directions"": ""vertical"", ""stiffness_factor_eta_k"": 0.2857, ""damping_factor_eta_c"": 1.0}, {""type"": ""sleeper_void"", ""label"": ""sleeper_void"", ""start_m"": 210.0, ""count"": 3, ""side"": ""both"", ""directions"": ""vertical"", ""delta_gap_mm"": 0.332}]"
v2n009_seed95135943_v200_baseline,95135943,200,train,baseline,v2_seed95135943,[]
v2n009_seed95135943_v200_fastener,95135943,200,train,fastener,v2_seed95135943,"[{""type"": ""fastener_failure"", ""label"": ""fastener_eta"", ""start_m"": 283.8, ""count"": 2, ""side"": ""both"", ""directions"": ""both"", ""stiffness_factor_eta_k"": 1.05, ""damping_factor_eta_c"": 1.0}]"
v2n009_seed95135943_v200_coupled_ballast_subgrade_separate,95135943,200,train,coupled_ballast_subgrade_separate,v2_seed95135943,"[{""type"": ""ballast_condition"", ""label"": ""ballast_hardened"", ""start_m"": 183.0, ""count"": 20, ""side"": ""right"", ""directions"": ""vertical"", ""stiffness_factor_eta_k"": 4.9369, ""damping_factor_eta_c"": 1.0}, {""type"": ""subgrade_condition"", ""label"": ""subgrade_hardened"", ""start_m"": 207.0, ""count"": 5, ""side"": ""left"", ""directions"": ""vertical"", ""stiffness_factor_eta_k"": 1.1372, ""damping_factor_eta_c"": 1.0}]"
v2n010_seed44767364_v200_baseline,44767364,200,val,baseline,v2_seed44767364,[]
v2n010_seed44767364_v200_fastener,44767364,200,val,fastener,v2_seed44767364,"[{""type"": ""fastener_failure"", ""label"": ""fastener_eta"", ""start_m"": 259.2, ""count"": 3, ""side"": ""left"", ""directions"": ""both"", ""stiffness_factor_eta_k"": 1.1, ""damping_factor_eta_c"": 1.0}]"
v2n010_seed44767364_v200_sleeper_void,44767364,200,val,sleeper_void,v2_seed44767364,"[{""type"": ""sleeper_void"", ""label"": ""sleeper_void"", ""start_m"": 159.0, ""count"": 5, ""side"": ""both"", ""directions"": ""vertical"", ""delta_gap_mm"": 1.976}]"
v2n010_seed44767364_v200_ballast,44767364,200,val,ballast,v2_seed44767364,"[{""type"": ""ballast_condition"", ""label"": ""ballast_hardened"", ""start_m"": 242.4, ""count"": 20, ""side"": ""right"", ""directions"": ""vertical"", ""stiffness_factor_eta_k"": 6.1327, ""damping_factor_eta_c"": 1.0}]"
v2n010_seed44767364_v200_subgrade,44767364,200,val,subgrade,v2_seed44767364,"[{""type"": ""subgrade_condition"", ""label"": ""subgrade_softened"", ""start_m"": 219.6, ""count"": 40, ""side"": ""left"", ""directions"": ""vertical"", ""stiffness_factor_eta_k"": 0.1761, ""damping_factor_eta_c"": 1.0}]"
v2n010_seed44767364_v200_coupled_fastener_ballast_overlap,44767364,200,val,coupled_fastener_ballast_overlap,v2_seed44767364,"[{""type"": ""fastener_failure"", ""label"": ""fastener_eta"", ""start_m"": 210.6, ""count"": 12, ""side"": ""left"", ""directions"": ""both"", ""stiffness_factor_eta_k"": 0.1, ""damping_factor_eta_c"": 1.0}, {""type"": ""ballast_condition"", ""label"": ""ballast_hardened"", ""start_m"": 210.6, ""count"": 8, ""side"": ""left"", ""directions"": ""vertical"", ""stiffness_factor_eta_k"": 2.9333, ""damping_factor_eta_c"": 1.0}]"
v2n010_seed44767364_v200_coupled_fastener_sleeper_void_partial_overlap,44767364,200,val,coupled_fastener_sleeper_void_partial_overlap,v2_seed44767364,"[{""type"": ""fastener_failure"", ""label"": ""fastener_eta"", ""start_m"": 213.0, ""count"": 20, ""side"": ""right"", ""directions"": ""both"", ""stiffness_factor_eta_k"": 0.25, ""damping_factor_eta_c"": 1.0}, {""type"": ""sleeper_void"", ""label"": ""sleeper_void"", ""start_m"": 214.2, ""count"": 5, ""side"": ""left"", ""directions"": ""vertical"", ""delta_gap_mm"": 0.95}]"
v2n010_seed44767364_v250_baseline,44767364,250,val,baseline,v2_seed44767364,[]
v2n010_seed44767364_v250_sleeper_void,44767364,250,val,sleeper_void,v2_seed44767364,"[{""type"": ""sleeper_void"", ""label"": ""sleeper_void"", ""start_m"": 159.0, ""count"": 5, ""side"": ""both"", ""directions"": ""vertical"", ""delta_gap_mm"": 1.976}]"
v2n010_seed44767364_v250_coupled_fastener_ballast_overlap,44767364,250,val,coupled_fastener_ballast_overlap,v2_seed44767364,"[{""type"": ""fastener_failure"", ""label"": ""fastener_eta"", ""start_m"": 210.6, ""count"": 12, ""side"": ""left"", ""directions"": ""both"", ""stiffness_factor_eta_k"": 0.1, ""damping_factor_eta_c"": 1.0}, {""type"": ""ballast_condition"", ""label"": ""ballast_hardened"", ""start_m"": 210.6, ""count"": 8, ""side"": ""left"", ""directions"": ""vertical"", ""stiffness_factor_eta_k"": 2.9333, ""damping_factor_eta_c"": 1.0}]"
v2n011_seed43137453_v215_baseline,43137453,215,train,baseline,v2_seed43137453,[]
v2n011_seed43137453_v215_fastener,43137453,215,train,fastener,v2_seed43137453,"[{""type"": ""fastener_failure"", ""label"": ""fastener_eta"", ""start_m"": 175.2, ""count"": 5, ""side"": ""right"", ""directions"": ""both"", ""stiffness_factor_eta_k"": 1.25, ""damping_factor_eta_c"": 1.0}]"
v2n011_seed43137453_v215_sleeper_void,43137453,215,train,sleeper_void,v2_seed43137453,"[{""type"": ""sleeper_void"", ""label"": ""sleeper_void"", ""start_m"": 259.8, ""count"": 8, ""side"": ""left"", ""directions"": ""vertical"", ""delta_gap_mm"": 2.944}]"
v2n011_seed43137453_v215_ballast,43137453,215,train,ballast,v2_seed43137453,"[{""type"": ""ballast_condition"", ""label"": ""ballast_softened"", ""start_m"": 172.8, ""count"": 40, ""side"": ""both"", ""directions"": ""vertical"", ""stiffness_factor_eta_k"": 0.1934, ""damping_factor_eta_c"": 1.0}]"
v2n011_seed43137453_v215_subgrade,43137453,215,train,subgrade,v2_seed43137453,"[{""type"": ""subgrade_condition"", ""label"": ""subgrade_softened"", ""start_m"": 153.6, ""count"": 80, ""side"": ""right"", ""directions"": ""vertical"", ""stiffness_factor_eta_k"": 0.609, ""damping_factor_eta_c"": 1.0}]"
v2n011_seed43137453_v215_coupled_fastener_subgrade_partial_overlap,43137453,215,train,coupled_fastener_subgrade_partial_overlap,v2_seed43137453,"[{""type"": ""fastener_failure"", ""label"": ""fastener_eta"", ""start_m"": 229.2, ""count"": 20, ""side"": ""right"", ""directions"": ""both"", ""stiffness_factor_eta_k"": 0.25, ""damping_factor_eta_c"": 1.0}, {""type"": ""subgrade_condition"", ""label"": ""subgrade_hardened"", ""start_m"": 232.8, ""count"": 12, ""side"": ""both"", ""directions"": ""vertical"", ""stiffness_factor_eta_k"": 6.9758, ""damping_factor_eta_c"": 1.0}]"
v2n011_seed43137453_v215_coupled_ballast_sleeper_void_separate,43137453,215,train,coupled_ballast_sleeper_void_separate,v2_seed43137453,"[{""type"": ""ballast_condition"", ""label"": ""ballast_softened"", ""start_m"": 231.6, ""count"": 3, ""side"": ""right"", ""directions"": ""vertical"", ""stiffness_factor_eta_k"": 0.8402, ""damping_factor_eta_c"": 1.0}, {""type"": ""sleeper_void"", ""label"": ""sleeper_void"", ""start_m"": 248.4, ""count"": 8, ""side"": ""right"", ""directions"": ""vertical"", ""delta_gap_mm"": 1.412}]"
v2n011_seed43137453_v250_baseline,43137453,250,train,baseline,v2_seed43137453,[]
v2n011_seed43137453_v250_ballast,43137453,250,train,ballast,v2_seed43137453,"[{""type"": ""ballast_condition"", ""label"": ""ballast_softened"", ""start_m"": 172.8, ""count"": 40, ""side"": ""both"", ""directions"": ""vertical"", ""stiffness_factor_eta_k"": 0.1934, ""damping_factor_eta_c"": 1.0}]"
v2n011_seed43137453_v250_coupled_fastener_subgrade_partial_overlap,43137453,250,train,coupled_fastener_subgrade_partial_overlap,v2_seed43137453,"[{""type"": ""fastener_failure"", ""label"": ""fastener_eta"", ""start_m"": 229.2, ""count"": 20, ""side"": ""right"", ""directions"": ""both"", ""stiffness_factor_eta_k"": 0.25, ""damping_factor_eta_c"": 1.0}, {""type"": ""subgrade_condition"", ""label"": ""subgrade_hardened"", ""start_m"": 232.8, ""count"": 12, ""side"": ""both"", ""directions"": ""vertical"", ""stiffness_factor_eta_k"": 6.9758, ""damping_factor_eta_c"": 1.0}]"
v2n012_seed45006873_v250_baseline,45006873,250,train,baseline,v2_seed45006873,[]
v2n012_seed45006873_v250_fastener,45006873,250,train,fastener,v2_seed45006873,"[{""type"": ""fastener_failure"", ""label"": ""fastener_eta"", ""start_m"": 257.4, ""count"": 8, ""side"": ""both"", ""directions"": ""both"", ""stiffness_factor_eta_k"": 0.0, ""damping_factor_eta_c"": 1.0}]"
v2n012_seed45006873_v250_sleeper_void,45006873,250,train,sleeper_void,v2_seed45006873,"[{""type"": ""sleeper_void"", ""label"": ""sleeper_void"", ""start_m"": 189.6, ""count"": 12, ""side"": ""right"", ""directions"": ""vertical"", ""delta_gap_mm"": 0.479}]"
v2n012_seed45006873_v250_ballast,45006873,250,train,ballast,v2_seed45006873,"[{""type"": ""ballast_condition"", ""label"": ""ballast_softened"", ""start_m"": 167.4, ""count"": 80, ""side"": ""left"", ""directions"": ""vertical"", ""stiffness_factor_eta_k"": 0.5882, ""damping_factor_eta_c"": 1.0}]"
v2n012_seed45006873_v250_subgrade,45006873,250,train,subgrade,v2_seed45006873,"[{""type"": ""subgrade_condition"", ""label"": ""subgrade_softened"", ""start_m"": 199.8, ""count"": 3, ""side"": ""both"", ""directions"": ""vertical"", ""stiffness_factor_eta_k"": 0.8056, ""damping_factor_eta_c"": 1.0}]"
v2n012_seed45006873_v250_coupled_ballast_subgrade_separate,45006873,250,train,coupled_ballast_subgrade_separate,v2_seed45006873,"[{""type"": ""ballast_condition"", ""label"": ""ballast_softened"", ""start_m"": 192.6, ""count"": 3, ""side"": ""right"", ""directions"": ""vertical"", ""stiffness_factor_eta_k"": 0.7921, ""damping_factor_eta_c"": 1.0}, {""type"": ""subgrade_condition"", ""label"": ""subgrade_softened"", ""start_m"": 216.6, ""count"": 20, ""side"": ""left"", ""directions"": ""vertical"", ""stiffness_factor_eta_k"": 0.2226, ""damping_factor_eta_c"": 1.0}]"
v2n012_seed45006873_v250_coupled_subgrade_sleeper_void_overlap,45006873,250,train,coupled_subgrade_sleeper_void_overlap,v2_seed45006873,"[{""type"": ""subgrade_condition"", ""label"": ""subgrade_hardened"", ""start_m"": 207.6, ""count"": 5, ""side"": ""left"", ""directions"": ""vertical"", ""stiffness_factor_eta_k"": 1.2151, ""damping_factor_eta_c"": 1.0}, {""type"": ""sleeper_void"", ""label"": ""sleeper_void"", ""start_m"": 207.6, ""count"": 12, ""side"": ""both"", ""directions"": ""vertical"", ""delta_gap_mm"": 3.389}]"
v2n012_seed45006873_v200_baseline,45006873,200,train,baseline,v2_seed45006873,[]
v2n012_seed45006873_v200_subgrade,45006873,200,train,subgrade,v2_seed45006873,"[{""type"": ""subgrade_condition"", ""label"": ""subgrade_softened"", ""start_m"": 199.8, ""count"": 3, ""side"": ""both"", ""directions"": ""vertical"", ""stiffness_factor_eta_k"": 0.8056, ""damping_factor_eta_c"": 1.0}]"
v2n012_seed45006873_v200_coupled_ballast_subgrade_separate,45006873,200,train,coupled_ballast_subgrade_separate,v2_seed45006873,"[{""type"": ""ballast_condition"", ""label"": ""ballast_softened"", ""start_m"": 192.6, ""count"": 3, ""side"": ""right"", ""directions"": ""vertical"", ""stiffness_factor_eta_k"": 0.7921, ""damping_factor_eta_c"": 1.0}, {""type"": ""subgrade_condition"", ""label"": ""subgrade_softened"", ""start_m"": 216.6, ""count"": 20, ""side"": ""left"", ""directions"": ""vertical"", ""stiffness_factor_eta_k"": 0.2226, ""damping_factor_eta_c"": 1.0}]"
v2n013_seed48962287_v160_baseline,48962287,160,train,baseline,v2_seed48962287,[]
v2n013_seed48962287_v160_fastener,48962287,160,train,fastener,v2_seed48962287,"[{""type"": ""fastener_failure"", ""label"": ""fastener_eta"", ""start_m"": 165.6, ""count"": 12, ""side"": ""left"", ""directions"": ""both"", ""stiffness_factor_eta_k"": 0.1, ""damping_factor_eta_c"": 1.0}]"
v2n013_seed48962287_v160_sleeper_void,48962287,160,train,sleeper_void,v2_seed48962287,"[{""type"": ""sleeper_void"", ""label"": ""sleeper_void"", ""start_m"": 169.2, ""count"": 20, ""side"": ""both"", ""directions"": ""vertical"", ""delta_gap_mm"": 0.901}]"
v2n013_seed48962287_v160_ballast,48962287,160,train,ballast,v2_seed48962287,"[{""type"": ""ballast_condition"", ""label"": ""ballast_softened"", ""start_m"": 204.0, ""count"": 3, ""side"": ""right"", ""directions"": ""vertical"", ""stiffness_factor_eta_k"": 0.7518, ""damping_factor_eta_c"": 1.0}]"
v2n013_seed48962287_v160_subgrade,48962287,160,train,subgrade,v2_seed48962287,"[{""type"": ""subgrade_condition"", ""label"": ""subgrade_hardened"", ""start_m"": 216.6, ""count"": 5, ""side"": ""left"", ""directions"": ""vertical"", ""stiffness_factor_eta_k"": 1.2855, ""damping_factor_eta_c"": 1.0}]"
v2n013_seed48962287_v160_coupled_fastener_ballast_overlap,48962287,160,train,coupled_fastener_ballast_overlap,v2_seed48962287,"[{""type"": ""fastener_failure"", ""label"": ""fastener_eta"", ""start_m"": 201.6, ""count"": 2, ""side"": ""left"", ""directions"": ""both"", ""stiffness_factor_eta_k"": 0.75, ""damping_factor_eta_c"": 1.0}, {""type"": ""ballast_condition"", ""label"": ""ballast_softened"", ""start_m"": 201.6, ""count"": 40, ""side"": ""left"", ""directions"": ""vertical"", ""stiffness_factor_eta_k"": 0.514, ""damping_factor_eta_c"": 1.0}]"
v2n013_seed48962287_v160_coupled_fastener_sleeper_void_partial_overlap,48962287,160,train,coupled_fastener_sleeper_void_partial_overlap,v2_seed48962287,"[{""type"": ""fastener_failure"", ""label"": ""fastener_eta"", ""start_m"": 208.2, ""count"": 3, ""side"": ""right"", ""directions"": ""both"", ""stiffness_factor_eta_k"": 0.85, ""damping_factor_eta_c"": 1.0}, {""type"": ""sleeper_void"", ""label"": ""sleeper_void"", ""start_m"": 208.8, ""count"": 20, ""side"": ""left"", ""directions"": ""vertical"", ""delta_gap_mm"": 0.154}]"
v2n013_seed48962287_v200_baseline,48962287,200,train,baseline,v2_seed48962287,[]
v2n013_seed48962287_v200_fastener,48962287,200,train,fastener,v2_seed48962287,"[{""type"": ""fastener_failure"", ""label"": ""fastener_eta"", ""start_m"": 165.6, ""count"": 12, ""side"": ""left"", ""directions"": ""both"", ""stiffness_factor_eta_k"": 0.1, ""damping_factor_eta_c"": 1.0}]"
v2n013_seed48962287_v200_coupled_fastener_ballast_overlap,48962287,200,train,coupled_fastener_ballast_overlap,v2_seed48962287,"[{""type"": ""fastener_failure"", ""label"": ""fastener_eta"", ""start_m"": 201.6, ""count"": 2, ""side"": ""left"", ""directions"": ""both"", ""stiffness_factor_eta_k"": 0.75, ""damping_factor_eta_c"": 1.0}, {""type"": ""ballast_condition"", ""label"": ""ballast_softened"", ""start_m"": 201.6, ""count"": 40, ""side"": ""left"", ""directions"": ""vertical"", ""stiffness_factor_eta_k"": 0.514, ""damping_factor_eta_c"": 1.0}]"
v2n014_seed79119183_v200_baseline,79119183,200,train,baseline,v2_seed79119183,[]
v2n014_seed79119183_v200_fastener,79119183,200,train,fastener,v2_seed79119183,"[{""type"": ""fastener_failure"", ""label"": ""fastener_eta"", ""start_m"": 283.2, ""count"": 20, ""side"": ""right"", ""directions"": ""both"", ""stiffness_factor_eta_k"": 0.25, ""damping_factor_eta_c"": 1.0}]"
v2n014_seed79119183_v200_sleeper_void,79119183,200,train,sleeper_void,v2_seed79119183,"[{""type"": ""sleeper_void"", ""label"": ""sleeper_void"", ""start_m"": 289.2, ""count"": 1, ""side"": ""left"", ""directions"": ""vertical"", ""delta_gap_mm"": 1.64}]"
v2n014_seed79119183_v200_ballast,79119183,200,train,ballast,v2_seed79119183,"[{""type"": ""ballast_condition"", ""label"": ""ballast_hardened"", ""start_m"": 158.4, ""count"": 5, ""side"": ""both"", ""directions"": ""vertical"", ""stiffness_factor_eta_k"": 1.2949, ""damping_factor_eta_c"": 1.0}]"
v2n014_seed79119183_v200_subgrade,79119183,200,train,subgrade,v2_seed79119183,"[{""type"": ""subgrade_condition"", ""label"": ""subgrade_hardened"", ""start_m"": 277.8, ""count"": 8, ""side"": ""right"", ""directions"": ""vertical"", ""stiffness_factor_eta_k"": 1.5242, ""damping_factor_eta_c"": 1.0}]"
v2n014_seed79119183_v200_coupled_fastener_subgrade_partial_overlap,79119183,200,train,coupled_fastener_subgrade_partial_overlap,v2_seed79119183,"[{""type"": ""fastener_failure"", ""label"": ""fastener_eta"", ""start_m"": 207.0, ""count"": 3, ""side"": ""right"", ""directions"": ""both"", ""stiffness_factor_eta_k"": 0.85, ""damping_factor_eta_c"": 1.0}, {""type"": ""subgrade_condition"", ""label"": ""subgrade_softened"", ""start_m"": 207.6, ""count"": 80, ""side"": ""both"", ""directions"": ""vertical"", ""stiffness_factor_eta_k"": 0.8973, ""damping_factor_eta_c"": 1.0}]"
v2n014_seed79119183_v200_coupled_ballast_sleeper_void_separate,79119183,200,train,coupled_ballast_sleeper_void_separate,v2_seed79119183,"[{""type"": ""ballast_condition"", ""label"": ""ballast_hardened"", ""start_m"": 231.6, ""count"": 12, ""side"": ""right"", ""directions"": ""vertical"", ""stiffness_factor_eta_k"": 3.2841, ""damping_factor_eta_c"": 1.0}, {""type"": ""sleeper_void"", ""label"": ""sleeper_void"", ""start_m"": 250.8, ""count"": 1, ""side"": ""right"", ""directions"": ""vertical"", ""delta_gap_mm"": 0.797}]"
v2n014_seed79119183_v250_baseline,79119183,250,train,baseline,v2_seed79119183,[]
v2n014_seed79119183_v250_sleeper_void,79119183,250,train,sleeper_void,v2_seed79119183,"[{""type"": ""sleeper_void"", ""label"": ""sleeper_void"", ""start_m"": 289.2, ""count"": 1, ""side"": ""left"", ""directions"": ""vertical"", ""delta_gap_mm"": 1.64}]"
v2n014_seed79119183_v250_coupled_fastener_subgrade_partial_overlap,79119183,250,train,coupled_fastener_subgrade_partial_overlap,v2_seed79119183,"[{""type"": ""fastener_failure"", ""label"": ""fastener_eta"", ""start_m"": 207.0, ""count"": 3, ""side"": ""right"", ""directions"": ""both"", ""stiffness_factor_eta_k"": 0.85, ""damping_factor_eta_c"": 1.0}, {""type"": ""subgrade_condition"", ""label"": ""subgrade_softened"", ""start_m"": 207.6, ""count"": 80, ""side"": ""both"", ""directions"": ""vertical"", ""stiffness_factor_eta_k"": 0.8973, ""damping_factor_eta_c"": 1.0}]"
v2n015_seed67002554_v215_baseline,67002554,215,val,baseline,v2_seed67002554,[]
v2n015_seed67002554_v215_fastener,67002554,215,val,fastener,v2_seed67002554,"[{""type"": ""fastener_failure"", ""label"": ""fastener_eta"", ""start_m"": 297.6, ""count"": 1, ""side"": ""both"", ""directions"": ""both"", ""stiffness_factor_eta_k"": 0.5, ""damping_factor_eta_c"": 1.0}]"
v2n015_seed67002554_v215_sleeper_void,67002554,215,val,sleeper_void,v2_seed67002554,"[{""type"": ""sleeper_void"", ""label"": ""sleeper_void"", ""start_m"": 292.8, ""count"": 2, ""side"": ""right"", ""directions"": ""vertical"", ""delta_gap_mm"": 3.109}]"
v2n015_seed67002554_v215_ballast,67002554,215,val,ballast,v2_seed67002554,"[{""type"": ""ballast_condition"", ""label"": ""ballast_hardened"", ""start_m"": 170.4, ""count"": 8, ""side"": ""left"", ""directions"": ""vertical"", ""stiffness_factor_eta_k"": 1.5972, ""damping_factor_eta_c"": 1.0}]"
v2n015_seed67002554_v215_subgrade,67002554,215,val,subgrade,v2_seed67002554,"[{""type"": ""subgrade_condition"", ""label"": ""subgrade_hardened"", ""start_m"": 294.0, ""count"": 12, ""side"": ""both"", ""directions"": ""vertical"", ""stiffness_factor_eta_k"": 3.9467, ""damping_factor_eta_c"": 1.0}]"
v2n015_seed67002554_v215_coupled_ballast_subgrade_separate,67002554,215,val,coupled_ballast_subgrade_separate,v2_seed67002554,"[{""type"": ""ballast_condition"", ""label"": ""ballast_hardened"", ""start_m"": 203.4, ""count"": 12, ""side"": ""right"", ""directions"": ""vertical"", ""stiffness_factor_eta_k"": 3.3307, ""damping_factor_eta_c"": 1.0}, {""type"": ""subgrade_condition"", ""label"": ""subgrade_hardened"", ""start_m"": 222.6, ""count"": 3, ""side"": ""left"", ""directions"": ""vertical"", ""stiffness_factor_eta_k"": 1.1621, ""damping_factor_eta_c"": 1.0}]"
v2n015_seed67002554_v215_coupled_subgrade_sleeper_void_overlap,67002554,215,val,coupled_subgrade_sleeper_void_overlap,v2_seed67002554,"[{""type"": ""subgrade_condition"", ""label"": ""subgrade_softened"", ""start_m"": 231.6, ""count"": 20, ""side"": ""left"", ""directions"": ""vertical"", ""stiffness_factor_eta_k"": 0.191, ""damping_factor_eta_c"": 1.0}, {""type"": ""sleeper_void"", ""label"": ""sleeper_void"", ""start_m"": 231.6, ""count"": 2, ""side"": ""both"", ""directions"": ""vertical"", ""delta_gap_mm"": 1.374}]"
v2n015_seed67002554_v250_baseline,67002554,250,val,baseline,v2_seed67002554,[]
v2n015_seed67002554_v250_ballast,67002554,250,val,ballast,v2_seed67002554,"[{""type"": ""ballast_condition"", ""label"": ""ballast_hardened"", ""start_m"": 170.4, ""count"": 8, ""side"": ""left"", ""directions"": ""vertical"", ""stiffness_factor_eta_k"": 1.5972, ""damping_factor_eta_c"": 1.0}]"
v2n015_seed67002554_v250_coupled_ballast_subgrade_separate,67002554,250,val,coupled_ballast_subgrade_separate,v2_seed67002554,"[{""type"": ""ballast_condition"", ""label"": ""ballast_hardened"", ""start_m"": 203.4, ""count"": 12, ""side"": ""right"", ""directions"": ""vertical"", ""stiffness_factor_eta_k"": 3.3307, ""damping_factor_eta_c"": 1.0}, {""type"": ""subgrade_condition"", ""label"": ""subgrade_hardened"", ""start_m"": 222.6, ""count"": 3, ""side"": ""left"", ""directions"": ""vertical"", ""stiffness_factor_eta_k"": 1.1621, ""damping_factor_eta_c"": 1.0}]"
v2n016_seed77509401_v250_baseline,77509401,250,train,baseline,v2_seed77509401,[]
v2n016_seed77509401_v250_fastener,77509401,250,train,fastener,v2_seed77509401,"[{""type"": ""fastener_failure"", ""label"": ""fastener_eta"", ""start_m"": 250.8, ""count"": 2, ""side"": ""left"", ""directions"": ""both"", ""stiffness_factor_eta_k"": 0.75, ""damping_factor_eta_c"": 1.0}]"
v2n016_seed77509401_v250_sleeper_void,77509401,250,train,sleeper_void,v2_seed77509401,"[{""type"": ""sleeper_void"", ""label"": ""sleeper_void"", ""start_m"": 223.2, ""count"": 3, ""side"": ""both"", ""directions"": ""vertical"", ""delta_gap_mm"": 0.287}]"
v2n016_seed77509401_v250_ballast,77509401,250,train,ballast,v2_seed77509401,"[{""type"": ""ballast_condition"", ""label"": ""ballast_hardened"", ""start_m"": 228.0, ""count"": 12, ""side"": ""right"", ""directions"": ""vertical"", ""stiffness_factor_eta_k"": 5.3212, ""damping_factor_eta_c"": 1.0}]"
v2n016_seed77509401_v250_subgrade,77509401,250,train,subgrade,v2_seed77509401,"[{""type"": ""subgrade_condition"", ""label"": ""subgrade_softened"", ""start_m"": 272.4, ""count"": 20, ""side"": ""left"", ""directions"": ""vertical"", ""stiffness_factor_eta_k"": 0.1914, ""damping_factor_eta_c"": 1.0}]"
v2n016_seed77509401_v250_coupled_fastener_ballast_overlap,77509401,250,train,coupled_fastener_ballast_overlap,v2_seed77509401,"[{""type"": ""fastener_failure"", ""label"": ""fastener_eta"", ""start_m"": 219.0, ""count"": 8, ""side"": ""left"", ""directions"": ""both"", ""stiffness_factor_eta_k"": 0.95, ""damping_factor_eta_c"": 1.0}, {""type"": ""ballast_condition"", ""label"": ""ballast_hardened"", ""start_m"": 219.0, ""count"": 5, ""side"": ""left"", ""directions"": ""vertical"", ""stiffness_factor_eta_k"": 2.3411, ""damping_factor_eta_c"": 1.0}]"
v2n016_seed77509401_v250_coupled_fastener_sleeper_void_partial_overlap,77509401,250,train,coupled_fastener_sleeper_void_partial_overlap,v2_seed77509401,"[{""type"": ""fastener_failure"", ""label"": ""fastener_eta"", ""start_m"": 210.6, ""count"": 12, ""side"": ""right"", ""directions"": ""both"", ""stiffness_factor_eta_k"": 1.05, ""damping_factor_eta_c"": 1.0}, {""type"": ""sleeper_void"", ""label"": ""sleeper_void"", ""start_m"": 211.2, ""count"": 3, ""side"": ""left"", ""directions"": ""vertical"", ""delta_gap_mm"": 2.845}]"
v2n016_seed77509401_v200_baseline,77509401,200,train,baseline,v2_seed77509401,[]
v2n016_seed77509401_v200_subgrade,77509401,200,train,subgrade,v2_seed77509401,"[{""type"": ""subgrade_condition"", ""label"": ""subgrade_softened"", ""start_m"": 272.4, ""count"": 20, ""side"": ""left"", ""directions"": ""vertical"", ""stiffness_factor_eta_k"": 0.1914, ""damping_factor_eta_c"": 1.0}]"
v2n016_seed77509401_v200_coupled_fastener_ballast_overlap,77509401,200,train,coupled_fastener_ballast_overlap,v2_seed77509401,"[{""type"": ""fastener_failure"", ""label"": ""fastener_eta"", ""start_m"": 219.0, ""count"": 8, ""side"": ""left"", ""directions"": ""both"", ""stiffness_factor_eta_k"": 0.95, ""damping_factor_eta_c"": 1.0}, {""type"": ""ballast_condition"", ""label"": ""ballast_hardened"", ""start_m"": 219.0, ""count"": 5, ""side"": ""left"", ""directions"": ""vertical"", ""stiffness_factor_eta_k"": 2.3411, ""damping_factor_eta_c"": 1.0}]"
v2n017_seed31171498_v160_baseline,31171498,160,val,baseline,v2_seed31171498,[]
v2n017_seed31171498_v160_fastener,31171498,160,val,fastener,v2_seed31171498,"[{""type"": ""fastener_failure"", ""label"": ""fastener_eta"", ""start_m"": 199.8, ""count"": 3, ""side"": ""right"", ""directions"": ""both"", ""stiffness_factor_eta_k"": 0.85, ""damping_factor_eta_c"": 1.0}]"
v2n017_seed31171498_v160_sleeper_void,31171498,160,val,sleeper_void,v2_seed31171498,"[{""type"": ""sleeper_void"", ""label"": ""sleeper_void"", ""start_m"": 157.2, ""count"": 5, ""side"": ""left"", ""directions"": ""vertical"", ""delta_gap_mm"": 0.525}]"
v2n017_seed31171498_v160_ballast,31171498,160,val,ballast,v2_seed31171498,"[{""type"": ""ballast_condition"", ""label"": ""ballast_softened"", ""start_m"": 245.4, ""count"": 20, ""side"": ""both"", ""directions"": ""vertical"", ""stiffness_factor_eta_k"": 0.2582, ""damping_factor_eta_c"": 1.0}]"
v2n017_seed31171498_v160_subgrade,31171498,160,val,subgrade,v2_seed31171498,"[{""type"": ""subgrade_condition"", ""label"": ""subgrade_softened"", ""start_m"": 193.8, ""count"": 40, ""side"": ""right"", ""directions"": ""vertical"", ""stiffness_factor_eta_k"": 0.6512, ""damping_factor_eta_c"": 1.0}]"
v2n017_seed31171498_v160_coupled_fastener_subgrade_partial_overlap,31171498,160,val,coupled_fastener_subgrade_partial_overlap,v2_seed31171498,"[{""type"": ""fastener_failure"", ""label"": ""fastener_eta"", ""start_m"": 212.4, ""count"": 12, ""side"": ""right"", ""directions"": ""both"", ""stiffness_factor_eta_k"": 1.05, ""damping_factor_eta_c"": 1.0}, {""type"": ""subgrade_condition"", ""label"": ""subgrade_hardened"", ""start_m"": 214.8, ""count"": 8, ""side"": ""both"", ""directions"": ""vertical"", ""stiffness_factor_eta_k"": 6.1811, ""damping_factor_eta_c"": 1.0}]"
v2n017_seed31171498_v160_coupled_ballast_sleeper_void_separate,31171498,160,val,coupled_ballast_sleeper_void_separate,v2_seed31171498,"[{""type"": ""ballast_condition"", ""label"": ""ballast_softened"", ""start_m"": 180.0, ""count"": 80, ""side"": ""right"", ""directions"": ""vertical"", ""stiffness_factor_eta_k"": 0.94, ""damping_factor_eta_c"": 1.0}, {""type"": ""sleeper_void"", ""label"": ""sleeper_void"", ""start_m"": 240.0, ""count"": 5, ""side"": ""right"", ""directions"": ""vertical"", ""delta_gap_mm"": 0.26}]"
v2n017_seed31171498_v200_baseline,31171498,200,val,baseline,v2_seed31171498,[]
v2n017_seed31171498_v200_fastener,31171498,200,val,fastener,v2_seed31171498,"[{""type"": ""fastener_failure"", ""label"": ""fastener_eta"", ""start_m"": 199.8, ""count"": 3, ""side"": ""right"", ""directions"": ""both"", ""stiffness_factor_eta_k"": 0.85, ""damping_factor_eta_c"": 1.0}]"
v2n017_seed31171498_v200_coupled_fastener_subgrade_partial_overlap,31171498,200,val,coupled_fastener_subgrade_partial_overlap,v2_seed31171498,"[{""type"": ""fastener_failure"", ""label"": ""fastener_eta"", ""start_m"": 212.4, ""count"": 12, ""side"": ""right"", ""directions"": ""both"", ""stiffness_factor_eta_k"": 1.05, ""damping_factor_eta_c"": 1.0}, {""type"": ""subgrade_condition"", ""label"": ""subgrade_hardened"", ""start_m"": 214.8, ""count"": 8, ""side"": ""both"", ""directions"": ""vertical"", ""stiffness_factor_eta_k"": 6.1811, ""damping_factor_eta_c"": 1.0}]"
v2n018_seed72388703_v200_baseline,72388703,200,train,baseline,v2_seed72388703,[]
v2n018_seed72388703_v200_fastener,72388703,200,train,fastener,v2_seed72388703,"[{""type"": ""fastener_failure"", ""label"": ""fastener_eta"", ""start_m"": 238.2, ""count"": 5, ""side"": ""both"", ""directions"": ""both"", ""stiffness_factor_eta_k"": 0.9, ""damping_factor_eta_c"": 1.0}]"
v2n018_seed72388703_v200_sleeper_void,72388703,200,train,sleeper_void,v2_seed72388703,"[{""type"": ""sleeper_void"", ""label"": ""sleeper_void"", ""start_m"": 208.8, ""count"": 8, ""side"": ""right"", ""directions"": ""vertical"", ""delta_gap_mm"": 1.089}]"
v2n018_seed72388703_v200_ballast,72388703,200,train,ballast,v2_seed72388703,"[{""type"": ""ballast_condition"", ""label"": ""ballast_softened"", ""start_m"": 280.8, ""count"": 40, ""side"": ""left"", ""directions"": ""vertical"", ""stiffness_factor_eta_k"": 0.4835, ""damping_factor_eta_c"": 1.0}]"
v2n018_seed72388703_v200_subgrade,72388703,200,train,subgrade,v2_seed72388703,"[{""type"": ""subgrade_condition"", ""label"": ""subgrade_softened"", ""start_m"": 293.4, ""count"": 80, ""side"": ""both"", ""directions"": ""vertical"", ""stiffness_factor_eta_k"": 0.797, ""damping_factor_eta_c"": 1.0}]"
v2n018_seed72388703_v200_coupled_ballast_subgrade_separate,72388703,200,train,coupled_ballast_subgrade_separate,v2_seed72388703,"[{""type"": ""ballast_condition"", ""label"": ""ballast_softened"", ""start_m"": 205.8, ""count"": 80, ""side"": ""right"", ""directions"": ""vertical"", ""stiffness_factor_eta_k"": 0.7942, ""damping_factor_eta_c"": 1.0}, {""type"": ""subgrade_condition"", ""label"": ""subgrade_softened"", ""start_m"": 265.8, ""count"": 12, ""side"": ""left"", ""directions"": ""vertical"", ""stiffness_factor_eta_k"": 0.1422, ""damping_factor_eta_c"": 1.0}]"
v2n018_seed72388703_v200_coupled_subgrade_sleeper_void_overlap,72388703,200,train,coupled_subgrade_sleeper_void_overlap,v2_seed72388703,"[{""type"": ""subgrade_condition"", ""label"": ""subgrade_hardened"", ""start_m"": 192.0, ""count"": 3, ""side"": ""left"", ""directions"": ""vertical"", ""stiffness_factor_eta_k"": 1.1352, ""damping_factor_eta_c"": 1.0}, {""type"": ""sleeper_void"", ""label"": ""sleeper_void"", ""start_m"": 192.0, ""count"": 8, ""side"": ""both"", ""directions"": ""vertical"", ""delta_gap_mm"": 0.955}]"
v2n018_seed72388703_v250_baseline,72388703,250,train,baseline,v2_seed72388703,[]
v2n018_seed72388703_v250_sleeper_void,72388703,250,train,sleeper_void,v2_seed72388703,"[{""type"": ""sleeper_void"", ""label"": ""sleeper_void"", ""start_m"": 208.8, ""count"": 8, ""side"": ""right"", ""directions"": ""vertical"", ""delta_gap_mm"": 1.089}]"
v2n018_seed72388703_v250_coupled_ballast_subgrade_separate,72388703,250,train,coupled_ballast_subgrade_separate,v2_seed72388703,"[{""type"": ""ballast_condition"", ""label"": ""ballast_softened"", ""start_m"": 205.8, ""count"": 80, ""side"": ""right"", ""directions"": ""vertical"", ""stiffness_factor_eta_k"": 0.7942, ""damping_factor_eta_c"": 1.0}, {""type"": ""subgrade_condition"", ""label"": ""subgrade_softened"", ""start_m"": 265.8, ""count"": 12, ""side"": ""left"", ""directions"": ""vertical"", ""stiffness_factor_eta_k"": 0.1422, ""damping_factor_eta_c"": 1.0}]"
v2n019_seed88026013_v215_baseline,88026013,215,train,baseline,v2_seed88026013,[]
v2n019_seed88026013_v215_fastener,88026013,215,train,fastener,v2_seed88026013,"[{""type"": ""fastener_failure"", ""label"": ""fastener_eta"", ""start_m"": 235.2, ""count"": 8, ""side"": ""left"", ""directions"": ""both"", ""stiffness_factor_eta_k"": 0.95, ""damping_factor_eta_c"": 1.0}]"
v2n019_seed88026013_v215_sleeper_void,88026013,215,train,sleeper_void,v2_seed88026013,"[{""type"": ""sleeper_void"", ""label"": ""sleeper_void"", ""start_m"": 207.6, ""count"": 12, ""side"": ""both"", ""directions"": ""vertical"", ""delta_gap_mm"": 3.581}]"
v2n019_seed88026013_v215_ballast,88026013,215,train,ballast,v2_seed88026013,"[{""type"": ""ballast_condition"", ""label"": ""ballast_softened"", ""start_m"": 231.0, ""count"": 80, ""side"": ""right"", ""directions"": ""vertical"", ""stiffness_factor_eta_k"": 0.7873, ""damping_factor_eta_c"": 1.0}]"
v2n019_seed88026013_v215_subgrade,88026013,215,train,subgrade,v2_seed88026013,"[{""type"": ""subgrade_condition"", ""label"": ""subgrade_hardened"", ""start_m"": 177.0, ""count"": 3, ""side"": ""left"", ""directions"": ""vertical"", ""stiffness_factor_eta_k"": 1.1368, ""damping_factor_eta_c"": 1.0}]"
v2n019_seed88026013_v215_coupled_fastener_ballast_overlap,88026013,215,train,coupled_fastener_ballast_overlap,v2_seed88026013,"[{""type"": ""fastener_failure"", ""label"": ""fastener_eta"", ""start_m"": 188.4, ""count"": 1, ""side"": ""left"", ""directions"": ""both"", ""stiffness_factor_eta_k"": 1.25, ""damping_factor_eta_c"": 1.0}, {""type"": ""ballast_condition"", ""label"": ""ballast_softened"", ""start_m"": 188.4, ""count"": 20, ""side"": ""left"", ""directions"": ""vertical"", ""stiffness_factor_eta_k"": 0.5475, ""damping_factor_eta_c"": 1.0}]"
v2n019_seed88026013_v215_coupled_fastener_sleeper_void_partial_overlap,88026013,215,train,coupled_fastener_sleeper_void_partial_overlap,v2_seed88026013,"[{""type"": ""fastener_failure"", ""label"": ""fastener_eta"", ""start_m"": 186.6, ""count"": 2, ""side"": ""right"", ""directions"": ""both"", ""stiffness_factor_eta_k"": 0.0, ""damping_factor_eta_c"": 1.0}, {""type"": ""sleeper_void"", ""label"": ""sleeper_void"", ""start_m"": 187.2, ""count"": 12, ""side"": ""left"", ""directions"": ""vertical"", ""delta_gap_mm"": 1.712}]"
v2n019_seed88026013_v250_baseline,88026013,250,train,baseline,v2_seed88026013,[]
v2n019_seed88026013_v250_ballast,88026013,250,train,ballast,v2_seed88026013,"[{""type"": ""ballast_condition"", ""label"": ""ballast_softened"", ""start_m"": 231.0, ""count"": 80, ""side"": ""right"", ""directions"": ""vertical"", ""stiffness_factor_eta_k"": 0.7873, ""damping_factor_eta_c"": 1.0}]"
v2n019_seed88026013_v250_coupled_fastener_ballast_overlap,88026013,250,train,coupled_fastener_ballast_overlap,v2_seed88026013,"[{""type"": ""fastener_failure"", ""label"": ""fastener_eta"", ""start_m"": 188.4, ""count"": 1, ""side"": ""left"", ""directions"": ""both"", ""stiffness_factor_eta_k"": 1.25, ""damping_factor_eta_c"": 1.0}, {""type"": ""ballast_condition"", ""label"": ""ballast_softened"", ""start_m"": 188.4, ""count"": 20, ""side"": ""left"", ""directions"": ""vertical"", ""stiffness_factor_eta_k"": 0.5475, ""damping_factor_eta_c"": 1.0}]"
v2n020_seed89950009_v250_baseline,89950009,250,train,baseline,v2_seed89950009,[]
v2n020_seed89950009_v250_fastener,89950009,250,train,fastener,v2_seed89950009,"[{""type"": ""fastener_failure"", ""label"": ""fastener_eta"", ""start_m"": 174.6, ""count"": 12, ""side"": ""right"", ""directions"": ""both"", ""stiffness_factor_eta_k"": 1.05, ""damping_factor_eta_c"": 1.0}]"
v2n020_seed89950009_v250_sleeper_void,89950009,250,train,sleeper_void,v2_seed89950009,"[{""type"": ""sleeper_void"", ""label"": ""sleeper_void"", ""start_m"": 207.6, ""count"": 20, ""side"": ""left"", ""directions"": ""vertical"", ""delta_gap_mm"": 0.403}]"
v2n020_seed89950009_v250_ballast,89950009,250,train,ballast,v2_seed89950009,"[{""type"": ""ballast_condition"", ""label"": ""ballast_hardened"", ""start_m"": 218.4, ""count"": 3, ""side"": ""both"", ""directions"": ""vertical"", ""stiffness_factor_eta_k"": 1.267, ""damping_factor_eta_c"": 1.0}]"
v2n020_seed89950009_v250_subgrade,89950009,250,train,subgrade,v2_seed89950009,"[{""type"": ""subgrade_condition"", ""label"": ""subgrade_hardened"", ""start_m"": 293.4, ""count"": 5, ""side"": ""right"", ""directions"": ""vertical"", ""stiffness_factor_eta_k"": 1.6258, ""damping_factor_eta_c"": 1.0}]"
v2n020_seed89950009_v250_coupled_fastener_subgrade_partial_overlap,89950009,250,train,coupled_fastener_subgrade_partial_overlap,v2_seed89950009,"[{""type"": ""fastener_failure"", ""label"": ""fastener_eta"", ""start_m"": 187.8, ""count"": 2, ""side"": ""right"", ""directions"": ""both"", ""stiffness_factor_eta_k"": 0.0, ""damping_factor_eta_c"": 1.0}, {""type"": ""subgrade_condition"", ""label"": ""subgrade_softened"", ""start_m"": 188.4, ""count"": 40, ""side"": ""both"", ""directions"": ""vertical"", ""stiffness_factor_eta_k"": 0.8325, ""damping_factor_eta_c"": 1.0}]"
v2n020_seed89950009_v250_coupled_ballast_sleeper_void_separate,89950009,250,train,coupled_ballast_sleeper_void_separate,v2_seed89950009,"[{""type"": ""ballast_condition"", ""label"": ""ballast_hardened"", ""start_m"": 223.8, ""count"": 8, ""side"": ""right"", ""directions"": ""vertical"", ""stiffness_factor_eta_k"": 4.5846, ""damping_factor_eta_c"": 1.0}, {""type"": ""sleeper_void"", ""label"": ""sleeper_void"", ""start_m"": 247.8, ""count"": 20, ""side"": ""right"", ""directions"": ""vertical"", ""delta_gap_mm"": 3.063}]"
v2n020_seed89950009_v200_baseline,89950009,200,train,baseline,v2_seed89950009,[]
v2n020_seed89950009_v200_subgrade,89950009,200,train,subgrade,v2_seed89950009,"[{""type"": ""subgrade_condition"", ""label"": ""subgrade_hardened"", ""start_m"": 293.4, ""count"": 5, ""side"": ""right"", ""directions"": ""vertical"", ""stiffness_factor_eta_k"": 1.6258, ""damping_factor_eta_c"": 1.0}]"
v2n020_seed89950009_v200_coupled_fastener_subgrade_partial_overlap,89950009,200,train,coupled_fastener_subgrade_partial_overlap,v2_seed89950009,"[{""type"": ""fastener_failure"", ""label"": ""fastener_eta"", ""start_m"": 187.8, ""count"": 2, ""side"": ""right"", ""directions"": ""both"", ""stiffness_factor_eta_k"": 0.0, ""damping_factor_eta_c"": 1.0}, {""type"": ""subgrade_condition"", ""label"": ""subgrade_softened"", ""start_m"": 188.4, ""count"": 40, ""side"": ""both"", ""directions"": ""vertical"", ""stiffness_factor_eta_k"": 0.8325, ""damping_factor_eta_c"": 1.0}]"
v2n021_seed47870128_v160_baseline,47870128,160,train,baseline,v2_seed47870128,[]
v2n021_seed47870128_v160_fastener,47870128,160,train,fastener,v2_seed47870128,"[{""type"": ""fastener_failure"", ""label"": ""fastener_eta"", ""start_m"": 228.6, ""count"": 20, ""side"": ""both"", ""directions"": ""both"", ""stiffness_factor_eta_k"": 1.1, ""damping_factor_eta_c"": 1.0}]"
v2n021_seed47870128_v160_sleeper_void,47870128,160,train,sleeper_void,v2_seed47870128,"[{""type"": ""sleeper_void"", ""label"": ""sleeper_void"", ""start_m"": 185.4, ""count"": 1, ""side"": ""right"", ""directions"": ""vertical"", ""delta_gap_mm"": 0.952}]"
v2n021_seed47870128_v160_ballast,47870128,160,train,ballast,v2_seed47870128,"[{""type"": ""ballast_condition"", ""label"": ""ballast_hardened"", ""start_m"": 253.8, ""count"": 5, ""side"": ""left"", ""directions"": ""vertical"", ""stiffness_factor_eta_k"": 2.9783, ""damping_factor_eta_c"": 1.0}]"
v2n021_seed47870128_v160_subgrade,47870128,160,train,subgrade,v2_seed47870128,"[{""type"": ""subgrade_condition"", ""label"": ""subgrade_hardened"", ""start_m"": 196.2, ""count"": 8, ""side"": ""both"", ""directions"": ""vertical"", ""stiffness_factor_eta_k"": 7.3983, ""damping_factor_eta_c"": 1.0}]"
v2n021_seed47870128_v160_coupled_ballast_subgrade_separate,47870128,160,train,coupled_ballast_subgrade_separate,v2_seed47870128,"[{""type"": ""ballast_condition"", ""label"": ""ballast_hardened"", ""start_m"": 231.0, ""count"": 8, ""side"": ""right"", ""directions"": ""vertical"", ""stiffness_factor_eta_k"": 5.306, ""damping_factor_eta_c"": 1.0}, {""type"": ""subgrade_condition"", ""label"": ""subgrade_hardened"", ""start_m"": 291.0, ""count"": 80, ""side"": ""left"", ""directions"": ""vertical"", ""stiffness_factor_eta_k"": 1.0638, ""damping_factor_eta_c"": 1.0}]"
v2n021_seed47870128_v160_coupled_subgrade_sleeper_void_overlap,47870128,160,train,coupled_subgrade_sleeper_void_overlap,v2_seed47870128,"[{""type"": ""subgrade_condition"", ""label"": ""subgrade_softened"", ""start_m"": 202.8, ""count"": 12, ""side"": ""left"", ""directions"": ""vertical"", ""stiffness_factor_eta_k"": 0.2832, ""damping_factor_eta_c"": 1.0}, {""type"": ""sleeper_void"", ""label"": ""sleeper_void"", ""start_m"": 202.8, ""count"": 1, ""side"": ""both"", ""directions"": ""vertical"", ""delta_gap_mm"": 0.499}]"
v2n021_seed47870128_v200_baseline,47870128,200,train,baseline,v2_seed47870128,[]
v2n021_seed47870128_v200_fastener,47870128,200,train,fastener,v2_seed47870128,"[{""type"": ""fastener_failure"", ""label"": ""fastener_eta"", ""start_m"": 228.6, ""count"": 20, ""side"": ""both"", ""directions"": ""both"", ""stiffness_factor_eta_k"": 1.1, ""damping_factor_eta_c"": 1.0}]"
v2n021_seed47870128_v200_coupled_ballast_subgrade_separate,47870128,200,train,coupled_ballast_subgrade_separate,v2_seed47870128,"[{""type"": ""ballast_condition"", ""label"": ""ballast_hardened"", ""start_m"": 231.0, ""count"": 8, ""side"": ""right"", ""directions"": ""vertical"", ""stiffness_factor_eta_k"": 5.306, ""damping_factor_eta_c"": 1.0}, {""type"": ""subgrade_condition"", ""label"": ""subgrade_hardened"", ""start_m"": 291.0, ""count"": 80, ""side"": ""left"", ""directions"": ""vertical"", ""stiffness_factor_eta_k"": 1.0638, ""damping_factor_eta_c"": 1.0}]"
v2n022_seed38248180_v200_baseline,38248180,200,val,baseline,v2_seed38248180,[]
v2n022_seed38248180_v200_fastener,38248180,200,val,fastener,v2_seed38248180,"[{""type"": ""fastener_failure"", ""label"": ""fastener_eta"", ""start_m"": 271.8, ""count"": 1, ""side"": ""left"", ""directions"": ""both"", ""stiffness_factor_eta_k"": 1.25, ""damping_factor_eta_c"": 1.0}]"
v2n022_seed38248180_v200_sleeper_void,38248180,200,val,sleeper_void,v2_seed38248180,"[{""type"": ""sleeper_void"", ""label"": ""sleeper_void"", ""start_m"": 178.8, ""count"": 2, ""side"": ""both"", ""directions"": ""vertical"", ""delta_gap_mm"": 1.616}]"
v2n022_seed38248180_v200_ballast,38248180,200,val,ballast,v2_seed38248180,"[{""type"": ""ballast_condition"", ""label"": ""ballast_hardened"", ""start_m"": 239.4, ""count"": 8, ""side"": ""right"", ""directions"": ""vertical"", ""stiffness_factor_eta_k"": 7.4996, ""damping_factor_eta_c"": 1.0}]"
v2n022_seed38248180_v200_subgrade,38248180,200,val,subgrade,v2_seed38248180,"[{""type"": ""subgrade_condition"", ""label"": ""subgrade_softened"", ""start_m"": 244.8, ""count"": 12, ""side"": ""left"", ""directions"": ""vertical"", ""stiffness_factor_eta_k"": 0.2067, ""damping_factor_eta_c"": 1.0}]"
v2n022_seed38248180_v200_coupled_fastener_ballast_overlap,38248180,200,val,coupled_fastener_ballast_overlap,v2_seed38248180,"[{""type"": ""fastener_failure"", ""label"": ""fastener_eta"", ""start_m"": 203.4, ""count"": 5, ""side"": ""left"", ""directions"": ""both"", ""stiffness_factor_eta_k"": 0.25, ""damping_factor_eta_c"": 1.0}, {""type"": ""ballast_condition"", ""label"": ""ballast_hardened"", ""start_m"": 203.4, ""count"": 3, ""side"": ""left"", ""directions"": ""vertical"", ""stiffness_factor_eta_k"": 2.7095, ""damping_factor_eta_c"": 1.0}]"
v2n022_seed38248180_v200_coupled_fastener_sleeper_void_partial_overlap,38248180,200,val,coupled_fastener_sleeper_void_partial_overlap,v2_seed38248180,"[{""type"": ""fastener_failure"", ""label"": ""fastener_eta"", ""start_m"": 210.6, ""count"": 8, ""side"": ""right"", ""directions"": ""both"", ""stiffness_factor_eta_k"": 0.5, ""damping_factor_eta_c"": 1.0}, {""type"": ""sleeper_void"", ""label"": ""sleeper_void"", ""start_m"": 211.2, ""count"": 2, ""side"": ""left"", ""directions"": ""vertical"", ""delta_gap_mm"": 0.651}]"
v2n022_seed38248180_v250_baseline,38248180,250,val,baseline,v2_seed38248180,[]
v2n022_seed38248180_v250_sleeper_void,38248180,250,val,sleeper_void,v2_seed38248180,"[{""type"": ""sleeper_void"", ""label"": ""sleeper_void"", ""start_m"": 178.8, ""count"": 2, ""side"": ""both"", ""directions"": ""vertical"", ""delta_gap_mm"": 1.616}]"
v2n022_seed38248180_v250_coupled_fastener_ballast_overlap,38248180,250,val,coupled_fastener_ballast_overlap,v2_seed38248180,"[{""type"": ""fastener_failure"", ""label"": ""fastener_eta"", ""start_m"": 203.4, ""count"": 5, ""side"": ""left"", ""directions"": ""both"", ""stiffness_factor_eta_k"": 0.25, ""damping_factor_eta_c"": 1.0}, {""type"": ""ballast_condition"", ""label"": ""ballast_hardened"", ""start_m"": 203.4, ""count"": 3, ""side"": ""left"", ""directions"": ""vertical"", ""stiffness_factor_eta_k"": 2.7095, ""damping_factor_eta_c"": 1.0}]"
v2n023_seed49858497_v215_baseline,49858497,215,val,baseline,v2_seed49858497,[]
v2n023_seed49858497_v215_fastener,49858497,215,val,fastener,v2_seed49858497,"[{""type"": ""fastener_failure"", ""label"": ""fastener_eta"", ""start_m"": 279.6, ""count"": 2, ""side"": ""right"", ""directions"": ""both"", ""stiffness_factor_eta_k"": 0.0, ""damping_factor_eta_c"": 1.0}]"
v2n023_seed49858497_v215_sleeper_void,49858497,215,val,sleeper_void,v2_seed49858497,"[{""type"": ""sleeper_void"", ""label"": ""sleeper_void"", ""start_m"": 283.8, ""count"": 3, ""side"": ""left"", ""directions"": ""vertical"", ""delta_gap_mm"": 3.948}]"
v2n023_seed49858497_v215_ballast,49858497,215,val,ballast,v2_seed49858497,"[{""type"": ""ballast_condition"", ""label"": ""ballast_softened"", ""start_m"": 276.6, ""count"": 12, ""side"": ""both"", ""directions"": ""vertical"", ""stiffness_factor_eta_k"": 0.1442, ""damping_factor_eta_c"": 1.0}]"
v2n023_seed49858497_v215_subgrade,49858497,215,val,subgrade,v2_seed49858497,"[{""type"": ""subgrade_condition"", ""label"": ""subgrade_softened"", ""start_m"": 243.6, ""count"": 20, ""side"": ""right"", ""directions"": ""vertical"", ""stiffness_factor_eta_k"": 0.6026, ""damping_factor_eta_c"": 1.0}]"
v2n023_seed49858497_v215_coupled_fastener_subgrade_partial_overlap,49858497,215,val,coupled_fastener_subgrade_partial_overlap,v2_seed49858497,"[{""type"": ""fastener_failure"", ""label"": ""fastener_eta"", ""start_m"": 218.4, ""count"": 8, ""side"": ""right"", ""directions"": ""both"", ""stiffness_factor_eta_k"": 0.5, ""damping_factor_eta_c"": 1.0}, {""type"": ""subgrade_condition"", ""label"": ""subgrade_hardened"", ""start_m"": 219.6, ""count"": 5, ""side"": ""both"", ""directions"": ""vertical"", ""stiffness_factor_eta_k"": 3.949, ""damping_factor_eta_c"": 1.0}]"
v2n023_seed49858497_v215_coupled_ballast_sleeper_void_separate,49858497,215,val,coupled_ballast_sleeper_void_separate,v2_seed49858497,"[{""type"": ""ballast_condition"", ""label"": ""ballast_softened"", ""start_m"": 222.6, ""count"": 40, ""side"": ""right"", ""directions"": ""vertical"", ""stiffness_factor_eta_k"": 0.863, ""damping_factor_eta_c"": 1.0}, {""type"": ""sleeper_void"", ""label"": ""sleeper_void"", ""start_m"": 258.6, ""count"": 3, ""side"": ""right"", ""directions"": ""vertical"", ""delta_gap_mm"": 1.188}]"
v2n023_seed49858497_v250_baseline,49858497,250,val,baseline,v2_seed49858497,[]
v2n023_seed49858497_v250_ballast,49858497,250,val,ballast,v2_seed49858497,"[{""type"": ""ballast_condition"", ""label"": ""ballast_softened"", ""start_m"": 276.6, ""count"": 12, ""side"": ""both"", ""directions"": ""vertical"", ""stiffness_factor_eta_k"": 0.1442, ""damping_factor_eta_c"": 1.0}]"
v2n023_seed49858497_v250_coupled_fastener_subgrade_partial_overlap,49858497,250,val,coupled_fastener_subgrade_partial_overlap,v2_seed49858497,"[{""type"": ""fastener_failure"", ""label"": ""fastener_eta"", ""start_m"": 218.4, ""count"": 8, ""side"": ""right"", ""directions"": ""both"", ""stiffness_factor_eta_k"": 0.5, ""damping_factor_eta_c"": 1.0}, {""type"": ""subgrade_condition"", ""label"": ""subgrade_hardened"", ""start_m"": 219.6, ""count"": 5, ""side"": ""both"", ""directions"": ""vertical"", ""stiffness_factor_eta_k"": 3.949, ""damping_factor_eta_c"": 1.0}]"
v2n024_seed50649952_v250_baseline,50649952,250,test,baseline,v2_seed50649952,[]
v2n024_seed50649952_v250_fastener,50649952,250,test,fastener,v2_seed50649952,"[{""type"": ""fastener_failure"", ""label"": ""fastener_eta"", ""start_m"": 270.0, ""count"": 3, ""side"": ""both"", ""directions"": ""both"", ""stiffness_factor_eta_k"": 0.1, ""damping_factor_eta_c"": 1.0}]"
v2n024_seed50649952_v250_sleeper_void,50649952,250,test,sleeper_void,v2_seed50649952,"[{""type"": ""sleeper_void"", ""label"": ""sleeper_void"", ""start_m"": 290.4, ""count"": 5, ""side"": ""right"", ""directions"": ""vertical"", ""delta_gap_mm"": 0.271}]"
v2n024_seed50649952_v250_ballast,50649952,250,test,ballast,v2_seed50649952,"[{""type"": ""ballast_condition"", ""label"": ""ballast_softened"", ""start_m"": 204.0, ""count"": 20, ""side"": ""left"", ""directions"": ""vertical"", ""stiffness_factor_eta_k"": 0.3612, ""damping_factor_eta_c"": 1.0}]"
v2n024_seed50649952_v250_subgrade,50649952,250,test,subgrade,v2_seed50649952,"[{""type"": ""subgrade_condition"", ""label"": ""subgrade_softened"", ""start_m"": 243.6, ""count"": 40, ""side"": ""both"", ""directions"": ""vertical"", ""stiffness_factor_eta_k"": 0.7637, ""damping_factor_eta_c"": 1.0}]"
v2n024_seed50649952_v250_coupled_ballast_subgrade_separate,50649952,250,test,coupled_ballast_subgrade_separate,v2_seed50649952,"[{""type"": ""ballast_condition"", ""label"": ""ballast_softened"", ""start_m"": 217.8, ""count"": 40, ""side"": ""right"", ""directions"": ""vertical"", ""stiffness_factor_eta_k"": 0.9117, ""damping_factor_eta_c"": 1.0}, {""type"": ""subgrade_condition"", ""label"": ""subgrade_softened"", ""start_m"": 253.8, ""count"": 8, ""side"": ""left"", ""directions"": ""vertical"", ""stiffness_factor_eta_k"": 0.1054, ""damping_factor_eta_c"": 1.0}]"
v2n024_seed50649952_v250_coupled_subgrade_sleeper_void_overlap,50649952,250,test,coupled_subgrade_sleeper_void_overlap,v2_seed50649952,"[{""type"": ""subgrade_condition"", ""label"": ""subgrade_hardened"", ""start_m"": 199.2, ""count"": 80, ""side"": ""left"", ""directions"": ""vertical"", ""stiffness_factor_eta_k"": 1.1504, ""damping_factor_eta_c"": 1.0}, {""type"": ""sleeper_void"", ""label"": ""sleeper_void"", ""start_m"": 199.2, ""count"": 5, ""side"": ""both"", ""directions"": ""vertical"", ""delta_gap_mm"": 2.381}]"
v2n024_seed50649952_v200_baseline,50649952,200,test,baseline,v2_seed50649952,[]
v2n024_seed50649952_v200_subgrade,50649952,200,test,subgrade,v2_seed50649952,"[{""type"": ""subgrade_condition"", ""label"": ""subgrade_softened"", ""start_m"": 243.6, ""count"": 40, ""side"": ""both"", ""directions"": ""vertical"", ""stiffness_factor_eta_k"": 0.7637, ""damping_factor_eta_c"": 1.0}]"
v2n024_seed50649952_v200_coupled_ballast_subgrade_separate,50649952,200,test,coupled_ballast_subgrade_separate,v2_seed50649952,"[{""type"": ""ballast_condition"", ""label"": ""ballast_softened"", ""start_m"": 217.8, ""count"": 40, ""side"": ""right"", ""directions"": ""vertical"", ""stiffness_factor_eta_k"": 0.9117, ""damping_factor_eta_c"": 1.0}, {""type"": ""subgrade_condition"", ""label"": ""subgrade_softened"", ""start_m"": 253.8, ""count"": 8, ""side"": ""left"", ""directions"": ""vertical"", ""stiffness_factor_eta_k"": 0.1054, ""damping_factor_eta_c"": 1.0}]"
v2n025_seed21715978_v160_baseline,21715978,160,train,baseline,v2_seed21715978,[]
v2n025_seed21715978_v160_fastener,21715978,160,train,fastener,v2_seed21715978,"[{""type"": ""fastener_failure"", ""label"": ""fastener_eta"", ""start_m"": 208.2, ""count"": 5, ""side"": ""left"", ""directions"": ""both"", ""stiffness_factor_eta_k"": 0.25, ""damping_factor_eta_c"": 1.0}]"
v2n025_seed21715978_v160_sleeper_void,21715978,160,train,sleeper_void,v2_seed21715978,"[{""type"": ""sleeper_void"", ""label"": ""sleeper_void"", ""start_m"": 286.2, ""count"": 8, ""side"": ""both"", ""directions"": ""vertical"", ""delta_gap_mm"": 0.757}]"
v2n025_seed21715978_v160_ballast,21715978,160,train,ballast,v2_seed21715978,"[{""type"": ""ballast_condition"", ""label"": ""ballast_softened"", ""start_m"": 288.0, ""count"": 40, ""side"": ""right"", ""directions"": ""vertical"", ""stiffness_factor_eta_k"": 0.9249, ""damping_factor_eta_c"": 1.0}]"
v2n025_seed21715978_v160_subgrade,21715978,160,train,subgrade,v2_seed21715978,"[{""type"": ""subgrade_condition"", ""label"": ""subgrade_hardened"", ""start_m"": 270.6, ""count"": 80, ""side"": ""left"", ""directions"": ""vertical"", ""stiffness_factor_eta_k"": 1.0525, ""damping_factor_eta_c"": 1.0}]"
v2n025_seed21715978_v160_coupled_fastener_ballast_overlap,21715978,160,train,coupled_fastener_ballast_overlap,v2_seed21715978,"[{""type"": ""fastener_failure"", ""label"": ""fastener_eta"", ""start_m"": 236.4, ""count"": 20, ""side"": ""left"", ""directions"": ""both"", ""stiffness_factor_eta_k"": 0.85, ""damping_factor_eta_c"": 1.0}, {""type"": ""ballast_condition"", ""label"": ""ballast_softened"", ""start_m"": 236.4, ""count"": 12, ""side"": ""left"", ""directions"": ""vertical"", ""stiffness_factor_eta_k"": 0.3175, ""damping_factor_eta_c"": 1.0}]"
v2n025_seed21715978_v160_coupled_fastener_sleeper_void_partial_overlap,21715978,160,train,coupled_fastener_sleeper_void_partial_overlap,v2_seed21715978,"[{""type"": ""fastener_failure"", ""label"": ""fastener_eta"", ""start_m"": 180.0, ""count"": 1, ""side"": ""right"", ""directions"": ""both"", ""stiffness_factor_eta_k"": 0.9, ""damping_factor_eta_c"": 1.0}, {""type"": ""sleeper_void"", ""label"": ""sleeper_void"", ""start_m"": 180.6, ""count"": 8, ""side"": ""left"", ""directions"": ""vertical"", ""delta_gap_mm"": 0.213}]"
v2n025_seed21715978_v200_baseline,21715978,200,train,baseline,v2_seed21715978,[]
v2n025_seed21715978_v200_fastener,21715978,200,train,fastener,v2_seed21715978,"[{""type"": ""fastener_failure"", ""label"": ""fastener_eta"", ""start_m"": 208.2, ""count"": 5, ""side"": ""left"", ""directions"": ""both"", ""stiffness_factor_eta_k"": 0.25, ""damping_factor_eta_c"": 1.0}]"
v2n025_seed21715978_v200_coupled_fastener_ballast_overlap,21715978,200,train,coupled_fastener_ballast_overlap,v2_seed21715978,"[{""type"": ""fastener_failure"", ""label"": ""fastener_eta"", ""start_m"": 236.4, ""count"": 20, ""side"": ""left"", ""directions"": ""both"", ""stiffness_factor_eta_k"": 0.85, ""damping_factor_eta_c"": 1.0}, {""type"": ""ballast_condition"", ""label"": ""ballast_softened"", ""start_m"": 236.4, ""count"": 12, ""side"": ""left"", ""directions"": ""vertical"", ""stiffness_factor_eta_k"": 0.3175, ""damping_factor_eta_c"": 1.0}]"
v2n026_seed62149898_v200_baseline,62149898,200,val,baseline,v2_seed62149898,[]
v2n026_seed62149898_v200_fastener,62149898,200,val,fastener,v2_seed62149898,"[{""type"": ""fastener_failure"", ""label"": ""fastener_eta"", ""start_m"": 261.6, ""count"": 8, ""side"": ""right"", ""directions"": ""both"", ""stiffness_factor_eta_k"": 0.5, ""damping_factor_eta_c"": 1.0}]"
v2n026_seed62149898_v200_sleeper_void,62149898,200,val,sleeper_void,v2_seed62149898,"[{""type"": ""sleeper_void"", ""label"": ""sleeper_void"", ""start_m"": 174.6, ""count"": 12, ""side"": ""left"", ""directions"": ""vertical"", ""delta_gap_mm"": 1.618}]"
v2n026_seed62149898_v200_ballast,62149898,200,val,ballast,v2_seed62149898,"[{""type"": ""ballast_condition"", ""label"": ""ballast_hardened"", ""start_m"": 205.8, ""count"": 80, ""side"": ""both"", ""directions"": ""vertical"", ""stiffness_factor_eta_k"": 1.1424, ""damping_factor_eta_c"": 1.0}]"
v2n026_seed62149898_v200_subgrade,62149898,200,val,subgrade,v2_seed62149898,"[{""type"": ""subgrade_condition"", ""label"": ""subgrade_hardened"", ""start_m"": 151.2, ""count"": 3, ""side"": ""right"", ""directions"": ""vertical"", ""stiffness_factor_eta_k"": 1.7626, ""damping_factor_eta_c"": 1.0}]"
v2n026_seed62149898_v200_coupled_fastener_subgrade_partial_overlap,62149898,200,val,coupled_fastener_subgrade_partial_overlap,v2_seed62149898,"[{""type"": ""fastener_failure"", ""label"": ""fastener_eta"", ""start_m"": 181.8, ""count"": 1, ""side"": ""right"", ""directions"": ""both"", ""stiffness_factor_eta_k"": 0.9, ""damping_factor_eta_c"": 1.0}, {""type"": ""subgrade_condition"", ""label"": ""subgrade_softened"", ""start_m"": 182.4, ""count"": 20, ""side"": ""both"", ""directions"": ""vertical"", ""stiffness_factor_eta_k"": 0.9375, ""damping_factor_eta_c"": 1.0}]"
v2n026_seed62149898_v200_coupled_ballast_sleeper_void_separate,62149898,200,val,coupled_ballast_sleeper_void_separate,v2_seed62149898,"[{""type"": ""ballast_condition"", ""label"": ""ballast_hardened"", ""start_m"": 227.4, ""count"": 5, ""side"": ""right"", ""directions"": ""vertical"", ""stiffness_factor_eta_k"": 4.9819, ""damping_factor_eta_c"": 1.0}, {""type"": ""sleeper_void"", ""label"": ""sleeper_void"", ""start_m"": 246.6, ""count"": 12, ""side"": ""right"", ""directions"": ""vertical"", ""delta_gap_mm"": 0.675}]"
v2n026_seed62149898_v250_baseline,62149898,250,val,baseline,v2_seed62149898,[]
v2n026_seed62149898_v250_sleeper_void,62149898,250,val,sleeper_void,v2_seed62149898,"[{""type"": ""sleeper_void"", ""label"": ""sleeper_void"", ""start_m"": 174.6, ""count"": 12, ""side"": ""left"", ""directions"": ""vertical"", ""delta_gap_mm"": 1.618}]"
v2n026_seed62149898_v250_coupled_fastener_subgrade_partial_overlap,62149898,250,val,coupled_fastener_subgrade_partial_overlap,v2_seed62149898,"[{""type"": ""fastener_failure"", ""label"": ""fastener_eta"", ""start_m"": 181.8, ""count"": 1, ""side"": ""right"", ""directions"": ""both"", ""stiffness_factor_eta_k"": 0.9, ""damping_factor_eta_c"": 1.0}, {""type"": ""subgrade_condition"", ""label"": ""subgrade_softened"", ""start_m"": 182.4, ""count"": 20, ""side"": ""both"", ""directions"": ""vertical"", ""stiffness_factor_eta_k"": 0.9375, ""damping_factor_eta_c"": 1.0}]"
v2n027_seed36863188_v215_baseline,36863188,215,test,baseline,v2_seed36863188,[]
v2n027_seed36863188_v215_fastener,36863188,215,test,fastener,v2_seed36863188,"[{""type"": ""fastener_failure"", ""label"": ""fastener_eta"", ""start_m"": 174.6, ""count"": 12, ""side"": ""both"", ""directions"": ""both"", ""stiffness_factor_eta_k"": 0.75, ""damping_factor_eta_c"": 1.0}]"
v2n027_seed36863188_v215_sleeper_void,36863188,215,test,sleeper_void,v2_seed36863188,"[{""type"": ""sleeper_void"", ""label"": ""sleeper_void"", ""start_m"": 273.0, ""count"": 20, ""side"": ""right"", ""directions"": ""vertical"", ""delta_gap_mm"": 2.612}]"
v2n027_seed36863188_v215_ballast,36863188,215,test,ballast,v2_seed36863188,"[{""type"": ""ballast_condition"", ""label"": ""ballast_hardened"", ""start_m"": 159.0, ""count"": 3, ""side"": ""left"", ""directions"": ""vertical"", ""stiffness_factor_eta_k"": 1.7244, ""damping_factor_eta_c"": 1.0}]"
v2n027_seed36863188_v215_subgrade,36863188,215,test,subgrade,v2_seed36863188,"[{""type"": ""subgrade_condition"", ""label"": ""subgrade_hardened"", ""start_m"": 297.0, ""count"": 5, ""side"": ""both"", ""directions"": ""vertical"", ""stiffness_factor_eta_k"": 6.5922, ""damping_factor_eta_c"": 1.0}]"
v2n027_seed36863188_v215_coupled_ballast_subgrade_separate,36863188,215,test,coupled_ballast_subgrade_separate,v2_seed36863188,"[{""type"": ""ballast_condition"", ""label"": ""ballast_hardened"", ""start_m"": 232.8, ""count"": 5, ""side"": ""right"", ""directions"": ""vertical"", ""stiffness_factor_eta_k"": 6.5736, ""damping_factor_eta_c"": 1.0}, {""type"": ""subgrade_condition"", ""label"": ""subgrade_hardened"", ""start_m"": 268.8, ""count"": 40, ""side"": ""left"", ""directions"": ""vertical"", ""stiffness_factor_eta_k"": 1.0988, ""damping_factor_eta_c"": 1.0}]"
v2n027_seed36863188_v215_coupled_subgrade_sleeper_void_overlap,36863188,215,test,coupled_subgrade_sleeper_void_overlap,v2_seed36863188,"[{""type"": ""subgrade_condition"", ""label"": ""subgrade_softened"", ""start_m"": 208.8, ""count"": 8, ""side"": ""left"", ""directions"": ""vertical"", ""stiffness_factor_eta_k"": 0.1761, ""damping_factor_eta_c"": 1.0}, {""type"": ""sleeper_void"", ""label"": ""sleeper_void"", ""start_m"": 208.8, ""count"": 20, ""side"": ""both"", ""directions"": ""vertical"", ""delta_gap_mm"": 1.526}]"
v2n027_seed36863188_v250_baseline,36863188,250,test,baseline,v2_seed36863188,[]
v2n027_seed36863188_v250_ballast,36863188,250,test,ballast,v2_seed36863188,"[{""type"": ""ballast_condition"", ""label"": ""ballast_hardened"", ""start_m"": 159.0, ""count"": 3, ""side"": ""left"", ""directions"": ""vertical"", ""stiffness_factor_eta_k"": 1.7244, ""damping_factor_eta_c"": 1.0}]"
v2n027_seed36863188_v250_coupled_ballast_subgrade_separate,36863188,250,test,coupled_ballast_subgrade_separate,v2_seed36863188,"[{""type"": ""ballast_condition"", ""label"": ""ballast_hardened"", ""start_m"": 232.8, ""count"": 5, ""side"": ""right"", ""directions"": ""vertical"", ""stiffness_factor_eta_k"": 6.5736, ""damping_factor_eta_c"": 1.0}, {""type"": ""subgrade_condition"", ""label"": ""subgrade_hardened"", ""start_m"": 268.8, ""count"": 40, ""side"": ""left"", ""directions"": ""vertical"", ""stiffness_factor_eta_k"": 1.0988, ""damping_factor_eta_c"": 1.0}]"
v2n028_seed31179895_v250_baseline,31179895,250,test,baseline,v2_seed31179895,[]
v2n028_seed31179895_v250_fastener,31179895,250,test,fastener,v2_seed31179895,"[{""type"": ""fastener_failure"", ""label"": ""fastener_eta"", ""start_m"": 158.4, ""count"": 20, ""side"": ""left"", ""directions"": ""both"", ""stiffness_factor_eta_k"": 0.85, ""damping_factor_eta_c"": 1.0}]"
v2n028_seed31179895_v250_sleeper_void,31179895,250,test,sleeper_void,v2_seed31179895,"[{""type"": ""sleeper_void"", ""label"": ""sleeper_void"", ""start_m"": 159.0, ""count"": 1, ""side"": ""both"", ""directions"": ""vertical"", ""delta_gap_mm"": 0.238}]"
v2n028_seed31179895_v250_ballast,31179895,250,test,ballast,v2_seed31179895,"[{""type"": ""ballast_condition"", ""label"": ""ballast_hardened"", ""start_m"": 182.4, ""count"": 5, ""side"": ""right"", ""directions"": ""vertical"", ""stiffness_factor_eta_k"": 5.3097, ""damping_factor_eta_c"": 1.0}]"
v2n028_seed31179895_v250_subgrade,31179895,250,test,subgrade,v2_seed31179895,"[{""type"": ""subgrade_condition"", ""label"": ""subgrade_softened"", ""start_m"": 154.8, ""count"": 8, ""side"": ""left"", ""directions"": ""vertical"", ""stiffness_factor_eta_k"": 0.2829, ""damping_factor_eta_c"": 1.0}]"
v2n028_seed31179895_v250_coupled_fastener_ballast_overlap,31179895,250,test,coupled_fastener_ballast_overlap,v2_seed31179895,"[{""type"": ""fastener_failure"", ""label"": ""fastener_eta"", ""start_m"": 218.4, ""count"": 3, ""side"": ""left"", ""directions"": ""both"", ""stiffness_factor_eta_k"": 1.05, ""damping_factor_eta_c"": 1.0}, {""type"": ""ballast_condition"", ""label"": ""ballast_hardened"", ""start_m"": 218.4, ""count"": 80, ""side"": ""left"", ""directions"": ""vertical"", ""stiffness_factor_eta_k"": 2.4699, ""damping_factor_eta_c"": 1.0}]"
v2n028_seed31179895_v250_coupled_fastener_sleeper_void_partial_overlap,31179895,250,test,coupled_fastener_sleeper_void_partial_overlap,v2_seed31179895,"[{""type"": ""fastener_failure"", ""label"": ""fastener_eta"", ""start_m"": 235.2, ""count"": 5, ""side"": ""right"", ""directions"": ""both"", ""stiffness_factor_eta_k"": 1.1, ""damping_factor_eta_c"": 1.0}, {""type"": ""sleeper_void"", ""label"": ""sleeper_void"", ""start_m"": 235.8, ""count"": 1, ""side"": ""left"", ""directions"": ""vertical"", ""delta_gap_mm"": 2.517}]"
v2n028_seed31179895_v200_baseline,31179895,200,test,baseline,v2_seed31179895,[]
v2n028_seed31179895_v200_subgrade,31179895,200,test,subgrade,v2_seed31179895,"[{""type"": ""subgrade_condition"", ""label"": ""subgrade_softened"", ""start_m"": 154.8, ""count"": 8, ""side"": ""left"", ""directions"": ""vertical"", ""stiffness_factor_eta_k"": 0.2829, ""damping_factor_eta_c"": 1.0}]"
v2n028_seed31179895_v200_coupled_fastener_ballast_overlap,31179895,200,test,coupled_fastener_ballast_overlap,v2_seed31179895,"[{""type"": ""fastener_failure"", ""label"": ""fastener_eta"", ""start_m"": 218.4, ""count"": 3, ""side"": ""left"", ""directions"": ""both"", ""stiffness_factor_eta_k"": 1.05, ""damping_factor_eta_c"": 1.0}, {""type"": ""ballast_condition"", ""label"": ""ballast_hardened"", ""start_m"": 218.4, ""count"": 80, ""side"": ""left"", ""directions"": ""vertical"", ""stiffness_factor_eta_k"": 2.4699, ""damping_factor_eta_c"": 1.0}]"
v2n029_seed55831170_v160_baseline,55831170,160,train,baseline,v2_seed55831170,[]
v2n029_seed55831170_v160_fastener,55831170,160,train,fastener,v2_seed55831170,"[{""type"": ""fastener_failure"", ""label"": ""fastener_eta"", ""start_m"": 155.4, ""count"": 1, ""side"": ""right"", ""directions"": ""both"", ""stiffness_factor_eta_k"": 0.9, ""damping_factor_eta_c"": 1.0}]"
v2n029_seed55831170_v160_sleeper_void,55831170,160,train,sleeper_void,v2_seed55831170,"[{""type"": ""sleeper_void"", ""label"": ""sleeper_void"", ""start_m"": 237.6, ""count"": 2, ""side"": ""left"", ""directions"": ""vertical"", ""delta_gap_mm"": 0.997}]"
v2n029_seed55831170_v160_ballast,55831170,160,train,ballast,v2_seed55831170,"[{""type"": ""ballast_condition"", ""label"": ""ballast_softened"", ""start_m"": 202.2, ""count"": 8, ""side"": ""both"", ""directions"": ""vertical"", ""stiffness_factor_eta_k"": 0.2868, ""damping_factor_eta_c"": 1.0}]"
v2n029_seed55831170_v160_subgrade,55831170,160,train,subgrade,v2_seed55831170,"[{""type"": ""subgrade_condition"", ""label"": ""subgrade_softened"", ""start_m"": 177.0, ""count"": 12, ""side"": ""right"", ""directions"": ""vertical"", ""stiffness_factor_eta_k"": 0.3309, ""damping_factor_eta_c"": 1.0}]"
v2n029_seed55831170_v160_coupled_fastener_subgrade_partial_overlap,55831170,160,train,coupled_fastener_subgrade_partial_overlap,v2_seed55831170,"[{""type"": ""fastener_failure"", ""label"": ""fastener_eta"", ""start_m"": 221.4, ""count"": 5, ""side"": ""right"", ""directions"": ""both"", ""stiffness_factor_eta_k"": 1.1, ""damping_factor_eta_c"": 1.0}, {""type"": ""subgrade_condition"", ""label"": ""subgrade_hardened"", ""start_m"": 222.0, ""count"": 3, ""side"": ""both"", ""directions"": ""vertical"", ""stiffness_factor_eta_k"": 4.7267, ""damping_factor_eta_c"": 1.0}]"
v2n029_seed55831170_v160_coupled_ballast_sleeper_void_separate,55831170,160,train,coupled_ballast_sleeper_void_separate,v2_seed55831170,"[{""type"": ""ballast_condition"", ""label"": ""ballast_softened"", ""start_m"": 228.0, ""count"": 20, ""side"": ""right"", ""directions"": ""vertical"", ""stiffness_factor_eta_k"": 0.8329, ""damping_factor_eta_c"": 1.0}, {""type"": ""sleeper_void"", ""label"": ""sleeper_void"", ""start_m"": 252.0, ""count"": 2, ""side"": ""right"", ""directions"": ""vertical"", ""delta_gap_mm"": 0.499}]"
v2n029_seed55831170_v200_baseline,55831170,200,train,baseline,v2_seed55831170,[]
v2n029_seed55831170_v200_fastener,55831170,200,train,fastener,v2_seed55831170,"[{""type"": ""fastener_failure"", ""label"": ""fastener_eta"", ""start_m"": 155.4, ""count"": 1, ""side"": ""right"", ""directions"": ""both"", ""stiffness_factor_eta_k"": 0.9, ""damping_factor_eta_c"": 1.0}]"
v2n029_seed55831170_v200_coupled_fastener_subgrade_partial_overlap,55831170,200,train,coupled_fastener_subgrade_partial_overlap,v2_seed55831170,"[{""type"": ""fastener_failure"", ""label"": ""fastener_eta"", ""start_m"": 221.4, ""count"": 5, ""side"": ""right"", ""directions"": ""both"", ""stiffness_factor_eta_k"": 1.1, ""damping_factor_eta_c"": 1.0}, {""type"": ""subgrade_condition"", ""label"": ""subgrade_hardened"", ""start_m"": 222.0, ""count"": 3, ""side"": ""both"", ""directions"": ""vertical"", ""stiffness_factor_eta_k"": 4.7267, ""damping_factor_eta_c"": 1.0}]"
v2n030_seed82744829_v200_baseline,82744829,200,train,baseline,v2_seed82744829,[]
v2n030_seed82744829_v200_fastener,82744829,200,train,fastener,v2_seed82744829,"[{""type"": ""fastener_failure"", ""label"": ""fastener_eta"", ""start_m"": 249.6, ""count"": 2, ""side"": ""both"", ""directions"": ""both"", ""stiffness_factor_eta_k"": 0.95, ""damping_factor_eta_c"": 1.0}]"
v2n030_seed82744829_v200_sleeper_void,82744829,200,train,sleeper_void,v2_seed82744829,"[{""type"": ""sleeper_void"", ""label"": ""sleeper_void"", ""start_m"": 164.4, ""count"": 3, ""side"": ""right"", ""directions"": ""vertical"", ""delta_gap_mm"": 1.662}]"
v2n030_seed82744829_v200_ballast,82744829,200,train,ballast,v2_seed82744829,"[{""type"": ""ballast_condition"", ""label"": ""ballast_softened"", ""start_m"": 172.2, ""count"": 12, ""side"": ""left"", ""directions"": ""vertical"", ""stiffness_factor_eta_k"": 0.3668, ""damping_factor_eta_c"": 1.0}]"
v2n030_seed82744829_v200_subgrade,82744829,200,train,subgrade,v2_seed82744829,"[{""type"": ""subgrade_condition"", ""label"": ""subgrade_softened"", ""start_m"": 245.4, ""count"": 20, ""side"": ""both"", ""directions"": ""vertical"", ""stiffness_factor_eta_k"": 0.9253, ""damping_factor_eta_c"": 1.0}]"
v2n030_seed82744829_v200_coupled_ballast_subgrade_separate,82744829,200,train,coupled_ballast_subgrade_separate,v2_seed82744829,"[{""type"": ""ballast_condition"", ""label"": ""ballast_softened"", ""start_m"": 215.4, ""count"": 20, ""side"": ""right"", ""directions"": ""vertical"", ""stiffness_factor_eta_k"": 0.9028, ""damping_factor_eta_c"": 1.0}, {""type"": ""subgrade_condition"", ""label"": ""subgrade_softened"", ""start_m"": 239.4, ""count"": 5, ""side"": ""left"", ""directions"": ""vertical"", ""stiffness_factor_eta_k"": 0.1774, ""damping_factor_eta_c"": 1.0}]"
v2n030_seed82744829_v200_coupled_subgrade_sleeper_void_overlap,82744829,200,train,coupled_subgrade_sleeper_void_overlap,v2_seed82744829,"[{""type"": ""subgrade_condition"", ""label"": ""subgrade_hardened"", ""start_m"": 203.4, ""count"": 40, ""side"": ""left"", ""directions"": ""vertical"", ""stiffness_factor_eta_k"": 1.1494, ""damping_factor_eta_c"": 1.0}, {""type"": ""sleeper_void"", ""label"": ""sleeper_void"", ""start_m"": 203.4, ""count"": 3, ""side"": ""both"", ""directions"": ""vertical"", ""delta_gap_mm"": 0.983}]"
v2n030_seed82744829_v250_baseline,82744829,250,train,baseline,v2_seed82744829,[]
v2n030_seed82744829_v250_sleeper_void,82744829,250,train,sleeper_void,v2_seed82744829,"[{""type"": ""sleeper_void"", ""label"": ""sleeper_void"", ""start_m"": 164.4, ""count"": 3, ""side"": ""right"", ""directions"": ""vertical"", ""delta_gap_mm"": 1.662}]"
v2n030_seed82744829_v250_coupled_ballast_subgrade_separate,82744829,250,train,coupled_ballast_subgrade_separate,v2_seed82744829,"[{""type"": ""ballast_condition"", ""label"": ""ballast_softened"", ""start_m"": 215.4, ""count"": 20, ""side"": ""right"", ""directions"": ""vertical"", ""stiffness_factor_eta_k"": 0.9028, ""damping_factor_eta_c"": 1.0}, {""type"": ""subgrade_condition"", ""label"": ""subgrade_softened"", ""start_m"": 239.4, ""count"": 5, ""side"": ""left"", ""directions"": ""vertical"", ""stiffness_factor_eta_k"": 0.1774, ""damping_factor_eta_c"": 1.0}]"
v2n031_seed94728490_v215_baseline,94728490,215,train,baseline,v2_seed94728490,[]
v2n031_seed94728490_v215_fastener,94728490,215,train,fastener,v2_seed94728490,"[{""type"": ""fastener_failure"", ""label"": ""fastener_eta"", ""start_m"": 295.8, ""count"": 3, ""side"": ""left"", ""directions"": ""both"", ""stiffness_factor_eta_k"": 1.05, ""damping_factor_eta_c"": 1.0}]"
v2n031_seed94728490_v215_sleeper_void,94728490,215,train,sleeper_void,v2_seed94728490,"[{""type"": ""sleeper_void"", ""label"": ""sleeper_void"", ""start_m"": 183.6, ""count"": 5, ""side"": ""both"", ""directions"": ""vertical"", ""delta_gap_mm"": 3.007}]"
v2n031_seed94728490_v215_ballast,94728490,215,train,ballast,v2_seed94728490,"[{""type"": ""ballast_condition"", ""label"": ""ballast_softened"", ""start_m"": 205.8, ""count"": 20, ""side"": ""right"", ""directions"": ""vertical"", ""stiffness_factor_eta_k"": 0.7299, ""damping_factor_eta_c"": 1.0}]"
v2n031_seed94728490_v215_subgrade,94728490,215,train,subgrade,v2_seed94728490,"[{""type"": ""subgrade_condition"", ""label"": ""subgrade_hardened"", ""start_m"": 183.6, ""count"": 40, ""side"": ""left"", ""directions"": ""vertical"", ""stiffness_factor_eta_k"": 1.1682, ""damping_factor_eta_c"": 1.0}]"
v2n031_seed94728490_v215_coupled_fastener_ballast_overlap,94728490,215,train,coupled_fastener_ballast_overlap,v2_seed94728490,"[{""type"": ""fastener_failure"", ""label"": ""fastener_eta"", ""start_m"": 209.4, ""count"": 12, ""side"": ""left"", ""directions"": ""both"", ""stiffness_factor_eta_k"": 0.0, ""damping_factor_eta_c"": 1.0}, {""type"": ""ballast_condition"", ""label"": ""ballast_softened"", ""start_m"": 209.4, ""count"": 8, ""side"": ""left"", ""directions"": ""vertical"", ""stiffness_factor_eta_k"": 0.6945, ""damping_factor_eta_c"": 1.0}]"
v2n031_seed94728490_v215_coupled_fastener_sleeper_void_partial_overlap,94728490,215,train,coupled_fastener_sleeper_void_partial_overlap,v2_seed94728490,"[{""type"": ""fastener_failure"", ""label"": ""fastener_eta"", ""start_m"": 209.4, ""count"": 20, ""side"": ""right"", ""directions"": ""both"", ""stiffness_factor_eta_k"": 0.1, ""damping_factor_eta_c"": 1.0}, {""type"": ""sleeper_void"", ""label"": ""sleeper_void"", ""start_m"": 210.6, ""count"": 5, ""side"": ""left"", ""directions"": ""vertical"", ""delta_gap_mm"": 1.795}]"
v2n031_seed94728490_v250_baseline,94728490,250,train,baseline,v2_seed94728490,[]
v2n031_seed94728490_v250_ballast,94728490,250,train,ballast,v2_seed94728490,"[{""type"": ""ballast_condition"", ""label"": ""ballast_softened"", ""start_m"": 205.8, ""count"": 20, ""side"": ""right"", ""directions"": ""vertical"", ""stiffness_factor_eta_k"": 0.7299, ""damping_factor_eta_c"": 1.0}]"
v2n031_seed94728490_v250_coupled_fastener_ballast_overlap,94728490,250,train,coupled_fastener_ballast_overlap,v2_seed94728490,"[{""type"": ""fastener_failure"", ""label"": ""fastener_eta"", ""start_m"": 209.4, ""count"": 12, ""side"": ""left"", ""directions"": ""both"", ""stiffness_factor_eta_k"": 0.0, ""damping_factor_eta_c"": 1.0}, {""type"": ""ballast_condition"", ""label"": ""ballast_softened"", ""start_m"": 209.4, ""count"": 8, ""side"": ""left"", ""directions"": ""vertical"", ""stiffness_factor_eta_k"": 0.6945, ""damping_factor_eta_c"": 1.0}]"
v2n032_seed86431651_v250_baseline,86431651,250,train,baseline,v2_seed86431651,[]
v2n032_seed86431651_v250_fastener,86431651,250,train,fastener,v2_seed86431651,"[{""type"": ""fastener_failure"", ""label"": ""fastener_eta"", ""start_m"": 239.4, ""count"": 5, ""side"": ""right"", ""directions"": ""both"", ""stiffness_factor_eta_k"": 1.1, ""damping_factor_eta_c"": 1.0}]"
v2n032_seed86431651_v250_sleeper_void,86431651,250,train,sleeper_void,v2_seed86431651,"[{""type"": ""sleeper_void"", ""label"": ""sleeper_void"", ""start_m"": 262.2, ""count"": 8, ""side"": ""left"", ""directions"": ""vertical"", ""delta_gap_mm"": 0.179}]"
v2n032_seed86431651_v250_ballast,86431651,250,train,ballast,v2_seed86431651,"[{""type"": ""ballast_condition"", ""label"": ""ballast_hardened"", ""start_m"": 250.8, ""count"": 40, ""side"": ""both"", ""directions"": ""vertical"", ""stiffness_factor_eta_k"": 1.0559, ""damping_factor_eta_c"": 1.0}]"
v2n032_seed86431651_v250_subgrade,86431651,250,train,subgrade,v2_seed86431651,"[{""type"": ""subgrade_condition"", ""label"": ""subgrade_hardened"", ""start_m"": 180.0, ""count"": 80, ""side"": ""right"", ""directions"": ""vertical"", ""stiffness_factor_eta_k"": 2.3238, ""damping_factor_eta_c"": 1.0}]"
v2n032_seed86431651_v250_coupled_fastener_subgrade_partial_overlap,86431651,250,train,coupled_fastener_subgrade_partial_overlap,v2_seed86431651,"[{""type"": ""fastener_failure"", ""label"": ""fastener_eta"", ""start_m"": 219.0, ""count"": 20, ""side"": ""right"", ""directions"": ""both"", ""stiffness_factor_eta_k"": 0.1, ""damping_factor_eta_c"": 1.0}, {""type"": ""subgrade_condition"", ""label"": ""subgrade_softened"", ""start_m"": 222.6, ""count"": 12, ""side"": ""both"", ""directions"": ""vertical"", ""stiffness_factor_eta_k"": 0.7325, ""damping_factor_eta_c"": 1.0}]"
v2n032_seed86431651_v250_coupled_ballast_sleeper_void_separate,86431651,250,train,coupled_ballast_sleeper_void_separate,v2_seed86431651,"[{""type"": ""ballast_condition"", ""label"": ""ballast_hardened"", ""start_m"": 196.8, ""count"": 3, ""side"": ""right"", ""directions"": ""vertical"", ""stiffness_factor_eta_k"": 4.1533, ""damping_factor_eta_c"": 1.0}, {""type"": ""sleeper_void"", ""label"": ""sleeper_void"", ""start_m"": 213.6, ""count"": 8, ""side"": ""right"", ""directions"": ""vertical"", ""delta_gap_mm"": 3.585}]"
v2n032_seed86431651_v200_baseline,86431651,200,train,baseline,v2_seed86431651,[]
v2n032_seed86431651_v200_subgrade,86431651,200,train,subgrade,v2_seed86431651,"[{""type"": ""subgrade_condition"", ""label"": ""subgrade_hardened"", ""start_m"": 180.0, ""count"": 80, ""side"": ""right"", ""directions"": ""vertical"", ""stiffness_factor_eta_k"": 2.3238, ""damping_factor_eta_c"": 1.0}]"
v2n032_seed86431651_v200_coupled_fastener_subgrade_partial_overlap,86431651,200,train,coupled_fastener_subgrade_partial_overlap,v2_seed86431651,"[{""type"": ""fastener_failure"", ""label"": ""fastener_eta"", ""start_m"": 219.0, ""count"": 20, ""side"": ""right"", ""directions"": ""both"", ""stiffness_factor_eta_k"": 0.1, ""damping_factor_eta_c"": 1.0}, {""type"": ""subgrade_condition"", ""label"": ""subgrade_softened"", ""start_m"": 222.6, ""count"": 12, ""side"": ""both"", ""directions"": ""vertical"", ""stiffness_factor_eta_k"": 0.7325, ""damping_factor_eta_c"": 1.0}]"
v2n033_seed76751515_v160_baseline,76751515,160,train,baseline,v2_seed76751515,[]
v2n033_seed76751515_v160_fastener,76751515,160,train,fastener,v2_seed76751515,"[{""type"": ""fastener_failure"", ""label"": ""fastener_eta"", ""start_m"": 202.8, ""count"": 8, ""side"": ""both"", ""directions"": ""both"", ""stiffness_factor_eta_k"": 1.25, ""damping_factor_eta_c"": 1.0}]"
v2n033_seed76751515_v160_sleeper_void,76751515,160,train,sleeper_void,v2_seed76751515,"[{""type"": ""sleeper_void"", ""label"": ""sleeper_void"", ""start_m"": 282.0, ""count"": 12, ""side"": ""right"", ""directions"": ""vertical"", ""delta_gap_mm"": 0.626}]"
v2n033_seed76751515_v160_ballast,76751515,160,train,ballast,v2_seed76751515,"[{""type"": ""ballast_condition"", ""label"": ""ballast_hardened"", ""start_m"": 168.0, ""count"": 80, ""side"": ""left"", ""directions"": ""vertical"", ""stiffness_factor_eta_k"": 2.0451, ""damping_factor_eta_c"": 1.0}]"
v2n033_seed76751515_v160_subgrade,76751515,160,train,subgrade,v2_seed76751515,"[{""type"": ""subgrade_condition"", ""label"": ""subgrade_hardened"", ""start_m"": 283.8, ""count"": 3, ""side"": ""both"", ""directions"": ""vertical"", ""stiffness_factor_eta_k"": 7.608, ""damping_factor_eta_c"": 1.0}]"
v2n033_seed76751515_v160_coupled_ballast_subgrade_separate,76751515,160,train,coupled_ballast_subgrade_separate,v2_seed76751515,"[{""type"": ""ballast_condition"", ""label"": ""ballast_hardened"", ""start_m"": 222.6, ""count"": 3, ""side"": ""right"", ""directions"": ""vertical"", ""stiffness_factor_eta_k"": 6.3657, ""damping_factor_eta_c"": 1.0}, {""type"": ""subgrade_condition"", ""label"": ""subgrade_hardened"", ""start_m"": 246.6, ""count"": 20, ""side"": ""left"", ""directions"": ""vertical"", ""stiffness_factor_eta_k"": 1.2731, ""damping_factor_eta_c"": 1.0}]"
v2n033_seed76751515_v160_coupled_subgrade_sleeper_void_overlap,76751515,160,train,coupled_subgrade_sleeper_void_overlap,v2_seed76751515,"[{""type"": ""subgrade_condition"", ""label"": ""subgrade_softened"", ""start_m"": 216.0, ""count"": 5, ""side"": ""left"", ""directions"": ""vertical"", ""stiffness_factor_eta_k"": 0.2076, ""damping_factor_eta_c"": 1.0}, {""type"": ""sleeper_void"", ""label"": ""sleeper_void"", ""start_m"": 216.0, ""count"": 12, ""side"": ""both"", ""directions"": ""vertical"", ""delta_gap_mm"": 0.165}]"
v2n033_seed76751515_v200_baseline,76751515,200,train,baseline,v2_seed76751515,[]
v2n033_seed76751515_v200_fastener,76751515,200,train,fastener,v2_seed76751515,"[{""type"": ""fastener_failure"", ""label"": ""fastener_eta"", ""start_m"": 202.8, ""count"": 8, ""side"": ""both"", ""directions"": ""both"", ""stiffness_factor_eta_k"": 1.25, ""damping_factor_eta_c"": 1.0}]"
v2n033_seed76751515_v200_coupled_ballast_subgrade_separate,76751515,200,train,coupled_ballast_subgrade_separate,v2_seed76751515,"[{""type"": ""ballast_condition"", ""label"": ""ballast_hardened"", ""start_m"": 222.6, ""count"": 3, ""side"": ""right"", ""directions"": ""vertical"", ""stiffness_factor_eta_k"": 6.3657, ""damping_factor_eta_c"": 1.0}, {""type"": ""subgrade_condition"", ""label"": ""subgrade_hardened"", ""start_m"": 246.6, ""count"": 20, ""side"": ""left"", ""directions"": ""vertical"", ""stiffness_factor_eta_k"": 1.2731, ""damping_factor_eta_c"": 1.0}]"
v2n034_seed60716007_v200_baseline,60716007,200,train,baseline,v2_seed60716007,[]
v2n034_seed60716007_v200_fastener,60716007,200,train,fastener,v2_seed60716007,"[{""type"": ""fastener_failure"", ""label"": ""fastener_eta"", ""start_m"": 178.2, ""count"": 12, ""side"": ""left"", ""directions"": ""both"", ""stiffness_factor_eta_k"": 0.0, ""damping_factor_eta_c"": 1.0}]"
v2n034_seed60716007_v200_sleeper_void,60716007,200,train,sleeper_void,v2_seed60716007,"[{""type"": ""sleeper_void"", ""label"": ""sleeper_void"", ""start_m"": 181.8, ""count"": 20, ""side"": ""both"", ""directions"": ""vertical"", ""delta_gap_mm"": 1.501}]"
v2n034_seed60716007_v200_ballast,60716007,200,train,ballast,v2_seed60716007,"[{""type"": ""ballast_condition"", ""label"": ""ballast_hardened"", ""start_m"": 276.0, ""count"": 3, ""side"": ""right"", ""directions"": ""vertical"", ""stiffness_factor_eta_k"": 3.0149, ""damping_factor_eta_c"": 1.0}]"
v2n034_seed60716007_v200_subgrade,60716007,200,train,subgrade,v2_seed60716007,"[{""type"": ""subgrade_condition"", ""label"": ""subgrade_softened"", ""start_m"": 291.0, ""count"": 5, ""side"": ""left"", ""directions"": ""vertical"", ""stiffness_factor_eta_k"": 0.2679, ""damping_factor_eta_c"": 1.0}]"
v2n034_seed60716007_v200_coupled_fastener_ballast_overlap,60716007,200,train,coupled_fastener_ballast_overlap,v2_seed60716007,"[{""type"": ""fastener_failure"", ""label"": ""fastener_eta"", ""start_m"": 235.8, ""count"": 2, ""side"": ""left"", ""directions"": ""both"", ""stiffness_factor_eta_k"": 0.5, ""damping_factor_eta_c"": 1.0}, {""type"": ""ballast_condition"", ""label"": ""ballast_hardened"", ""start_m"": 235.8, ""count"": 40, ""side"": ""left"", ""directions"": ""vertical"", ""stiffness_factor_eta_k"": 1.8158, ""damping_factor_eta_c"": 1.0}]"
v2n034_seed60716007_v200_coupled_fastener_sleeper_void_partial_overlap,60716007,200,train,coupled_fastener_sleeper_void_partial_overlap,v2_seed60716007,"[{""type"": ""fastener_failure"", ""label"": ""fastener_eta"", ""start_m"": 201.0, ""count"": 3, ""side"": ""right"", ""directions"": ""both"", ""stiffness_factor_eta_k"": 0.75, ""damping_factor_eta_c"": 1.0}, {""type"": ""sleeper_void"", ""label"": ""sleeper_void"", ""start_m"": 201.6, ""count"": 20, ""side"": ""left"", ""directions"": ""vertical"", ""delta_gap_mm"": 0.775}]"
v2n034_seed60716007_v250_baseline,60716007,250,train,baseline,v2_seed60716007,[]
v2n034_seed60716007_v250_sleeper_void,60716007,250,train,sleeper_void,v2_seed60716007,"[{""type"": ""sleeper_void"", ""label"": ""sleeper_void"", ""start_m"": 181.8, ""count"": 20, ""side"": ""both"", ""directions"": ""vertical"", ""delta_gap_mm"": 1.501}]"
v2n034_seed60716007_v250_coupled_fastener_ballast_overlap,60716007,250,train,coupled_fastener_ballast_overlap,v2_seed60716007,"[{""type"": ""fastener_failure"", ""label"": ""fastener_eta"", ""start_m"": 235.8, ""count"": 2, ""side"": ""left"", ""directions"": ""both"", ""stiffness_factor_eta_k"": 0.5, ""damping_factor_eta_c"": 1.0}, {""type"": ""ballast_condition"", ""label"": ""ballast_hardened"", ""start_m"": 235.8, ""count"": 40, ""side"": ""left"", ""directions"": ""vertical"", ""stiffness_factor_eta_k"": 1.8158, ""damping_factor_eta_c"": 1.0}]"
v2n035_seed15334308_v215_baseline,15334308,215,test,baseline,v2_seed15334308,[]
v2n035_seed15334308_v215_fastener,15334308,215,test,fastener,v2_seed15334308,"[{""type"": ""fastener_failure"", ""label"": ""fastener_eta"", ""start_m"": 264.0, ""count"": 20, ""side"": ""right"", ""directions"": ""both"", ""stiffness_factor_eta_k"": 0.1, ""damping_factor_eta_c"": 1.0}]"
v2n035_seed15334308_v215_sleeper_void,15334308,215,test,sleeper_void,v2_seed15334308,"[{""type"": ""sleeper_void"", ""label"": ""sleeper_void"", ""start_m"": 250.8, ""count"": 1, ""side"": ""left"", ""directions"": ""vertical"", ""delta_gap_mm"": 2.586}]"
v2n035_seed15334308_v215_ballast,15334308,215,test,ballast,v2_seed15334308,"[{""type"": ""ballast_condition"", ""label"": ""ballast_softened"", ""start_m"": 283.8, ""count"": 5, ""side"": ""both"", ""directions"": ""vertical"", ""stiffness_factor_eta_k"": 0.1503, ""damping_factor_eta_c"": 1.0}]"
v2n035_seed15334308_v215_subgrade,15334308,215,test,subgrade,v2_seed15334308,"[{""type"": ""subgrade_condition"", ""label"": ""subgrade_softened"", ""start_m"": 177.0, ""count"": 8, ""side"": ""right"", ""directions"": ""vertical"", ""stiffness_factor_eta_k"": 0.3207, ""damping_factor_eta_c"": 1.0}]"
v2n035_seed15334308_v215_coupled_fastener_subgrade_partial_overlap,15334308,215,test,coupled_fastener_subgrade_partial_overlap,v2_seed15334308,"[{""type"": ""fastener_failure"", ""label"": ""fastener_eta"", ""start_m"": 233.4, ""count"": 3, ""side"": ""right"", ""directions"": ""both"", ""stiffness_factor_eta_k"": 0.75, ""damping_factor_eta_c"": 1.0}, {""type"": ""subgrade_condition"", ""label"": ""subgrade_hardened"", ""start_m"": 234.0, ""count"": 80, ""side"": ""both"", ""directions"": ""vertical"", ""stiffness_factor_eta_k"": 4.6653, ""damping_factor_eta_c"": 1.0}]"
v2n035_seed15334308_v215_coupled_ballast_sleeper_void_separate,15334308,215,test,coupled_ballast_sleeper_void_separate,v2_seed15334308,"[{""type"": ""ballast_condition"", ""label"": ""ballast_softened"", ""start_m"": 193.8, ""count"": 12, ""side"": ""right"", ""directions"": ""vertical"", ""stiffness_factor_eta_k"": 0.9403, ""damping_factor_eta_c"": 1.0}, {""type"": ""sleeper_void"", ""label"": ""sleeper_void"", ""start_m"": 213.0, ""count"": 1, ""side"": ""right"", ""directions"": ""vertical"", ""delta_gap_mm"": 1.149}]"
v2n035_seed15334308_v250_baseline,15334308,250,test,baseline,v2_seed15334308,[]
v2n035_seed15334308_v250_ballast,15334308,250,test,ballast,v2_seed15334308,"[{""type"": ""ballast_condition"", ""label"": ""ballast_softened"", ""start_m"": 283.8, ""count"": 5, ""side"": ""both"", ""directions"": ""vertical"", ""stiffness_factor_eta_k"": 0.1503, ""damping_factor_eta_c"": 1.0}]"
v2n035_seed15334308_v250_coupled_fastener_subgrade_partial_overlap,15334308,250,test,coupled_fastener_subgrade_partial_overlap,v2_seed15334308,"[{""type"": ""fastener_failure"", ""label"": ""fastener_eta"", ""start_m"": 233.4, ""count"": 3, ""side"": ""right"", ""directions"": ""both"", ""stiffness_factor_eta_k"": 0.75, ""damping_factor_eta_c"": 1.0}, {""type"": ""subgrade_condition"", ""label"": ""subgrade_hardened"", ""start_m"": 234.0, ""count"": 80, ""side"": ""both"", ""directions"": ""vertical"", ""stiffness_factor_eta_k"": 4.6653, ""damping_factor_eta_c"": 1.0}]"
v2n036_seed84601794_v250_baseline,84601794,250,train,baseline,v2_seed84601794,[]
v2n036_seed84601794_v250_fastener,84601794,250,train,fastener,v2_seed84601794,"[{""type"": ""fastener_failure"", ""label"": ""fastener_eta"", ""start_m"": 284.4, ""count"": 1, ""side"": ""both"", ""directions"": ""both"", ""stiffness_factor_eta_k"": 0.25, ""damping_factor_eta_c"": 1.0}]"
v2n036_seed84601794_v250_sleeper_void,84601794,250,train,sleeper_void,v2_seed84601794,"[{""type"": ""sleeper_void"", ""label"": ""sleeper_void"", ""start_m"": 279.6, ""count"": 2, ""side"": ""right"", ""directions"": ""vertical"", ""delta_gap_mm"": 0.167}]"
v2n036_seed84601794_v250_ballast,84601794,250,train,ballast,v2_seed84601794,"[{""type"": ""ballast_condition"", ""label"": ""ballast_softened"", ""start_m"": 181.8, ""count"": 8, ""side"": ""left"", ""directions"": ""vertical"", ""stiffness_factor_eta_k"": 0.5076, ""damping_factor_eta_c"": 1.0}]"
v2n036_seed84601794_v250_subgrade,84601794,250,train,subgrade,v2_seed84601794,"[{""type"": ""subgrade_condition"", ""label"": ""subgrade_softened"", ""start_m"": 261.6, ""count"": 12, ""side"": ""both"", ""directions"": ""vertical"", ""stiffness_factor_eta_k"": 0.8403, ""damping_factor_eta_c"": 1.0}]"
v2n036_seed84601794_v250_coupled_ballast_subgrade_separate,84601794,250,train,coupled_ballast_subgrade_separate,v2_seed84601794,"[{""type"": ""ballast_condition"", ""label"": ""ballast_softened"", ""start_m"": 225.0, ""count"": 12, ""side"": ""right"", ""directions"": ""vertical"", ""stiffness_factor_eta_k"": 0.9356, ""damping_factor_eta_c"": 1.0}, {""type"": ""subgrade_condition"", ""label"": ""subgrade_softened"", ""start_m"": 244.2, ""count"": 3, ""side"": ""left"", ""directions"": ""vertical"", ""stiffness_factor_eta_k"": 0.2026, ""damping_factor_eta_c"": 1.0}]"
v2n036_seed84601794_v250_coupled_subgrade_sleeper_void_overlap,84601794,250,train,coupled_subgrade_sleeper_void_overlap,v2_seed84601794,"[{""type"": ""subgrade_condition"", ""label"": ""subgrade_hardened"", ""start_m"": 208.2, ""count"": 20, ""side"": ""left"", ""directions"": ""vertical"", ""stiffness_factor_eta_k"": 1.2045, ""damping_factor_eta_c"": 1.0}, {""type"": ""sleeper_void"", ""label"": ""sleeper_void"", ""start_m"": 208.2, ""count"": 2, ""side"": ""both"", ""directions"": ""vertical"", ""delta_gap_mm"": 2.84}]"
v2n036_seed84601794_v200_baseline,84601794,200,train,baseline,v2_seed84601794,[]
v2n036_seed84601794_v200_subgrade,84601794,200,train,subgrade,v2_seed84601794,"[{""type"": ""subgrade_condition"", ""label"": ""subgrade_softened"", ""start_m"": 261.6, ""count"": 12, ""side"": ""both"", ""directions"": ""vertical"", ""stiffness_factor_eta_k"": 0.8403, ""damping_factor_eta_c"": 1.0}]"
v2n036_seed84601794_v200_coupled_ballast_subgrade_separate,84601794,200,train,coupled_ballast_subgrade_separate,v2_seed84601794,"[{""type"": ""ballast_condition"", ""label"": ""ballast_softened"", ""start_m"": 225.0, ""count"": 12, ""side"": ""right"", ""directions"": ""vertical"", ""stiffness_factor_eta_k"": 0.9356, ""damping_factor_eta_c"": 1.0}, {""type"": ""subgrade_condition"", ""label"": ""subgrade_softened"", ""start_m"": 244.2, ""count"": 3, ""side"": ""left"", ""directions"": ""vertical"", ""stiffness_factor_eta_k"": 0.2026, ""damping_factor_eta_c"": 1.0}]"
v2n037_seed80146671_v160_baseline,80146671,160,train,baseline,v2_seed80146671,[]
v2n037_seed80146671_v160_fastener,80146671,160,train,fastener,v2_seed80146671,"[{""type"": ""fastener_failure"", ""label"": ""fastener_eta"", ""start_m"": 205.8, ""count"": 2, ""side"": ""left"", ""directions"": ""both"", ""stiffness_factor_eta_k"": 0.5, ""damping_factor_eta_c"": 1.0}]"
v2n037_seed80146671_v160_sleeper_void,80146671,160,train,sleeper_void,v2_seed80146671,"[{""type"": ""sleeper_void"", ""label"": ""sleeper_void"", ""start_m"": 270.0, ""count"": 3, ""side"": ""both"", ""directions"": ""vertical"", ""delta_gap_mm"": 0.731}]"
v2n037_seed80146671_v160_ballast,80146671,160,train,ballast,v2_seed80146671,"[{""type"": ""ballast_condition"", ""label"": ""ballast_softened"", ""start_m"": 183.6, ""count"": 12, ""side"": ""right"", ""directions"": ""vertical"", ""stiffness_factor_eta_k"": 0.7384, ""damping_factor_eta_c"": 1.0}]"
v2n037_seed80146671_v160_subgrade,80146671,160,train,subgrade,v2_seed80146671,"[{""type"": ""subgrade_condition"", ""label"": ""subgrade_hardened"", ""start_m"": 225.6, ""count"": 20, ""side"": ""left"", ""directions"": ""vertical"", ""stiffness_factor_eta_k"": 1.1957, ""damping_factor_eta_c"": 1.0}]"
v2n037_seed80146671_v160_coupled_fastener_ballast_overlap,80146671,160,train,coupled_fastener_ballast_overlap,v2_seed80146671,"[{""type"": ""fastener_failure"", ""label"": ""fastener_eta"", ""start_m"": 214.8, ""count"": 8, ""side"": ""left"", ""directions"": ""both"", ""stiffness_factor_eta_k"": 0.9, ""damping_factor_eta_c"": 1.0}, {""type"": ""ballast_condition"", ""label"": ""ballast_softened"", ""start_m"": 214.8, ""count"": 5, ""side"": ""left"", ""directions"": ""vertical"", ""stiffness_factor_eta_k"": 0.3144, ""damping_factor_eta_c"": 1.0}]"
v2n037_seed80146671_v160_coupled_fastener_sleeper_void_partial_overlap,80146671,160,train,coupled_fastener_sleeper_void_partial_overlap,v2_seed80146671,"[{""type"": ""fastener_failure"", ""label"": ""fastener_eta"", ""start_m"": 187.8, ""count"": 12, ""side"": ""right"", ""directions"": ""both"", ""stiffness_factor_eta_k"": 0.95, ""damping_factor_eta_c"": 1.0}, {""type"": ""sleeper_void"", ""label"": ""sleeper_void"", ""start_m"": 188.4, ""count"": 3, ""side"": ""left"", ""directions"": ""vertical"", ""delta_gap_mm"": 0.455}]"
v2n037_seed80146671_v200_baseline,80146671,200,train,baseline,v2_seed80146671,[]
v2n037_seed80146671_v200_fastener,80146671,200,train,fastener,v2_seed80146671,"[{""type"": ""fastener_failure"", ""label"": ""fastener_eta"", ""start_m"": 205.8, ""count"": 2, ""side"": ""left"", ""directions"": ""both"", ""stiffness_factor_eta_k"": 0.5, ""damping_factor_eta_c"": 1.0}]"
v2n037_seed80146671_v200_coupled_fastener_ballast_overlap,80146671,200,train,coupled_fastener_ballast_overlap,v2_seed80146671,"[{""type"": ""fastener_failure"", ""label"": ""fastener_eta"", ""start_m"": 214.8, ""count"": 8, ""side"": ""left"", ""directions"": ""both"", ""stiffness_factor_eta_k"": 0.9, ""damping_factor_eta_c"": 1.0}, {""type"": ""ballast_condition"", ""label"": ""ballast_softened"", ""start_m"": 214.8, ""count"": 5, ""side"": ""left"", ""directions"": ""vertical"", ""stiffness_factor_eta_k"": 0.3144, ""damping_factor_eta_c"": 1.0}]"
v2n038_seed24901802_v200_baseline,24901802,200,train,baseline,v2_seed24901802,[]
v2n038_seed24901802_v200_fastener,24901802,200,train,fastener,v2_seed24901802,"[{""type"": ""fastener_failure"", ""label"": ""fastener_eta"", ""start_m"": 295.8, ""count"": 3, ""side"": ""right"", ""directions"": ""both"", ""stiffness_factor_eta_k"": 0.75, ""damping_factor_eta_c"": 1.0}]"
v2n038_seed24901802_v200_sleeper_void,24901802,200,train,sleeper_void,v2_seed24901802,"[{""type"": ""sleeper_void"", ""label"": ""sleeper_void"", ""start_m"": 252.0, ""count"": 5, ""side"": ""left"", ""directions"": ""vertical"", ""delta_gap_mm"": 1.969}]"
v2n038_seed24901802_v200_ballast,24901802,200,train,ballast,v2_seed24901802,"[{""type"": ""ballast_condition"", ""label"": ""ballast_hardened"", ""start_m"": 235.8, ""count"": 20, ""side"": ""both"", ""directions"": ""vertical"", ""stiffness_factor_eta_k"": 1.192, ""damping_factor_eta_c"": 1.0}]"
v2n038_seed24901802_v200_subgrade,24901802,200,train,subgrade,v2_seed24901802,"[{""type"": ""subgrade_condition"", ""label"": ""subgrade_hardened"", ""start_m"": 224.4, ""count"": 40, ""side"": ""right"", ""directions"": ""vertical"", ""stiffness_factor_eta_k"": 2.2379, ""damping_factor_eta_c"": 1.0}]"
v2n038_seed24901802_v200_coupled_fastener_subgrade_partial_overlap,24901802,200,train,coupled_fastener_subgrade_partial_overlap,v2_seed24901802,"[{""type"": ""fastener_failure"", ""label"": ""fastener_eta"", ""start_m"": 234.0, ""count"": 12, ""side"": ""right"", ""directions"": ""both"", ""stiffness_factor_eta_k"": 0.95, ""damping_factor_eta_c"": 1.0}, {""type"": ""subgrade_condition"", ""label"": ""subgrade_softened"", ""start_m"": 236.4, ""count"": 8, ""side"": ""both"", ""directions"": ""vertical"", ""stiffness_factor_eta_k"": 0.8502, ""damping_factor_eta_c"": 1.0}]"
v2n038_seed24901802_v200_coupled_ballast_sleeper_void_separate,24901802,200,train,coupled_ballast_sleeper_void_separate,v2_seed24901802,"[{""type"": ""ballast_condition"", ""label"": ""ballast_hardened"", ""start_m"": 204.0, ""count"": 80, ""side"": ""right"", ""directions"": ""vertical"", ""stiffness_factor_eta_k"": 3.152, ""damping_factor_eta_c"": 1.0}, {""type"": ""sleeper_void"", ""label"": ""sleeper_void"", ""start_m"": 264.0, ""count"": 5, ""side"": ""right"", ""directions"": ""vertical"", ""delta_gap_mm"": 0.572}]"
v2n038_seed24901802_v250_baseline,24901802,250,train,baseline,v2_seed24901802,[]
v2n038_seed24901802_v250_sleeper_void,24901802,250,train,sleeper_void,v2_seed24901802,"[{""type"": ""sleeper_void"", ""label"": ""sleeper_void"", ""start_m"": 252.0, ""count"": 5, ""side"": ""left"", ""directions"": ""vertical"", ""delta_gap_mm"": 1.969}]"
v2n038_seed24901802_v250_coupled_fastener_subgrade_partial_overlap,24901802,250,train,coupled_fastener_subgrade_partial_overlap,v2_seed24901802,"[{""type"": ""fastener_failure"", ""label"": ""fastener_eta"", ""start_m"": 234.0, ""count"": 12, ""side"": ""right"", ""directions"": ""both"", ""stiffness_factor_eta_k"": 0.95, ""damping_factor_eta_c"": 1.0}, {""type"": ""subgrade_condition"", ""label"": ""subgrade_softened"", ""start_m"": 236.4, ""count"": 8, ""side"": ""both"", ""directions"": ""vertical"", ""stiffness_factor_eta_k"": 0.8502, ""damping_factor_eta_c"": 1.0}]"
v2n039_seed57952678_v215_baseline,57952678,215,train,baseline,v2_seed57952678,[]
v2n039_seed57952678_v215_fastener,57952678,215,train,fastener,v2_seed57952678,"[{""type"": ""fastener_failure"", ""label"": ""fastener_eta"", ""start_m"": 210.0, ""count"": 5, ""side"": ""both"", ""directions"": ""both"", ""stiffness_factor_eta_k"": 0.85, ""damping_factor_eta_c"": 1.0}]"
v2n039_seed57952678_v215_sleeper_void,57952678,215,train,sleeper_void,v2_seed57952678,"[{""type"": ""sleeper_void"", ""label"": ""sleeper_void"", ""start_m"": 240.6, ""count"": 8, ""side"": ""right"", ""directions"": ""vertical"", ""delta_gap_mm"": 3.076}]"
v2n039_seed57952678_v215_ballast,57952678,215,train,ballast,v2_seed57952678,"[{""type"": ""ballast_condition"", ""label"": ""ballast_hardened"", ""start_m"": 299.4, ""count"": 40, ""side"": ""left"", ""directions"": ""vertical"", ""stiffness_factor_eta_k"": 2.0948, ""damping_factor_eta_c"": 1.0}]"
v2n039_seed57952678_v215_subgrade,57952678,215,train,subgrade,v2_seed57952678,"[{""type"": ""subgrade_condition"", ""label"": ""subgrade_hardened"", ""start_m"": 177.6, ""count"": 80, ""side"": ""both"", ""directions"": ""vertical"", ""stiffness_factor_eta_k"": 6.6203, ""damping_factor_eta_c"": 1.0}]"
v2n039_seed57952678_v215_coupled_ballast_subgrade_separate,57952678,215,train,coupled_ballast_subgrade_separate,v2_seed57952678,"[{""type"": ""ballast_condition"", ""label"": ""ballast_hardened"", ""start_m"": 234.6, ""count"": 80, ""side"": ""right"", ""directions"": ""vertical"", ""stiffness_factor_eta_k"": 5.6002, ""damping_factor_eta_c"": 1.0}, {""type"": ""subgrade_condition"", ""label"": ""subgrade_hardened"", ""start_m"": 294.6, ""count"": 12, ""side"": ""left"", ""directions"": ""vertical"", ""stiffness_factor_eta_k"": 1.2138, ""damping_factor_eta_c"": 1.0}]"
v2n039_seed57952678_v215_coupled_subgrade_sleeper_void_overlap,57952678,215,train,coupled_subgrade_sleeper_void_overlap,v2_seed57952678,"[{""type"": ""subgrade_condition"", ""label"": ""subgrade_softened"", ""start_m"": 183.6, ""count"": 3, ""side"": ""left"", ""directions"": ""vertical"", ""stiffness_factor_eta_k"": 0.1879, ""damping_factor_eta_c"": 1.0}, {""type"": ""sleeper_void"", ""label"": ""sleeper_void"", ""start_m"": 183.6, ""count"": 8, ""side"": ""both"", ""directions"": ""vertical"", ""delta_gap_mm"": 1.002}]"
v2n039_seed57952678_v250_baseline,57952678,250,train,baseline,v2_seed57952678,[]
v2n039_seed57952678_v250_ballast,57952678,250,train,ballast,v2_seed57952678,"[{""type"": ""ballast_condition"", ""label"": ""ballast_hardened"", ""start_m"": 299.4, ""count"": 40, ""side"": ""left"", ""directions"": ""vertical"", ""stiffness_factor_eta_k"": 2.0948, ""damping_factor_eta_c"": 1.0}]"
v2n039_seed57952678_v250_coupled_ballast_subgrade_separate,57952678,250,train,coupled_ballast_subgrade_separate,v2_seed57952678,"[{""type"": ""ballast_condition"", ""label"": ""ballast_hardened"", ""start_m"": 234.6, ""count"": 80, ""side"": ""right"", ""directions"": ""vertical"", ""stiffness_factor_eta_k"": 5.6002, ""damping_factor_eta_c"": 1.0}, {""type"": ""subgrade_condition"", ""label"": ""subgrade_hardened"", ""start_m"": 294.6, ""count"": 12, ""side"": ""left"", ""directions"": ""vertical"", ""stiffness_factor_eta_k"": 1.2138, ""damping_factor_eta_c"": 1.0}]"
v2n040_seed19484261_v250_baseline,19484261,250,test,baseline,v2_seed19484261,[]
v2n040_seed19484261_v250_fastener,19484261,250,test,fastener,v2_seed19484261,"[{""type"": ""fastener_failure"", ""label"": ""fastener_eta"", ""start_m"": 195.0, ""count"": 8, ""side"": ""left"", ""directions"": ""both"", ""stiffness_factor_eta_k"": 0.9, ""damping_factor_eta_c"": 1.0}]"
v2n040_seed19484261_v250_sleeper_void,19484261,250,test,sleeper_void,v2_seed19484261,"[{""type"": ""sleeper_void"", ""label"": ""sleeper_void"", ""start_m"": 285.6, ""count"": 12, ""side"": ""both"", ""directions"": ""vertical"", ""delta_gap_mm"": 0.433}]"
v2n040_seed19484261_v250_ballast,19484261,250,test,ballast,v2_seed19484261,"[{""type"": ""ballast_condition"", ""label"": ""ballast_hardened"", ""start_m"": 186.6, ""count"": 80, ""side"": ""right"", ""directions"": ""vertical"", ""stiffness_factor_eta_k"": 7.6337, ""damping_factor_eta_c"": 1.0}]"
v2n040_seed19484261_v250_subgrade,19484261,250,test,subgrade,v2_seed19484261,"[{""type"": ""subgrade_condition"", ""label"": ""subgrade_softened"", ""start_m"": 198.0, ""count"": 3, ""side"": ""left"", ""directions"": ""vertical"", ""stiffness_factor_eta_k"": 0.2297, ""damping_factor_eta_c"": 1.0}]"
v2n040_seed19484261_v250_coupled_fastener_ballast_overlap,19484261,250,test,coupled_fastener_ballast_overlap,v2_seed19484261,"[{""type"": ""fastener_failure"", ""label"": ""fastener_eta"", ""start_m"": 187.8, ""count"": 1, ""side"": ""left"", ""directions"": ""both"", ""stiffness_factor_eta_k"": 1.1, ""damping_factor_eta_c"": 1.0}, {""type"": ""ballast_condition"", ""label"": ""ballast_hardened"", ""start_m"": 187.8, ""count"": 20, ""side"": ""left"", ""directions"": ""vertical"", ""stiffness_factor_eta_k"": 1.4513, ""damping_factor_eta_c"": 1.0}]"
v2n040_seed19484261_v250_coupled_fastener_sleeper_void_partial_overlap,19484261,250,test,coupled_fastener_sleeper_void_partial_overlap,v2_seed19484261,"[{""type"": ""fastener_failure"", ""label"": ""fastener_eta"", ""start_m"": 228.6, ""count"": 2, ""side"": ""right"", ""directions"": ""both"", ""stiffness_factor_eta_k"": 1.25, ""damping_factor_eta_c"": 1.0}, {""type"": ""sleeper_void"", ""label"": ""sleeper_void"", ""start_m"": 229.2, ""count"": 12, ""side"": ""left"", ""directions"": ""vertical"", ""delta_gap_mm"": 3.358}]"
v2n040_seed19484261_v200_baseline,19484261,200,test,baseline,v2_seed19484261,[]
v2n040_seed19484261_v200_subgrade,19484261,200,test,subgrade,v2_seed19484261,"[{""type"": ""subgrade_condition"", ""label"": ""subgrade_softened"", ""start_m"": 198.0, ""count"": 3, ""side"": ""left"", ""directions"": ""vertical"", ""stiffness_factor_eta_k"": 0.2297, ""damping_factor_eta_c"": 1.0}]"
v2n040_seed19484261_v200_coupled_fastener_ballast_overlap,19484261,200,test,coupled_fastener_ballast_overlap,v2_seed19484261,"[{""type"": ""fastener_failure"", ""label"": ""fastener_eta"", ""start_m"": 187.8, ""count"": 1, ""side"": ""left"", ""directions"": ""both"", ""stiffness_factor_eta_k"": 1.1, ""damping_factor_eta_c"": 1.0}, {""type"": ""ballast_condition"", ""label"": ""ballast_hardened"", ""start_m"": 187.8, ""count"": 20, ""side"": ""left"", ""directions"": ""vertical"", ""stiffness_factor_eta_k"": 1.4513, ""damping_factor_eta_c"": 1.0}]"
v2n041_seed34889493_v160_baseline,34889493,160,test,baseline,v2_seed34889493,[]
v2n041_seed34889493_v160_fastener,34889493,160,test,fastener,v2_seed34889493,"[{""type"": ""fastener_failure"", ""label"": ""fastener_eta"", ""start_m"": 207.6, ""count"": 12, ""side"": ""right"", ""directions"": ""both"", ""stiffness_factor_eta_k"": 0.95, ""damping_factor_eta_c"": 1.0}]"
v2n041_seed34889493_v160_sleeper_void,34889493,160,test,sleeper_void,v2_seed34889493,"[{""type"": ""sleeper_void"", ""label"": ""sleeper_void"", ""start_m"": 279.0, ""count"": 20, ""side"": ""left"", ""directions"": ""vertical"", ""delta_gap_mm"": 0.854}]"
v2n041_seed34889493_v160_ballast,34889493,160,test,ballast,v2_seed34889493,"[{""type"": ""ballast_condition"", ""label"": ""ballast_softened"", ""start_m"": 234.0, ""count"": 3, ""side"": ""both"", ""directions"": ""vertical"", ""stiffness_factor_eta_k"": 0.1086, ""damping_factor_eta_c"": 1.0}]"
v2n041_seed34889493_v160_subgrade,34889493,160,test,subgrade,v2_seed34889493,"[{""type"": ""subgrade_condition"", ""label"": ""subgrade_softened"", ""start_m"": 197.4, ""count"": 5, ""side"": ""right"", ""directions"": ""vertical"", ""stiffness_factor_eta_k"": 0.5819, ""damping_factor_eta_c"": 1.0}]"
v2n041_seed34889493_v160_coupled_fastener_subgrade_partial_overlap,34889493,160,test,coupled_fastener_subgrade_partial_overlap,v2_seed34889493,"[{""type"": ""fastener_failure"", ""label"": ""fastener_eta"", ""start_m"": 220.8, ""count"": 2, ""side"": ""right"", ""directions"": ""both"", ""stiffness_factor_eta_k"": 1.25, ""damping_factor_eta_c"": 1.0}, {""type"": ""subgrade_condition"", ""label"": ""subgrade_hardened"", ""start_m"": 221.4, ""count"": 40, ""side"": ""both"", ""directions"": ""vertical"", ""stiffness_factor_eta_k"": 5.0466, ""damping_factor_eta_c"": 1.0}]"
v2n041_seed34889493_v160_coupled_ballast_sleeper_void_separate,34889493,160,test,coupled_ballast_sleeper_void_separate,v2_seed34889493,"[{""type"": ""ballast_condition"", ""label"": ""ballast_softened"", ""start_m"": 187.8, ""count"": 8, ""side"": ""right"", ""directions"": ""vertical"", ""stiffness_factor_eta_k"": 0.7481, ""damping_factor_eta_c"": 1.0}, {""type"": ""sleeper_void"", ""label"": ""sleeper_void"", ""start_m"": 211.8, ""count"": 20, ""side"": ""right"", ""directions"": ""vertical"", ""delta_gap_mm"": 0.431}]"
v2n041_seed34889493_v200_baseline,34889493,200,test,baseline,v2_seed34889493,[]
v2n041_seed34889493_v200_fastener,34889493,200,test,fastener,v2_seed34889493,"[{""type"": ""fastener_failure"", ""label"": ""fastener_eta"", ""start_m"": 207.6, ""count"": 12, ""side"": ""right"", ""directions"": ""both"", ""stiffness_factor_eta_k"": 0.95, ""damping_factor_eta_c"": 1.0}]"
v2n041_seed34889493_v200_coupled_fastener_subgrade_partial_overlap,34889493,200,test,coupled_fastener_subgrade_partial_overlap,v2_seed34889493,"[{""type"": ""fastener_failure"", ""label"": ""fastener_eta"", ""start_m"": 220.8, ""count"": 2, ""side"": ""right"", ""directions"": ""both"", ""stiffness_factor_eta_k"": 1.25, ""damping_factor_eta_c"": 1.0}, {""type"": ""subgrade_condition"", ""label"": ""subgrade_hardened"", ""start_m"": 221.4, ""count"": 40, ""side"": ""both"", ""directions"": ""vertical"", ""stiffness_factor_eta_k"": 5.0466, ""damping_factor_eta_c"": 1.0}]"
v2n042_seed32645517_v200_baseline,32645517,200,train,baseline,v2_seed32645517,[]
v2n042_seed32645517_v200_fastener,32645517,200,train,fastener,v2_seed32645517,"[{""type"": ""fastener_failure"", ""label"": ""fastener_eta"", ""start_m"": 274.8, ""count"": 20, ""side"": ""both"", ""directions"": ""both"", ""stiffness_factor_eta_k"": 1.05, ""damping_factor_eta_c"": 1.0}]"
v2n042_seed32645517_v200_sleeper_void,32645517,200,train,sleeper_void,v2_seed32645517,"[{""type"": ""sleeper_void"", ""label"": ""sleeper_void"", ""start_m"": 242.4, ""count"": 1, ""side"": ""right"", ""directions"": ""vertical"", ""delta_gap_mm"": 1.05}]"
v2n042_seed32645517_v200_ballast,32645517,200,train,ballast,v2_seed32645517,"[{""type"": ""ballast_condition"", ""label"": ""ballast_softened"", ""start_m"": 180.0, ""count"": 5, ""side"": ""left"", ""directions"": ""vertical"", ""stiffness_factor_eta_k"": 0.3021, ""damping_factor_eta_c"": 1.0}]"
v2n042_seed32645517_v200_subgrade,32645517,200,train,subgrade,v2_seed32645517,"[{""type"": ""subgrade_condition"", ""label"": ""subgrade_softened"", ""start_m"": 252.0, ""count"": 8, ""side"": ""both"", ""directions"": ""vertical"", ""stiffness_factor_eta_k"": 0.8415, ""damping_factor_eta_c"": 1.0}]"
v2n042_seed32645517_v200_coupled_ballast_subgrade_separate,32645517,200,train,coupled_ballast_subgrade_separate,v2_seed32645517,"[{""type"": ""ballast_condition"", ""label"": ""ballast_softened"", ""start_m"": 185.4, ""count"": 8, ""side"": ""right"", ""directions"": ""vertical"", ""stiffness_factor_eta_k"": 0.8072, ""damping_factor_eta_c"": 1.0}, {""type"": ""subgrade_condition"", ""label"": ""subgrade_softened"", ""start_m"": 245.4, ""count"": 80, ""side"": ""left"", ""directions"": ""vertical"", ""stiffness_factor_eta_k"": 0.1486, ""damping_factor_eta_c"": 1.0}]"
v2n042_seed32645517_v200_coupled_subgrade_sleeper_void_overlap,32645517,200,train,coupled_subgrade_sleeper_void_overlap,v2_seed32645517,"[{""type"": ""subgrade_condition"", ""label"": ""subgrade_hardened"", ""start_m"": 235.2, ""count"": 12, ""side"": ""left"", ""directions"": ""vertical"", ""stiffness_factor_eta_k"": 1.1889, ""damping_factor_eta_c"": 1.0}, {""type"": ""sleeper_void"", ""label"": ""sleeper_void"", ""start_m"": 235.2, ""count"": 1, ""side"": ""both"", ""directions"": ""vertical"", ""delta_gap_mm"": 0.681}]"
v2n042_seed32645517_v250_baseline,32645517,250,train,baseline,v2_seed32645517,[]
v2n042_seed32645517_v250_sleeper_void,32645517,250,train,sleeper_void,v2_seed32645517,"[{""type"": ""sleeper_void"", ""label"": ""sleeper_void"", ""start_m"": 242.4, ""count"": 1, ""side"": ""right"", ""directions"": ""vertical"", ""delta_gap_mm"": 1.05}]"
v2n042_seed32645517_v250_coupled_ballast_subgrade_separate,32645517,250,train,coupled_ballast_subgrade_separate,v2_seed32645517,"[{""type"": ""ballast_condition"", ""label"": ""ballast_softened"", ""start_m"": 185.4, ""count"": 8, ""side"": ""right"", ""directions"": ""vertical"", ""stiffness_factor_eta_k"": 0.8072, ""damping_factor_eta_c"": 1.0}, {""type"": ""subgrade_condition"", ""label"": ""subgrade_softened"", ""start_m"": 245.4, ""count"": 80, ""side"": ""left"", ""directions"": ""vertical"", ""stiffness_factor_eta_k"": 0.1486, ""damping_factor_eta_c"": 1.0}]"
v2n043_seed28150903_v215_baseline,28150903,215,train,baseline,v2_seed28150903,[]
v2n043_seed28150903_v215_fastener,28150903,215,train,fastener,v2_seed28150903,"[{""type"": ""fastener_failure"", ""label"": ""fastener_eta"", ""start_m"": 248.4, ""count"": 1, ""side"": ""left"", ""directions"": ""both"", ""stiffness_factor_eta_k"": 1.1, ""damping_factor_eta_c"": 1.0}]"
v2n043_seed28150903_v215_sleeper_void,28150903,215,train,sleeper_void,v2_seed28150903,"[{""type"": ""sleeper_void"", ""label"": ""sleeper_void"", ""start_m"": 267.0, ""count"": 2, ""side"": ""both"", ""directions"": ""vertical"", ""delta_gap_mm"": 3.269}]"
v2n043_seed28150903_v215_ballast,28150903,215,train,ballast,v2_seed28150903,"[{""type"": ""ballast_condition"", ""label"": ""ballast_softened"", ""start_m"": 178.2, ""count"": 8, ""side"": ""right"", ""directions"": ""vertical"", ""stiffness_factor_eta_k"": 0.7579, ""damping_factor_eta_c"": 1.0}]"
v2n043_seed28150903_v215_subgrade,28150903,215,train,subgrade,v2_seed28150903,"[{""type"": ""subgrade_condition"", ""label"": ""subgrade_hardened"", ""start_m"": 293.4, ""count"": 12, ""side"": ""left"", ""directions"": ""vertical"", ""stiffness_factor_eta_k"": 1.0725, ""damping_factor_eta_c"": 1.0}]"
v2n043_seed28150903_v215_coupled_fastener_ballast_overlap,28150903,215,train,coupled_fastener_ballast_overlap,v2_seed28150903,"[{""type"": ""fastener_failure"", ""label"": ""fastener_eta"", ""start_m"": 220.8, ""count"": 5, ""side"": ""left"", ""directions"": ""both"", ""stiffness_factor_eta_k"": 0.1, ""damping_factor_eta_c"": 1.0}, {""type"": ""ballast_condition"", ""label"": ""ballast_softened"", ""start_m"": 220.8, ""count"": 3, ""side"": ""left"", ""directions"": ""vertical"", ""stiffness_factor_eta_k"": 0.3288, ""damping_factor_eta_c"": 1.0}]"
v2n043_seed28150903_v215_coupled_fastener_sleeper_void_partial_overlap,28150903,215,train,coupled_fastener_sleeper_void_partial_overlap,v2_seed28150903,"[{""type"": ""fastener_failure"", ""label"": ""fastener_eta"", ""start_m"": 189.6, ""count"": 8, ""side"": ""right"", ""directions"": ""both"", ""stiffness_factor_eta_k"": 0.25, ""damping_factor_eta_c"": 1.0}, {""type"": ""sleeper_void"", ""label"": ""sleeper_void"", ""start_m"": 190.2, ""count"": 2, ""side"": ""left"", ""directions"": ""vertical"", ""delta_gap_mm"": 1.745}]"
v2n043_seed28150903_v250_baseline,28150903,250,train,baseline,v2_seed28150903,[]
v2n043_seed28150903_v250_ballast,28150903,250,train,ballast,v2_seed28150903,"[{""type"": ""ballast_condition"", ""label"": ""ballast_softened"", ""start_m"": 178.2, ""count"": 8, ""side"": ""right"", ""directions"": ""vertical"", ""stiffness_factor_eta_k"": 0.7579, ""damping_factor_eta_c"": 1.0}]"
v2n043_seed28150903_v250_coupled_fastener_ballast_overlap,28150903,250,train,coupled_fastener_ballast_overlap,v2_seed28150903,"[{""type"": ""fastener_failure"", ""label"": ""fastener_eta"", ""start_m"": 220.8, ""count"": 5, ""side"": ""left"", ""directions"": ""both"", ""stiffness_factor_eta_k"": 0.1, ""damping_factor_eta_c"": 1.0}, {""type"": ""ballast_condition"", ""label"": ""ballast_softened"", ""start_m"": 220.8, ""count"": 3, ""side"": ""left"", ""directions"": ""vertical"", ""stiffness_factor_eta_k"": 0.3288, ""damping_factor_eta_c"": 1.0}]"
v2n044_seed62797921_v250_baseline,62797921,250,train,baseline,v2_seed62797921,[]
v2n044_seed62797921_v250_fastener,62797921,250,train,fastener,v2_seed62797921,"[{""type"": ""fastener_failure"", ""label"": ""fastener_eta"", ""start_m"": 287.4, ""count"": 2, ""side"": ""right"", ""directions"": ""both"", ""stiffness_factor_eta_k"": 1.25, ""damping_factor_eta_c"": 1.0}]"
v2n044_seed62797921_v250_sleeper_void,62797921,250,train,sleeper_void,v2_seed62797921,"[{""type"": ""sleeper_void"", ""label"": ""sleeper_void"", ""start_m"": 270.0, ""count"": 3, ""side"": ""left"", ""directions"": ""vertical"", ""delta_gap_mm"": 0.104}]"
v2n044_seed62797921_v250_ballast,62797921,250,train,ballast,v2_seed62797921,"[{""type"": ""ballast_condition"", ""label"": ""ballast_hardened"", ""start_m"": 180.6, ""count"": 12, ""side"": ""both"", ""directions"": ""vertical"", ""stiffness_factor_eta_k"": 1.1295, ""damping_factor_eta_c"": 1.0}]"
v2n044_seed62797921_v250_subgrade,62797921,250,train,subgrade,v2_seed62797921,"[{""type"": ""subgrade_condition"", ""label"": ""subgrade_hardened"", ""start_m"": 254.4, ""count"": 20, ""side"": ""right"", ""directions"": ""vertical"", ""stiffness_factor_eta_k"": 2.0192, ""damping_factor_eta_c"": 1.0}]"
v2n044_seed62797921_v250_coupled_fastener_subgrade_partial_overlap,62797921,250,train,coupled_fastener_subgrade_partial_overlap,v2_seed62797921,"[{""type"": ""fastener_failure"", ""label"": ""fastener_eta"", ""start_m"": 225.6, ""count"": 8, ""side"": ""right"", ""directions"": ""both"", ""stiffness_factor_eta_k"": 0.25, ""damping_factor_eta_c"": 1.0}, {""type"": ""subgrade_condition"", ""label"": ""subgrade_softened"", ""start_m"": 226.8, ""count"": 5, ""side"": ""both"", ""directions"": ""vertical"", ""stiffness_factor_eta_k"": 0.9382, ""damping_factor_eta_c"": 1.0}]"
v2n044_seed62797921_v250_coupled_ballast_sleeper_void_separate,62797921,250,train,coupled_ballast_sleeper_void_separate,v2_seed62797921,"[{""type"": ""ballast_condition"", ""label"": ""ballast_hardened"", ""start_m"": 206.4, ""count"": 40, ""side"": ""right"", ""directions"": ""vertical"", ""stiffness_factor_eta_k"": 5.3801, ""damping_factor_eta_c"": 1.0}, {""type"": ""sleeper_void"", ""label"": ""sleeper_void"", ""start_m"": 242.4, ""count"": 3, ""side"": ""right"", ""directions"": ""vertical"", ""delta_gap_mm"": 3.712}]"
v2n044_seed62797921_v200_baseline,62797921,200,train,baseline,v2_seed62797921,[]
v2n044_seed62797921_v200_subgrade,62797921,200,train,subgrade,v2_seed62797921,"[{""type"": ""subgrade_condition"", ""label"": ""subgrade_hardened"", ""start_m"": 254.4, ""count"": 20, ""side"": ""right"", ""directions"": ""vertical"", ""stiffness_factor_eta_k"": 2.0192, ""damping_factor_eta_c"": 1.0}]"
v2n044_seed62797921_v200_coupled_fastener_subgrade_partial_overlap,62797921,200,train,coupled_fastener_subgrade_partial_overlap,v2_seed62797921,"[{""type"": ""fastener_failure"", ""label"": ""fastener_eta"", ""start_m"": 225.6, ""count"": 8, ""side"": ""right"", ""directions"": ""both"", ""stiffness_factor_eta_k"": 0.25, ""damping_factor_eta_c"": 1.0}, {""type"": ""subgrade_condition"", ""label"": ""subgrade_softened"", ""start_m"": 226.8, ""count"": 5, ""side"": ""both"", ""directions"": ""vertical"", ""stiffness_factor_eta_k"": 0.9382, ""damping_factor_eta_c"": 1.0}]"
v2n045_seed17596868_v160_baseline,17596868,160,train,baseline,v2_seed17596868,[]
v2n045_seed17596868_v160_fastener,17596868,160,train,fastener,v2_seed17596868,"[{""type"": ""fastener_failure"", ""label"": ""fastener_eta"", ""start_m"": 292.2, ""count"": 3, ""side"": ""both"", ""directions"": ""both"", ""stiffness_factor_eta_k"": 0.0, ""damping_factor_eta_c"": 1.0}]"
v2n045_seed17596868_v160_sleeper_void,17596868,160,train,sleeper_void,v2_seed17596868,"[{""type"": ""sleeper_void"", ""label"": ""sleeper_void"", ""start_m"": 197.4, ""count"": 5, ""side"": ""right"", ""directions"": ""vertical"", ""delta_gap_mm"": 0.823}]"
v2n045_seed17596868_v160_ballast,17596868,160,train,ballast,v2_seed17596868,"[{""type"": ""ballast_condition"", ""label"": ""ballast_hardened"", ""start_m"": 183.0, ""count"": 20, ""side"": ""left"", ""directions"": ""vertical"", ""stiffness_factor_eta_k"": 1.4332, ""damping_factor_eta_c"": 1.0}]"
v2n045_seed17596868_v160_subgrade,17596868,160,train,subgrade,v2_seed17596868,"[{""type"": ""subgrade_condition"", ""label"": ""subgrade_hardened"", ""start_m"": 179.4, ""count"": 40, ""side"": ""both"", ""directions"": ""vertical"", ""stiffness_factor_eta_k"": 6.4638, ""damping_factor_eta_c"": 1.0}]"
v2n045_seed17596868_v160_coupled_ballast_subgrade_separate,17596868,160,train,coupled_ballast_subgrade_separate,v2_seed17596868,"[{""type"": ""ballast_condition"", ""label"": ""ballast_hardened"", ""start_m"": 234.6, ""count"": 40, ""side"": ""right"", ""directions"": ""vertical"", ""stiffness_factor_eta_k"": 3.6871, ""damping_factor_eta_c"": 1.0}, {""type"": ""subgrade_condition"", ""label"": ""subgrade_hardened"", ""start_m"": 270.6, ""count"": 8, ""side"": ""left"", ""directions"": ""vertical"", ""stiffness_factor_eta_k"": 1.128, ""damping_factor_eta_c"": 1.0}]"
v2n045_seed17596868_v160_coupled_subgrade_sleeper_void_overlap,17596868,160,train,coupled_subgrade_sleeper_void_overlap,v2_seed17596868,"[{""type"": ""subgrade_condition"", ""label"": ""subgrade_softened"", ""start_m"": 238.2, ""count"": 80, ""side"": ""left"", ""directions"": ""vertical"", ""stiffness_factor_eta_k"": 0.1258, ""damping_factor_eta_c"": 1.0}, {""type"": ""sleeper_void"", ""label"": ""sleeper_void"", ""start_m"": 238.2, ""count"": 5, ""side"": ""both"", ""directions"": ""vertical"", ""delta_gap_mm"": 0.341}]"
v2n045_seed17596868_v200_baseline,17596868,200,train,baseline,v2_seed17596868,[]
v2n045_seed17596868_v200_fastener,17596868,200,train,fastener,v2_seed17596868,"[{""type"": ""fastener_failure"", ""label"": ""fastener_eta"", ""start_m"": 292.2, ""count"": 3, ""side"": ""both"", ""directions"": ""both"", ""stiffness_factor_eta_k"": 0.0, ""damping_factor_eta_c"": 1.0}]"
v2n045_seed17596868_v200_coupled_ballast_subgrade_separate,17596868,200,train,coupled_ballast_subgrade_separate,v2_seed17596868,"[{""type"": ""ballast_condition"", ""label"": ""ballast_hardened"", ""start_m"": 234.6, ""count"": 40, ""side"": ""right"", ""directions"": ""vertical"", ""stiffness_factor_eta_k"": 3.6871, ""damping_factor_eta_c"": 1.0}, {""type"": ""subgrade_condition"", ""label"": ""subgrade_hardened"", ""start_m"": 270.6, ""count"": 8, ""side"": ""left"", ""directions"": ""vertical"", ""stiffness_factor_eta_k"": 1.128, ""damping_factor_eta_c"": 1.0}]"
v2n046_seed85167350_v200_baseline,85167350,200,train,baseline,v2_seed85167350,[]
v2n046_seed85167350_v200_fastener,85167350,200,train,fastener,v2_seed85167350,"[{""type"": ""fastener_failure"", ""label"": ""fastener_eta"", ""start_m"": 246.0, ""count"": 5, ""side"": ""left"", ""directions"": ""both"", ""stiffness_factor_eta_k"": 0.1, ""damping_factor_eta_c"": 1.0}]"
v2n046_seed85167350_v200_sleeper_void,85167350,200,train,sleeper_void,v2_seed85167350,"[{""type"": ""sleeper_void"", ""label"": ""sleeper_void"", ""start_m"": 293.4, ""count"": 8, ""side"": ""both"", ""directions"": ""vertical"", ""delta_gap_mm"": 1.509}]"
v2n046_seed85167350_v200_ballast,85167350,200,train,ballast,v2_seed85167350,"[{""type"": ""ballast_condition"", ""label"": ""ballast_hardened"", ""start_m"": 265.8, ""count"": 40, ""side"": ""right"", ""directions"": ""vertical"", ""stiffness_factor_eta_k"": 7.8341, ""damping_factor_eta_c"": 1.0}]"
v2n046_seed85167350_v200_subgrade,85167350,200,train,subgrade,v2_seed85167350,"[{""type"": ""subgrade_condition"", ""label"": ""subgrade_softened"", ""start_m"": 283.2, ""count"": 80, ""side"": ""left"", ""directions"": ""vertical"", ""stiffness_factor_eta_k"": 0.1031, ""damping_factor_eta_c"": 1.0}]"
v2n046_seed85167350_v200_coupled_fastener_ballast_overlap,85167350,200,train,coupled_fastener_ballast_overlap,v2_seed85167350,"[{""type"": ""fastener_failure"", ""label"": ""fastener_eta"", ""start_m"": 229.8, ""count"": 20, ""side"": ""left"", ""directions"": ""both"", ""stiffness_factor_eta_k"": 0.75, ""damping_factor_eta_c"": 1.0}, {""type"": ""ballast_condition"", ""label"": ""ballast_hardened"", ""start_m"": 229.8, ""count"": 12, ""side"": ""left"", ""directions"": ""vertical"", ""stiffness_factor_eta_k"": 1.3336, ""damping_factor_eta_c"": 1.0}]"
v2n046_seed85167350_v200_coupled_fastener_sleeper_void_partial_overlap,85167350,200,train,coupled_fastener_sleeper_void_partial_overlap,v2_seed85167350,"[{""type"": ""fastener_failure"", ""label"": ""fastener_eta"", ""start_m"": 235.2, ""count"": 1, ""side"": ""right"", ""directions"": ""both"", ""stiffness_factor_eta_k"": 0.85, ""damping_factor_eta_c"": 1.0}, {""type"": ""sleeper_void"", ""label"": ""sleeper_void"", ""start_m"": 235.8, ""count"": 8, ""side"": ""left"", ""directions"": ""vertical"", ""delta_gap_mm"": 0.714}]"
v2n046_seed85167350_v250_baseline,85167350,250,train,baseline,v2_seed85167350,[]
v2n046_seed85167350_v250_sleeper_void,85167350,250,train,sleeper_void,v2_seed85167350,"[{""type"": ""sleeper_void"", ""label"": ""sleeper_void"", ""start_m"": 293.4, ""count"": 8, ""side"": ""both"", ""directions"": ""vertical"", ""delta_gap_mm"": 1.509}]"
v2n046_seed85167350_v250_coupled_fastener_ballast_overlap,85167350,250,train,coupled_fastener_ballast_overlap,v2_seed85167350,"[{""type"": ""fastener_failure"", ""label"": ""fastener_eta"", ""start_m"": 229.8, ""count"": 20, ""side"": ""left"", ""directions"": ""both"", ""stiffness_factor_eta_k"": 0.75, ""damping_factor_eta_c"": 1.0}, {""type"": ""ballast_condition"", ""label"": ""ballast_hardened"", ""start_m"": 229.8, ""count"": 12, ""side"": ""left"", ""directions"": ""vertical"", ""stiffness_factor_eta_k"": 1.3336, ""damping_factor_eta_c"": 1.0}]"
v2n047_seed98491160_v215_baseline,98491160,215,train,baseline,v2_seed98491160,[]
v2n047_seed98491160_v215_fastener,98491160,215,train,fastener,v2_seed98491160,"[{""type"": ""fastener_failure"", ""label"": ""fastener_eta"", ""start_m"": 223.2, ""count"": 8, ""side"": ""right"", ""directions"": ""both"", ""stiffness_factor_eta_k"": 0.25, ""damping_factor_eta_c"": 1.0}]"
v2n047_seed98491160_v215_sleeper_void,98491160,215,train,sleeper_void,v2_seed98491160,"[{""type"": ""sleeper_void"", ""label"": ""sleeper_void"", ""start_m"": 190.2, ""count"": 12, ""side"": ""left"", ""directions"": ""vertical"", ""delta_gap_mm"": 2.911}]"
v2n047_seed98491160_v215_ballast,98491160,215,train,ballast,v2_seed98491160,"[{""type"": ""ballast_condition"", ""label"": ""ballast_softened"", ""start_m"": 259.8, ""count"": 80, ""side"": ""both"", ""directions"": ""vertical"", ""stiffness_factor_eta_k"": 0.2903, ""damping_factor_eta_c"": 1.0}]"
v2n047_seed98491160_v215_subgrade,98491160,215,train,subgrade,v2_seed98491160,"[{""type"": ""subgrade_condition"", ""label"": ""subgrade_softened"", ""start_m"": 224.4, ""count"": 3, ""side"": ""right"", ""directions"": ""vertical"", ""stiffness_factor_eta_k"": 0.4835, ""damping_factor_eta_c"": 1.0}]"
v2n047_seed98491160_v215_coupled_fastener_subgrade_partial_overlap,98491160,215,train,coupled_fastener_subgrade_partial_overlap,v2_seed98491160,"[{""type"": ""fastener_failure"", ""label"": ""fastener_eta"", ""start_m"": 192.0, ""count"": 1, ""side"": ""right"", ""directions"": ""both"", ""stiffness_factor_eta_k"": 0.85, ""damping_factor_eta_c"": 1.0}, {""type"": ""subgrade_condition"", ""label"": ""subgrade_hardened"", ""start_m"": 192.6, ""count"": 20, ""side"": ""both"", ""directions"": ""vertical"", ""stiffness_factor_eta_k"": 6.1372, ""damping_factor_eta_c"": 1.0}]"
v2n047_seed98491160_v215_coupled_ballast_sleeper_void_separate,98491160,215,train,coupled_ballast_sleeper_void_separate,v2_seed98491160,"[{""type"": ""ballast_condition"", ""label"": ""ballast_softened"", ""start_m"": 219.0, ""count"": 5, ""side"": ""right"", ""directions"": ""vertical"", ""stiffness_factor_eta_k"": 0.8883, ""damping_factor_eta_c"": 1.0}, {""type"": ""sleeper_void"", ""label"": ""sleeper_void"", ""start_m"": 238.2, ""count"": 12, ""side"": ""right"", ""directions"": ""vertical"", ""delta_gap_mm"": 1.539}]"
v2n047_seed98491160_v250_baseline,98491160,250,train,baseline,v2_seed98491160,[]
v2n047_seed98491160_v250_ballast,98491160,250,train,ballast,v2_seed98491160,"[{""type"": ""ballast_condition"", ""label"": ""ballast_softened"", ""start_m"": 259.8, ""count"": 80, ""side"": ""both"", ""directions"": ""vertical"", ""stiffness_factor_eta_k"": 0.2903, ""damping_factor_eta_c"": 1.0}]"
v2n047_seed98491160_v250_coupled_fastener_subgrade_partial_overlap,98491160,250,train,coupled_fastener_subgrade_partial_overlap,v2_seed98491160,"[{""type"": ""fastener_failure"", ""label"": ""fastener_eta"", ""start_m"": 192.0, ""count"": 1, ""side"": ""right"", ""directions"": ""both"", ""stiffness_factor_eta_k"": 0.85, ""damping_factor_eta_c"": 1.0}, {""type"": ""subgrade_condition"", ""label"": ""subgrade_hardened"", ""start_m"": 192.6, ""count"": 20, ""side"": ""both"", ""directions"": ""vertical"", ""stiffness_factor_eta_k"": 6.1372, ""damping_factor_eta_c"": 1.0}]"
v2n048_seed68896274_v250_baseline,68896274,250,train,baseline,v2_seed68896274,[]
v2n048_seed68896274_v250_fastener,68896274,250,train,fastener,v2_seed68896274,"[{""type"": ""fastener_failure"", ""label"": ""fastener_eta"", ""start_m"": 227.4, ""count"": 12, ""side"": ""both"", ""directions"": ""both"", ""stiffness_factor_eta_k"": 0.5, ""damping_factor_eta_c"": 1.0}]"
v2n048_seed68896274_v250_sleeper_void,68896274,250,train,sleeper_void,v2_seed68896274,"[{""type"": ""sleeper_void"", ""label"": ""sleeper_void"", ""start_m"": 271.2, ""count"": 20, ""side"": ""right"", ""directions"": ""vertical"", ""delta_gap_mm"": 0.446}]"
v2n048_seed68896274_v250_ballast,68896274,250,train,ballast,v2_seed68896274,"[{""type"": ""ballast_condition"", ""label"": ""ballast_softened"", ""start_m"": 177.0, ""count"": 3, ""side"": ""left"", ""directions"": ""vertical"", ""stiffness_factor_eta_k"": 0.5314, ""damping_factor_eta_c"": 1.0}]"
v2n048_seed68896274_v250_subgrade,68896274,250,train,subgrade,v2_seed68896274,"[{""type"": ""subgrade_condition"", ""label"": ""subgrade_softened"", ""start_m"": 190.8, ""count"": 5, ""side"": ""both"", ""directions"": ""vertical"", ""stiffness_factor_eta_k"": 0.9129, ""damping_factor_eta_c"": 1.0}]"
v2n048_seed68896274_v250_coupled_ballast_subgrade_separate,68896274,250,train,coupled_ballast_subgrade_separate,v2_seed68896274,"[{""type"": ""ballast_condition"", ""label"": ""ballast_softened"", ""start_m"": 204.6, ""count"": 5, ""side"": ""right"", ""directions"": ""vertical"", ""stiffness_factor_eta_k"": 0.8622, ""damping_factor_eta_c"": 1.0}, {""type"": ""subgrade_condition"", ""label"": ""subgrade_softened"", ""start_m"": 240.6, ""count"": 40, ""side"": ""left"", ""directions"": ""vertical"", ""stiffness_factor_eta_k"": 0.2037, ""damping_factor_eta_c"": 1.0}]"
v2n048_seed68896274_v250_coupled_subgrade_sleeper_void_overlap,68896274,250,train,coupled_subgrade_sleeper_void_overlap,v2_seed68896274,"[{""type"": ""subgrade_condition"", ""label"": ""subgrade_hardened"", ""start_m"": 216.6, ""count"": 8, ""side"": ""left"", ""directions"": ""vertical"", ""stiffness_factor_eta_k"": 1.2852, ""damping_factor_eta_c"": 1.0}, {""type"": ""sleeper_void"", ""label"": ""sleeper_void"", ""start_m"": 216.6, ""count"": 20, ""side"": ""both"", ""directions"": ""vertical"", ""delta_gap_mm"": 2.1}]"
v2n048_seed68896274_v200_baseline,68896274,200,train,baseline,v2_seed68896274,[]
v2n048_seed68896274_v200_subgrade,68896274,200,train,subgrade,v2_seed68896274,"[{""type"": ""subgrade_condition"", ""label"": ""subgrade_softened"", ""start_m"": 190.8, ""count"": 5, ""side"": ""both"", ""directions"": ""vertical"", ""stiffness_factor_eta_k"": 0.9129, ""damping_factor_eta_c"": 1.0}]"
v2n048_seed68896274_v200_coupled_ballast_subgrade_separate,68896274,200,train,coupled_ballast_subgrade_separate,v2_seed68896274,"[{""type"": ""ballast_condition"", ""label"": ""ballast_softened"", ""start_m"": 204.6, ""count"": 5, ""side"": ""right"", ""directions"": ""vertical"", ""stiffness_factor_eta_k"": 0.8622, ""damping_factor_eta_c"": 1.0}, {""type"": ""subgrade_condition"", ""label"": ""subgrade_softened"", ""start_m"": 240.6, ""count"": 40, ""side"": ""left"", ""directions"": ""vertical"", ""stiffness_factor_eta_k"": 0.2037, ""damping_factor_eta_c"": 1.0}]"
v2n049_seed96404282_v160_baseline,96404282,160,train,baseline,v2_seed96404282,[]
v2n049_seed96404282_v160_fastener,96404282,160,train,fastener,v2_seed96404282,"[{""type"": ""fastener_failure"", ""label"": ""fastener_eta"", ""start_m"": 200.4, ""count"": 20, ""side"": ""left"", ""directions"": ""both"", ""stiffness_factor_eta_k"": 0.75, ""damping_factor_eta_c"": 1.0}]"
v2n049_seed96404282_v160_sleeper_void,96404282,160,train,sleeper_void,v2_seed96404282,"[{""type"": ""sleeper_void"", ""label"": ""sleeper_void"", ""start_m"": 296.4, ""count"": 1, ""side"": ""both"", ""directions"": ""vertical"", ""delta_gap_mm"": 0.765}]"
v2n049_seed96404282_v160_ballast,96404282,160,train,ballast,v2_seed96404282,"[{""type"": ""ballast_condition"", ""label"": ""ballast_softened"", ""start_m"": 229.2, ""count"": 5, ""side"": ""right"", ""directions"": ""vertical"", ""stiffness_factor_eta_k"": 0.7182, ""damping_factor_eta_c"": 1.0}]"
v2n049_seed96404282_v160_subgrade,96404282,160,train,subgrade,v2_seed96404282,"[{""type"": ""subgrade_condition"", ""label"": ""subgrade_hardened"", ""start_m"": 166.2, ""count"": 8, ""side"": ""left"", ""directions"": ""vertical"", ""stiffness_factor_eta_k"": 1.278, ""damping_factor_eta_c"": 1.0}]"
v2n049_seed96404282_v160_coupled_fastener_ballast_overlap,96404282,160,train,coupled_fastener_ballast_overlap,v2_seed96404282,"[{""type"": ""fastener_failure"", ""label"": ""fastener_eta"", ""start_m"": 223.2, ""count"": 3, ""side"": ""left"", ""directions"": ""both"", ""stiffness_factor_eta_k"": 0.95, ""damping_factor_eta_c"": 1.0}, {""type"": ""ballast_condition"", ""label"": ""ballast_softened"", ""start_m"": 223.2, ""count"": 80, ""side"": ""left"", ""directions"": ""vertical"", ""stiffness_factor_eta_k"": 0.696, ""damping_factor_eta_c"": 1.0}]"
v2n049_seed96404282_v160_coupled_fastener_sleeper_void_partial_overlap,96404282,160,train,coupled_fastener_sleeper_void_partial_overlap,v2_seed96404282,"[{""type"": ""fastener_failure"", ""label"": ""fastener_eta"", ""start_m"": 215.4, ""count"": 5, ""side"": ""right"", ""directions"": ""both"", ""stiffness_factor_eta_k"": 1.05, ""damping_factor_eta_c"": 1.0}, {""type"": ""sleeper_void"", ""label"": ""sleeper_void"", ""start_m"": 216.0, ""count"": 1, ""side"": ""left"", ""directions"": ""vertical"", ""delta_gap_mm"": 0.157}]"
v2n049_seed96404282_v200_baseline,96404282,200,train,baseline,v2_seed96404282,[]
v2n049_seed96404282_v200_fastener,96404282,200,train,fastener,v2_seed96404282,"[{""type"": ""fastener_failure"", ""label"": ""fastener_eta"", ""start_m"": 200.4, ""count"": 20, ""side"": ""left"", ""directions"": ""both"", ""stiffness_factor_eta_k"": 0.75, ""damping_factor_eta_c"": 1.0}]"
v2n049_seed96404282_v200_coupled_fastener_ballast_overlap,96404282,200,train,coupled_fastener_ballast_overlap,v2_seed96404282,"[{""type"": ""fastener_failure"", ""label"": ""fastener_eta"", ""start_m"": 223.2, ""count"": 3, ""side"": ""left"", ""directions"": ""both"", ""stiffness_factor_eta_k"": 0.95, ""damping_factor_eta_c"": 1.0}, {""type"": ""ballast_condition"", ""label"": ""ballast_softened"", ""start_m"": 223.2, ""count"": 80, ""side"": ""left"", ""directions"": ""vertical"", ""stiffness_factor_eta_k"": 0.696, ""damping_factor_eta_c"": 1.0}]"
v2n050_seed55606895_v200_baseline,55606895,200,test,baseline,v2_seed55606895,[]
v2n050_seed55606895_v200_fastener,55606895,200,test,fastener,v2_seed55606895,"[{""type"": ""fastener_failure"", ""label"": ""fastener_eta"", ""start_m"": 219.6, ""count"": 1, ""side"": ""right"", ""directions"": ""both"", ""stiffness_factor_eta_k"": 0.85, ""damping_factor_eta_c"": 1.0}]"
v2n050_seed55606895_v200_sleeper_void,55606895,200,test,sleeper_void,v2_seed55606895,"[{""type"": ""sleeper_void"", ""label"": ""sleeper_void"", ""start_m"": 183.0, ""count"": 2, ""side"": ""left"", ""directions"": ""vertical"", ""delta_gap_mm"": 1.461}]"
v2n050_seed55606895_v200_ballast,55606895,200,test,ballast,v2_seed55606895,"[{""type"": ""ballast_condition"", ""label"": ""ballast_hardened"", ""start_m"": 256.2, ""count"": 8, ""side"": ""both"", ""directions"": ""vertical"", ""stiffness_factor_eta_k"": 1.178, ""damping_factor_eta_c"": 1.0}]"
v2n050_seed55606895_v200_subgrade,55606895,200,test,subgrade,v2_seed55606895,"[{""type"": ""subgrade_condition"", ""label"": ""subgrade_hardened"", ""start_m"": 178.2, ""count"": 12, ""side"": ""right"", ""directions"": ""vertical"", ""stiffness_factor_eta_k"": 2.7186, ""damping_factor_eta_c"": 1.0}]"
v2n050_seed55606895_v200_coupled_fastener_subgrade_partial_overlap,55606895,200,test,coupled_fastener_subgrade_partial_overlap,v2_seed55606895,"[{""type"": ""fastener_failure"", ""label"": ""fastener_eta"", ""start_m"": 197.4, ""count"": 5, ""side"": ""right"", ""directions"": ""both"", ""stiffness_factor_eta_k"": 1.05, ""damping_factor_eta_c"": 1.0}, {""type"": ""subgrade_condition"", ""label"": ""subgrade_softened"", ""start_m"": 198.0, ""count"": 3, ""side"": ""both"", ""directions"": ""vertical"", ""stiffness_factor_eta_k"": 0.8721, ""damping_factor_eta_c"": 1.0}]"
v2n050_seed55606895_v200_coupled_ballast_sleeper_void_separate,55606895,200,test,coupled_ballast_sleeper_void_separate,v2_seed55606895,"[{""type"": ""ballast_condition"", ""label"": ""ballast_hardened"", ""start_m"": 235.8, ""count"": 20, ""side"": ""right"", ""directions"": ""vertical"", ""stiffness_factor_eta_k"": 3.763, ""damping_factor_eta_c"": 1.0}, {""type"": ""sleeper_void"", ""label"": ""sleeper_void"", ""start_m"": 259.8, ""count"": 2, ""side"": ""right"", ""directions"": ""vertical"", ""delta_gap_mm"": 0.671}]"
v2n050_seed55606895_v250_baseline,55606895,250,test,baseline,v2_seed55606895,[]
v2n050_seed55606895_v250_sleeper_void,55606895,250,test,sleeper_void,v2_seed55606895,"[{""type"": ""sleeper_void"", ""label"": ""sleeper_void"", ""start_m"": 183.0, ""count"": 2, ""side"": ""left"", ""directions"": ""vertical"", ""delta_gap_mm"": 1.461}]"
v2n050_seed55606895_v250_coupled_fastener_subgrade_partial_overlap,55606895,250,test,coupled_fastener_subgrade_partial_overlap,v2_seed55606895,"[{""type"": ""fastener_failure"", ""label"": ""fastener_eta"", ""start_m"": 197.4, ""count"": 5, ""side"": ""right"", ""directions"": ""both"", ""stiffness_factor_eta_k"": 1.05, ""damping_factor_eta_c"": 1.0}, {""type"": ""subgrade_condition"", ""label"": ""subgrade_softened"", ""start_m"": 198.0, ""count"": 3, ""side"": ""both"", ""directions"": ""vertical"", ""stiffness_factor_eta_k"": 0.8721, ""damping_factor_eta_c"": 1.0}]"
v2n051_seed51798927_v215_baseline,51798927,215,test,baseline,v2_seed51798927,[]
v2n051_seed51798927_v215_fastener,51798927,215,test,fastener,v2_seed51798927,"[{""type"": ""fastener_failure"", ""label"": ""fastener_eta"", ""start_m"": 229.8, ""count"": 2, ""side"": ""both"", ""directions"": ""both"", ""stiffness_factor_eta_k"": 0.9, ""damping_factor_eta_c"": 1.0}]"
v2n051_seed51798927_v215_sleeper_void,51798927,215,test,sleeper_void,v2_seed51798927,"[{""type"": ""sleeper_void"", ""label"": ""sleeper_void"", ""start_m"": 280.8, ""count"": 3, ""side"": ""right"", ""directions"": ""vertical"", ""delta_gap_mm"": 3.46}]"
v2n051_seed51798927_v215_ballast,51798927,215,test,ballast,v2_seed51798927,"[{""type"": ""ballast_condition"", ""label"": ""ballast_hardened"", ""start_m"": 231.0, ""count"": 12, ""side"": ""left"", ""directions"": ""vertical"", ""stiffness_factor_eta_k"": 2.4411, ""damping_factor_eta_c"": 1.0}]"
v2n051_seed51798927_v215_subgrade,51798927,215,test,subgrade,v2_seed51798927,"[{""type"": ""subgrade_condition"", ""label"": ""subgrade_hardened"", ""start_m"": 249.6, ""count"": 20, ""side"": ""both"", ""directions"": ""vertical"", ""stiffness_factor_eta_k"": 3.7805, ""damping_factor_eta_c"": 1.0}]"
v2n051_seed51798927_v215_coupled_ballast_subgrade_separate,51798927,215,test,coupled_ballast_subgrade_separate,v2_seed51798927,"[{""type"": ""ballast_condition"", ""label"": ""ballast_hardened"", ""start_m"": 225.0, ""count"": 20, ""side"": ""right"", ""directions"": ""vertical"", ""stiffness_factor_eta_k"": 5.1291, ""damping_factor_eta_c"": 1.0}, {""type"": ""subgrade_condition"", ""label"": ""subgrade_hardened"", ""start_m"": 249.0, ""count"": 5, ""side"": ""left"", ""directions"": ""vertical"", ""stiffness_factor_eta_k"": 1.0769, ""damping_factor_eta_c"": 1.0}]"
v2n051_seed51798927_v215_coupled_subgrade_sleeper_void_overlap,51798927,215,test,coupled_subgrade_sleeper_void_overlap,v2_seed51798927,"[{""type"": ""subgrade_condition"", ""label"": ""subgrade_softened"", ""start_m"": 184.8, ""count"": 40, ""side"": ""left"", ""directions"": ""vertical"", ""stiffness_factor_eta_k"": 0.2368, ""damping_factor_eta_c"": 1.0}, {""type"": ""sleeper_void"", ""label"": ""sleeper_void"", ""start_m"": 184.8, ""count"": 3, ""side"": ""both"", ""directions"": ""vertical"", ""delta_gap_mm"": 1.005}]"
v2n051_seed51798927_v250_baseline,51798927,250,test,baseline,v2_seed51798927,[]
v2n051_seed51798927_v250_ballast,51798927,250,test,ballast,v2_seed51798927,"[{""type"": ""ballast_condition"", ""label"": ""ballast_hardened"", ""start_m"": 231.0, ""count"": 12, ""side"": ""left"", ""directions"": ""vertical"", ""stiffness_factor_eta_k"": 2.4411, ""damping_factor_eta_c"": 1.0}]"
v2n051_seed51798927_v250_coupled_ballast_subgrade_separate,51798927,250,test,coupled_ballast_subgrade_separate,v2_seed51798927,"[{""type"": ""ballast_condition"", ""label"": ""ballast_hardened"", ""start_m"": 225.0, ""count"": 20, ""side"": ""right"", ""directions"": ""vertical"", ""stiffness_factor_eta_k"": 5.1291, ""damping_factor_eta_c"": 1.0}, {""type"": ""subgrade_condition"", ""label"": ""subgrade_hardened"", ""start_m"": 249.0, ""count"": 5, ""side"": ""left"", ""directions"": ""vertical"", ""stiffness_factor_eta_k"": 1.0769, ""damping_factor_eta_c"": 1.0}]"
v2n052_seed57438704_v250_baseline,57438704,250,train,baseline,v2_seed57438704,[]
v2n052_seed57438704_v250_fastener,57438704,250,train,fastener,v2_seed57438704,"[{""type"": ""fastener_failure"", ""label"": ""fastener_eta"", ""start_m"": 290.4, ""count"": 3, ""side"": ""left"", ""directions"": ""both"", ""stiffness_factor_eta_k"": 0.95, ""damping_factor_eta_c"": 1.0}]"
v2n052_seed57438704_v250_sleeper_void,57438704,250,train,sleeper_void,v2_seed57438704,"[{""type"": ""sleeper_void"", ""label"": ""sleeper_void"", ""start_m"": 264.6, ""count"": 5, ""side"": ""both"", ""directions"": ""vertical"", ""delta_gap_mm"": 0.425}]"
v2n052_seed57438704_v250_ballast,57438704,250,train,ballast,v2_seed57438704,"[{""type"": ""ballast_condition"", ""label"": ""ballast_hardened"", ""start_m"": 163.2, ""count"": 20, ""side"": ""right"", ""directions"": ""vertical"", ""stiffness_factor_eta_k"": 5.9977, ""damping_factor_eta_c"": 1.0}]"
v2n052_seed57438704_v250_subgrade,57438704,250,train,subgrade,v2_seed57438704,"[{""type"": ""subgrade_condition"", ""label"": ""subgrade_softened"", ""start_m"": 234.0, ""count"": 40, ""side"": ""left"", ""directions"": ""vertical"", ""stiffness_factor_eta_k"": 0.1442, ""damping_factor_eta_c"": 1.0}]"
v2n052_seed57438704_v250_coupled_fastener_ballast_overlap,57438704,250,train,coupled_fastener_ballast_overlap,v2_seed57438704,"[{""type"": ""fastener_failure"", ""label"": ""fastener_eta"", ""start_m"": 220.2, ""count"": 12, ""side"": ""left"", ""directions"": ""both"", ""stiffness_factor_eta_k"": 1.25, ""damping_factor_eta_c"": 1.0}, {""type"": ""ballast_condition"", ""label"": ""ballast_hardened"", ""start_m"": 220.2, ""count"": 8, ""side"": ""left"", ""directions"": ""vertical"", ""stiffness_factor_eta_k"": 2.8639, ""damping_factor_eta_c"": 1.0}]"
v2n052_seed57438704_v250_coupled_fastener_sleeper_void_partial_overlap,57438704,250,train,coupled_fastener_sleeper_void_partial_overlap,v2_seed57438704,"[{""type"": ""fastener_failure"", ""label"": ""fastener_eta"", ""start_m"": 214.2, ""count"": 20, ""side"": ""right"", ""directions"": ""both"", ""stiffness_factor_eta_k"": 0.0, ""damping_factor_eta_c"": 1.0}, {""type"": ""sleeper_void"", ""label"": ""sleeper_void"", ""start_m"": 215.4, ""count"": 5, ""side"": ""left"", ""directions"": ""vertical"", ""delta_gap_mm"": 3.691}]"
v2n052_seed57438704_v200_baseline,57438704,200,train,baseline,v2_seed57438704,[]
v2n052_seed57438704_v200_subgrade,57438704,200,train,subgrade,v2_seed57438704,"[{""type"": ""subgrade_condition"", ""label"": ""subgrade_softened"", ""start_m"": 234.0, ""count"": 40, ""side"": ""left"", ""directions"": ""vertical"", ""stiffness_factor_eta_k"": 0.1442, ""damping_factor_eta_c"": 1.0}]"
v2n052_seed57438704_v200_coupled_fastener_ballast_overlap,57438704,200,train,coupled_fastener_ballast_overlap,v2_seed57438704,"[{""type"": ""fastener_failure"", ""label"": ""fastener_eta"", ""start_m"": 220.2, ""count"": 12, ""side"": ""left"", ""directions"": ""both"", ""stiffness_factor_eta_k"": 1.25, ""damping_factor_eta_c"": 1.0}, {""type"": ""ballast_condition"", ""label"": ""ballast_hardened"", ""start_m"": 220.2, ""count"": 8, ""side"": ""left"", ""directions"": ""vertical"", ""stiffness_factor_eta_k"": 2.8639, ""damping_factor_eta_c"": 1.0}]"
v2n053_seed53700434_v160_baseline,53700434,160,train,baseline,v2_seed53700434,[]
v2n053_seed53700434_v160_fastener,53700434,160,train,fastener,v2_seed53700434,"[{""type"": ""fastener_failure"", ""label"": ""fastener_eta"", ""start_m"": 280.8, ""count"": 5, ""side"": ""right"", ""directions"": ""both"", ""stiffness_factor_eta_k"": 1.05, ""damping_factor_eta_c"": 1.0}]"
v2n053_seed53700434_v160_sleeper_void,53700434,160,train,sleeper_void,v2_seed53700434,"[{""type"": ""sleeper_void"", ""label"": ""sleeper_void"", ""start_m"": 288.0, ""count"": 8, ""side"": ""left"", ""directions"": ""vertical"", ""delta_gap_mm"": 0.954}]"
v2n053_seed53700434_v160_ballast,53700434,160,train,ballast,v2_seed53700434,"[{""type"": ""ballast_condition"", ""label"": ""ballast_softened"", ""start_m"": 279.0, ""count"": 40, ""side"": ""both"", ""directions"": ""vertical"", ""stiffness_factor_eta_k"": 0.2451, ""damping_factor_eta_c"": 1.0}]"
v2n053_seed53700434_v160_subgrade,53700434,160,train,subgrade,v2_seed53700434,"[{""type"": ""subgrade_condition"", ""label"": ""subgrade_softened"", ""start_m"": 189.6, ""count"": 80, ""side"": ""right"", ""directions"": ""vertical"", ""stiffness_factor_eta_k"": 0.5404, ""damping_factor_eta_c"": 1.0}]"
v2n053_seed53700434_v160_coupled_fastener_subgrade_partial_overlap,53700434,160,train,coupled_fastener_subgrade_partial_overlap,v2_seed53700434,"[{""type"": ""fastener_failure"", ""label"": ""fastener_eta"", ""start_m"": 195.0, ""count"": 20, ""side"": ""right"", ""directions"": ""both"", ""stiffness_factor_eta_k"": 0.0, ""damping_factor_eta_c"": 1.0}, {""type"": ""subgrade_condition"", ""label"": ""subgrade_hardened"", ""start_m"": 198.6, ""count"": 12, ""side"": ""both"", ""directions"": ""vertical"", ""stiffness_factor_eta_k"": 4.7367, ""damping_factor_eta_c"": 1.0}]"
v2n053_seed53700434_v160_coupled_ballast_sleeper_void_separate,53700434,160,train,coupled_ballast_sleeper_void_separate,v2_seed53700434,"[{""type"": ""ballast_condition"", ""label"": ""ballast_softened"", ""start_m"": 211.2, ""count"": 3, ""side"": ""right"", ""directions"": ""vertical"", ""stiffness_factor_eta_k"": 0.7598, ""damping_factor_eta_c"": 1.0}, {""type"": ""sleeper_void"", ""label"": ""sleeper_void"", ""start_m"": 228.0, ""count"": 8, ""side"": ""right"", ""directions"": ""vertical"", ""delta_gap_mm"": 0.23}]"
v2n053_seed53700434_v200_baseline,53700434,200,train,baseline,v2_seed53700434,[]
v2n053_seed53700434_v200_fastener,53700434,200,train,fastener,v2_seed53700434,"[{""type"": ""fastener_failure"", ""label"": ""fastener_eta"", ""start_m"": 280.8, ""count"": 5, ""side"": ""right"", ""directions"": ""both"", ""stiffness_factor_eta_k"": 1.05, ""damping_factor_eta_c"": 1.0}]"
v2n053_seed53700434_v200_coupled_fastener_subgrade_partial_overlap,53700434,200,train,coupled_fastener_subgrade_partial_overlap,v2_seed53700434,"[{""type"": ""fastener_failure"", ""label"": ""fastener_eta"", ""start_m"": 195.0, ""count"": 20, ""side"": ""right"", ""directions"": ""both"", ""stiffness_factor_eta_k"": 0.0, ""damping_factor_eta_c"": 1.0}, {""type"": ""subgrade_condition"", ""label"": ""subgrade_hardened"", ""start_m"": 198.6, ""count"": 12, ""side"": ""both"", ""directions"": ""vertical"", ""stiffness_factor_eta_k"": 4.7367, ""damping_factor_eta_c"": 1.0}]"
v2n054_seed68722459_v200_baseline,68722459,200,train,baseline,v2_seed68722459,[]
v2n054_seed68722459_v200_fastener,68722459,200,train,fastener,v2_seed68722459,"[{""type"": ""fastener_failure"", ""label"": ""fastener_eta"", ""start_m"": 269.4, ""count"": 8, ""side"": ""both"", ""directions"": ""both"", ""stiffness_factor_eta_k"": 1.1, ""damping_factor_eta_c"": 1.0}]"
v2n054_seed68722459_v200_sleeper_void,68722459,200,train,sleeper_void,v2_seed68722459,"[{""type"": ""sleeper_void"", ""label"": ""sleeper_void"", ""start_m"": 282.0, ""count"": 12, ""side"": ""right"", ""directions"": ""vertical"", ""delta_gap_mm"": 1.484}]"
v2n054_seed68722459_v200_ballast,68722459,200,train,ballast,v2_seed68722459,"[{""type"": ""ballast_condition"", ""label"": ""ballast_softened"", ""start_m"": 218.4, ""count"": 80, ""side"": ""left"", ""directions"": ""vertical"", ""stiffness_factor_eta_k"": 0.6681, ""damping_factor_eta_c"": 1.0}]"
v2n054_seed68722459_v200_subgrade,68722459,200,train,subgrade,v2_seed68722459,"[{""type"": ""subgrade_condition"", ""label"": ""subgrade_softened"", ""start_m"": 184.2, ""count"": 3, ""side"": ""both"", ""directions"": ""vertical"", ""stiffness_factor_eta_k"": 0.7123, ""damping_factor_eta_c"": 1.0}]"
v2n054_seed68722459_v200_coupled_ballast_subgrade_separate,68722459,200,train,coupled_ballast_subgrade_separate,v2_seed68722459,"[{""type"": ""ballast_condition"", ""label"": ""ballast_softened"", ""start_m"": 213.6, ""count"": 3, ""side"": ""right"", ""directions"": ""vertical"", ""stiffness_factor_eta_k"": 0.8336, ""damping_factor_eta_c"": 1.0}, {""type"": ""subgrade_condition"", ""label"": ""subgrade_softened"", ""start_m"": 237.6, ""count"": 20, ""side"": ""left"", ""directions"": ""vertical"", ""stiffness_factor_eta_k"": 0.1366, ""damping_factor_eta_c"": 1.0}]"
v2n054_seed68722459_v200_coupled_subgrade_sleeper_void_overlap,68722459,200,train,coupled_subgrade_sleeper_void_overlap,v2_seed68722459,"[{""type"": ""subgrade_condition"", ""label"": ""subgrade_hardened"", ""start_m"": 236.4, ""count"": 5, ""side"": ""left"", ""directions"": ""vertical"", ""stiffness_factor_eta_k"": 1.159, ""damping_factor_eta_c"": 1.0}, {""type"": ""sleeper_void"", ""label"": ""sleeper_void"", ""start_m"": 236.4, ""count"": 12, ""side"": ""both"", ""directions"": ""vertical"", ""delta_gap_mm"": 0.756}]"
v2n054_seed68722459_v250_baseline,68722459,250,train,baseline,v2_seed68722459,[]
v2n054_seed68722459_v250_sleeper_void,68722459,250,train,sleeper_void,v2_seed68722459,"[{""type"": ""sleeper_void"", ""label"": ""sleeper_void"", ""start_m"": 282.0, ""count"": 12, ""side"": ""right"", ""directions"": ""vertical"", ""delta_gap_mm"": 1.484}]"
v2n054_seed68722459_v250_coupled_ballast_subgrade_separate,68722459,250,train,coupled_ballast_subgrade_separate,v2_seed68722459,"[{""type"": ""ballast_condition"", ""label"": ""ballast_softened"", ""start_m"": 213.6, ""count"": 3, ""side"": ""right"", ""directions"": ""vertical"", ""stiffness_factor_eta_k"": 0.8336, ""damping_factor_eta_c"": 1.0}, {""type"": ""subgrade_condition"", ""label"": ""subgrade_softened"", ""start_m"": 237.6, ""count"": 20, ""side"": ""left"", ""directions"": ""vertical"", ""stiffness_factor_eta_k"": 0.1366, ""damping_factor_eta_c"": 1.0}]"
v2n055_seed53943806_v215_baseline,53943806,215,test,baseline,v2_seed53943806,[]
v2n055_seed53943806_v215_fastener,53943806,215,test,fastener,v2_seed53943806,"[{""type"": ""fastener_failure"", ""label"": ""fastener_eta"", ""start_m"": 282.6, ""count"": 12, ""side"": ""left"", ""directions"": ""both"", ""stiffness_factor_eta_k"": 1.25, ""damping_factor_eta_c"": 1.0}]"
v2n055_seed53943806_v215_sleeper_void,53943806,215,test,sleeper_void,v2_seed53943806,"[{""type"": ""sleeper_void"", ""label"": ""sleeper_void"", ""start_m"": 204.6, ""count"": 20, ""side"": ""both"", ""directions"": ""vertical"", ""delta_gap_mm"": 3.643}]"
v2n055_seed53943806_v215_ballast,53943806,215,test,ballast,v2_seed53943806,"[{""type"": ""ballast_condition"", ""label"": ""ballast_softened"", ""start_m"": 225.6, ""count"": 3, ""side"": ""right"", ""directions"": ""vertical"", ""stiffness_factor_eta_k"": 0.8287, ""damping_factor_eta_c"": 1.0}]"
v2n055_seed53943806_v215_subgrade,53943806,215,test,subgrade,v2_seed53943806,"[{""type"": ""subgrade_condition"", ""label"": ""subgrade_hardened"", ""start_m"": 167.4, ""count"": 5, ""side"": ""left"", ""directions"": ""vertical"", ""stiffness_factor_eta_k"": 1.0704, ""damping_factor_eta_c"": 1.0}]"
v2n055_seed53943806_v215_coupled_fastener_ballast_overlap,53943806,215,test,coupled_fastener_ballast_overlap,v2_seed53943806,"[{""type"": ""fastener_failure"", ""label"": ""fastener_eta"", ""start_m"": 220.2, ""count"": 2, ""side"": ""left"", ""directions"": ""both"", ""stiffness_factor_eta_k"": 0.25, ""damping_factor_eta_c"": 1.0}, {""type"": ""ballast_condition"", ""label"": ""ballast_softened"", ""start_m"": 220.2, ""count"": 40, ""side"": ""left"", ""directions"": ""vertical"", ""stiffness_factor_eta_k"": 0.6247, ""damping_factor_eta_c"": 1.0}]"
v2n055_seed53943806_v215_coupled_fastener_sleeper_void_partial_overlap,53943806,215,test,coupled_fastener_sleeper_void_partial_overlap,v2_seed53943806,"[{""type"": ""fastener_failure"", ""label"": ""fastener_eta"", ""start_m"": 210.0, ""count"": 3, ""side"": ""right"", ""directions"": ""both"", ""stiffness_factor_eta_k"": 0.5, ""damping_factor_eta_c"": 1.0}, {""type"": ""sleeper_void"", ""label"": ""sleeper_void"", ""start_m"": 210.6, ""count"": 20, ""side"": ""left"", ""directions"": ""vertical"", ""delta_gap_mm"": 1.359}]"
v2n055_seed53943806_v250_baseline,53943806,250,test,baseline,v2_seed53943806,[]
v2n055_seed53943806_v250_ballast,53943806,250,test,ballast,v2_seed53943806,"[{""type"": ""ballast_condition"", ""label"": ""ballast_softened"", ""start_m"": 225.6, ""count"": 3, ""side"": ""right"", ""directions"": ""vertical"", ""stiffness_factor_eta_k"": 0.8287, ""damping_factor_eta_c"": 1.0}]"
v2n055_seed53943806_v250_coupled_fastener_ballast_overlap,53943806,250,test,coupled_fastener_ballast_overlap,v2_seed53943806,"[{""type"": ""fastener_failure"", ""label"": ""fastener_eta"", ""start_m"": 220.2, ""count"": 2, ""side"": ""left"", ""directions"": ""both"", ""stiffness_factor_eta_k"": 0.25, ""damping_factor_eta_c"": 1.0}, {""type"": ""ballast_condition"", ""label"": ""ballast_softened"", ""start_m"": 220.2, ""count"": 40, ""side"": ""left"", ""directions"": ""vertical"", ""stiffness_factor_eta_k"": 0.6247, ""damping_factor_eta_c"": 1.0}]"
v2n056_seed68743717_v250_baseline,68743717,250,train,baseline,v2_seed68743717,[]
v2n056_seed68743717_v250_fastener,68743717,250,train,fastener,v2_seed68743717,"[{""type"": ""fastener_failure"", ""label"": ""fastener_eta"", ""start_m"": 206.4, ""count"": 20, ""side"": ""right"", ""directions"": ""both"", ""stiffness_factor_eta_k"": 0.0, ""damping_factor_eta_c"": 1.0}]"
v2n056_seed68743717_v250_sleeper_void,68743717,250,train,sleeper_void,v2_seed68743717,"[{""type"": ""sleeper_void"", ""label"": ""sleeper_void"", ""start_m"": 157.2, ""count"": 1, ""side"": ""left"", ""directions"": ""vertical"", ""delta_gap_mm"": 0.345}]"
v2n056_seed68743717_v250_ballast,68743717,250,train,ballast,v2_seed68743717,"[{""type"": ""ballast_condition"", ""label"": ""ballast_hardened"", ""start_m"": 245.4, ""count"": 5, ""side"": ""both"", ""directions"": ""vertical"", ""stiffness_factor_eta_k"": 1.1479, ""damping_factor_eta_c"": 1.0}]"
v2n056_seed68743717_v250_subgrade,68743717,250,train,subgrade,v2_seed68743717,"[{""type"": ""subgrade_condition"", ""label"": ""subgrade_hardened"", ""start_m"": 276.6, ""count"": 8, ""side"": ""right"", ""directions"": ""vertical"", ""stiffness_factor_eta_k"": 1.3323, ""damping_factor_eta_c"": 1.0}]"
v2n056_seed68743717_v250_coupled_fastener_subgrade_partial_overlap,68743717,250,train,coupled_fastener_subgrade_partial_overlap,v2_seed68743717,"[{""type"": ""fastener_failure"", ""label"": ""fastener_eta"", ""start_m"": 205.2, ""count"": 3, ""side"": ""right"", ""directions"": ""both"", ""stiffness_factor_eta_k"": 0.5, ""damping_factor_eta_c"": 1.0}, {""type"": ""subgrade_condition"", ""label"": ""subgrade_softened"", ""start_m"": 205.8, ""count"": 80, ""side"": ""both"", ""directions"": ""vertical"", ""stiffness_factor_eta_k"": 0.8752, ""damping_factor_eta_c"": 1.0}]"
v2n056_seed68743717_v250_coupled_ballast_sleeper_void_separate,68743717,250,train,coupled_ballast_sleeper_void_separate,v2_seed68743717,"[{""type"": ""ballast_condition"", ""label"": ""ballast_hardened"", ""start_m"": 223.2, ""count"": 12, ""side"": ""right"", ""directions"": ""vertical"", ""stiffness_factor_eta_k"": 6.261, ""damping_factor_eta_c"": 1.0}, {""type"": ""sleeper_void"", ""label"": ""sleeper_void"", ""start_m"": 242.4, ""count"": 1, ""side"": ""right"", ""directions"": ""vertical"", ""delta_gap_mm"": 3.698}]"
v2n056_seed68743717_v200_baseline,68743717,200,train,baseline,v2_seed68743717,[]
v2n056_seed68743717_v200_subgrade,68743717,200,train,subgrade,v2_seed68743717,"[{""type"": ""subgrade_condition"", ""label"": ""subgrade_hardened"", ""start_m"": 276.6, ""count"": 8, ""side"": ""right"", ""directions"": ""vertical"", ""stiffness_factor_eta_k"": 1.3323, ""damping_factor_eta_c"": 1.0}]"
v2n056_seed68743717_v200_coupled_fastener_subgrade_partial_overlap,68743717,200,train,coupled_fastener_subgrade_partial_overlap,v2_seed68743717,"[{""type"": ""fastener_failure"", ""label"": ""fastener_eta"", ""start_m"": 205.2, ""count"": 3, ""side"": ""right"", ""directions"": ""both"", ""stiffness_factor_eta_k"": 0.5, ""damping_factor_eta_c"": 1.0}, {""type"": ""subgrade_condition"", ""label"": ""subgrade_softened"", ""start_m"": 205.8, ""count"": 80, ""side"": ""both"", ""directions"": ""vertical"", ""stiffness_factor_eta_k"": 0.8752, ""damping_factor_eta_c"": 1.0}]"
v2n057_seed93263001_v160_baseline,93263001,160,train,baseline,v2_seed93263001,[]
v2n057_seed93263001_v160_fastener,93263001,160,train,fastener,v2_seed93263001,"[{""type"": ""fastener_failure"", ""label"": ""fastener_eta"", ""start_m"": 216.0, ""count"": 1, ""side"": ""both"", ""directions"": ""both"", ""stiffness_factor_eta_k"": 0.1, ""damping_factor_eta_c"": 1.0}]"
v2n057_seed93263001_v160_sleeper_void,93263001,160,train,sleeper_void,v2_seed93263001,"[{""type"": ""sleeper_void"", ""label"": ""sleeper_void"", ""start_m"": 241.8, ""count"": 2, ""side"": ""right"", ""directions"": ""vertical"", ""delta_gap_mm"": 0.994}]"
v2n057_seed93263001_v160_ballast,93263001,160,train,ballast,v2_seed93263001,"[{""type"": ""ballast_condition"", ""label"": ""ballast_hardened"", ""start_m"": 224.4, ""count"": 8, ""side"": ""left"", ""directions"": ""vertical"", ""stiffness_factor_eta_k"": 2.6427, ""damping_factor_eta_c"": 1.0}]"
v2n057_seed93263001_v160_subgrade,93263001,160,train,subgrade,v2_seed93263001,"[{""type"": ""subgrade_condition"", ""label"": ""subgrade_hardened"", ""start_m"": 250.8, ""count"": 12, ""side"": ""both"", ""directions"": ""vertical"", ""stiffness_factor_eta_k"": 5.48, ""damping_factor_eta_c"": 1.0}]"
v2n057_seed93263001_v160_coupled_ballast_subgrade_separate,93263001,160,train,coupled_ballast_subgrade_separate,v2_seed93263001,"[{""type"": ""ballast_condition"", ""label"": ""ballast_hardened"", ""start_m"": 207.6, ""count"": 12, ""side"": ""right"", ""directions"": ""vertical"", ""stiffness_factor_eta_k"": 6.0721, ""damping_factor_eta_c"": 1.0}, {""type"": ""subgrade_condition"", ""label"": ""subgrade_hardened"", ""start_m"": 226.8, ""count"": 3, ""side"": ""left"", ""directions"": ""vertical"", ""stiffness_factor_eta_k"": 1.296, ""damping_factor_eta_c"": 1.0}]"
v2n057_seed93263001_v160_coupled_subgrade_sleeper_void_overlap,93263001,160,train,coupled_subgrade_sleeper_void_overlap,v2_seed93263001,"[{""type"": ""subgrade_condition"", ""label"": ""subgrade_softened"", ""start_m"": 186.6, ""count"": 20, ""side"": ""left"", ""directions"": ""vertical"", ""stiffness_factor_eta_k"": 0.2081, ""damping_factor_eta_c"": 1.0}, {""type"": ""sleeper_void"", ""label"": ""sleeper_void"", ""start_m"": 186.6, ""count"": 2, ""side"": ""both"", ""directions"": ""vertical"", ""delta_gap_mm"": 0.131}]"
v2n057_seed93263001_v200_baseline,93263001,200,train,baseline,v2_seed93263001,[]
v2n057_seed93263001_v200_fastener,93263001,200,train,fastener,v2_seed93263001,"[{""type"": ""fastener_failure"", ""label"": ""fastener_eta"", ""start_m"": 216.0, ""count"": 1, ""side"": ""both"", ""directions"": ""both"", ""stiffness_factor_eta_k"": 0.1, ""damping_factor_eta_c"": 1.0}]"
v2n057_seed93263001_v200_coupled_ballast_subgrade_separate,93263001,200,train,coupled_ballast_subgrade_separate,v2_seed93263001,"[{""type"": ""ballast_condition"", ""label"": ""ballast_hardened"", ""start_m"": 207.6, ""count"": 12, ""side"": ""right"", ""directions"": ""vertical"", ""stiffness_factor_eta_k"": 6.0721, ""damping_factor_eta_c"": 1.0}, {""type"": ""subgrade_condition"", ""label"": ""subgrade_hardened"", ""start_m"": 226.8, ""count"": 3, ""side"": ""left"", ""directions"": ""vertical"", ""stiffness_factor_eta_k"": 1.296, ""damping_factor_eta_c"": 1.0}]"
v2n058_seed67172749_v200_baseline,67172749,200,train,baseline,v2_seed67172749,[]
v2n058_seed67172749_v200_fastener,67172749,200,train,fastener,v2_seed67172749,"[{""type"": ""fastener_failure"", ""label"": ""fastener_eta"", ""start_m"": 162.6, ""count"": 2, ""side"": ""left"", ""directions"": ""both"", ""stiffness_factor_eta_k"": 0.25, ""damping_factor_eta_c"": 1.0}]"
v2n058_seed67172749_v200_sleeper_void,67172749,200,train,sleeper_void,v2_seed67172749,"[{""type"": ""sleeper_void"", ""label"": ""sleeper_void"", ""start_m"": 178.2, ""count"": 3, ""side"": ""both"", ""directions"": ""vertical"", ""delta_gap_mm"": 1.87}]"
v2n058_seed67172749_v200_ballast,67172749,200,train,ballast,v2_seed67172749,"[{""type"": ""ballast_condition"", ""label"": ""ballast_hardened"", ""start_m"": 251.4, ""count"": 12, ""side"": ""right"", ""directions"": ""vertical"", ""stiffness_factor_eta_k"": 3.9154, ""damping_factor_eta_c"": 1.0}]"
v2n058_seed67172749_v200_subgrade,67172749,200,train,subgrade,v2_seed67172749,"[{""type"": ""subgrade_condition"", ""label"": ""subgrade_softened"", ""start_m"": 156.6, ""count"": 20, ""side"": ""left"", ""directions"": ""vertical"", ""stiffness_factor_eta_k"": 0.1244, ""damping_factor_eta_c"": 1.0}]"
v2n058_seed67172749_v200_coupled_fastener_ballast_overlap,67172749,200,train,coupled_fastener_ballast_overlap,v2_seed67172749,"[{""type"": ""fastener_failure"", ""label"": ""fastener_eta"", ""start_m"": 193.8, ""count"": 8, ""side"": ""left"", ""directions"": ""both"", ""stiffness_factor_eta_k"": 0.85, ""damping_factor_eta_c"": 1.0}, {""type"": ""ballast_condition"", ""label"": ""ballast_hardened"", ""start_m"": 193.8, ""count"": 5, ""side"": ""left"", ""directions"": ""vertical"", ""stiffness_factor_eta_k"": 1.6741, ""damping_factor_eta_c"": 1.0}]"
v2n058_seed67172749_v200_coupled_fastener_sleeper_void_partial_overlap,67172749,200,train,coupled_fastener_sleeper_void_partial_overlap,v2_seed67172749,"[{""type"": ""fastener_failure"", ""label"": ""fastener_eta"", ""start_m"": 197.4, ""count"": 12, ""side"": ""right"", ""directions"": ""both"", ""stiffness_factor_eta_k"": 0.9, ""damping_factor_eta_c"": 1.0}, {""type"": ""sleeper_void"", ""label"": ""sleeper_void"", ""start_m"": 198.0, ""count"": 3, ""side"": ""left"", ""directions"": ""vertical"", ""delta_gap_mm"": 0.646}]"
v2n058_seed67172749_v250_baseline,67172749,250,train,baseline,v2_seed67172749,[]
v2n058_seed67172749_v250_sleeper_void,67172749,250,train,sleeper_void,v2_seed67172749,"[{""type"": ""sleeper_void"", ""label"": ""sleeper_void"", ""start_m"": 178.2, ""count"": 3, ""side"": ""both"", ""directions"": ""vertical"", ""delta_gap_mm"": 1.87}]"
v2n058_seed67172749_v250_coupled_fastener_ballast_overlap,67172749,250,train,coupled_fastener_ballast_overlap,v2_seed67172749,"[{""type"": ""fastener_failure"", ""label"": ""fastener_eta"", ""start_m"": 193.8, ""count"": 8, ""side"": ""left"", ""directions"": ""both"", ""stiffness_factor_eta_k"": 0.85, ""damping_factor_eta_c"": 1.0}, {""type"": ""ballast_condition"", ""label"": ""ballast_hardened"", ""start_m"": 193.8, ""count"": 5, ""side"": ""left"", ""directions"": ""vertical"", ""stiffness_factor_eta_k"": 1.6741, ""damping_factor_eta_c"": 1.0}]"
v2n059_seed26717790_v215_baseline,26717790,215,val,baseline,v2_seed26717790,[]
v2n059_seed26717790_v215_fastener,26717790,215,val,fastener,v2_seed26717790,"[{""type"": ""fastener_failure"", ""label"": ""fastener_eta"", ""start_m"": 296.4, ""count"": 3, ""side"": ""right"", ""directions"": ""both"", ""stiffness_factor_eta_k"": 0.5, ""damping_factor_eta_c"": 1.0}]"
v2n059_seed26717790_v215_sleeper_void,26717790,215,val,sleeper_void,v2_seed26717790,"[{""type"": ""sleeper_void"", ""label"": ""sleeper_void"", ""start_m"": 273.6, ""count"": 5, ""side"": ""left"", ""directions"": ""vertical"", ""delta_gap_mm"": 3.002}]"
v2n059_seed26717790_v215_ballast,26717790,215,val,ballast,v2_seed26717790,"[{""type"": ""ballast_condition"", ""label"": ""ballast_softened"", ""start_m"": 173.4, ""count"": 20, ""side"": ""both"", ""directions"": ""vertical"", ""stiffness_factor_eta_k"": 0.1709, ""damping_factor_eta_c"": 1.0}]"
v2n059_seed26717790_v215_subgrade,26717790,215,val,subgrade,v2_seed26717790,"[{""type"": ""subgrade_condition"", ""label"": ""subgrade_softened"", ""start_m"": 261.0, ""count"": 40, ""side"": ""right"", ""directions"": ""vertical"", ""stiffness_factor_eta_k"": 0.4258, ""damping_factor_eta_c"": 1.0}]"
v2n059_seed26717790_v215_coupled_fastener_subgrade_partial_overlap,26717790,215,val,coupled_fastener_subgrade_partial_overlap,v2_seed26717790,"[{""type"": ""fastener_failure"", ""label"": ""fastener_eta"", ""start_m"": 200.4, ""count"": 12, ""side"": ""right"", ""directions"": ""both"", ""stiffness_factor_eta_k"": 0.9, ""damping_factor_eta_c"": 1.0}, {""type"": ""subgrade_condition"", ""label"": ""subgrade_hardened"", ""start_m"": 202.8, ""count"": 8, ""side"": ""both"", ""directions"": ""vertical"", ""stiffness_factor_eta_k"": 4.488, ""damping_factor_eta_c"": 1.0}]"
v2n059_seed26717790_v215_coupled_ballast_sleeper_void_separate,26717790,215,val,coupled_ballast_sleeper_void_separate,v2_seed26717790,"[{""type"": ""ballast_condition"", ""label"": ""ballast_softened"", ""start_m"": 210.0, ""count"": 80, ""side"": ""right"", ""directions"": ""vertical"", ""stiffness_factor_eta_k"": 0.8723, ""damping_factor_eta_c"": 1.0}, {""type"": ""sleeper_void"", ""label"": ""sleeper_void"", ""start_m"": 270.0, ""count"": 5, ""side"": ""right"", ""directions"": ""vertical"", ""delta_gap_mm"": 1.662}]"
v2n059_seed26717790_v250_baseline,26717790,250,val,baseline,v2_seed26717790,[]
v2n059_seed26717790_v250_ballast,26717790,250,val,ballast,v2_seed26717790,"[{""type"": ""ballast_condition"", ""label"": ""ballast_softened"", ""start_m"": 173.4, ""count"": 20, ""side"": ""both"", ""directions"": ""vertical"", ""stiffness_factor_eta_k"": 0.1709, ""damping_factor_eta_c"": 1.0}]"
v2n059_seed26717790_v250_coupled_fastener_subgrade_partial_overlap,26717790,250,val,coupled_fastener_subgrade_partial_overlap,v2_seed26717790,"[{""type"": ""fastener_failure"", ""label"": ""fastener_eta"", ""start_m"": 200.4, ""count"": 12, ""side"": ""right"", ""directions"": ""both"", ""stiffness_factor_eta_k"": 0.9, ""damping_factor_eta_c"": 1.0}, {""type"": ""subgrade_condition"", ""label"": ""subgrade_hardened"", ""start_m"": 202.8, ""count"": 8, ""side"": ""both"", ""directions"": ""vertical"", ""stiffness_factor_eta_k"": 4.488, ""damping_factor_eta_c"": 1.0}]"
v2n060_seed89023421_v250_baseline,89023421,250,train,baseline,v2_seed89023421,[]
v2n060_seed89023421_v250_fastener,89023421,250,train,fastener,v2_seed89023421,"[{""type"": ""fastener_failure"", ""label"": ""fastener_eta"", ""start_m"": 230.4, ""count"": 5, ""side"": ""both"", ""directions"": ""both"", ""stiffness_factor_eta_k"": 0.75, ""damping_factor_eta_c"": 1.0}]"
v2n060_seed89023421_v250_sleeper_void,89023421,250,train,sleeper_void,v2_seed89023421,"[{""type"": ""sleeper_void"", ""label"": ""sleeper_void"", ""start_m"": 293.4, ""count"": 8, ""side"": ""right"", ""directions"": ""vertical"", ""delta_gap_mm"": 0.386}]"
v2n060_seed89023421_v250_ballast,89023421,250,train,ballast,v2_seed89023421,"[{""type"": ""ballast_condition"", ""label"": ""ballast_softened"", ""start_m"": 178.2, ""count"": 40, ""side"": ""left"", ""directions"": ""vertical"", ""stiffness_factor_eta_k"": 0.4621, ""damping_factor_eta_c"": 1.0}]"
v2n060_seed89023421_v250_subgrade,89023421,250,train,subgrade,v2_seed89023421,"[{""type"": ""subgrade_condition"", ""label"": ""subgrade_softened"", ""start_m"": 202.2, ""count"": 80, ""side"": ""both"", ""directions"": ""vertical"", ""stiffness_factor_eta_k"": 0.8897, ""damping_factor_eta_c"": 1.0}]"
v2n060_seed89023421_v250_coupled_ballast_subgrade_separate,89023421,250,train,coupled_ballast_subgrade_separate,v2_seed89023421,"[{""type"": ""ballast_condition"", ""label"": ""ballast_softened"", ""start_m"": 183.6, ""count"": 80, ""side"": ""right"", ""directions"": ""vertical"", ""stiffness_factor_eta_k"": 0.8132, ""damping_factor_eta_c"": 1.0}, {""type"": ""subgrade_condition"", ""label"": ""subgrade_softened"", ""start_m"": 243.6, ""count"": 12, ""side"": ""left"", ""directions"": ""vertical"", ""stiffness_factor_eta_k"": 0.1037, ""damping_factor_eta_c"": 1.0}]"
v2n060_seed89023421_v250_coupled_subgrade_sleeper_void_overlap,89023421,250,train,coupled_subgrade_sleeper_void_overlap,v2_seed89023421,"[{""type"": ""subgrade_condition"", ""label"": ""subgrade_hardened"", ""start_m"": 183.0, ""count"": 3, ""side"": ""left"", ""directions"": ""vertical"", ""stiffness_factor_eta_k"": 1.2919, ""damping_factor_eta_c"": 1.0}, {""type"": ""sleeper_void"", ""label"": ""sleeper_void"", ""start_m"": 183.0, ""count"": 8, ""side"": ""both"", ""directions"": ""vertical"", ""delta_gap_mm"": 3.677}]"
v2n060_seed89023421_v200_baseline,89023421,200,train,baseline,v2_seed89023421,[]
v2n060_seed89023421_v200_subgrade,89023421,200,train,subgrade,v2_seed89023421,"[{""type"": ""subgrade_condition"", ""label"": ""subgrade_softened"", ""start_m"": 202.2, ""count"": 80, ""side"": ""both"", ""directions"": ""vertical"", ""stiffness_factor_eta_k"": 0.8897, ""damping_factor_eta_c"": 1.0}]"
v2n060_seed89023421_v200_coupled_ballast_subgrade_separate,89023421,200,train,coupled_ballast_subgrade_separate,v2_seed89023421,"[{""type"": ""ballast_condition"", ""label"": ""ballast_softened"", ""start_m"": 183.6, ""count"": 80, ""side"": ""right"", ""directions"": ""vertical"", ""stiffness_factor_eta_k"": 0.8132, ""damping_factor_eta_c"": 1.0}, {""type"": ""subgrade_condition"", ""label"": ""subgrade_softened"", ""start_m"": 243.6, ""count"": 12, ""side"": ""left"", ""directions"": ""vertical"", ""stiffness_factor_eta_k"": 0.1037, ""damping_factor_eta_c"": 1.0}]"
v2n061_seed85971248_v160_baseline,85971248,160,val,baseline,v2_seed85971248,[]
v2n061_seed85971248_v160_fastener,85971248,160,val,fastener,v2_seed85971248,"[{""type"": ""fastener_failure"", ""label"": ""fastener_eta"", ""start_m"": 215.4, ""count"": 8, ""side"": ""left"", ""directions"": ""both"", ""stiffness_factor_eta_k"": 0.85, ""damping_factor_eta_c"": 1.0}]"
v2n061_seed85971248_v160_sleeper_void,85971248,160,val,sleeper_void,v2_seed85971248,"[{""type"": ""sleeper_void"", ""label"": ""sleeper_void"", ""start_m"": 157.8, ""count"": 12, ""side"": ""both"", ""directions"": ""vertical"", ""delta_gap_mm"": 0.858}]"
v2n061_seed85971248_v160_ballast,85971248,160,val,ballast,v2_seed85971248,"[{""type"": ""ballast_condition"", ""label"": ""ballast_softened"", ""start_m"": 279.6, ""count"": 80, ""side"": ""right"", ""directions"": ""vertical"", ""stiffness_factor_eta_k"": 0.7872, ""damping_factor_eta_c"": 1.0}]"
v2n061_seed85971248_v160_subgrade,85971248,160,val,subgrade,v2_seed85971248,"[{""type"": ""subgrade_condition"", ""label"": ""subgrade_hardened"", ""start_m"": 251.4, ""count"": 3, ""side"": ""left"", ""directions"": ""vertical"", ""stiffness_factor_eta_k"": 1.0812, ""damping_factor_eta_c"": 1.0}]"
v2n061_seed85971248_v160_coupled_fastener_ballast_overlap,85971248,160,val,coupled_fastener_ballast_overlap,v2_seed85971248,"[{""type"": ""fastener_failure"", ""label"": ""fastener_eta"", ""start_m"": 185.4, ""count"": 1, ""side"": ""left"", ""directions"": ""both"", ""stiffness_factor_eta_k"": 1.05, ""damping_factor_eta_c"": 1.0}, {""type"": ""ballast_condition"", ""label"": ""ballast_softened"", ""start_m"": 185.4, ""count"": 20, ""side"": ""left"", ""directions"": ""vertical"", ""stiffness_factor_eta_k"": 0.3781, ""damping_factor_eta_c"": 1.0}]"
v2n061_seed85971248_v160_coupled_fastener_sleeper_void_partial_overlap,85971248,160,val,coupled_fastener_sleeper_void_partial_overlap,v2_seed85971248,"[{""type"": ""fastener_failure"", ""label"": ""fastener_eta"", ""start_m"": 210.6, ""count"": 2, ""side"": ""right"", ""directions"": ""both"", ""stiffness_factor_eta_k"": 1.1, ""damping_factor_eta_c"": 1.0}, {""type"": ""sleeper_void"", ""label"": ""sleeper_void"", ""start_m"": 211.2, ""count"": 12, ""side"": ""left"", ""directions"": ""vertical"", ""delta_gap_mm"": 0.388}]"
v2n061_seed85971248_v200_baseline,85971248,200,val,baseline,v2_seed85971248,[]
v2n061_seed85971248_v200_fastener,85971248,200,val,fastener,v2_seed85971248,"[{""type"": ""fastener_failure"", ""label"": ""fastener_eta"", ""start_m"": 215.4, ""count"": 8, ""side"": ""left"", ""directions"": ""both"", ""stiffness_factor_eta_k"": 0.85, ""damping_factor_eta_c"": 1.0}]"
v2n061_seed85971248_v200_coupled_fastener_ballast_overlap,85971248,200,val,coupled_fastener_ballast_overlap,v2_seed85971248,"[{""type"": ""fastener_failure"", ""label"": ""fastener_eta"", ""start_m"": 185.4, ""count"": 1, ""side"": ""left"", ""directions"": ""both"", ""stiffness_factor_eta_k"": 1.05, ""damping_factor_eta_c"": 1.0}, {""type"": ""ballast_condition"", ""label"": ""ballast_softened"", ""start_m"": 185.4, ""count"": 20, ""side"": ""left"", ""directions"": ""vertical"", ""stiffness_factor_eta_k"": 0.3781, ""damping_factor_eta_c"": 1.0}]"
v2n062_seed31462434_v200_baseline,31462434,200,train,baseline,v2_seed31462434,[]
v2n062_seed31462434_v200_fastener,31462434,200,train,fastener,v2_seed31462434,"[{""type"": ""fastener_failure"", ""label"": ""fastener_eta"", ""start_m"": 251.4, ""count"": 12, ""side"": ""right"", ""directions"": ""both"", ""stiffness_factor_eta_k"": 0.9, ""damping_factor_eta_c"": 1.0}]"
v2n062_seed31462434_v200_sleeper_void,31462434,200,train,sleeper_void,v2_seed31462434,"[{""type"": ""sleeper_void"", ""label"": ""sleeper_void"", ""start_m"": 182.4, ""count"": 20, ""side"": ""left"", ""directions"": ""vertical"", ""delta_gap_mm"": 1.968}]"
v2n062_seed31462434_v200_ballast,31462434,200,train,ballast,v2_seed31462434,"[{""type"": ""ballast_condition"", ""label"": ""ballast_hardened"", ""start_m"": 235.8, ""count"": 3, ""side"": ""both"", ""directions"": ""vertical"", ""stiffness_factor_eta_k"": 1.2493, ""damping_factor_eta_c"": 1.0}]"
v2n062_seed31462434_v200_subgrade,31462434,200,train,subgrade,v2_seed31462434,"[{""type"": ""subgrade_condition"", ""label"": ""subgrade_hardened"", ""start_m"": 259.8, ""count"": 5, ""side"": ""right"", ""directions"": ""vertical"", ""stiffness_factor_eta_k"": 2.0578, ""damping_factor_eta_c"": 1.0}]"
v2n062_seed31462434_v200_coupled_fastener_subgrade_partial_overlap,31462434,200,train,coupled_fastener_subgrade_partial_overlap,v2_seed31462434,"[{""type"": ""fastener_failure"", ""label"": ""fastener_eta"", ""start_m"": 233.4, ""count"": 2, ""side"": ""right"", ""directions"": ""both"", ""stiffness_factor_eta_k"": 1.1, ""damping_factor_eta_c"": 1.0}, {""type"": ""subgrade_condition"", ""label"": ""subgrade_softened"", ""start_m"": 234.0, ""count"": 40, ""side"": ""both"", ""directions"": ""vertical"", ""stiffness_factor_eta_k"": 0.8136, ""damping_factor_eta_c"": 1.0}]"
v2n062_seed31462434_v200_coupled_ballast_sleeper_void_separate,31462434,200,train,coupled_ballast_sleeper_void_separate,v2_seed31462434,"[{""type"": ""ballast_condition"", ""label"": ""ballast_hardened"", ""start_m"": 213.6, ""count"": 8, ""side"": ""right"", ""directions"": ""vertical"", ""stiffness_factor_eta_k"": 6.6773, ""damping_factor_eta_c"": 1.0}, {""type"": ""sleeper_void"", ""label"": ""sleeper_void"", ""start_m"": 237.6, ""count"": 20, ""side"": ""right"", ""directions"": ""vertical"", ""delta_gap_mm"": 0.806}]"
v2n062_seed31462434_v250_baseline,31462434,250,train,baseline,v2_seed31462434,[]
v2n062_seed31462434_v250_sleeper_void,31462434,250,train,sleeper_void,v2_seed31462434,"[{""type"": ""sleeper_void"", ""label"": ""sleeper_void"", ""start_m"": 182.4, ""count"": 20, ""side"": ""left"", ""directions"": ""vertical"", ""delta_gap_mm"": 1.968}]"
v2n062_seed31462434_v250_coupled_fastener_subgrade_partial_overlap,31462434,250,train,coupled_fastener_subgrade_partial_overlap,v2_seed31462434,"[{""type"": ""fastener_failure"", ""label"": ""fastener_eta"", ""start_m"": 233.4, ""count"": 2, ""side"": ""right"", ""directions"": ""both"", ""stiffness_factor_eta_k"": 1.1, ""damping_factor_eta_c"": 1.0}, {""type"": ""subgrade_condition"", ""label"": ""subgrade_softened"", ""start_m"": 234.0, ""count"": 40, ""side"": ""both"", ""directions"": ""vertical"", ""stiffness_factor_eta_k"": 0.8136, ""damping_factor_eta_c"": 1.0}]"
v2n063_seed43026713_v215_baseline,43026713,215,train,baseline,v2_seed43026713,[]
v2n063_seed43026713_v215_fastener,43026713,215,train,fastener,v2_seed43026713,"[{""type"": ""fastener_failure"", ""label"": ""fastener_eta"", ""start_m"": 202.8, ""count"": 20, ""side"": ""both"", ""directions"": ""both"", ""stiffness_factor_eta_k"": 0.95, ""damping_factor_eta_c"": 1.0}]"
v2n063_seed43026713_v215_sleeper_void,43026713,215,train,sleeper_void,v2_seed43026713,"[{""type"": ""sleeper_void"", ""label"": ""sleeper_void"", ""start_m"": 169.2, ""count"": 1, ""side"": ""right"", ""directions"": ""vertical"", ""delta_gap_mm"": 2.232}]"
v2n063_seed43026713_v215_ballast,43026713,215,train,ballast,v2_seed43026713,"[{""type"": ""ballast_condition"", ""label"": ""ballast_hardened"", ""start_m"": 253.2, ""count"": 5, ""side"": ""left"", ""directions"": ""vertical"", ""stiffness_factor_eta_k"": 2.9105, ""damping_factor_eta_c"": 1.0}]"
v2n063_seed43026713_v215_subgrade,43026713,215,train,subgrade,v2_seed43026713,"[{""type"": ""subgrade_condition"", ""label"": ""subgrade_hardened"", ""start_m"": 165.6, ""count"": 8, ""side"": ""both"", ""directions"": ""vertical"", ""stiffness_factor_eta_k"": 5.4963, ""damping_factor_eta_c"": 1.0}]"
v2n063_seed43026713_v215_coupled_ballast_subgrade_separate,43026713,215,train,coupled_ballast_subgrade_separate,v2_seed43026713,"[{""type"": ""ballast_condition"", ""label"": ""ballast_hardened"", ""start_m"": 223.2, ""count"": 8, ""side"": ""right"", ""directions"": ""vertical"", ""stiffness_factor_eta_k"": 6.522, ""damping_factor_eta_c"": 1.0}, {""type"": ""subgrade_condition"", ""label"": ""subgrade_hardened"", ""start_m"": 283.2, ""count"": 80, ""side"": ""left"", ""directions"": ""vertical"", ""stiffness_factor_eta_k"": 1.2327, ""damping_factor_eta_c"": 1.0}]"
v2n063_seed43026713_v215_coupled_subgrade_sleeper_void_overlap,43026713,215,train,coupled_subgrade_sleeper_void_overlap,v2_seed43026713,"[{""type"": ""subgrade_condition"", ""label"": ""subgrade_softened"", ""start_m"": 217.2, ""count"": 12, ""side"": ""left"", ""directions"": ""vertical"", ""stiffness_factor_eta_k"": 0.135, ""damping_factor_eta_c"": 1.0}, {""type"": ""sleeper_void"", ""label"": ""sleeper_void"", ""start_m"": 217.2, ""count"": 1, ""side"": ""both"", ""directions"": ""vertical"", ""delta_gap_mm"": 1.756}]"
v2n063_seed43026713_v250_baseline,43026713,250,train,baseline,v2_seed43026713,[]
v2n063_seed43026713_v250_ballast,43026713,250,train,ballast,v2_seed43026713,"[{""type"": ""ballast_condition"", ""label"": ""ballast_hardened"", ""start_m"": 253.2, ""count"": 5, ""side"": ""left"", ""directions"": ""vertical"", ""stiffness_factor_eta_k"": 2.9105, ""damping_factor_eta_c"": 1.0}]"
v2n063_seed43026713_v250_coupled_ballast_subgrade_separate,43026713,250,train,coupled_ballast_subgrade_separate,v2_seed43026713,"[{""type"": ""ballast_condition"", ""label"": ""ballast_hardened"", ""start_m"": 223.2, ""count"": 8, ""side"": ""right"", ""directions"": ""vertical"", ""stiffness_factor_eta_k"": 6.522, ""damping_factor_eta_c"": 1.0}, {""type"": ""subgrade_condition"", ""label"": ""subgrade_hardened"", ""start_m"": 283.2, ""count"": 80, ""side"": ""left"", ""directions"": ""vertical"", ""stiffness_factor_eta_k"": 1.2327, ""damping_factor_eta_c"": 1.0}]"
v2n064_seed61457198_v250_baseline,61457198,250,train,baseline,v2_seed61457198,[]
v2n064_seed61457198_v250_fastener,61457198,250,train,fastener,v2_seed61457198,"[{""type"": ""fastener_failure"", ""label"": ""fastener_eta"", ""start_m"": 277.2, ""count"": 1, ""side"": ""left"", ""directions"": ""both"", ""stiffness_factor_eta_k"": 1.05, ""damping_factor_eta_c"": 1.0}]"
v2n064_seed61457198_v250_sleeper_void,61457198,250,train,sleeper_void,v2_seed61457198,"[{""type"": ""sleeper_void"", ""label"": ""sleeper_void"", ""start_m"": 240.0, ""count"": 2, ""side"": ""both"", ""directions"": ""vertical"", ""delta_gap_mm"": 0.221}]"
v2n064_seed61457198_v250_ballast,61457198,250,train,ballast,v2_seed61457198,"[{""type"": ""ballast_condition"", ""label"": ""ballast_hardened"", ""start_m"": 259.2, ""count"": 8, ""side"": ""right"", ""directions"": ""vertical"", ""stiffness_factor_eta_k"": 3.7148, ""damping_factor_eta_c"": 1.0}]"
v2n064_seed61457198_v250_subgrade,61457198,250,train,subgrade,v2_seed61457198,"[{""type"": ""subgrade_condition"", ""label"": ""subgrade_softened"", ""start_m"": 264.0, ""count"": 12, ""side"": ""left"", ""directions"": ""vertical"", ""stiffness_factor_eta_k"": 0.215, ""damping_factor_eta_c"": 1.0}]"
v2n064_seed61457198_v250_coupled_fastener_ballast_overlap,61457198,250,train,coupled_fastener_ballast_overlap,v2_seed61457198,"[{""type"": ""fastener_failure"", ""label"": ""fastener_eta"", ""start_m"": 237.6, ""count"": 5, ""side"": ""left"", ""directions"": ""both"", ""stiffness_factor_eta_k"": 0.0, ""damping_factor_eta_c"": 1.0}, {""type"": ""ballast_condition"", ""label"": ""ballast_hardened"", ""start_m"": 237.6, ""count"": 3, ""side"": ""left"", ""directions"": ""vertical"", ""stiffness_factor_eta_k"": 1.8258, ""damping_factor_eta_c"": 1.0}]"
v2n064_seed61457198_v250_coupled_fastener_sleeper_void_partial_overlap,61457198,250,train,coupled_fastener_sleeper_void_partial_overlap,v2_seed61457198,"[{""type"": ""fastener_failure"", ""label"": ""fastener_eta"", ""start_m"": 237.6, ""count"": 8, ""side"": ""right"", ""directions"": ""both"", ""stiffness_factor_eta_k"": 0.1, ""damping_factor_eta_c"": 1.0}, {""type"": ""sleeper_void"", ""label"": ""sleeper_void"", ""start_m"": 238.2, ""count"": 2, ""side"": ""left"", ""directions"": ""vertical"", ""delta_gap_mm"": 3.276}]"
v2n064_seed61457198_v200_baseline,61457198,200,train,baseline,v2_seed61457198,[]
v2n064_seed61457198_v200_subgrade,61457198,200,train,subgrade,v2_seed61457198,"[{""type"": ""subgrade_condition"", ""label"": ""subgrade_softened"", ""start_m"": 264.0, ""count"": 12, ""side"": ""left"", ""directions"": ""vertical"", ""stiffness_factor_eta_k"": 0.215, ""damping_factor_eta_c"": 1.0}]"
v2n064_seed61457198_v200_coupled_fastener_ballast_overlap,61457198,200,train,coupled_fastener_ballast_overlap,v2_seed61457198,"[{""type"": ""fastener_failure"", ""label"": ""fastener_eta"", ""start_m"": 237.6, ""count"": 5, ""side"": ""left"", ""directions"": ""both"", ""stiffness_factor_eta_k"": 0.0, ""damping_factor_eta_c"": 1.0}, {""type"": ""ballast_condition"", ""label"": ""ballast_hardened"", ""start_m"": 237.6, ""count"": 3, ""side"": ""left"", ""directions"": ""vertical"", ""stiffness_factor_eta_k"": 1.8258, ""damping_factor_eta_c"": 1.0}]"
v2n065_seed19128270_v160_baseline,19128270,160,test,baseline,v2_seed19128270,[]
v2n065_seed19128270_v160_fastener,19128270,160,test,fastener,v2_seed19128270,"[{""type"": ""fastener_failure"", ""label"": ""fastener_eta"", ""start_m"": 291.0, ""count"": 2, ""side"": ""right"", ""directions"": ""both"", ""stiffness_factor_eta_k"": 1.1, ""damping_factor_eta_c"": 1.0}]"
v2n065_seed19128270_v160_sleeper_void,19128270,160,test,sleeper_void,v2_seed19128270,"[{""type"": ""sleeper_void"", ""label"": ""sleeper_void"", ""start_m"": 158.4, ""count"": 3, ""side"": ""left"", ""directions"": ""vertical"", ""delta_gap_mm"": 0.632}]"
v2n065_seed19128270_v160_ballast,19128270,160,test,ballast,v2_seed19128270,"[{""type"": ""ballast_condition"", ""label"": ""ballast_softened"", ""start_m"": 211.2, ""count"": 12, ""side"": ""both"", ""directions"": ""vertical"", ""stiffness_factor_eta_k"": 0.1057, ""damping_factor_eta_c"": 1.0}]"
v2n065_seed19128270_v160_subgrade,19128270,160,test,subgrade,v2_seed19128270,"[{""type"": ""subgrade_condition"", ""label"": ""subgrade_softened"", ""start_m"": 154.8, ""count"": 20, ""side"": ""right"", ""directions"": ""vertical"", ""stiffness_factor_eta_k"": 0.6439, ""damping_factor_eta_c"": 1.0}]"
v2n065_seed19128270_v160_coupled_fastener_subgrade_partial_overlap,19128270,160,test,coupled_fastener_subgrade_partial_overlap,v2_seed19128270,"[{""type"": ""fastener_failure"", ""label"": ""fastener_eta"", ""start_m"": 202.2, ""count"": 8, ""side"": ""right"", ""directions"": ""both"", ""stiffness_factor_eta_k"": 0.1, ""damping_factor_eta_c"": 1.0}, {""type"": ""subgrade_condition"", ""label"": ""subgrade_hardened"", ""start_m"": 203.4, ""count"": 5, ""side"": ""both"", ""directions"": ""vertical"", ""stiffness_factor_eta_k"": 5.4602, ""damping_factor_eta_c"": 1.0}]"
v2n065_seed19128270_v160_coupled_ballast_sleeper_void_separate,19128270,160,test,coupled_ballast_sleeper_void_separate,v2_seed19128270,"[{""type"": ""ballast_condition"", ""label"": ""ballast_softened"", ""start_m"": 201.6, ""count"": 40, ""side"": ""right"", ""directions"": ""vertical"", ""stiffness_factor_eta_k"": 0.9246, ""damping_factor_eta_c"": 1.0}, {""type"": ""sleeper_void"", ""label"": ""sleeper_void"", ""start_m"": 237.6, ""count"": 3, ""side"": ""right"", ""directions"": ""vertical"", ""delta_gap_mm"": 0.422}]"
v2n065_seed19128270_v200_baseline,19128270,200,test,baseline,v2_seed19128270,[]
v2n065_seed19128270_v200_fastener,19128270,200,test,fastener,v2_seed19128270,"[{""type"": ""fastener_failure"", ""label"": ""fastener_eta"", ""start_m"": 291.0, ""count"": 2, ""side"": ""right"", ""directions"": ""both"", ""stiffness_factor_eta_k"": 1.1, ""damping_factor_eta_c"": 1.0}]"
v2n065_seed19128270_v200_coupled_fastener_subgrade_partial_overlap,19128270,200,test,coupled_fastener_subgrade_partial_overlap,v2_seed19128270,"[{""type"": ""fastener_failure"", ""label"": ""fastener_eta"", ""start_m"": 202.2, ""count"": 8, ""side"": ""right"", ""directions"": ""both"", ""stiffness_factor_eta_k"": 0.1, ""damping_factor_eta_c"": 1.0}, {""type"": ""subgrade_condition"", ""label"": ""subgrade_hardened"", ""start_m"": 203.4, ""count"": 5, ""side"": ""both"", ""directions"": ""vertical"", ""stiffness_factor_eta_k"": 5.4602, ""damping_factor_eta_c"": 1.0}]"
v2n066_seed82322596_v200_baseline,82322596,200,train,baseline,v2_seed82322596,[]
v2n066_seed82322596_v200_fastener,82322596,200,train,fastener,v2_seed82322596,"[{""type"": ""fastener_failure"", ""label"": ""fastener_eta"", ""start_m"": 292.2, ""count"": 3, ""side"": ""both"", ""directions"": ""both"", ""stiffness_factor_eta_k"": 1.25, ""damping_factor_eta_c"": 1.0}]"
v2n066_seed82322596_v200_sleeper_void,82322596,200,train,sleeper_void,v2_seed82322596,"[{""type"": ""sleeper_void"", ""label"": ""sleeper_void"", ""start_m"": 195.0, ""count"": 5, ""side"": ""right"", ""directions"": ""vertical"", ""delta_gap_mm"": 1.07}]"
v2n066_seed82322596_v200_ballast,82322596,200,train,ballast,v2_seed82322596,"[{""type"": ""ballast_condition"", ""label"": ""ballast_softened"", ""start_m"": 189.0, ""count"": 20, ""side"": ""left"", ""directions"": ""vertical"", ""stiffness_factor_eta_k"": 0.691, ""damping_factor_eta_c"": 1.0}]"
v2n066_seed82322596_v200_subgrade,82322596,200,train,subgrade,v2_seed82322596,"[{""type"": ""subgrade_condition"", ""label"": ""subgrade_softened"", ""start_m"": 252.0, ""count"": 40, ""side"": ""both"", ""directions"": ""vertical"", ""stiffness_factor_eta_k"": 0.7821, ""damping_factor_eta_c"": 1.0}]"
v2n066_seed82322596_v200_coupled_ballast_subgrade_separate,82322596,200,train,coupled_ballast_subgrade_separate,v2_seed82322596,"[{""type"": ""ballast_condition"", ""label"": ""ballast_softened"", ""start_m"": 234.0, ""count"": 40, ""side"": ""right"", ""directions"": ""vertical"", ""stiffness_factor_eta_k"": 0.731, ""damping_factor_eta_c"": 1.0}, {""type"": ""subgrade_condition"", ""label"": ""subgrade_softened"", ""start_m"": 270.0, ""count"": 8, ""side"": ""left"", ""directions"": ""vertical"", ""stiffness_factor_eta_k"": 0.2756, ""damping_factor_eta_c"": 1.0}]"
v2n066_seed82322596_v200_coupled_subgrade_sleeper_void_overlap,82322596,200,train,coupled_subgrade_sleeper_void_overlap,v2_seed82322596,"[{""type"": ""subgrade_condition"", ""label"": ""subgrade_hardened"", ""start_m"": 206.4, ""count"": 80, ""side"": ""left"", ""directions"": ""vertical"", ""stiffness_factor_eta_k"": 1.0645, ""damping_factor_eta_c"": 1.0}, {""type"": ""sleeper_void"", ""label"": ""sleeper_void"", ""start_m"": 206.4, ""count"": 5, ""side"": ""both"", ""directions"": ""vertical"", ""delta_gap_mm"": 0.761}]"
v2n066_seed82322596_v250_baseline,82322596,250,train,baseline,v2_seed82322596,[]
v2n066_seed82322596_v250_sleeper_void,82322596,250,train,sleeper_void,v2_seed82322596,"[{""type"": ""sleeper_void"", ""label"": ""sleeper_void"", ""start_m"": 195.0, ""count"": 5, ""side"": ""right"", ""directions"": ""vertical"", ""delta_gap_mm"": 1.07}]"
v2n066_seed82322596_v250_coupled_ballast_subgrade_separate,82322596,250,train,coupled_ballast_subgrade_separate,v2_seed82322596,"[{""type"": ""ballast_condition"", ""label"": ""ballast_softened"", ""start_m"": 234.0, ""count"": 40, ""side"": ""right"", ""directions"": ""vertical"", ""stiffness_factor_eta_k"": 0.731, ""damping_factor_eta_c"": 1.0}, {""type"": ""subgrade_condition"", ""label"": ""subgrade_softened"", ""start_m"": 270.0, ""count"": 8, ""side"": ""left"", ""directions"": ""vertical"", ""stiffness_factor_eta_k"": 0.2756, ""damping_factor_eta_c"": 1.0}]"
v2n067_seed92820677_v215_baseline,92820677,215,train,baseline,v2_seed92820677,[]
v2n067_seed92820677_v215_fastener,92820677,215,train,fastener,v2_seed92820677,"[{""type"": ""fastener_failure"", ""label"": ""fastener_eta"", ""start_m"": 268.8, ""count"": 5, ""side"": ""left"", ""directions"": ""both"", ""stiffness_factor_eta_k"": 0.0, ""damping_factor_eta_c"": 1.0}]"
v2n067_seed92820677_v215_sleeper_void,92820677,215,train,sleeper_void,v2_seed92820677,"[{""type"": ""sleeper_void"", ""label"": ""sleeper_void"", ""start_m"": 298.2, ""count"": 8, ""side"": ""both"", ""directions"": ""vertical"", ""delta_gap_mm"": 3.083}]"
v2n067_seed92820677_v215_ballast,92820677,215,train,ballast,v2_seed92820677,"[{""type"": ""ballast_condition"", ""label"": ""ballast_softened"", ""start_m"": 208.8, ""count"": 40, ""side"": ""right"", ""directions"": ""vertical"", ""stiffness_factor_eta_k"": 0.9041, ""damping_factor_eta_c"": 1.0}]"
v2n067_seed92820677_v215_subgrade,92820677,215,train,subgrade,v2_seed92820677,"[{""type"": ""subgrade_condition"", ""label"": ""subgrade_hardened"", ""start_m"": 243.0, ""count"": 80, ""side"": ""left"", ""directions"": ""vertical"", ""stiffness_factor_eta_k"": 1.2532, ""damping_factor_eta_c"": 1.0}]"
v2n067_seed92820677_v215_coupled_fastener_ballast_overlap,92820677,215,train,coupled_fastener_ballast_overlap,v2_seed92820677,"[{""type"": ""fastener_failure"", ""label"": ""fastener_eta"", ""start_m"": 210.0, ""count"": 20, ""side"": ""left"", ""directions"": ""both"", ""stiffness_factor_eta_k"": 0.5, ""damping_factor_eta_c"": 1.0}, {""type"": ""ballast_condition"", ""label"": ""ballast_softened"", ""start_m"": 210.0, ""count"": 12, ""side"": ""left"", ""directions"": ""vertical"", ""stiffness_factor_eta_k"": 0.6513, ""damping_factor_eta_c"": 1.0}]"
v2n067_seed92820677_v215_coupled_fastener_sleeper_void_partial_overlap,92820677,215,train,coupled_fastener_sleeper_void_partial_overlap,v2_seed92820677,"[{""type"": ""fastener_failure"", ""label"": ""fastener_eta"", ""start_m"": 191.4, ""count"": 1, ""side"": ""right"", ""directions"": ""both"", ""stiffness_factor_eta_k"": 0.75, ""damping_factor_eta_c"": 1.0}, {""type"": ""sleeper_void"", ""label"": ""sleeper_void"", ""start_m"": 192.0, ""count"": 8, ""side"": ""left"", ""directions"": ""vertical"", ""delta_gap_mm"": 1.602}]"
v2n067_seed92820677_v250_baseline,92820677,250,train,baseline,v2_seed92820677,[]
v2n067_seed92820677_v250_ballast,92820677,250,train,ballast,v2_seed92820677,"[{""type"": ""ballast_condition"", ""label"": ""ballast_softened"", ""start_m"": 208.8, ""count"": 40, ""side"": ""right"", ""directions"": ""vertical"", ""stiffness_factor_eta_k"": 0.9041, ""damping_factor_eta_c"": 1.0}]"
v2n067_seed92820677_v250_coupled_fastener_ballast_overlap,92820677,250,train,coupled_fastener_ballast_overlap,v2_seed92820677,"[{""type"": ""fastener_failure"", ""label"": ""fastener_eta"", ""start_m"": 210.0, ""count"": 20, ""side"": ""left"", ""directions"": ""both"", ""stiffness_factor_eta_k"": 0.5, ""damping_factor_eta_c"": 1.0}, {""type"": ""ballast_condition"", ""label"": ""ballast_softened"", ""start_m"": 210.0, ""count"": 12, ""side"": ""left"", ""directions"": ""vertical"", ""stiffness_factor_eta_k"": 0.6513, ""damping_factor_eta_c"": 1.0}]"
v2n068_seed70854812_v250_baseline,70854812,250,train,baseline,v2_seed70854812,[]
v2n068_seed70854812_v250_fastener,70854812,250,train,fastener,v2_seed70854812,"[{""type"": ""fastener_failure"", ""label"": ""fastener_eta"", ""start_m"": 172.2, ""count"": 8, ""side"": ""right"", ""directions"": ""both"", ""stiffness_factor_eta_k"": 0.1, ""damping_factor_eta_c"": 1.0}]"
v2n068_seed70854812_v250_sleeper_void,70854812,250,train,sleeper_void,v2_seed70854812,"[{""type"": ""sleeper_void"", ""label"": ""sleeper_void"", ""start_m"": 247.8, ""count"": 12, ""side"": ""left"", ""directions"": ""vertical"", ""delta_gap_mm"": 0.247}]"
v2n068_seed70854812_v250_ballast,70854812,250,train,ballast,v2_seed70854812,"[{""type"": ""ballast_condition"", ""label"": ""ballast_hardened"", ""start_m"": 232.2, ""count"": 80, ""side"": ""both"", ""directions"": ""vertical"", ""stiffness_factor_eta_k"": 1.155, ""damping_factor_eta_c"": 1.0}]"
v2n068_seed70854812_v250_subgrade,70854812,250,train,subgrade,v2_seed70854812,"[{""type"": ""subgrade_condition"", ""label"": ""subgrade_hardened"", ""start_m"": 224.4, ""count"": 3, ""side"": ""right"", ""directions"": ""vertical"", ""stiffness_factor_eta_k"": 2.8285, ""damping_factor_eta_c"": 1.0}]"
v2n068_seed70854812_v250_coupled_fastener_subgrade_partial_overlap,70854812,250,train,coupled_fastener_subgrade_partial_overlap,v2_seed70854812,"[{""type"": ""fastener_failure"", ""label"": ""fastener_eta"", ""start_m"": 204.0, ""count"": 1, ""side"": ""right"", ""directions"": ""both"", ""stiffness_factor_eta_k"": 0.75, ""damping_factor_eta_c"": 1.0}, {""type"": ""subgrade_condition"", ""label"": ""subgrade_softened"", ""start_m"": 204.6, ""count"": 20, ""side"": ""both"", ""directions"": ""vertical"", ""stiffness_factor_eta_k"": 0.7087, ""damping_factor_eta_c"": 1.0}]"
v2n068_seed70854812_v250_coupled_ballast_sleeper_void_separate,70854812,250,train,coupled_ballast_sleeper_void_separate,v2_seed70854812,"[{""type"": ""ballast_condition"", ""label"": ""ballast_hardened"", ""start_m"": 203.4, ""count"": 5, ""side"": ""right"", ""directions"": ""vertical"", ""stiffness_factor_eta_k"": 4.6384, ""damping_factor_eta_c"": 1.0}, {""type"": ""sleeper_void"", ""label"": ""sleeper_void"", ""start_m"": 222.6, ""count"": 12, ""side"": ""right"", ""directions"": ""vertical"", ""delta_gap_mm"": 3.06}]"
v2n068_seed70854812_v200_baseline,70854812,200,train,baseline,v2_seed70854812,[]
v2n068_seed70854812_v200_subgrade,70854812,200,train,subgrade,v2_seed70854812,"[{""type"": ""subgrade_condition"", ""label"": ""subgrade_hardened"", ""start_m"": 224.4, ""count"": 3, ""side"": ""right"", ""directions"": ""vertical"", ""stiffness_factor_eta_k"": 2.8285, ""damping_factor_eta_c"": 1.0}]"
v2n068_seed70854812_v200_coupled_fastener_subgrade_partial_overlap,70854812,200,train,coupled_fastener_subgrade_partial_overlap,v2_seed70854812,"[{""type"": ""fastener_failure"", ""label"": ""fastener_eta"", ""start_m"": 204.0, ""count"": 1, ""side"": ""right"", ""directions"": ""both"", ""stiffness_factor_eta_k"": 0.75, ""damping_factor_eta_c"": 1.0}, {""type"": ""subgrade_condition"", ""label"": ""subgrade_softened"", ""start_m"": 204.6, ""count"": 20, ""side"": ""both"", ""directions"": ""vertical"", ""stiffness_factor_eta_k"": 0.7087, ""damping_factor_eta_c"": 1.0}]"
v2n069_seed74368410_v160_baseline,74368410,160,test,baseline,v2_seed74368410,[]
v2n069_seed74368410_v160_fastener,74368410,160,test,fastener,v2_seed74368410,"[{""type"": ""fastener_failure"", ""label"": ""fastener_eta"", ""start_m"": 157.8, ""count"": 12, ""side"": ""both"", ""directions"": ""both"", ""stiffness_factor_eta_k"": 0.25, ""damping_factor_eta_c"": 1.0}]"
v2n069_seed74368410_v160_sleeper_void,74368410,160,test,sleeper_void,v2_seed74368410,"[{""type"": ""sleeper_void"", ""label"": ""sleeper_void"", ""start_m"": 234.6, ""count"": 20, ""side"": ""right"", ""directions"": ""vertical"", ""delta_gap_mm"": 0.837}]"
v2n069_seed74368410_v160_ballast,74368410,160,test,ballast,v2_seed74368410,"[{""type"": ""ballast_condition"", ""label"": ""ballast_hardened"", ""start_m"": 166.8, ""count"": 3, ""side"": ""left"", ""directions"": ""vertical"", ""stiffness_factor_eta_k"": 1.5498, ""damping_factor_eta_c"": 1.0}]"
v2n069_seed74368410_v160_subgrade,74368410,160,test,subgrade,v2_seed74368410,"[{""type"": ""subgrade_condition"", ""label"": ""subgrade_hardened"", ""start_m"": 180.6, ""count"": 5, ""side"": ""both"", ""directions"": ""vertical"", ""stiffness_factor_eta_k"": 4.9083, ""damping_factor_eta_c"": 1.0}]"
v2n069_seed74368410_v160_coupled_ballast_subgrade_separate,74368410,160,test,coupled_ballast_subgrade_separate,v2_seed74368410,"[{""type"": ""ballast_condition"", ""label"": ""ballast_hardened"", ""start_m"": 232.8, ""count"": 5, ""side"": ""right"", ""directions"": ""vertical"", ""stiffness_factor_eta_k"": 6.3682, ""damping_factor_eta_c"": 1.0}, {""type"": ""subgrade_condition"", ""label"": ""subgrade_hardened"", ""start_m"": 268.8, ""count"": 40, ""side"": ""left"", ""directions"": ""vertical"", ""stiffness_factor_eta_k"": 1.2361, ""damping_factor_eta_c"": 1.0}]"
v2n069_seed74368410_v160_coupled_subgrade_sleeper_void_overlap,74368410,160,test,coupled_subgrade_sleeper_void_overlap,v2_seed74368410,"[{""type"": ""subgrade_condition"", ""label"": ""subgrade_softened"", ""start_m"": 214.8, ""count"": 8, ""side"": ""left"", ""directions"": ""vertical"", ""stiffness_factor_eta_k"": 0.2225, ""damping_factor_eta_c"": 1.0}, {""type"": ""sleeper_void"", ""label"": ""sleeper_void"", ""start_m"": 214.8, ""count"": 20, ""side"": ""both"", ""directions"": ""vertical"", ""delta_gap_mm"": 0.265}]"
v2n069_seed74368410_v200_baseline,74368410,200,test,baseline,v2_seed74368410,[]
v2n069_seed74368410_v200_fastener,74368410,200,test,fastener,v2_seed74368410,"[{""type"": ""fastener_failure"", ""label"": ""fastener_eta"", ""start_m"": 157.8, ""count"": 12, ""side"": ""both"", ""directions"": ""both"", ""stiffness_factor_eta_k"": 0.25, ""damping_factor_eta_c"": 1.0}]"
v2n069_seed74368410_v200_coupled_ballast_subgrade_separate,74368410,200,test,coupled_ballast_subgrade_separate,v2_seed74368410,"[{""type"": ""ballast_condition"", ""label"": ""ballast_hardened"", ""start_m"": 232.8, ""count"": 5, ""side"": ""right"", ""directions"": ""vertical"", ""stiffness_factor_eta_k"": 6.3682, ""damping_factor_eta_c"": 1.0}, {""type"": ""subgrade_condition"", ""label"": ""subgrade_hardened"", ""start_m"": 268.8, ""count"": 40, ""side"": ""left"", ""directions"": ""vertical"", ""stiffness_factor_eta_k"": 1.2361, ""damping_factor_eta_c"": 1.0}]"
v2n070_seed82361166_v200_baseline,82361166,200,train,baseline,v2_seed82361166,[]
v2n070_seed82361166_v200_fastener,82361166,200,train,fastener,v2_seed82361166,"[{""type"": ""fastener_failure"", ""label"": ""fastener_eta"", ""start_m"": 158.4, ""count"": 20, ""side"": ""left"", ""directions"": ""both"", ""stiffness_factor_eta_k"": 0.5, ""damping_factor_eta_c"": 1.0}]"
v2n070_seed82361166_v200_sleeper_void,82361166,200,train,sleeper_void,v2_seed82361166,"[{""type"": ""sleeper_void"", ""label"": ""sleeper_void"", ""start_m"": 223.2, ""count"": 1, ""side"": ""both"", ""directions"": ""vertical"", ""delta_gap_mm"": 1.824}]"
v2n070_seed82361166_v200_ballast,82361166,200,train,ballast,v2_seed82361166,"[{""type"": ""ballast_condition"", ""label"": ""ballast_hardened"", ""start_m"": 283.2, ""count"": 5, ""side"": ""right"", ""directions"": ""vertical"", ""stiffness_factor_eta_k"": 3.216, ""damping_factor_eta_c"": 1.0}]"
v2n070_seed82361166_v200_subgrade,82361166,200,train,subgrade,v2_seed82361166,"[{""type"": ""subgrade_condition"", ""label"": ""subgrade_softened"", ""start_m"": 271.2, ""count"": 8, ""side"": ""left"", ""directions"": ""vertical"", ""stiffness_factor_eta_k"": 0.1946, ""damping_factor_eta_c"": 1.0}]"
v2n070_seed82361166_v200_coupled_fastener_ballast_overlap,82361166,200,train,coupled_fastener_ballast_overlap,v2_seed82361166,"[{""type"": ""fastener_failure"", ""label"": ""fastener_eta"", ""start_m"": 209.4, ""count"": 3, ""side"": ""left"", ""directions"": ""both"", ""stiffness_factor_eta_k"": 0.9, ""damping_factor_eta_c"": 1.0}, {""type"": ""ballast_condition"", ""label"": ""ballast_hardened"", ""start_m"": 209.4, ""count"": 80, ""side"": ""left"", ""directions"": ""vertical"", ""stiffness_factor_eta_k"": 2.3494, ""damping_factor_eta_c"": 1.0}]"
v2n070_seed82361166_v200_coupled_fastener_sleeper_void_partial_overlap,82361166,200,train,coupled_fastener_sleeper_void_partial_overlap,v2_seed82361166,"[{""type"": ""fastener_failure"", ""label"": ""fastener_eta"", ""start_m"": 204.6, ""count"": 5, ""side"": ""right"", ""directions"": ""both"", ""stiffness_factor_eta_k"": 0.95, ""damping_factor_eta_c"": 1.0}, {""type"": ""sleeper_void"", ""label"": ""sleeper_void"", ""start_m"": 205.2, ""count"": 1, ""side"": ""left"", ""directions"": ""vertical"", ""delta_gap_mm"": 0.944}]"
v2n070_seed82361166_v250_baseline,82361166,250,train,baseline,v2_seed82361166,[]
v2n070_seed82361166_v250_sleeper_void,82361166,250,train,sleeper_void,v2_seed82361166,"[{""type"": ""sleeper_void"", ""label"": ""sleeper_void"", ""start_m"": 223.2, ""count"": 1, ""side"": ""both"", ""directions"": ""vertical"", ""delta_gap_mm"": 1.824}]"
v2n070_seed82361166_v250_coupled_fastener_ballast_overlap,82361166,250,train,coupled_fastener_ballast_overlap,v2_seed82361166,"[{""type"": ""fastener_failure"", ""label"": ""fastener_eta"", ""start_m"": 209.4, ""count"": 3, ""side"": ""left"", ""directions"": ""both"", ""stiffness_factor_eta_k"": 0.9, ""damping_factor_eta_c"": 1.0}, {""type"": ""ballast_condition"", ""label"": ""ballast_hardened"", ""start_m"": 209.4, ""count"": 80, ""side"": ""left"", ""directions"": ""vertical"", ""stiffness_factor_eta_k"": 2.3494, ""damping_factor_eta_c"": 1.0}]"
v2n071_seed46944694_v215_baseline,46944694,215,test,baseline,v2_seed46944694,[]
v2n071_seed46944694_v215_fastener,46944694,215,test,fastener,v2_seed46944694,"[{""type"": ""fastener_failure"", ""label"": ""fastener_eta"", ""start_m"": 194.4, ""count"": 1, ""side"": ""right"", ""directions"": ""both"", ""stiffness_factor_eta_k"": 0.75, ""damping_factor_eta_c"": 1.0}]"
v2n071_seed46944694_v215_sleeper_void,46944694,215,test,sleeper_void,v2_seed46944694,"[{""type"": ""sleeper_void"", ""label"": ""sleeper_void"", ""start_m"": 258.0, ""count"": 2, ""side"": ""left"", ""directions"": ""vertical"", ""delta_gap_mm"": 3.935}]"
v2n071_seed46944694_v215_ballast,46944694,215,test,ballast,v2_seed46944694,"[{""type"": ""ballast_condition"", ""label"": ""ballast_softened"", ""start_m"": 188.4, ""count"": 8, ""side"": ""both"", ""directions"": ""vertical"", ""stiffness_factor_eta_k"": 0.1831, ""damping_factor_eta_c"": 1.0}]"
v2n071_seed46944694_v215_subgrade,46944694,215,test,subgrade,v2_seed46944694,"[{""type"": ""subgrade_condition"", ""label"": ""subgrade_softened"", ""start_m"": 250.8, ""count"": 12, ""side"": ""right"", ""directions"": ""vertical"", ""stiffness_factor_eta_k"": 0.4483, ""damping_factor_eta_c"": 1.0}]"
v2n071_seed46944694_v215_coupled_fastener_subgrade_partial_overlap,46944694,215,test,coupled_fastener_subgrade_partial_overlap,v2_seed46944694,"[{""type"": ""fastener_failure"", ""label"": ""fastener_eta"", ""start_m"": 211.2, ""count"": 5, ""side"": ""right"", ""directions"": ""both"", ""stiffness_factor_eta_k"": 0.95, ""damping_factor_eta_c"": 1.0}, {""type"": ""subgrade_condition"", ""label"": ""subgrade_hardened"", ""start_m"": 211.8, ""count"": 3, ""side"": ""both"", ""directions"": ""vertical"", ""stiffness_factor_eta_k"": 3.9462, ""damping_factor_eta_c"": 1.0}]"
v2n071_seed46944694_v215_coupled_ballast_sleeper_void_separate,46944694,215,test,coupled_ballast_sleeper_void_separate,v2_seed46944694,"[{""type"": ""ballast_condition"", ""label"": ""ballast_softened"", ""start_m"": 216.0, ""count"": 20, ""side"": ""right"", ""directions"": ""vertical"", ""stiffness_factor_eta_k"": 0.9144, ""damping_factor_eta_c"": 1.0}, {""type"": ""sleeper_void"", ""label"": ""sleeper_void"", ""start_m"": 240.0, ""count"": 2, ""side"": ""right"", ""directions"": ""vertical"", ""delta_gap_mm"": 1.685}]"
v2n071_seed46944694_v250_baseline,46944694,250,test,baseline,v2_seed46944694,[]
v2n071_seed46944694_v250_ballast,46944694,250,test,ballast,v2_seed46944694,"[{""type"": ""ballast_condition"", ""label"": ""ballast_softened"", ""start_m"": 188.4, ""count"": 8, ""side"": ""both"", ""directions"": ""vertical"", ""stiffness_factor_eta_k"": 0.1831, ""damping_factor_eta_c"": 1.0}]"
v2n071_seed46944694_v250_coupled_fastener_subgrade_partial_overlap,46944694,250,test,coupled_fastener_subgrade_partial_overlap,v2_seed46944694,"[{""type"": ""fastener_failure"", ""label"": ""fastener_eta"", ""start_m"": 211.2, ""count"": 5, ""side"": ""right"", ""directions"": ""both"", ""stiffness_factor_eta_k"": 0.95, ""damping_factor_eta_c"": 1.0}, {""type"": ""subgrade_condition"", ""label"": ""subgrade_hardened"", ""start_m"": 211.8, ""count"": 3, ""side"": ""both"", ""directions"": ""vertical"", ""stiffness_factor_eta_k"": 3.9462, ""damping_factor_eta_c"": 1.0}]"
v2n072_seed84035649_v250_baseline,84035649,250,train,baseline,v2_seed84035649,[]
v2n072_seed84035649_v250_fastener,84035649,250,train,fastener,v2_seed84035649,"[{""type"": ""fastener_failure"", ""label"": ""fastener_eta"", ""start_m"": 291.0, ""count"": 2, ""side"": ""both"", ""directions"": ""both"", ""stiffness_factor_eta_k"": 0.85, ""damping_factor_eta_c"": 1.0}]"
v2n072_seed84035649_v250_sleeper_void,84035649,250,train,sleeper_void,v2_seed84035649,"[{""type"": ""sleeper_void"", ""label"": ""sleeper_void"", ""start_m"": 249.0, ""count"": 3, ""side"": ""right"", ""directions"": ""vertical"", ""delta_gap_mm"": 0.382}]"
v2n072_seed84035649_v250_ballast,84035649,250,train,ballast,v2_seed84035649,"[{""type"": ""ballast_condition"", ""label"": ""ballast_softened"", ""start_m"": 238.8, ""count"": 12, ""side"": ""left"", ""directions"": ""vertical"", ""stiffness_factor_eta_k"": 0.6749, ""damping_factor_eta_c"": 1.0}]"
v2n072_seed84035649_v250_subgrade,84035649,250,train,subgrade,v2_seed84035649,"[{""type"": ""subgrade_condition"", ""label"": ""subgrade_softened"", ""start_m"": 153.6, ""count"": 20, ""side"": ""both"", ""directions"": ""vertical"", ""stiffness_factor_eta_k"": 0.8277, ""damping_factor_eta_c"": 1.0}]"
v2n072_seed84035649_v250_coupled_ballast_subgrade_separate,84035649,250,train,coupled_ballast_subgrade_separate,v2_seed84035649,"[{""type"": ""ballast_condition"", ""label"": ""ballast_softened"", ""start_m"": 204.6, ""count"": 20, ""side"": ""right"", ""directions"": ""vertical"", ""stiffness_factor_eta_k"": 0.7587, ""damping_factor_eta_c"": 1.0}, {""type"": ""subgrade_condition"", ""label"": ""subgrade_softened"", ""start_m"": 228.6, ""count"": 5, ""side"": ""left"", ""directions"": ""vertical"", ""stiffness_factor_eta_k"": 0.2128, ""damping_factor_eta_c"": 1.0}]"
v2n072_seed84035649_v250_coupled_subgrade_sleeper_void_overlap,84035649,250,train,coupled_subgrade_sleeper_void_overlap,v2_seed84035649,"[{""type"": ""subgrade_condition"", ""label"": ""subgrade_hardened"", ""start_m"": 197.4, ""count"": 40, ""side"": ""left"", ""directions"": ""vertical"", ""stiffness_factor_eta_k"": 1.0581, ""damping_factor_eta_c"": 1.0}, {""type"": ""sleeper_void"", ""label"": ""sleeper_void"", ""start_m"": 197.4, ""count"": 3, ""side"": ""both"", ""directions"": ""vertical"", ""delta_gap_mm"": 3.825}]"
v2n072_seed84035649_v200_baseline,84035649,200,train,baseline,v2_seed84035649,[]
v2n072_seed84035649_v200_subgrade,84035649,200,train,subgrade,v2_seed84035649,"[{""type"": ""subgrade_condition"", ""label"": ""subgrade_softened"", ""start_m"": 153.6, ""count"": 20, ""side"": ""both"", ""directions"": ""vertical"", ""stiffness_factor_eta_k"": 0.8277, ""damping_factor_eta_c"": 1.0}]"
v2n072_seed84035649_v200_coupled_ballast_subgrade_separate,84035649,200,train,coupled_ballast_subgrade_separate,v2_seed84035649,"[{""type"": ""ballast_condition"", ""label"": ""ballast_softened"", ""start_m"": 204.6, ""count"": 20, ""side"": ""right"", ""directions"": ""vertical"", ""stiffness_factor_eta_k"": 0.7587, ""damping_factor_eta_c"": 1.0}, {""type"": ""subgrade_condition"", ""label"": ""subgrade_softened"", ""start_m"": 228.6, ""count"": 5, ""side"": ""left"", ""directions"": ""vertical"", ""stiffness_factor_eta_k"": 0.2128, ""damping_factor_eta_c"": 1.0}]"
v2n073_seed97755671_v160_baseline,97755671,160,train,baseline,v2_seed97755671,[]
v2n073_seed97755671_v160_fastener,97755671,160,train,fastener,v2_seed97755671,"[{""type"": ""fastener_failure"", ""label"": ""fastener_eta"", ""start_m"": 153.0, ""count"": 3, ""side"": ""left"", ""directions"": ""both"", ""stiffness_factor_eta_k"": 0.9, ""damping_factor_eta_c"": 1.0}]"
v2n073_seed97755671_v160_sleeper_void,97755671,160,train,sleeper_void,v2_seed97755671,"[{""type"": ""sleeper_void"", ""label"": ""sleeper_void"", ""start_m"": 157.2, ""count"": 5, ""side"": ""both"", ""directions"": ""vertical"", ""delta_gap_mm"": 0.519}]"
v2n073_seed97755671_v160_ballast,97755671,160,train,ballast,v2_seed97755671,"[{""type"": ""ballast_condition"", ""label"": ""ballast_softened"", ""start_m"": 241.2, ""count"": 20, ""side"": ""right"", ""directions"": ""vertical"", ""stiffness_factor_eta_k"": 0.8017, ""damping_factor_eta_c"": 1.0}]"
v2n073_seed97755671_v160_subgrade,97755671,160,train,subgrade,v2_seed97755671,"[{""type"": ""subgrade_condition"", ""label"": ""subgrade_hardened"", ""start_m"": 193.8, ""count"": 40, ""side"": ""left"", ""directions"": ""vertical"", ""stiffness_factor_eta_k"": 1.2774, ""damping_factor_eta_c"": 1.0}]"
v2n073_seed97755671_v160_coupled_fastener_ballast_overlap,97755671,160,train,coupled_fastener_ballast_overlap,v2_seed97755671,"[{""type"": ""fastener_failure"", ""label"": ""fastener_eta"", ""start_m"": 206.4, ""count"": 12, ""side"": ""left"", ""directions"": ""both"", ""stiffness_factor_eta_k"": 1.1, ""damping_factor_eta_c"": 1.0}, {""type"": ""ballast_condition"", ""label"": ""ballast_softened"", ""start_m"": 206.4, ""count"": 8, ""side"": ""left"", ""directions"": ""vertical"", ""stiffness_factor_eta_k"": 0.661, ""damping_factor_eta_c"": 1.0}]"
v2n073_seed97755671_v160_coupled_fastener_sleeper_void_partial_overlap,97755671,160,train,coupled_fastener_sleeper_void_partial_overlap,v2_seed97755671,"[{""type"": ""fastener_failure"", ""label"": ""fastener_eta"", ""start_m"": 195.6, ""count"": 20, ""side"": ""right"", ""directions"": ""both"", ""stiffness_factor_eta_k"": 1.25, ""damping_factor_eta_c"": 1.0}, {""type"": ""sleeper_void"", ""label"": ""sleeper_void"", ""start_m"": 196.8, ""count"": 5, ""side"": ""left"", ""directions"": ""vertical"", ""delta_gap_mm"": 0.367}]"
v2n073_seed97755671_v200_baseline,97755671,200,train,baseline,v2_seed97755671,[]
v2n073_seed97755671_v200_fastener,97755671,200,train,fastener,v2_seed97755671,"[{""type"": ""fastener_failure"", ""label"": ""fastener_eta"", ""start_m"": 153.0, ""count"": 3, ""side"": ""left"", ""directions"": ""both"", ""stiffness_factor_eta_k"": 0.9, ""damping_factor_eta_c"": 1.0}]"
v2n073_seed97755671_v200_coupled_fastener_ballast_overlap,97755671,200,train,coupled_fastener_ballast_overlap,v2_seed97755671,"[{""type"": ""fastener_failure"", ""label"": ""fastener_eta"", ""start_m"": 206.4, ""count"": 12, ""side"": ""left"", ""directions"": ""both"", ""stiffness_factor_eta_k"": 1.1, ""damping_factor_eta_c"": 1.0}, {""type"": ""ballast_condition"", ""label"": ""ballast_softened"", ""start_m"": 206.4, ""count"": 8, ""side"": ""left"", ""directions"": ""vertical"", ""stiffness_factor_eta_k"": 0.661, ""damping_factor_eta_c"": 1.0}]"
v2n074_seed90382674_v200_baseline,90382674,200,train,baseline,v2_seed90382674,[]
v2n074_seed90382674_v200_fastener,90382674,200,train,fastener,v2_seed90382674,"[{""type"": ""fastener_failure"", ""label"": ""fastener_eta"", ""start_m"": 299.4, ""count"": 5, ""side"": ""right"", ""directions"": ""both"", ""stiffness_factor_eta_k"": 0.95, ""damping_factor_eta_c"": 1.0}]"
v2n074_seed90382674_v200_sleeper_void,90382674,200,train,sleeper_void,v2_seed90382674,"[{""type"": ""sleeper_void"", ""label"": ""sleeper_void"", ""start_m"": 267.0, ""count"": 8, ""side"": ""left"", ""directions"": ""vertical"", ""delta_gap_mm"": 1.182}]"
v2n074_seed90382674_v200_ballast,90382674,200,train,ballast,v2_seed90382674,"[{""type"": ""ballast_condition"", ""label"": ""ballast_hardened"", ""start_m"": 225.0, ""count"": 40, ""side"": ""both"", ""directions"": ""vertical"", ""stiffness_factor_eta_k"": 1.2441, ""damping_factor_eta_c"": 1.0}]"
v2n074_seed90382674_v200_subgrade,90382674,200,train,subgrade,v2_seed90382674,"[{""type"": ""subgrade_condition"", ""label"": ""subgrade_hardened"", ""start_m"": 183.6, ""count"": 80, ""side"": ""right"", ""directions"": ""vertical"", ""stiffness_factor_eta_k"": 2.8348, ""damping_factor_eta_c"": 1.0}]"
v2n074_seed90382674_v200_coupled_fastener_subgrade_partial_overlap,90382674,200,train,coupled_fastener_subgrade_partial_overlap,v2_seed90382674,"[{""type"": ""fastener_failure"", ""label"": ""fastener_eta"", ""start_m"": 182.4, ""count"": 20, ""side"": ""right"", ""directions"": ""both"", ""stiffness_factor_eta_k"": 1.25, ""damping_factor_eta_c"": 1.0}, {""type"": ""subgrade_condition"", ""label"": ""subgrade_softened"", ""start_m"": 186.0, ""count"": 12, ""side"": ""both"", ""directions"": ""vertical"", ""stiffness_factor_eta_k"": 0.9137, ""damping_factor_eta_c"": 1.0}]"
v2n074_seed90382674_v200_coupled_ballast_sleeper_void_separate,90382674,200,train,coupled_ballast_sleeper_void_separate,v2_seed90382674,"[{""type"": ""ballast_condition"", ""label"": ""ballast_hardened"", ""start_m"": 184.8, ""count"": 3, ""side"": ""right"", ""directions"": ""vertical"", ""stiffness_factor_eta_k"": 4.9598, ""damping_factor_eta_c"": 1.0}, {""type"": ""sleeper_void"", ""label"": ""sleeper_void"", ""start_m"": 201.6, ""count"": 8, ""side"": ""right"", ""directions"": ""vertical"", ""delta_gap_mm"": 0.988}]"
v2n074_seed90382674_v250_baseline,90382674,250,train,baseline,v2_seed90382674,[]
v2n074_seed90382674_v250_sleeper_void,90382674,250,train,sleeper_void,v2_seed90382674,"[{""type"": ""sleeper_void"", ""label"": ""sleeper_void"", ""start_m"": 267.0, ""count"": 8, ""side"": ""left"", ""directions"": ""vertical"", ""delta_gap_mm"": 1.182}]"
v2n074_seed90382674_v250_coupled_fastener_subgrade_partial_overlap,90382674,250,train,coupled_fastener_subgrade_partial_overlap,v2_seed90382674,"[{""type"": ""fastener_failure"", ""label"": ""fastener_eta"", ""start_m"": 182.4, ""count"": 20, ""side"": ""right"", ""directions"": ""both"", ""stiffness_factor_eta_k"": 1.25, ""damping_factor_eta_c"": 1.0}, {""type"": ""subgrade_condition"", ""label"": ""subgrade_softened"", ""start_m"": 186.0, ""count"": 12, ""side"": ""both"", ""directions"": ""vertical"", ""stiffness_factor_eta_k"": 0.9137, ""damping_factor_eta_c"": 1.0}]"
v2n075_seed93763179_v215_baseline,93763179,215,val,baseline,v2_seed93763179,[]
v2n075_seed93763179_v215_fastener,93763179,215,val,fastener,v2_seed93763179,"[{""type"": ""fastener_failure"", ""label"": ""fastener_eta"", ""start_m"": 251.4, ""count"": 8, ""side"": ""both"", ""directions"": ""both"", ""stiffness_factor_eta_k"": 1.05, ""damping_factor_eta_c"": 1.0}]"
v2n075_seed93763179_v215_sleeper_void,93763179,215,val,sleeper_void,v2_seed93763179,"[{""type"": ""sleeper_void"", ""label"": ""sleeper_void"", ""start_m"": 202.2, ""count"": 12, ""side"": ""right"", ""directions"": ""vertical"", ""delta_gap_mm"": 3.21}]"
v2n075_seed93763179_v215_ballast,93763179,215,val,ballast,v2_seed93763179,"[{""type"": ""ballast_condition"", ""label"": ""ballast_hardened"", ""start_m"": 216.6, ""count"": 80, ""side"": ""left"", ""directions"": ""vertical"", ""stiffness_factor_eta_k"": 1.5586, ""damping_factor_eta_c"": 1.0}]"
v2n075_seed93763179_v215_subgrade,93763179,215,val,subgrade,v2_seed93763179,"[{""type"": ""subgrade_condition"", ""label"": ""subgrade_hardened"", ""start_m"": 217.2, ""count"": 3, ""side"": ""both"", ""directions"": ""vertical"", ""stiffness_factor_eta_k"": 5.3652, ""damping_factor_eta_c"": 1.0}]"
v2n075_seed93763179_v215_coupled_ballast_subgrade_separate,93763179,215,val,coupled_ballast_subgrade_separate,v2_seed93763179,"[{""type"": ""ballast_condition"", ""label"": ""ballast_hardened"", ""start_m"": 231.6, ""count"": 3, ""side"": ""right"", ""directions"": ""vertical"", ""stiffness_factor_eta_k"": 3.7079, ""damping_factor_eta_c"": 1.0}, {""type"": ""subgrade_condition"", ""label"": ""subgrade_hardened"", ""start_m"": 255.6, ""count"": 20, ""side"": ""left"", ""directions"": ""vertical"", ""stiffness_factor_eta_k"": 1.2618, ""damping_factor_eta_c"": 1.0}]"
v2n075_seed93763179_v215_coupled_subgrade_sleeper_void_overlap,93763179,215,val,coupled_subgrade_sleeper_void_overlap,v2_seed93763179,"[{""type"": ""subgrade_condition"", ""label"": ""subgrade_softened"", ""start_m"": 202.2, ""count"": 5, ""side"": ""left"", ""directions"": ""vertical"", ""stiffness_factor_eta_k"": 0.2299, ""damping_factor_eta_c"": 1.0}, {""type"": ""sleeper_void"", ""label"": ""sleeper_void"", ""start_m"": 202.2, ""count"": 12, ""side"": ""both"", ""directions"": ""vertical"", ""delta_gap_mm"": 1.678}]"
v2n075_seed93763179_v250_baseline,93763179,250,val,baseline,v2_seed93763179,[]
v2n075_seed93763179_v250_ballast,93763179,250,val,ballast,v2_seed93763179,"[{""type"": ""ballast_condition"", ""label"": ""ballast_hardened"", ""start_m"": 216.6, ""count"": 80, ""side"": ""left"", ""directions"": ""vertical"", ""stiffness_factor_eta_k"": 1.5586, ""damping_factor_eta_c"": 1.0}]"
v2n075_seed93763179_v250_coupled_ballast_subgrade_separate,93763179,250,val,coupled_ballast_subgrade_separate,v2_seed93763179,"[{""type"": ""ballast_condition"", ""label"": ""ballast_hardened"", ""start_m"": 231.6, ""count"": 3, ""side"": ""right"", ""directions"": ""vertical"", ""stiffness_factor_eta_k"": 3.7079, ""damping_factor_eta_c"": 1.0}, {""type"": ""subgrade_condition"", ""label"": ""subgrade_hardened"", ""start_m"": 255.6, ""count"": 20, ""side"": ""left"", ""directions"": ""vertical"", ""stiffness_factor_eta_k"": 1.2618, ""damping_factor_eta_c"": 1.0}]"
v2n076_seed57044833_v250_baseline,57044833,250,val,baseline,v2_seed57044833,[]
v2n076_seed57044833_v250_fastener,57044833,250,val,fastener,v2_seed57044833,"[{""type"": ""fastener_failure"", ""label"": ""fastener_eta"", ""start_m"": 174.0, ""count"": 12, ""side"": ""left"", ""directions"": ""both"", ""stiffness_factor_eta_k"": 1.1, ""damping_factor_eta_c"": 1.0}]"
v2n076_seed57044833_v250_sleeper_void,57044833,250,val,sleeper_void,v2_seed57044833,"[{""type"": ""sleeper_void"", ""label"": ""sleeper_void"", ""start_m"": 213.0, ""count"": 20, ""side"": ""both"", ""directions"": ""vertical"", ""delta_gap_mm"": 0.128}]"
v2n076_seed57044833_v250_ballast,57044833,250,val,ballast,v2_seed57044833,"[{""type"": ""ballast_condition"", ""label"": ""ballast_hardened"", ""start_m"": 279.0, ""count"": 3, ""side"": ""right"", ""directions"": ""vertical"", ""stiffness_factor_eta_k"": 5.3392, ""damping_factor_eta_c"": 1.0}]"
v2n076_seed57044833_v250_subgrade,57044833,250,val,subgrade,v2_seed57044833,"[{""type"": ""subgrade_condition"", ""label"": ""subgrade_softened"", ""start_m"": 183.0, ""count"": 5, ""side"": ""left"", ""directions"": ""vertical"", ""stiffness_factor_eta_k"": 0.2274, ""damping_factor_eta_c"": 1.0}]"
v2n076_seed57044833_v250_coupled_fastener_ballast_overlap,57044833,250,val,coupled_fastener_ballast_overlap,v2_seed57044833,"[{""type"": ""fastener_failure"", ""label"": ""fastener_eta"", ""start_m"": 208.2, ""count"": 2, ""side"": ""left"", ""directions"": ""both"", ""stiffness_factor_eta_k"": 0.1, ""damping_factor_eta_c"": 1.0}, {""type"": ""ballast_condition"", ""label"": ""ballast_hardened"", ""start_m"": 208.2, ""count"": 40, ""side"": ""left"", ""directions"": ""vertical"", ""stiffness_factor_eta_k"": 2.7468, ""damping_factor_eta_c"": 1.0}]"
v2n076_seed57044833_v250_coupled_fastener_sleeper_void_partial_overlap,57044833,250,val,coupled_fastener_sleeper_void_partial_overlap,v2_seed57044833,"[{""type"": ""fastener_failure"", ""label"": ""fastener_eta"", ""start_m"": 207.6, ""count"": 3, ""side"": ""right"", ""directions"": ""both"", ""stiffness_factor_eta_k"": 0.25, ""damping_factor_eta_c"": 1.0}, {""type"": ""sleeper_void"", ""label"": ""sleeper_void"", ""start_m"": 208.2, ""count"": 20, ""side"": ""left"", ""directions"": ""vertical"", ""delta_gap_mm"": 3.461}]"
v2n076_seed57044833_v200_baseline,57044833,200,val,baseline,v2_seed57044833,[]
v2n076_seed57044833_v200_subgrade,57044833,200,val,subgrade,v2_seed57044833,"[{""type"": ""subgrade_condition"", ""label"": ""subgrade_softened"", ""start_m"": 183.0, ""count"": 5, ""side"": ""left"", ""directions"": ""vertical"", ""stiffness_factor_eta_k"": 0.2274, ""damping_factor_eta_c"": 1.0}]"
v2n076_seed57044833_v200_coupled_fastener_ballast_overlap,57044833,200,val,coupled_fastener_ballast_overlap,v2_seed57044833,"[{""type"": ""fastener_failure"", ""label"": ""fastener_eta"", ""start_m"": 208.2, ""count"": 2, ""side"": ""left"", ""directions"": ""both"", ""stiffness_factor_eta_k"": 0.1, ""damping_factor_eta_c"": 1.0}, {""type"": ""ballast_condition"", ""label"": ""ballast_hardened"", ""start_m"": 208.2, ""count"": 40, ""side"": ""left"", ""directions"": ""vertical"", ""stiffness_factor_eta_k"": 2.7468, ""damping_factor_eta_c"": 1.0}]"
v2n077_seed64256961_v160_baseline,64256961,160,train,baseline,v2_seed64256961,[]
v2n077_seed64256961_v160_fastener,64256961,160,train,fastener,v2_seed64256961,"[{""type"": ""fastener_failure"", ""label"": ""fastener_eta"", ""start_m"": 293.4, ""count"": 20, ""side"": ""right"", ""directions"": ""both"", ""stiffness_factor_eta_k"": 1.25, ""damping_factor_eta_c"": 1.0}]"
v2n077_seed64256961_v160_sleeper_void,64256961,160,train,sleeper_void,v2_seed64256961,"[{""type"": ""sleeper_void"", ""label"": ""sleeper_void"", ""start_m"": 267.0, ""count"": 1, ""side"": ""left"", ""directions"": ""vertical"", ""delta_gap_mm"": 0.583}]"
v2n077_seed64256961_v160_ballast,64256961,160,train,ballast,v2_seed64256961,"[{""type"": ""ballast_condition"", ""label"": ""ballast_softened"", ""start_m"": 218.4, ""count"": 5, ""side"": ""both"", ""directions"": ""vertical"", ""stiffness_factor_eta_k"": 0.197, ""damping_factor_eta_c"": 1.0}]"
v2n077_seed64256961_v160_subgrade,64256961,160,train,subgrade,v2_seed64256961,"[{""type"": ""subgrade_condition"", ""label"": ""subgrade_softened"", ""start_m"": 206.4, ""count"": 8, ""side"": ""right"", ""directions"": ""vertical"", ""stiffness_factor_eta_k"": 0.6226, ""damping_factor_eta_c"": 1.0}]"
v2n077_seed64256961_v160_coupled_fastener_subgrade_partial_overlap,64256961,160,train,coupled_fastener_subgrade_partial_overlap,v2_seed64256961,"[{""type"": ""fastener_failure"", ""label"": ""fastener_eta"", ""start_m"": 216.6, ""count"": 3, ""side"": ""right"", ""directions"": ""both"", ""stiffness_factor_eta_k"": 0.25, ""damping_factor_eta_c"": 1.0}, {""type"": ""subgrade_condition"", ""label"": ""subgrade_hardened"", ""start_m"": 217.2, ""count"": 80, ""side"": ""both"", ""directions"": ""vertical"", ""stiffness_factor_eta_k"": 7.289, ""damping_factor_eta_c"": 1.0}]"
v2n077_seed64256961_v160_coupled_ballast_sleeper_void_separate,64256961,160,train,coupled_ballast_sleeper_void_separate,v2_seed64256961,"[{""type"": ""ballast_condition"", ""label"": ""ballast_softened"", ""start_m"": 214.8, ""count"": 12, ""side"": ""right"", ""directions"": ""vertical"", ""stiffness_factor_eta_k"": 0.7656, ""damping_factor_eta_c"": 1.0}, {""type"": ""sleeper_void"", ""label"": ""sleeper_void"", ""start_m"": 234.0, ""count"": 1, ""side"": ""right"", ""directions"": ""vertical"", ""delta_gap_mm"": 0.167}]"
v2n077_seed64256961_v200_baseline,64256961,200,train,baseline,v2_seed64256961,[]
v2n077_seed64256961_v200_fastener,64256961,200,train,fastener,v2_seed64256961,"[{""type"": ""fastener_failure"", ""label"": ""fastener_eta"", ""start_m"": 293.4, ""count"": 20, ""side"": ""right"", ""directions"": ""both"", ""stiffness_factor_eta_k"": 1.25, ""damping_factor_eta_c"": 1.0}]"
v2n077_seed64256961_v200_coupled_fastener_subgrade_partial_overlap,64256961,200,train,coupled_fastener_subgrade_partial_overlap,v2_seed64256961,"[{""type"": ""fastener_failure"", ""label"": ""fastener_eta"", ""start_m"": 216.6, ""count"": 3, ""side"": ""right"", ""directions"": ""both"", ""stiffness_factor_eta_k"": 0.25, ""damping_factor_eta_c"": 1.0}, {""type"": ""subgrade_condition"", ""label"": ""subgrade_hardened"", ""start_m"": 217.2, ""count"": 80, ""side"": ""both"", ""directions"": ""vertical"", ""stiffness_factor_eta_k"": 7.289, ""damping_factor_eta_c"": 1.0}]"
v2n078_seed28261696_v200_baseline,28261696,200,train,baseline,v2_seed28261696,[]
v2n078_seed28261696_v200_fastener,28261696,200,train,fastener,v2_seed28261696,"[{""type"": ""fastener_failure"", ""label"": ""fastener_eta"", ""start_m"": 229.2, ""count"": 1, ""side"": ""both"", ""directions"": ""both"", ""stiffness_factor_eta_k"": 0.0, ""damping_factor_eta_c"": 1.0}]"
v2n078_seed28261696_v200_sleeper_void,28261696,200,train,sleeper_void,v2_seed28261696,"[{""type"": ""sleeper_void"", ""label"": ""sleeper_void"", ""start_m"": 241.8, ""count"": 2, ""side"": ""right"", ""directions"": ""vertical"", ""delta_gap_mm"": 1.052}]"
v2n078_seed28261696_v200_ballast,28261696,200,train,ballast,v2_seed28261696,"[{""type"": ""ballast_condition"", ""label"": ""ballast_softened"", ""start_m"": 238.2, ""count"": 8, ""side"": ""left"", ""directions"": ""vertical"", ""stiffness_factor_eta_k"": 0.6492, ""damping_factor_eta_c"": 1.0}]"
v2n078_seed28261696_v200_subgrade,28261696,200,train,subgrade,v2_seed28261696,"[{""type"": ""subgrade_condition"", ""label"": ""subgrade_softened"", ""start_m"": 289.2, ""count"": 12, ""side"": ""both"", ""directions"": ""vertical"", ""stiffness_factor_eta_k"": 0.7805, ""damping_factor_eta_c"": 1.0}]"
v2n078_seed28261696_v200_coupled_ballast_subgrade_separate,28261696,200,train,coupled_ballast_subgrade_separate,v2_seed28261696,"[{""type"": ""ballast_condition"", ""label"": ""ballast_softened"", ""start_m"": 205.2, ""count"": 12, ""side"": ""right"", ""directions"": ""vertical"", ""stiffness_factor_eta_k"": 0.9355, ""damping_factor_eta_c"": 1.0}, {""type"": ""subgrade_condition"", ""label"": ""subgrade_softened"", ""start_m"": 224.4, ""count"": 3, ""side"": ""left"", ""directions"": ""vertical"", ""stiffness_factor_eta_k"": 0.2523, ""damping_factor_eta_c"": 1.0}]"
v2n078_seed28261696_v200_coupled_subgrade_sleeper_void_overlap,28261696,200,train,coupled_subgrade_sleeper_void_overlap,v2_seed28261696,"[{""type"": ""subgrade_condition"", ""label"": ""subgrade_hardened"", ""start_m"": 192.0, ""count"": 20, ""side"": ""left"", ""directions"": ""vertical"", ""stiffness_factor_eta_k"": 1.191, ""damping_factor_eta_c"": 1.0}, {""type"": ""sleeper_void"", ""label"": ""sleeper_void"", ""start_m"": 192.0, ""count"": 2, ""side"": ""both"", ""directions"": ""vertical"", ""delta_gap_mm"": 0.716}]"
v2n078_seed28261696_v250_baseline,28261696,250,train,baseline,v2_seed28261696,[]
v2n078_seed28261696_v250_sleeper_void,28261696,250,train,sleeper_void,v2_seed28261696,"[{""type"": ""sleeper_void"", ""label"": ""sleeper_void"", ""start_m"": 241.8, ""count"": 2, ""side"": ""right"", ""directions"": ""vertical"", ""delta_gap_mm"": 1.052}]"
v2n078_seed28261696_v250_coupled_ballast_subgrade_separate,28261696,250,train,coupled_ballast_subgrade_separate,v2_seed28261696,"[{""type"": ""ballast_condition"", ""label"": ""ballast_softened"", ""start_m"": 205.2, ""count"": 12, ""side"": ""right"", ""directions"": ""vertical"", ""stiffness_factor_eta_k"": 0.9355, ""damping_factor_eta_c"": 1.0}, {""type"": ""subgrade_condition"", ""label"": ""subgrade_softened"", ""start_m"": 224.4, ""count"": 3, ""side"": ""left"", ""directions"": ""vertical"", ""stiffness_factor_eta_k"": 0.2523, ""damping_factor_eta_c"": 1.0}]"
v2n079_seed51584471_v215_baseline,51584471,215,train,baseline,v2_seed51584471,[]
v2n079_seed51584471_v215_fastener,51584471,215,train,fastener,v2_seed51584471,"[{""type"": ""fastener_failure"", ""label"": ""fastener_eta"", ""start_m"": 150.6, ""count"": 2, ""side"": ""left"", ""directions"": ""both"", ""stiffness_factor_eta_k"": 0.1, ""damping_factor_eta_c"": 1.0}]"
v2n079_seed51584471_v215_sleeper_void,51584471,215,train,sleeper_void,v2_seed51584471,"[{""type"": ""sleeper_void"", ""label"": ""sleeper_void"", ""start_m"": 271.2, ""count"": 3, ""side"": ""both"", ""directions"": ""vertical"", ""delta_gap_mm"": 2.595}]"
v2n079_seed51584471_v215_ballast,51584471,215,train,ballast,v2_seed51584471,"[{""type"": ""ballast_condition"", ""label"": ""ballast_softened"", ""start_m"": 169.2, ""count"": 12, ""side"": ""right"", ""directions"": ""vertical"", ""stiffness_factor_eta_k"": 0.7675, ""damping_factor_eta_c"": 1.0}]"
v2n079_seed51584471_v215_subgrade,51584471,215,train,subgrade,v2_seed51584471,"[{""type"": ""subgrade_condition"", ""label"": ""subgrade_hardened"", ""start_m"": 225.6, ""count"": 20, ""side"": ""left"", ""directions"": ""vertical"", ""stiffness_factor_eta_k"": 1.1379, ""damping_factor_eta_c"": 1.0}]"
v2n079_seed51584471_v215_coupled_fastener_ballast_overlap,51584471,215,train,coupled_fastener_ballast_overlap,v2_seed51584471,"[{""type"": ""fastener_failure"", ""label"": ""fastener_eta"", ""start_m"": 198.0, ""count"": 8, ""side"": ""left"", ""directions"": ""both"", ""stiffness_factor_eta_k"": 0.75, ""damping_factor_eta_c"": 1.0}, {""type"": ""ballast_condition"", ""label"": ""ballast_softened"", ""start_m"": 198.0, ""count"": 5, ""side"": ""left"", ""directions"": ""vertical"", ""stiffness_factor_eta_k"": 0.3598, ""damping_factor_eta_c"": 1.0}]"
v2n079_seed51584471_v215_coupled_fastener_sleeper_void_partial_overlap,51584471,215,train,coupled_fastener_sleeper_void_partial_overlap,v2_seed51584471,"[{""type"": ""fastener_failure"", ""label"": ""fastener_eta"", ""start_m"": 219.6, ""count"": 12, ""side"": ""right"", ""directions"": ""both"", ""stiffness_factor_eta_k"": 0.85, ""damping_factor_eta_c"": 1.0}, {""type"": ""sleeper_void"", ""label"": ""sleeper_void"", ""start_m"": 220.2, ""count"": 3, ""side"": ""left"", ""directions"": ""vertical"", ""delta_gap_mm"": 1.424}]"
v2n079_seed51584471_v250_baseline,51584471,250,train,baseline,v2_seed51584471,[]
v2n079_seed51584471_v250_ballast,51584471,250,train,ballast,v2_seed51584471,"[{""type"": ""ballast_condition"", ""label"": ""ballast_softened"", ""start_m"": 169.2, ""count"": 12, ""side"": ""right"", ""directions"": ""vertical"", ""stiffness_factor_eta_k"": 0.7675, ""damping_factor_eta_c"": 1.0}]"
v2n079_seed51584471_v250_coupled_fastener_ballast_overlap,51584471,250,train,coupled_fastener_ballast_overlap,v2_seed51584471,"[{""type"": ""fastener_failure"", ""label"": ""fastener_eta"", ""start_m"": 198.0, ""count"": 8, ""side"": ""left"", ""directions"": ""both"", ""stiffness_factor_eta_k"": 0.75, ""damping_factor_eta_c"": 1.0}, {""type"": ""ballast_condition"", ""label"": ""ballast_softened"", ""start_m"": 198.0, ""count"": 5, ""side"": ""left"", ""directions"": ""vertical"", ""stiffness_factor_eta_k"": 0.3598, ""damping_factor_eta_c"": 1.0}]"
v2n080_seed80902839_v250_baseline,80902839,250,test,baseline,v2_seed80902839,[]
v2n080_seed80902839_v250_fastener,80902839,250,test,fastener,v2_seed80902839,"[{""type"": ""fastener_failure"", ""label"": ""fastener_eta"", ""start_m"": 280.8, ""count"": 3, ""side"": ""right"", ""directions"": ""both"", ""stiffness_factor_eta_k"": 0.25, ""damping_factor_eta_c"": 1.0}]"
v2n080_seed80902839_v250_sleeper_void,80902839,250,test,sleeper_void,v2_seed80902839,"[{""type"": ""sleeper_void"", ""label"": ""sleeper_void"", ""start_m"": 190.2, ""count"": 5, ""side"": ""left"", ""directions"": ""vertical"", ""delta_gap_mm"": 0.239}]"
v2n080_seed80902839_v250_ballast,80902839,250,test,ballast,v2_seed80902839,"[{""type"": ""ballast_condition"", ""label"": ""ballast_hardened"", ""start_m"": 190.2, ""count"": 20, ""side"": ""both"", ""directions"": ""vertical"", ""stiffness_factor_eta_k"": 1.1106, ""damping_factor_eta_c"": 1.0}]"
v2n080_seed80902839_v250_subgrade,80902839,250,test,subgrade,v2_seed80902839,"[{""type"": ""subgrade_condition"", ""label"": ""subgrade_hardened"", ""start_m"": 182.4, ""count"": 40, ""side"": ""right"", ""directions"": ""vertical"", ""stiffness_factor_eta_k"": 2.5247, ""damping_factor_eta_c"": 1.0}]"
v2n080_seed80902839_v250_coupled_fastener_subgrade_partial_overlap,80902839,250,test,coupled_fastener_subgrade_partial_overlap,v2_seed80902839,"[{""type"": ""fastener_failure"", ""label"": ""fastener_eta"", ""start_m"": 193.8, ""count"": 12, ""side"": ""right"", ""directions"": ""both"", ""stiffness_factor_eta_k"": 0.85, ""damping_factor_eta_c"": 1.0}, {""type"": ""subgrade_condition"", ""label"": ""subgrade_softened"", ""start_m"": 196.2, ""count"": 8, ""side"": ""both"", ""directions"": ""vertical"", ""stiffness_factor_eta_k"": 0.938, ""damping_factor_eta_c"": 1.0}]"
v2n080_seed80902839_v250_coupled_ballast_sleeper_void_separate,80902839,250,test,coupled_ballast_sleeper_void_separate,v2_seed80902839,"[{""type"": ""ballast_condition"", ""label"": ""ballast_hardened"", ""start_m"": 199.2, ""count"": 80, ""side"": ""right"", ""directions"": ""vertical"", ""stiffness_factor_eta_k"": 7.3974, ""damping_factor_eta_c"": 1.0}, {""type"": ""sleeper_void"", ""label"": ""sleeper_void"", ""start_m"": 259.2, ""count"": 5, ""side"": ""right"", ""directions"": ""vertical"", ""delta_gap_mm"": 2.694}]"
v2n080_seed80902839_v200_baseline,80902839,200,test,baseline,v2_seed80902839,[]
v2n080_seed80902839_v200_subgrade,80902839,200,test,subgrade,v2_seed80902839,"[{""type"": ""subgrade_condition"", ""label"": ""subgrade_hardened"", ""start_m"": 182.4, ""count"": 40, ""side"": ""right"", ""directions"": ""vertical"", ""stiffness_factor_eta_k"": 2.5247, ""damping_factor_eta_c"": 1.0}]"
v2n080_seed80902839_v200_coupled_fastener_subgrade_partial_overlap,80902839,200,test,coupled_fastener_subgrade_partial_overlap,v2_seed80902839,"[{""type"": ""fastener_failure"", ""label"": ""fastener_eta"", ""start_m"": 193.8, ""count"": 12, ""side"": ""right"", ""directions"": ""both"", ""stiffness_factor_eta_k"": 0.85, ""damping_factor_eta_c"": 1.0}, {""type"": ""subgrade_condition"", ""label"": ""subgrade_softened"", ""start_m"": 196.2, ""count"": 8, ""side"": ""both"", ""directions"": ""vertical"", ""stiffness_factor_eta_k"": 0.938, ""damping_factor_eta_c"": 1.0}]"
v2n081_seed61307335_v160_baseline,61307335,160,train,baseline,v2_seed61307335,[]
v2n081_seed61307335_v160_fastener,61307335,160,train,fastener,v2_seed61307335,"[{""type"": ""fastener_failure"", ""label"": ""fastener_eta"", ""start_m"": 174.0, ""count"": 5, ""side"": ""both"", ""directions"": ""both"", ""stiffness_factor_eta_k"": 0.5, ""damping_factor_eta_c"": 1.0}]"
v2n081_seed61307335_v160_sleeper_void,61307335,160,train,sleeper_void,v2_seed61307335,"[{""type"": ""sleeper_void"", ""label"": ""sleeper_void"", ""start_m"": 159.0, ""count"": 8, ""side"": ""right"", ""directions"": ""vertical"", ""delta_gap_mm"": 0.722}]"
v2n081_seed61307335_v160_ballast,61307335,160,train,ballast,v2_seed61307335,"[{""type"": ""ballast_condition"", ""label"": ""ballast_hardened"", ""start_m"": 283.2, ""count"": 40, ""side"": ""left"", ""directions"": ""vertical"", ""stiffness_factor_eta_k"": 2.8623, ""damping_factor_eta_c"": 1.0}]"
v2n081_seed61307335_v160_subgrade,61307335,160,train,subgrade,v2_seed61307335,"[{""type"": ""subgrade_condition"", ""label"": ""subgrade_hardened"", ""start_m"": 245.4, ""count"": 80, ""side"": ""both"", ""directions"": ""vertical"", ""stiffness_factor_eta_k"": 6.1922, ""damping_factor_eta_c"": 1.0}]"
v2n081_seed61307335_v160_coupled_ballast_subgrade_separate,61307335,160,train,coupled_ballast_subgrade_separate,v2_seed61307335,"[{""type"": ""ballast_condition"", ""label"": ""ballast_hardened"", ""start_m"": 208.8, ""count"": 80, ""side"": ""right"", ""directions"": ""vertical"", ""stiffness_factor_eta_k"": 5.5795, ""damping_factor_eta_c"": 1.0}, {""type"": ""subgrade_condition"", ""label"": ""subgrade_hardened"", ""start_m"": 268.8, ""count"": 12, ""side"": ""left"", ""directions"": ""vertical"", ""stiffness_factor_eta_k"": 1.192, ""damping_factor_eta_c"": 1.0}]"
v2n081_seed61307335_v160_coupled_subgrade_sleeper_void_overlap,61307335,160,train,coupled_subgrade_sleeper_void_overlap,v2_seed61307335,"[{""type"": ""subgrade_condition"", ""label"": ""subgrade_softened"", ""start_m"": 219.0, ""count"": 3, ""side"": ""left"", ""directions"": ""vertical"", ""stiffness_factor_eta_k"": 0.2609, ""damping_factor_eta_c"": 1.0}, {""type"": ""sleeper_void"", ""label"": ""sleeper_void"", ""start_m"": 219.0, ""count"": 8, ""side"": ""both"", ""directions"": ""vertical"", ""delta_gap_mm"": 0.255}]"
v2n081_seed61307335_v200_baseline,61307335,200,train,baseline,v2_seed61307335,[]
v2n081_seed61307335_v200_fastener,61307335,200,train,fastener,v2_seed61307335,"[{""type"": ""fastener_failure"", ""label"": ""fastener_eta"", ""start_m"": 174.0, ""count"": 5, ""side"": ""both"", ""directions"": ""both"", ""stiffness_factor_eta_k"": 0.5, ""damping_factor_eta_c"": 1.0}]"
v2n081_seed61307335_v200_coupled_ballast_subgrade_separate,61307335,200,train,coupled_ballast_subgrade_separate,v2_seed61307335,"[{""type"": ""ballast_condition"", ""label"": ""ballast_hardened"", ""start_m"": 208.8, ""count"": 80, ""side"": ""right"", ""directions"": ""vertical"", ""stiffness_factor_eta_k"": 5.5795, ""damping_factor_eta_c"": 1.0}, {""type"": ""subgrade_condition"", ""label"": ""subgrade_hardened"", ""start_m"": 268.8, ""count"": 12, ""side"": ""left"", ""directions"": ""vertical"", ""stiffness_factor_eta_k"": 1.192, ""damping_factor_eta_c"": 1.0}]"
v2n082_seed49189405_v200_baseline,49189405,200,train,baseline,v2_seed49189405,[]
v2n082_seed49189405_v200_fastener,49189405,200,train,fastener,v2_seed49189405,"[{""type"": ""fastener_failure"", ""label"": ""fastener_eta"", ""start_m"": 235.8, ""count"": 8, ""side"": ""left"", ""directions"": ""both"", ""stiffness_factor_eta_k"": 0.75, ""damping_factor_eta_c"": 1.0}]"
v2n082_seed49189405_v200_sleeper_void,49189405,200,train,sleeper_void,v2_seed49189405,"[{""type"": ""sleeper_void"", ""label"": ""sleeper_void"", ""start_m"": 270.0, ""count"": 12, ""side"": ""both"", ""directions"": ""vertical"", ""delta_gap_mm"": 1.448}]"
v2n082_seed49189405_v200_ballast,49189405,200,train,ballast,v2_seed49189405,"[{""type"": ""ballast_condition"", ""label"": ""ballast_hardened"", ""start_m"": 202.2, ""count"": 80, ""side"": ""right"", ""directions"": ""vertical"", ""stiffness_factor_eta_k"": 7.2649, ""damping_factor_eta_c"": 1.0}]"
v2n082_seed49189405_v200_subgrade,49189405,200,train,subgrade,v2_seed49189405,"[{""type"": ""subgrade_condition"", ""label"": ""subgrade_softened"", ""start_m"": 253.8, ""count"": 3, ""side"": ""left"", ""directions"": ""vertical"", ""stiffness_factor_eta_k"": 0.1391, ""damping_factor_eta_c"": 1.0}]"
v2n082_seed49189405_v200_coupled_fastener_ballast_overlap,49189405,200,train,coupled_fastener_ballast_overlap,v2_seed49189405,"[{""type"": ""fastener_failure"", ""label"": ""fastener_eta"", ""start_m"": 225.0, ""count"": 1, ""side"": ""left"", ""directions"": ""both"", ""stiffness_factor_eta_k"": 0.95, ""damping_factor_eta_c"": 1.0}, {""type"": ""ballast_condition"", ""label"": ""ballast_hardened"", ""start_m"": 225.0, ""count"": 20, ""side"": ""left"", ""directions"": ""vertical"", ""stiffness_factor_eta_k"": 1.5017, ""damping_factor_eta_c"": 1.0}]"
v2n082_seed49189405_v200_coupled_fastener_sleeper_void_partial_overlap,49189405,200,train,coupled_fastener_sleeper_void_partial_overlap,v2_seed49189405,"[{""type"": ""fastener_failure"", ""label"": ""fastener_eta"", ""start_m"": 227.4, ""count"": 2, ""side"": ""right"", ""directions"": ""both"", ""stiffness_factor_eta_k"": 1.05, ""damping_factor_eta_c"": 1.0}, {""type"": ""sleeper_void"", ""label"": ""sleeper_void"", ""start_m"": 228.0, ""count"": 12, ""side"": ""left"", ""directions"": ""vertical"", ""delta_gap_mm"": 0.559}]"
v2n082_seed49189405_v250_baseline,49189405,250,train,baseline,v2_seed49189405,[]
v2n082_seed49189405_v250_sleeper_void,49189405,250,train,sleeper_void,v2_seed49189405,"[{""type"": ""sleeper_void"", ""label"": ""sleeper_void"", ""start_m"": 270.0, ""count"": 12, ""side"": ""both"", ""directions"": ""vertical"", ""delta_gap_mm"": 1.448}]"
v2n082_seed49189405_v250_coupled_fastener_ballast_overlap,49189405,250,train,coupled_fastener_ballast_overlap,v2_seed49189405,"[{""type"": ""fastener_failure"", ""label"": ""fastener_eta"", ""start_m"": 225.0, ""count"": 1, ""side"": ""left"", ""directions"": ""both"", ""stiffness_factor_eta_k"": 0.95, ""damping_factor_eta_c"": 1.0}, {""type"": ""ballast_condition"", ""label"": ""ballast_hardened"", ""start_m"": 225.0, ""count"": 20, ""side"": ""left"", ""directions"": ""vertical"", ""stiffness_factor_eta_k"": 1.5017, ""damping_factor_eta_c"": 1.0}]"
v2n083_seed36059312_v215_baseline,36059312,215,test,baseline,v2_seed36059312,[]
v2n083_seed36059312_v215_fastener,36059312,215,test,fastener,v2_seed36059312,"[{""type"": ""fastener_failure"", ""label"": ""fastener_eta"", ""start_m"": 294.6, ""count"": 12, ""side"": ""right"", ""directions"": ""both"", ""stiffness_factor_eta_k"": 0.85, ""damping_factor_eta_c"": 1.0}]"
v2n083_seed36059312_v215_sleeper_void,36059312,215,test,sleeper_void,v2_seed36059312,"[{""type"": ""sleeper_void"", ""label"": ""sleeper_void"", ""start_m"": 165.0, ""count"": 20, ""side"": ""left"", ""directions"": ""vertical"", ""delta_gap_mm"": 2.432}]"
v2n083_seed36059312_v215_ballast,36059312,215,test,ballast,v2_seed36059312,"[{""type"": ""ballast_condition"", ""label"": ""ballast_softened"", ""start_m"": 244.8, ""count"": 3, ""side"": ""both"", ""directions"": ""vertical"", ""stiffness_factor_eta_k"": 0.2775, ""damping_factor_eta_c"": 1.0}]"
v2n083_seed36059312_v215_subgrade,36059312,215,test,subgrade,v2_seed36059312,"[{""type"": ""subgrade_condition"", ""label"": ""subgrade_softened"", ""start_m"": 156.0, ""count"": 5, ""side"": ""right"", ""directions"": ""vertical"", ""stiffness_factor_eta_k"": 0.5117, ""damping_factor_eta_c"": 1.0}]"
v2n083_seed36059312_v215_coupled_fastener_subgrade_partial_overlap,36059312,215,test,coupled_fastener_subgrade_partial_overlap,v2_seed36059312,"[{""type"": ""fastener_failure"", ""label"": ""fastener_eta"", ""start_m"": 234.0, ""count"": 2, ""side"": ""right"", ""directions"": ""both"", ""stiffness_factor_eta_k"": 1.05, ""damping_factor_eta_c"": 1.0}, {""type"": ""subgrade_condition"", ""label"": ""subgrade_hardened"", ""start_m"": 234.6, ""count"": 40, ""side"": ""both"", ""directions"": ""vertical"", ""stiffness_factor_eta_k"": 4.3347, ""damping_factor_eta_c"": 1.0}]"
v2n083_seed36059312_v215_coupled_ballast_sleeper_void_separate,36059312,215,test,coupled_ballast_sleeper_void_separate,v2_seed36059312,"[{""type"": ""ballast_condition"", ""label"": ""ballast_softened"", ""start_m"": 200.4, ""count"": 8, ""side"": ""right"", ""directions"": ""vertical"", ""stiffness_factor_eta_k"": 0.8288, ""damping_factor_eta_c"": 1.0}, {""type"": ""sleeper_void"", ""label"": ""sleeper_void"", ""start_m"": 224.4, ""count"": 20, ""side"": ""right"", ""directions"": ""vertical"", ""delta_gap_mm"": 1.04}]"
v2n083_seed36059312_v250_baseline,36059312,250,test,baseline,v2_seed36059312,[]
v2n083_seed36059312_v250_ballast,36059312,250,test,ballast,v2_seed36059312,"[{""type"": ""ballast_condition"", ""label"": ""ballast_softened"", ""start_m"": 244.8, ""count"": 3, ""side"": ""both"", ""directions"": ""vertical"", ""stiffness_factor_eta_k"": 0.2775, ""damping_factor_eta_c"": 1.0}]"
v2n083_seed36059312_v250_coupled_fastener_subgrade_partial_overlap,36059312,250,test,coupled_fastener_subgrade_partial_overlap,v2_seed36059312,"[{""type"": ""fastener_failure"", ""label"": ""fastener_eta"", ""start_m"": 234.0, ""count"": 2, ""side"": ""right"", ""directions"": ""both"", ""stiffness_factor_eta_k"": 1.05, ""damping_factor_eta_c"": 1.0}, {""type"": ""subgrade_condition"", ""label"": ""subgrade_hardened"", ""start_m"": 234.6, ""count"": 40, ""side"": ""both"", ""directions"": ""vertical"", ""stiffness_factor_eta_k"": 4.3347, ""damping_factor_eta_c"": 1.0}]"
v2n084_seed26686899_v250_baseline,26686899,250,val,baseline,v2_seed26686899,[]
v2n084_seed26686899_v250_fastener,26686899,250,val,fastener,v2_seed26686899,"[{""type"": ""fastener_failure"", ""label"": ""fastener_eta"", ""start_m"": 299.4, ""count"": 20, ""side"": ""both"", ""directions"": ""both"", ""stiffness_factor_eta_k"": 0.9, ""damping_factor_eta_c"": 1.0}]"
v2n084_seed26686899_v250_sleeper_void,26686899,250,val,sleeper_void,v2_seed26686899,"[{""type"": ""sleeper_void"", ""label"": ""sleeper_void"", ""start_m"": 168.6, ""count"": 1, ""side"": ""right"", ""directions"": ""vertical"", ""delta_gap_mm"": 0.241}]"
v2n084_seed26686899_v250_ballast,26686899,250,val,ballast,v2_seed26686899,"[{""type"": ""ballast_condition"", ""label"": ""ballast_softened"", ""start_m"": 193.8, ""count"": 5, ""side"": ""left"", ""directions"": ""vertical"", ""stiffness_factor_eta_k"": 0.384, ""damping_factor_eta_c"": 1.0}]"
v2n084_seed26686899_v250_subgrade,26686899,250,val,subgrade,v2_seed26686899,"[{""type"": ""subgrade_condition"", ""label"": ""subgrade_softened"", ""start_m"": 280.2, ""count"": 8, ""side"": ""both"", ""directions"": ""vertical"", ""stiffness_factor_eta_k"": 0.8176, ""damping_factor_eta_c"": 1.0}]"
v2n084_seed26686899_v250_coupled_ballast_subgrade_separate,26686899,250,val,coupled_ballast_subgrade_separate,v2_seed26686899,"[{""type"": ""ballast_condition"", ""label"": ""ballast_softened"", ""start_m"": 229.8, ""count"": 8, ""side"": ""right"", ""directions"": ""vertical"", ""stiffness_factor_eta_k"": 0.7336, ""damping_factor_eta_c"": 1.0}, {""type"": ""subgrade_condition"", ""label"": ""subgrade_softened"", ""start_m"": 289.8, ""count"": 80, ""side"": ""left"", ""directions"": ""vertical"", ""stiffness_factor_eta_k"": 0.1116, ""damping_factor_eta_c"": 1.0}]"
v2n084_seed26686899_v250_coupled_subgrade_sleeper_void_overlap,26686899,250,val,coupled_subgrade_sleeper_void_overlap,v2_seed26686899,"[{""type"": ""subgrade_condition"", ""label"": ""subgrade_hardened"", ""start_m"": 222.6, ""count"": 12, ""side"": ""left"", ""directions"": ""vertical"", ""stiffness_factor_eta_k"": 1.1912, ""damping_factor_eta_c"": 1.0}, {""type"": ""sleeper_void"", ""label"": ""sleeper_void"", ""start_m"": 222.6, ""count"": 1, ""side"": ""both"", ""directions"": ""vertical"", ""delta_gap_mm"": 2.017}]"
v2n084_seed26686899_v200_baseline,26686899,200,val,baseline,v2_seed26686899,[]
v2n084_seed26686899_v200_subgrade,26686899,200,val,subgrade,v2_seed26686899,"[{""type"": ""subgrade_condition"", ""label"": ""subgrade_softened"", ""start_m"": 280.2, ""count"": 8, ""side"": ""both"", ""directions"": ""vertical"", ""stiffness_factor_eta_k"": 0.8176, ""damping_factor_eta_c"": 1.0}]"
v2n084_seed26686899_v200_coupled_ballast_subgrade_separate,26686899,200,val,coupled_ballast_subgrade_separate,v2_seed26686899,"[{""type"": ""ballast_condition"", ""label"": ""ballast_softened"", ""start_m"": 229.8, ""count"": 8, ""side"": ""right"", ""directions"": ""vertical"", ""stiffness_factor_eta_k"": 0.7336, ""damping_factor_eta_c"": 1.0}, {""type"": ""subgrade_condition"", ""label"": ""subgrade_softened"", ""start_m"": 289.8, ""count"": 80, ""side"": ""left"", ""directions"": ""vertical"", ""stiffness_factor_eta_k"": 0.1116, ""damping_factor_eta_c"": 1.0}]"
v2n085_seed56596381_v160_baseline,56596381,160,val,baseline,v2_seed56596381,[]
v2n085_seed56596381_v160_fastener,56596381,160,val,fastener,v2_seed56596381,"[{""type"": ""fastener_failure"", ""label"": ""fastener_eta"", ""start_m"": 166.2, ""count"": 1, ""side"": ""left"", ""directions"": ""both"", ""stiffness_factor_eta_k"": 0.95, ""damping_factor_eta_c"": 1.0}]"
v2n085_seed56596381_v160_sleeper_void,56596381,160,val,sleeper_void,v2_seed56596381,"[{""type"": ""sleeper_void"", ""label"": ""sleeper_void"", ""start_m"": 211.8, ""count"": 2, ""side"": ""both"", ""directions"": ""vertical"", ""delta_gap_mm"": 0.953}]"
v2n085_seed56596381_v160_ballast,56596381,160,val,ballast,v2_seed56596381,"[{""type"": ""ballast_condition"", ""label"": ""ballast_softened"", ""start_m"": 226.8, ""count"": 8, ""side"": ""right"", ""directions"": ""vertical"", ""stiffness_factor_eta_k"": 0.7873, ""damping_factor_eta_c"": 1.0}]"
v2n085_seed56596381_v160_subgrade,56596381,160,val,subgrade,v2_seed56596381,"[{""type"": ""subgrade_condition"", ""label"": ""subgrade_hardened"", ""start_m"": 265.8, ""count"": 12, ""side"": ""left"", ""directions"": ""vertical"", ""stiffness_factor_eta_k"": 1.0918, ""damping_factor_eta_c"": 1.0}]"
v2n085_seed56596381_v160_coupled_fastener_ballast_overlap,56596381,160,val,coupled_fastener_ballast_overlap,v2_seed56596381,"[{""type"": ""fastener_failure"", ""label"": ""fastener_eta"", ""start_m"": 217.8, ""count"": 5, ""side"": ""left"", ""directions"": ""both"", ""stiffness_factor_eta_k"": 1.25, ""damping_factor_eta_c"": 1.0}, {""type"": ""ballast_condition"", ""label"": ""ballast_softened"", ""start_m"": 217.8, ""count"": 3, ""side"": ""left"", ""directions"": ""vertical"", ""stiffness_factor_eta_k"": 0.4827, ""damping_factor_eta_c"": 1.0}]"
v2n085_seed56596381_v160_coupled_fastener_sleeper_void_partial_overlap,56596381,160,val,coupled_fastener_sleeper_void_partial_overlap,v2_seed56596381,"[{""type"": ""fastener_failure"", ""label"": ""fastener_eta"", ""start_m"": 234.0, ""count"": 8, ""side"": ""right"", ""directions"": ""both"", ""stiffness_factor_eta_k"": 0.0, ""damping_factor_eta_c"": 1.0}, {""type"": ""sleeper_void"", ""label"": ""sleeper_void"", ""start_m"": 234.6, ""count"": 2, ""side"": ""left"", ""directions"": ""vertical"", ""delta_gap_mm"": 0.431}]"
v2n085_seed56596381_v200_baseline,56596381,200,val,baseline,v2_seed56596381,[]
v2n085_seed56596381_v200_fastener,56596381,200,val,fastener,v2_seed56596381,"[{""type"": ""fastener_failure"", ""label"": ""fastener_eta"", ""start_m"": 166.2, ""count"": 1, ""side"": ""left"", ""directions"": ""both"", ""stiffness_factor_eta_k"": 0.95, ""damping_factor_eta_c"": 1.0}]"
v2n085_seed56596381_v200_coupled_fastener_ballast_overlap,56596381,200,val,coupled_fastener_ballast_overlap,v2_seed56596381,"[{""type"": ""fastener_failure"", ""label"": ""fastener_eta"", ""start_m"": 217.8, ""count"": 5, ""side"": ""left"", ""directions"": ""both"", ""stiffness_factor_eta_k"": 1.25, ""damping_factor_eta_c"": 1.0}, {""type"": ""ballast_condition"", ""label"": ""ballast_softened"", ""start_m"": 217.8, ""count"": 3, ""side"": ""left"", ""directions"": ""vertical"", ""stiffness_factor_eta_k"": 0.4827, ""damping_factor_eta_c"": 1.0}]"
v2n086_seed87794918_v200_baseline,87794918,200,train,baseline,v2_seed87794918,[]
v2n086_seed87794918_v200_fastener,87794918,200,train,fastener,v2_seed87794918,"[{""type"": ""fastener_failure"", ""label"": ""fastener_eta"", ""start_m"": 157.8, ""count"": 2, ""side"": ""right"", ""directions"": ""both"", ""stiffness_factor_eta_k"": 1.05, ""damping_factor_eta_c"": 1.0}]"
v2n086_seed87794918_v200_sleeper_void,87794918,200,train,sleeper_void,v2_seed87794918,"[{""type"": ""sleeper_void"", ""label"": ""sleeper_void"", ""start_m"": 175.2, ""count"": 3, ""side"": ""left"", ""directions"": ""vertical"", ""delta_gap_mm"": 1.373}]"
v2n086_seed87794918_v200_ballast,87794918,200,train,ballast,v2_seed87794918,"[{""type"": ""ballast_condition"", ""label"": ""ballast_hardened"", ""start_m"": 241.2, ""count"": 12, ""side"": ""both"", ""directions"": ""vertical"", ""stiffness_factor_eta_k"": 1.2979, ""damping_factor_eta_c"": 1.0}]"
v2n086_seed87794918_v200_subgrade,87794918,200,train,subgrade,v2_seed87794918,"[{""type"": ""subgrade_condition"", ""label"": ""subgrade_hardened"", ""start_m"": 295.2, ""count"": 20, ""side"": ""right"", ""directions"": ""vertical"", ""stiffness_factor_eta_k"": 2.6944, ""damping_factor_eta_c"": 1.0}]"
v2n086_seed87794918_v200_coupled_fastener_subgrade_partial_overlap,87794918,200,train,coupled_fastener_subgrade_partial_overlap,v2_seed87794918,"[{""type"": ""fastener_failure"", ""label"": ""fastener_eta"", ""start_m"": 195.0, ""count"": 8, ""side"": ""right"", ""directions"": ""both"", ""stiffness_factor_eta_k"": 0.0, ""damping_factor_eta_c"": 1.0}, {""type"": ""subgrade_condition"", ""label"": ""subgrade_softened"", ""start_m"": 196.2, ""count"": 5, ""side"": ""both"", ""directions"": ""vertical"", ""stiffness_factor_eta_k"": 0.7925, ""damping_factor_eta_c"": 1.0}]"
v2n086_seed87794918_v200_coupled_ballast_sleeper_void_separate,87794918,200,train,coupled_ballast_sleeper_void_separate,v2_seed87794918,"[{""type"": ""ballast_condition"", ""label"": ""ballast_hardened"", ""start_m"": 234.0, ""count"": 40, ""side"": ""right"", ""directions"": ""vertical"", ""stiffness_factor_eta_k"": 4.4752, ""damping_factor_eta_c"": 1.0}, {""type"": ""sleeper_void"", ""label"": ""sleeper_void"", ""start_m"": 270.0, ""count"": 3, ""side"": ""right"", ""directions"": ""vertical"", ""delta_gap_mm"": 0.977}]"
v2n086_seed87794918_v250_baseline,87794918,250,train,baseline,v2_seed87794918,[]
v2n086_seed87794918_v250_sleeper_void,87794918,250,train,sleeper_void,v2_seed87794918,"[{""type"": ""sleeper_void"", ""label"": ""sleeper_void"", ""start_m"": 175.2, ""count"": 3, ""side"": ""left"", ""directions"": ""vertical"", ""delta_gap_mm"": 1.373}]"
v2n086_seed87794918_v250_coupled_fastener_subgrade_partial_overlap,87794918,250,train,coupled_fastener_subgrade_partial_overlap,v2_seed87794918,"[{""type"": ""fastener_failure"", ""label"": ""fastener_eta"", ""start_m"": 195.0, ""count"": 8, ""side"": ""right"", ""directions"": ""both"", ""stiffness_factor_eta_k"": 0.0, ""damping_factor_eta_c"": 1.0}, {""type"": ""subgrade_condition"", ""label"": ""subgrade_softened"", ""start_m"": 196.2, ""count"": 5, ""side"": ""both"", ""directions"": ""vertical"", ""stiffness_factor_eta_k"": 0.7925, ""damping_factor_eta_c"": 1.0}]"
v2n087_seed18896387_v215_baseline,18896387,215,train,baseline,v2_seed18896387,[]
v2n087_seed18896387_v215_fastener,18896387,215,train,fastener,v2_seed18896387,"[{""type"": ""fastener_failure"", ""label"": ""fastener_eta"", ""start_m"": 269.4, ""count"": 3, ""side"": ""both"", ""directions"": ""both"", ""stiffness_factor_eta_k"": 1.1, ""damping_factor_eta_c"": 1.0}]"
v2n087_seed18896387_v215_sleeper_void,18896387,215,train,sleeper_void,v2_seed18896387,"[{""type"": ""sleeper_void"", ""label"": ""sleeper_void"", ""start_m"": 248.4, ""count"": 5, ""side"": ""right"", ""directions"": ""vertical"", ""delta_gap_mm"": 3.211}]"
v2n087_seed18896387_v215_ballast,18896387,215,train,ballast,v2_seed18896387,"[{""type"": ""ballast_condition"", ""label"": ""ballast_hardened"", ""start_m"": 246.6, ""count"": 20, ""side"": ""left"", ""directions"": ""vertical"", ""stiffness_factor_eta_k"": 2.5723, ""damping_factor_eta_c"": 1.0}]"
v2n087_seed18896387_v215_subgrade,18896387,215,train,subgrade,v2_seed18896387,"[{""type"": ""subgrade_condition"", ""label"": ""subgrade_hardened"", ""start_m"": 191.4, ""count"": 40, ""side"": ""both"", ""directions"": ""vertical"", ""stiffness_factor_eta_k"": 7.6216, ""damping_factor_eta_c"": 1.0}]"
v2n087_seed18896387_v215_coupled_ballast_subgrade_separate,18896387,215,train,coupled_ballast_subgrade_separate,v2_seed18896387,"[{""type"": ""ballast_condition"", ""label"": ""ballast_hardened"", ""start_m"": 203.4, ""count"": 40, ""side"": ""right"", ""directions"": ""vertical"", ""stiffness_factor_eta_k"": 6.4638, ""damping_factor_eta_c"": 1.0}, {""type"": ""subgrade_condition"", ""label"": ""subgrade_hardened"", ""start_m"": 239.4, ""count"": 8, ""side"": ""left"", ""directions"": ""vertical"", ""stiffness_factor_eta_k"": 1.1362, ""damping_factor_eta_c"": 1.0}]"
v2n087_seed18896387_v215_coupled_subgrade_sleeper_void_overlap,18896387,215,train,coupled_subgrade_sleeper_void_overlap,v2_seed18896387,"[{""type"": ""subgrade_condition"", ""label"": ""subgrade_softened"", ""start_m"": 235.2, ""count"": 80, ""side"": ""left"", ""directions"": ""vertical"", ""stiffness_factor_eta_k"": 0.1055, ""damping_factor_eta_c"": 1.0}, {""type"": ""sleeper_void"", ""label"": ""sleeper_void"", ""start_m"": 235.2, ""count"": 5, ""side"": ""both"", ""directions"": ""vertical"", ""delta_gap_mm"": 1.054}]"
v2n087_seed18896387_v250_baseline,18896387,250,train,baseline,v2_seed18896387,[]
v2n087_seed18896387_v250_ballast,18896387,250,train,ballast,v2_seed18896387,"[{""type"": ""ballast_condition"", ""label"": ""ballast_hardened"", ""start_m"": 246.6, ""count"": 20, ""side"": ""left"", ""directions"": ""vertical"", ""stiffness_factor_eta_k"": 2.5723, ""damping_factor_eta_c"": 1.0}]"
v2n087_seed18896387_v250_coupled_ballast_subgrade_separate,18896387,250,train,coupled_ballast_subgrade_separate,v2_seed18896387,"[{""type"": ""ballast_condition"", ""label"": ""ballast_hardened"", ""start_m"": 203.4, ""count"": 40, ""side"": ""right"", ""directions"": ""vertical"", ""stiffness_factor_eta_k"": 6.4638, ""damping_factor_eta_c"": 1.0}, {""type"": ""subgrade_condition"", ""label"": ""subgrade_hardened"", ""start_m"": 239.4, ""count"": 8, ""side"": ""left"", ""directions"": ""vertical"", ""stiffness_factor_eta_k"": 1.1362, ""damping_factor_eta_c"": 1.0}]"
v2n088_seed90499018_v250_baseline,90499018,250,test,baseline,v2_seed90499018,[]
v2n088_seed90499018_v250_fastener,90499018,250,test,fastener,v2_seed90499018,"[{""type"": ""fastener_failure"", ""label"": ""fastener_eta"", ""start_m"": 258.6, ""count"": 5, ""side"": ""left"", ""directions"": ""both"", ""stiffness_factor_eta_k"": 1.25, ""damping_factor_eta_c"": 1.0}]"
v2n088_seed90499018_v250_sleeper_void,90499018,250,test,sleeper_void,v2_seed90499018,"[{""type"": ""sleeper_void"", ""label"": ""sleeper_void"", ""start_m"": 180.0, ""count"": 8, ""side"": ""both"", ""directions"": ""vertical"", ""delta_gap_mm"": 0.306}]"
v2n088_seed90499018_v250_ballast,90499018,250,test,ballast,v2_seed90499018,"[{""type"": ""ballast_condition"", ""label"": ""ballast_hardened"", ""start_m"": 204.6, ""count"": 40, ""side"": ""right"", ""directions"": ""vertical"", ""stiffness_factor_eta_k"": 3.1125, ""damping_factor_eta_c"": 1.0}]"
v2n088_seed90499018_v250_subgrade,90499018,250,test,subgrade,v2_seed90499018,"[{""type"": ""subgrade_condition"", ""label"": ""subgrade_softened"", ""start_m"": 271.2, ""count"": 80, ""side"": ""left"", ""directions"": ""vertical"", ""stiffness_factor_eta_k"": 0.2934, ""damping_factor_eta_c"": 1.0}]"
v2n088_seed90499018_v250_coupled_fastener_ballast_overlap,90499018,250,test,coupled_fastener_ballast_overlap,v2_seed90499018,"[{""type"": ""fastener_failure"", ""label"": ""fastener_eta"", ""start_m"": 195.6, ""count"": 20, ""side"": ""left"", ""directions"": ""both"", ""stiffness_factor_eta_k"": 0.25, ""damping_factor_eta_c"": 1.0}, {""type"": ""ballast_condition"", ""label"": ""ballast_hardened"", ""start_m"": 195.6, ""count"": 12, ""side"": ""left"", ""directions"": ""vertical"", ""stiffness_factor_eta_k"": 1.7037, ""damping_factor_eta_c"": 1.0}]"
v2n088_seed90499018_v250_coupled_fastener_sleeper_void_partial_overlap,90499018,250,test,coupled_fastener_sleeper_void_partial_overlap,v2_seed90499018,"[{""type"": ""fastener_failure"", ""label"": ""fastener_eta"", ""start_m"": 221.4, ""count"": 1, ""side"": ""right"", ""directions"": ""both"", ""stiffness_factor_eta_k"": 0.5, ""damping_factor_eta_c"": 1.0}, {""type"": ""sleeper_void"", ""label"": ""sleeper_void"", ""start_m"": 222.0, ""count"": 8, ""side"": ""left"", ""directions"": ""vertical"", ""delta_gap_mm"": 2.443}]"
v2n088_seed90499018_v200_baseline,90499018,200,test,baseline,v2_seed90499018,[]
v2n088_seed90499018_v200_subgrade,90499018,200,test,subgrade,v2_seed90499018,"[{""type"": ""subgrade_condition"", ""label"": ""subgrade_softened"", ""start_m"": 271.2, ""count"": 80, ""side"": ""left"", ""directions"": ""vertical"", ""stiffness_factor_eta_k"": 0.2934, ""damping_factor_eta_c"": 1.0}]"
v2n088_seed90499018_v200_coupled_fastener_ballast_overlap,90499018,200,test,coupled_fastener_ballast_overlap,v2_seed90499018,"[{""type"": ""fastener_failure"", ""label"": ""fastener_eta"", ""start_m"": 195.6, ""count"": 20, ""side"": ""left"", ""directions"": ""both"", ""stiffness_factor_eta_k"": 0.25, ""damping_factor_eta_c"": 1.0}, {""type"": ""ballast_condition"", ""label"": ""ballast_hardened"", ""start_m"": 195.6, ""count"": 12, ""side"": ""left"", ""directions"": ""vertical"", ""stiffness_factor_eta_k"": 1.7037, ""damping_factor_eta_c"": 1.0}]"
v2n089_seed94883494_v160_baseline,94883494,160,val,baseline,v2_seed94883494,[]
v2n089_seed94883494_v160_fastener,94883494,160,val,fastener,v2_seed94883494,"[{""type"": ""fastener_failure"", ""label"": ""fastener_eta"", ""start_m"": 293.4, ""count"": 8, ""side"": ""right"", ""directions"": ""both"", ""stiffness_factor_eta_k"": 0.0, ""damping_factor_eta_c"": 1.0}]"
v2n089_seed94883494_v160_sleeper_void,94883494,160,val,sleeper_void,v2_seed94883494,"[{""type"": ""sleeper_void"", ""label"": ""sleeper_void"", ""start_m"": 228.0, ""count"": 12, ""side"": ""left"", ""directions"": ""vertical"", ""delta_gap_mm"": 0.569}]"
v2n089_seed94883494_v160_ballast,94883494,160,val,ballast,v2_seed94883494,"[{""type"": ""ballast_condition"", ""label"": ""ballast_softened"", ""start_m"": 265.8, ""count"": 80, ""side"": ""both"", ""directions"": ""vertical"", ""stiffness_factor_eta_k"": 0.1961, ""damping_factor_eta_c"": 1.0}]"
v2n089_seed94883494_v160_subgrade,94883494,160,val,subgrade,v2_seed94883494,"[{""type"": ""subgrade_condition"", ""label"": ""subgrade_softened"", ""start_m"": 285.6, ""count"": 3, ""side"": ""right"", ""directions"": ""vertical"", ""stiffness_factor_eta_k"": 0.3128, ""damping_factor_eta_c"": 1.0}]"
v2n089_seed94883494_v160_coupled_fastener_subgrade_partial_overlap,94883494,160,val,coupled_fastener_subgrade_partial_overlap,v2_seed94883494,"[{""type"": ""fastener_failure"", ""label"": ""fastener_eta"", ""start_m"": 187.2, ""count"": 1, ""side"": ""right"", ""directions"": ""both"", ""stiffness_factor_eta_k"": 0.5, ""damping_factor_eta_c"": 1.0}, {""type"": ""subgrade_condition"", ""label"": ""subgrade_hardened"", ""start_m"": 187.8, ""count"": 20, ""side"": ""both"", ""directions"": ""vertical"", ""stiffness_factor_eta_k"": 7.5311, ""damping_factor_eta_c"": 1.0}]"
v2n089_seed94883494_v160_coupled_ballast_sleeper_void_separate,94883494,160,val,coupled_ballast_sleeper_void_separate,v2_seed94883494,"[{""type"": ""ballast_condition"", ""label"": ""ballast_softened"", ""start_m"": 189.0, ""count"": 5, ""side"": ""right"", ""directions"": ""vertical"", ""stiffness_factor_eta_k"": 0.7121, ""damping_factor_eta_c"": 1.0}, {""type"": ""sleeper_void"", ""label"": ""sleeper_void"", ""start_m"": 208.2, ""count"": 12, ""side"": ""right"", ""directions"": ""vertical"", ""delta_gap_mm"": 0.473}]"
v2n089_seed94883494_v200_baseline,94883494,200,val,baseline,v2_seed94883494,[]
v2n089_seed94883494_v200_fastener,94883494,200,val,fastener,v2_seed94883494,"[{""type"": ""fastener_failure"", ""label"": ""fastener_eta"", ""start_m"": 293.4, ""count"": 8, ""side"": ""right"", ""directions"": ""both"", ""stiffness_factor_eta_k"": 0.0, ""damping_factor_eta_c"": 1.0}]"
v2n089_seed94883494_v200_coupled_fastener_subgrade_partial_overlap,94883494,200,val,coupled_fastener_subgrade_partial_overlap,v2_seed94883494,"[{""type"": ""fastener_failure"", ""label"": ""fastener_eta"", ""start_m"": 187.2, ""count"": 1, ""side"": ""right"", ""directions"": ""both"", ""stiffness_factor_eta_k"": 0.5, ""damping_factor_eta_c"": 1.0}, {""type"": ""subgrade_condition"", ""label"": ""subgrade_hardened"", ""start_m"": 187.8, ""count"": 20, ""side"": ""both"", ""directions"": ""vertical"", ""stiffness_factor_eta_k"": 7.5311, ""damping_factor_eta_c"": 1.0}]"
v2n090_seed37911906_v200_baseline,37911906,200,train,baseline,v2_seed37911906,[]
v2n090_seed37911906_v200_fastener,37911906,200,train,fastener,v2_seed37911906,"[{""type"": ""fastener_failure"", ""label"": ""fastener_eta"", ""start_m"": 247.8, ""count"": 12, ""side"": ""both"", ""directions"": ""both"", ""stiffness_factor_eta_k"": 0.1, ""damping_factor_eta_c"": 1.0}]"
v2n090_seed37911906_v200_sleeper_void,37911906,200,train,sleeper_void,v2_seed37911906,"[{""type"": ""sleeper_void"", ""label"": ""sleeper_void"", ""start_m"": 184.8, ""count"": 20, ""side"": ""right"", ""directions"": ""vertical"", ""delta_gap_mm"": 1.938}]"
v2n090_seed37911906_v200_ballast,37911906,200,train,ballast,v2_seed37911906,"[{""type"": ""ballast_condition"", ""label"": ""ballast_softened"", ""start_m"": 183.0, ""count"": 3, ""side"": ""left"", ""directions"": ""vertical"", ""stiffness_factor_eta_k"": 0.6444, ""damping_factor_eta_c"": 1.0}]"
v2n090_seed37911906_v200_subgrade,37911906,200,train,subgrade,v2_seed37911906,"[{""type"": ""subgrade_condition"", ""label"": ""subgrade_softened"", ""start_m"": 242.4, ""count"": 5, ""side"": ""both"", ""directions"": ""vertical"", ""stiffness_factor_eta_k"": 0.8989, ""damping_factor_eta_c"": 1.0}]"
v2n090_seed37911906_v200_coupled_ballast_subgrade_separate,37911906,200,train,coupled_ballast_subgrade_separate,v2_seed37911906,"[{""type"": ""ballast_condition"", ""label"": ""ballast_softened"", ""start_m"": 211.8, ""count"": 5, ""side"": ""right"", ""directions"": ""vertical"", ""stiffness_factor_eta_k"": 0.9258, ""damping_factor_eta_c"": 1.0}, {""type"": ""subgrade_condition"", ""label"": ""subgrade_softened"", ""start_m"": 247.8, ""count"": 40, ""side"": ""left"", ""directions"": ""vertical"", ""stiffness_factor_eta_k"": 0.2818, ""damping_factor_eta_c"": 1.0}]"
v2n090_seed37911906_v200_coupled_subgrade_sleeper_void_overlap,37911906,200,train,coupled_subgrade_sleeper_void_overlap,v2_seed37911906,"[{""type"": ""subgrade_condition"", ""label"": ""subgrade_hardened"", ""start_m"": 201.0, ""count"": 8, ""side"": ""left"", ""directions"": ""vertical"", ""stiffness_factor_eta_k"": 1.1788, ""damping_factor_eta_c"": 1.0}, {""type"": ""sleeper_void"", ""label"": ""sleeper_void"", ""start_m"": 201.0, ""count"": 20, ""side"": ""both"", ""directions"": ""vertical"", ""delta_gap_mm"": 0.853}]"
v2n090_seed37911906_v250_baseline,37911906,250,train,baseline,v2_seed37911906,[]
v2n090_seed37911906_v250_sleeper_void,37911906,250,train,sleeper_void,v2_seed37911906,"[{""type"": ""sleeper_void"", ""label"": ""sleeper_void"", ""start_m"": 184.8, ""count"": 20, ""side"": ""right"", ""directions"": ""vertical"", ""delta_gap_mm"": 1.938}]"
v2n090_seed37911906_v250_coupled_ballast_subgrade_separate,37911906,250,train,coupled_ballast_subgrade_separate,v2_seed37911906,"[{""type"": ""ballast_condition"", ""label"": ""ballast_softened"", ""start_m"": 211.8, ""count"": 5, ""side"": ""right"", ""directions"": ""vertical"", ""stiffness_factor_eta_k"": 0.9258, ""damping_factor_eta_c"": 1.0}, {""type"": ""subgrade_condition"", ""label"": ""subgrade_softened"", ""start_m"": 247.8, ""count"": 40, ""side"": ""left"", ""directions"": ""vertical"", ""stiffness_factor_eta_k"": 0.2818, ""damping_factor_eta_c"": 1.0}]"
v2n091_seed62165176_v215_baseline,62165176,215,train,baseline,v2_seed62165176,[]
v2n091_seed62165176_v215_fastener,62165176,215,train,fastener,v2_seed62165176,"[{""type"": ""fastener_failure"", ""label"": ""fastener_eta"", ""start_m"": 177.0, ""count"": 20, ""side"": ""left"", ""directions"": ""both"", ""stiffness_factor_eta_k"": 0.25, ""damping_factor_eta_c"": 1.0}]"
v2n091_seed62165176_v215_sleeper_void,62165176,215,train,sleeper_void,v2_seed62165176,"[{""type"": ""sleeper_void"", ""label"": ""sleeper_void"", ""start_m"": 214.2, ""count"": 1, ""side"": ""both"", ""directions"": ""vertical"", ""delta_gap_mm"": 2.387}]"
v2n091_seed62165176_v215_ballast,62165176,215,train,ballast,v2_seed62165176,"[{""type"": ""ballast_condition"", ""label"": ""ballast_softened"", ""start_m"": 181.8, ""count"": 5, ""side"": ""right"", ""directions"": ""vertical"", ""stiffness_factor_eta_k"": 0.7737, ""damping_factor_eta_c"": 1.0}]"
v2n091_seed62165176_v215_subgrade,62165176,215,train,subgrade,v2_seed62165176,"[{""type"": ""subgrade_condition"", ""label"": ""subgrade_hardened"", ""start_m"": 253.2, ""count"": 8, ""side"": ""left"", ""directions"": ""vertical"", ""stiffness_factor_eta_k"": 1.1801, ""damping_factor_eta_c"": 1.0}]"
v2n091_seed62165176_v215_coupled_fastener_ballast_overlap,62165176,215,train,coupled_fastener_ballast_overlap,v2_seed62165176,"[{""type"": ""fastener_failure"", ""label"": ""fastener_eta"", ""start_m"": 216.0, ""count"": 3, ""side"": ""left"", ""directions"": ""both"", ""stiffness_factor_eta_k"": 0.85, ""damping_factor_eta_c"": 1.0}, {""type"": ""ballast_condition"", ""label"": ""ballast_softened"", ""start_m"": 216.0, ""count"": 80, ""side"": ""left"", ""directions"": ""vertical"", ""stiffness_factor_eta_k"": 0.6664, ""damping_factor_eta_c"": 1.0}]"
v2n091_seed62165176_v215_coupled_fastener_sleeper_void_partial_overlap,62165176,215,train,coupled_fastener_sleeper_void_partial_overlap,v2_seed62165176,"[{""type"": ""fastener_failure"", ""label"": ""fastener_eta"", ""start_m"": 222.0, ""count"": 5, ""side"": ""right"", ""directions"": ""both"", ""stiffness_factor_eta_k"": 0.9, ""damping_factor_eta_c"": 1.0}, {""type"": ""sleeper_void"", ""label"": ""sleeper_void"", ""start_m"": 222.6, ""count"": 1, ""side"": ""left"", ""directions"": ""vertical"", ""delta_gap_mm"": 1.175}]"
v2n091_seed62165176_v250_baseline,62165176,250,train,baseline,v2_seed62165176,[]
v2n091_seed62165176_v250_ballast,62165176,250,train,ballast,v2_seed62165176,"[{""type"": ""ballast_condition"", ""label"": ""ballast_softened"", ""start_m"": 181.8, ""count"": 5, ""side"": ""right"", ""directions"": ""vertical"", ""stiffness_factor_eta_k"": 0.7737, ""damping_factor_eta_c"": 1.0}]"
v2n091_seed62165176_v250_coupled_fastener_ballast_overlap,62165176,250,train,coupled_fastener_ballast_overlap,v2_seed62165176,"[{""type"": ""fastener_failure"", ""label"": ""fastener_eta"", ""start_m"": 216.0, ""count"": 3, ""side"": ""left"", ""directions"": ""both"", ""stiffness_factor_eta_k"": 0.85, ""damping_factor_eta_c"": 1.0}, {""type"": ""ballast_condition"", ""label"": ""ballast_softened"", ""start_m"": 216.0, ""count"": 80, ""side"": ""left"", ""directions"": ""vertical"", ""stiffness_factor_eta_k"": 0.6664, ""damping_factor_eta_c"": 1.0}]"
v2n092_seed44073609_v250_baseline,44073609,250,train,baseline,v2_seed44073609,[]
v2n092_seed44073609_v250_fastener,44073609,250,train,fastener,v2_seed44073609,"[{""type"": ""fastener_failure"", ""label"": ""fastener_eta"", ""start_m"": 283.2, ""count"": 1, ""side"": ""right"", ""directions"": ""both"", ""stiffness_factor_eta_k"": 0.5, ""damping_factor_eta_c"": 1.0}]"
v2n092_seed44073609_v250_sleeper_void,44073609,250,train,sleeper_void,v2_seed44073609,"[{""type"": ""sleeper_void"", ""label"": ""sleeper_void"", ""start_m"": 284.4, ""count"": 2, ""side"": ""left"", ""directions"": ""vertical"", ""delta_gap_mm"": 0.212}]"
v2n092_seed44073609_v250_ballast,44073609,250,train,ballast,v2_seed44073609,"[{""type"": ""ballast_condition"", ""label"": ""ballast_hardened"", ""start_m"": 237.6, ""count"": 8, ""side"": ""both"", ""directions"": ""vertical"", ""stiffness_factor_eta_k"": 1.0568, ""damping_factor_eta_c"": 1.0}]"
v2n092_seed44073609_v250_subgrade,44073609,250,train,subgrade,v2_seed44073609,"[{""type"": ""subgrade_condition"", ""label"": ""subgrade_hardened"", ""start_m"": 260.4, ""count"": 12, ""side"": ""right"", ""directions"": ""vertical"", ""stiffness_factor_eta_k"": 2.4137, ""damping_factor_eta_c"": 1.0}]"
v2n092_seed44073609_v250_coupled_fastener_subgrade_partial_overlap,44073609,250,train,coupled_fastener_subgrade_partial_overlap,v2_seed44073609,"[{""type"": ""fastener_failure"", ""label"": ""fastener_eta"", ""start_m"": 189.0, ""count"": 5, ""side"": ""right"", ""directions"": ""both"", ""stiffness_factor_eta_k"": 0.9, ""damping_factor_eta_c"": 1.0}, {""type"": ""subgrade_condition"", ""label"": ""subgrade_softened"", ""start_m"": 189.6, ""count"": 3, ""side"": ""both"", ""directions"": ""vertical"", ""stiffness_factor_eta_k"": 0.7537, ""damping_factor_eta_c"": 1.0}]"
v2n092_seed44073609_v250_coupled_ballast_sleeper_void_separate,44073609,250,train,coupled_ballast_sleeper_void_separate,v2_seed44073609,"[{""type"": ""ballast_condition"", ""label"": ""ballast_hardened"", ""start_m"": 238.2, ""count"": 20, ""side"": ""right"", ""directions"": ""vertical"", ""stiffness_factor_eta_k"": 4.2845, ""damping_factor_eta_c"": 1.0}, {""type"": ""sleeper_void"", ""label"": ""sleeper_void"", ""start_m"": 262.2, ""count"": 2, ""side"": ""right"", ""directions"": ""vertical"", ""delta_gap_mm"": 3.301}]"
v2n092_seed44073609_v200_baseline,44073609,200,train,baseline,v2_seed44073609,[]
v2n092_seed44073609_v200_subgrade,44073609,200,train,subgrade,v2_seed44073609,"[{""type"": ""subgrade_condition"", ""label"": ""subgrade_hardened"", ""start_m"": 260.4, ""count"": 12, ""side"": ""right"", ""directions"": ""vertical"", ""stiffness_factor_eta_k"": 2.4137, ""damping_factor_eta_c"": 1.0}]"
v2n092_seed44073609_v200_coupled_fastener_subgrade_partial_overlap,44073609,200,train,coupled_fastener_subgrade_partial_overlap,v2_seed44073609,"[{""type"": ""fastener_failure"", ""label"": ""fastener_eta"", ""start_m"": 189.0, ""count"": 5, ""side"": ""right"", ""directions"": ""both"", ""stiffness_factor_eta_k"": 0.9, ""damping_factor_eta_c"": 1.0}, {""type"": ""subgrade_condition"", ""label"": ""subgrade_softened"", ""start_m"": 189.6, ""count"": 3, ""side"": ""both"", ""directions"": ""vertical"", ""stiffness_factor_eta_k"": 0.7537, ""damping_factor_eta_c"": 1.0}]"
v2n093_seed25915854_v160_baseline,25915854,160,val,baseline,v2_seed25915854,[]
v2n093_seed25915854_v160_fastener,25915854,160,val,fastener,v2_seed25915854,"[{""type"": ""fastener_failure"", ""label"": ""fastener_eta"", ""start_m"": 198.0, ""count"": 2, ""side"": ""both"", ""directions"": ""both"", ""stiffness_factor_eta_k"": 0.75, ""damping_factor_eta_c"": 1.0}]"
v2n093_seed25915854_v160_sleeper_void,25915854,160,val,sleeper_void,v2_seed25915854,"[{""type"": ""sleeper_void"", ""label"": ""sleeper_void"", ""start_m"": 190.8, ""count"": 3, ""side"": ""right"", ""directions"": ""vertical"", ""delta_gap_mm"": 0.695}]"
v2n093_seed25915854_v160_ballast,25915854,160,val,ballast,v2_seed25915854,"[{""type"": ""ballast_condition"", ""label"": ""ballast_hardened"", ""start_m"": 264.0, ""count"": 12, ""side"": ""left"", ""directions"": ""vertical"", ""stiffness_factor_eta_k"": 2.1956, ""damping_factor_eta_c"": 1.0}]"
v2n093_seed25915854_v160_subgrade,25915854,160,val,subgrade,v2_seed25915854,"[{""type"": ""subgrade_condition"", ""label"": ""subgrade_hardened"", ""start_m"": 181.2, ""count"": 20, ""side"": ""both"", ""directions"": ""vertical"", ""stiffness_factor_eta_k"": 4.8057, ""damping_factor_eta_c"": 1.0}]"
v2n093_seed25915854_v160_coupled_ballast_subgrade_separate,25915854,160,val,coupled_ballast_subgrade_separate,v2_seed25915854,"[{""type"": ""ballast_condition"", ""label"": ""ballast_hardened"", ""start_m"": 201.6, ""count"": 20, ""side"": ""right"", ""directions"": ""vertical"", ""stiffness_factor_eta_k"": 5.278, ""damping_factor_eta_c"": 1.0}, {""type"": ""subgrade_condition"", ""label"": ""subgrade_hardened"", ""start_m"": 225.6, ""count"": 5, ""side"": ""left"", ""directions"": ""vertical"", ""stiffness_factor_eta_k"": 1.2687, ""damping_factor_eta_c"": 1.0}]"
v2n093_seed25915854_v160_coupled_subgrade_sleeper_void_overlap,25915854,160,val,coupled_subgrade_sleeper_void_overlap,v2_seed25915854,"[{""type"": ""subgrade_condition"", ""label"": ""subgrade_softened"", ""start_m"": 237.6, ""count"": 40, ""side"": ""left"", ""directions"": ""vertical"", ""stiffness_factor_eta_k"": 0.1411, ""damping_factor_eta_c"": 1.0}, {""type"": ""sleeper_void"", ""label"": ""sleeper_void"", ""start_m"": 237.6, ""count"": 3, ""side"": ""both"", ""directions"": ""vertical"", ""delta_gap_mm"": 0.313}]"
v2n093_seed25915854_v200_baseline,25915854,200,val,baseline,v2_seed25915854,[]
v2n093_seed25915854_v200_fastener,25915854,200,val,fastener,v2_seed25915854,"[{""type"": ""fastener_failure"", ""label"": ""fastener_eta"", ""start_m"": 198.0, ""count"": 2, ""side"": ""both"", ""directions"": ""both"", ""stiffness_factor_eta_k"": 0.75, ""damping_factor_eta_c"": 1.0}]"
v2n093_seed25915854_v200_coupled_ballast_subgrade_separate,25915854,200,val,coupled_ballast_subgrade_separate,v2_seed25915854,"[{""type"": ""ballast_condition"", ""label"": ""ballast_hardened"", ""start_m"": 201.6, ""count"": 20, ""side"": ""right"", ""directions"": ""vertical"", ""stiffness_factor_eta_k"": 5.278, ""damping_factor_eta_c"": 1.0}, {""type"": ""subgrade_condition"", ""label"": ""subgrade_hardened"", ""start_m"": 225.6, ""count"": 5, ""side"": ""left"", ""directions"": ""vertical"", ""stiffness_factor_eta_k"": 1.2687, ""damping_factor_eta_c"": 1.0}]"
v2n094_seed23487010_v200_baseline,23487010,200,train,baseline,v2_seed23487010,[]
v2n094_seed23487010_v200_fastener,23487010,200,train,fastener,v2_seed23487010,"[{""type"": ""fastener_failure"", ""label"": ""fastener_eta"", ""start_m"": 243.6, ""count"": 3, ""side"": ""left"", ""directions"": ""both"", ""stiffness_factor_eta_k"": 0.85, ""damping_factor_eta_c"": 1.0}]"
v2n094_seed23487010_v200_sleeper_void,23487010,200,train,sleeper_void,v2_seed23487010,"[{""type"": ""sleeper_void"", ""label"": ""sleeper_void"", ""start_m"": 237.0, ""count"": 5, ""side"": ""both"", ""directions"": ""vertical"", ""delta_gap_mm"": 1.317}]"
v2n094_seed23487010_v200_ballast,23487010,200,train,ballast,v2_seed23487010,"[{""type"": ""ballast_condition"", ""label"": ""ballast_hardened"", ""start_m"": 186.0, ""count"": 20, ""side"": ""right"", ""directions"": ""vertical"", ""stiffness_factor_eta_k"": 3.0672, ""damping_factor_eta_c"": 1.0}]"
v2n094_seed23487010_v200_subgrade,23487010,200,train,subgrade,v2_seed23487010,"[{""type"": ""subgrade_condition"", ""label"": ""subgrade_softened"", ""start_m"": 197.4, ""count"": 40, ""side"": ""left"", ""directions"": ""vertical"", ""stiffness_factor_eta_k"": 0.2749, ""damping_factor_eta_c"": 1.0}]"
v2n094_seed23487010_v200_coupled_fastener_ballast_overlap,23487010,200,train,coupled_fastener_ballast_overlap,v2_seed23487010,"[{""type"": ""fastener_failure"", ""label"": ""fastener_eta"", ""start_m"": 186.6, ""count"": 12, ""side"": ""left"", ""directions"": ""both"", ""stiffness_factor_eta_k"": 1.05, ""damping_factor_eta_c"": 1.0}, {""type"": ""ballast_condition"", ""label"": ""ballast_hardened"", ""start_m"": 186.6, ""count"": 8, ""side"": ""left"", ""directions"": ""vertical"", ""stiffness_factor_eta_k"": 2.2896, ""damping_factor_eta_c"": 1.0}]"
v2n094_seed23487010_v200_coupled_fastener_sleeper_void_partial_overlap,23487010,200,train,coupled_fastener_sleeper_void_partial_overlap,v2_seed23487010,"[{""type"": ""fastener_failure"", ""label"": ""fastener_eta"", ""start_m"": 191.4, ""count"": 20, ""side"": ""right"", ""directions"": ""both"", ""stiffness_factor_eta_k"": 1.1, ""damping_factor_eta_c"": 1.0}, {""type"": ""sleeper_void"", ""label"": ""sleeper_void"", ""start_m"": 192.6, ""count"": 5, ""side"": ""left"", ""directions"": ""vertical"", ""delta_gap_mm"": 0.706}]"
v2n094_seed23487010_v250_baseline,23487010,250,train,baseline,v2_seed23487010,[]
v2n094_seed23487010_v250_sleeper_void,23487010,250,train,sleeper_void,v2_seed23487010,"[{""type"": ""sleeper_void"", ""label"": ""sleeper_void"", ""start_m"": 237.0, ""count"": 5, ""side"": ""both"", ""directions"": ""vertical"", ""delta_gap_mm"": 1.317}]"
v2n094_seed23487010_v250_coupled_fastener_ballast_overlap,23487010,250,train,coupled_fastener_ballast_overlap,v2_seed23487010,"[{""type"": ""fastener_failure"", ""label"": ""fastener_eta"", ""start_m"": 186.6, ""count"": 12, ""side"": ""left"", ""directions"": ""both"", ""stiffness_factor_eta_k"": 1.05, ""damping_factor_eta_c"": 1.0}, {""type"": ""ballast_condition"", ""label"": ""ballast_hardened"", ""start_m"": 186.6, ""count"": 8, ""side"": ""left"", ""directions"": ""vertical"", ""stiffness_factor_eta_k"": 2.2896, ""damping_factor_eta_c"": 1.0}]"
v2n095_seed96160297_v215_baseline,96160297,215,train,baseline,v2_seed96160297,[]
v2n095_seed96160297_v215_fastener,96160297,215,train,fastener,v2_seed96160297,"[{""type"": ""fastener_failure"", ""label"": ""fastener_eta"", ""start_m"": 265.2, ""count"": 5, ""side"": ""right"", ""directions"": ""both"", ""stiffness_factor_eta_k"": 0.9, ""damping_factor_eta_c"": 1.0}]"
v2n095_seed96160297_v215_sleeper_void,96160297,215,train,sleeper_void,v2_seed96160297,"[{""type"": ""sleeper_void"", ""label"": ""sleeper_void"", ""start_m"": 255.6, ""count"": 8, ""side"": ""left"", ""directions"": ""vertical"", ""delta_gap_mm"": 3.206}]"
v2n095_seed96160297_v215_ballast,96160297,215,train,ballast,v2_seed96160297,"[{""type"": ""ballast_condition"", ""label"": ""ballast_softened"", ""start_m"": 229.2, ""count"": 40, ""side"": ""both"", ""directions"": ""vertical"", ""stiffness_factor_eta_k"": 0.1194, ""damping_factor_eta_c"": 1.0}]"
v2n095_seed96160297_v215_subgrade,96160297,215,train,subgrade,v2_seed96160297,"[{""type"": ""subgrade_condition"", ""label"": ""subgrade_softened"", ""start_m"": 186.6, ""count"": 80, ""side"": ""right"", ""directions"": ""vertical"", ""stiffness_factor_eta_k"": 0.3549, ""damping_factor_eta_c"": 1.0}]"
v2n095_seed96160297_v215_coupled_fastener_subgrade_partial_overlap,96160297,215,train,coupled_fastener_subgrade_partial_overlap,v2_seed96160297,"[{""type"": ""fastener_failure"", ""label"": ""fastener_eta"", ""start_m"": 239.4, ""count"": 20, ""side"": ""right"", ""directions"": ""both"", ""stiffness_factor_eta_k"": 1.1, ""damping_factor_eta_c"": 1.0}, {""type"": ""subgrade_condition"", ""label"": ""subgrade_hardened"", ""start_m"": 243.0, ""count"": 12, ""side"": ""both"", ""directions"": ""vertical"", ""stiffness_factor_eta_k"": 5.255, ""damping_factor_eta_c"": 1.0}]"
v2n095_seed96160297_v215_coupled_ballast_sleeper_void_separate,96160297,215,train,coupled_ballast_sleeper_void_separate,v2_seed96160297,"[{""type"": ""ballast_condition"", ""label"": ""ballast_softened"", ""start_m"": 235.8, ""count"": 3, ""side"": ""right"", ""directions"": ""vertical"", ""stiffness_factor_eta_k"": 0.893, ""damping_factor_eta_c"": 1.0}, {""type"": ""sleeper_void"", ""label"": ""sleeper_void"", ""start_m"": 252.6, ""count"": 8, ""side"": ""right"", ""directions"": ""vertical"", ""delta_gap_mm"": 1.89}]"
v2n095_seed96160297_v250_baseline,96160297,250,train,baseline,v2_seed96160297,[]
v2n095_seed96160297_v250_ballast,96160297,250,train,ballast,v2_seed96160297,"[{""type"": ""ballast_condition"", ""label"": ""ballast_softened"", ""start_m"": 229.2, ""count"": 40, ""side"": ""both"", ""directions"": ""vertical"", ""stiffness_factor_eta_k"": 0.1194, ""damping_factor_eta_c"": 1.0}]"
v2n095_seed96160297_v250_coupled_fastener_subgrade_partial_overlap,96160297,250,train,coupled_fastener_subgrade_partial_overlap,v2_seed96160297,"[{""type"": ""fastener_failure"", ""label"": ""fastener_eta"", ""start_m"": 239.4, ""count"": 20, ""side"": ""right"", ""directions"": ""both"", ""stiffness_factor_eta_k"": 1.1, ""damping_factor_eta_c"": 1.0}, {""type"": ""subgrade_condition"", ""label"": ""subgrade_hardened"", ""start_m"": 243.0, ""count"": 12, ""side"": ""both"", ""directions"": ""vertical"", ""stiffness_factor_eta_k"": 5.255, ""damping_factor_eta_c"": 1.0}]"
v2n096_seed42268614_v250_baseline,42268614,250,train,baseline,v2_seed42268614,[]
v2n096_seed42268614_v250_fastener,42268614,250,train,fastener,v2_seed42268614,"[{""type"": ""fastener_failure"", ""label"": ""fastener_eta"", ""start_m"": 162.6, ""count"": 8, ""side"": ""both"", ""directions"": ""both"", ""stiffness_factor_eta_k"": 0.95, ""damping_factor_eta_c"": 1.0}]"
v2n096_seed42268614_v250_sleeper_void,42268614,250,train,sleeper_void,v2_seed42268614,"[{""type"": ""sleeper_void"", ""label"": ""sleeper_void"", ""start_m"": 290.4, ""count"": 12, ""side"": ""right"", ""directions"": ""vertical"", ""delta_gap_mm"": 0.417}]"
v2n096_seed42268614_v250_ballast,42268614,250,train,ballast,v2_seed42268614,"[{""type"": ""ballast_condition"", ""label"": ""ballast_softened"", ""start_m"": 248.4, ""count"": 80, ""side"": ""left"", ""directions"": ""vertical"", ""stiffness_factor_eta_k"": 0.3645, ""damping_factor_eta_c"": 1.0}]"
v2n096_seed42268614_v250_subgrade,42268614,250,train,subgrade,v2_seed42268614,"[{""type"": ""subgrade_condition"", ""label"": ""subgrade_softened"", ""start_m"": 263.4, ""count"": 3, ""side"": ""both"", ""directions"": ""vertical"", ""stiffness_factor_eta_k"": 0.9322, ""damping_factor_eta_c"": 1.0}]"
v2n096_seed42268614_v250_coupled_ballast_subgrade_separate,42268614,250,train,coupled_ballast_subgrade_separate,v2_seed42268614,"[{""type"": ""ballast_condition"", ""label"": ""ballast_softened"", ""start_m"": 194.4, ""count"": 3, ""side"": ""right"", ""directions"": ""vertical"", ""stiffness_factor_eta_k"": 0.8965, ""damping_factor_eta_c"": 1.0}, {""type"": ""subgrade_condition"", ""label"": ""subgrade_softened"", ""start_m"": 218.4, ""count"": 20, ""side"": ""left"", ""directions"": ""vertical"", ""stiffness_factor_eta_k"": 0.2578, ""damping_factor_eta_c"": 1.0}]"
v2n096_seed42268614_v250_coupled_subgrade_sleeper_void_overlap,42268614,250,train,coupled_subgrade_sleeper_void_overlap,v2_seed42268614,"[{""type"": ""subgrade_condition"", ""label"": ""subgrade_hardened"", ""start_m"": 189.6, ""count"": 5, ""side"": ""left"", ""directions"": ""vertical"", ""stiffness_factor_eta_k"": 1.1503, ""damping_factor_eta_c"": 1.0}, {""type"": ""sleeper_void"", ""label"": ""sleeper_void"", ""start_m"": 189.6, ""count"": 12, ""side"": ""both"", ""directions"": ""vertical"", ""delta_gap_mm"": 3.29}]"
v2n096_seed42268614_v200_baseline,42268614,200,train,baseline,v2_seed42268614,[]
v2n096_seed42268614_v200_subgrade,42268614,200,train,subgrade,v2_seed42268614,"[{""type"": ""subgrade_condition"", ""label"": ""subgrade_softened"", ""start_m"": 263.4, ""count"": 3, ""side"": ""both"", ""directions"": ""vertical"", ""stiffness_factor_eta_k"": 0.9322, ""damping_factor_eta_c"": 1.0}]"
v2n096_seed42268614_v200_coupled_ballast_subgrade_separate,42268614,200,train,coupled_ballast_subgrade_separate,v2_seed42268614,"[{""type"": ""ballast_condition"", ""label"": ""ballast_softened"", ""start_m"": 194.4, ""count"": 3, ""side"": ""right"", ""directions"": ""vertical"", ""stiffness_factor_eta_k"": 0.8965, ""damping_factor_eta_c"": 1.0}, {""type"": ""subgrade_condition"", ""label"": ""subgrade_softened"", ""start_m"": 218.4, ""count"": 20, ""side"": ""left"", ""directions"": ""vertical"", ""stiffness_factor_eta_k"": 0.2578, ""damping_factor_eta_c"": 1.0}]"
v2n097_seed75066156_v160_baseline,75066156,160,val,baseline,v2_seed75066156,[]
v2n097_seed75066156_v160_fastener,75066156,160,val,fastener,v2_seed75066156,"[{""type"": ""fastener_failure"", ""label"": ""fastener_eta"", ""start_m"": 234.0, ""count"": 12, ""side"": ""left"", ""directions"": ""both"", ""stiffness_factor_eta_k"": 1.05, ""damping_factor_eta_c"": 1.0}]"
v2n097_seed75066156_v160_sleeper_void,75066156,160,val,sleeper_void,v2_seed75066156,"[{""type"": ""sleeper_void"", ""label"": ""sleeper_void"", ""start_m"": 157.2, ""count"": 20, ""side"": ""both"", ""directions"": ""vertical"", ""delta_gap_mm"": 0.92}]"
v2n097_seed75066156_v160_ballast,75066156,160,val,ballast,v2_seed75066156,"[{""type"": ""ballast_condition"", ""label"": ""ballast_softened"", ""start_m"": 221.4, ""count"": 3, ""side"": ""right"", ""directions"": ""vertical"", ""stiffness_factor_eta_k"": 0.765, ""damping_factor_eta_c"": 1.0}]"
v2n097_seed75066156_v160_subgrade,75066156,160,val,subgrade,v2_seed75066156,"[{""type"": ""subgrade_condition"", ""label"": ""subgrade_hardened"", ""start_m"": 275.4, ""count"": 5, ""side"": ""left"", ""directions"": ""vertical"", ""stiffness_factor_eta_k"": 1.1802, ""damping_factor_eta_c"": 1.0}]"
v2n097_seed75066156_v160_coupled_fastener_ballast_overlap,75066156,160,val,coupled_fastener_ballast_overlap,v2_seed75066156,"[{""type"": ""fastener_failure"", ""label"": ""fastener_eta"", ""start_m"": 223.2, ""count"": 2, ""side"": ""left"", ""directions"": ""both"", ""stiffness_factor_eta_k"": 0.0, ""damping_factor_eta_c"": 1.0}, {""type"": ""ballast_condition"", ""label"": ""ballast_softened"", ""start_m"": 223.2, ""count"": 40, ""side"": ""left"", ""directions"": ""vertical"", ""stiffness_factor_eta_k"": 0.3911, ""damping_factor_eta_c"": 1.0}]"
v2n097_seed75066156_v160_coupled_fastener_sleeper_void_partial_overlap,75066156,160,val,coupled_fastener_sleeper_void_partial_overlap,v2_seed75066156,"[{""type"": ""fastener_failure"", ""label"": ""fastener_eta"", ""start_m"": 235.2, ""count"": 3, ""side"": ""right"", ""directions"": ""both"", ""stiffness_factor_eta_k"": 0.1, ""damping_factor_eta_c"": 1.0}, {""type"": ""sleeper_void"", ""label"": ""sleeper_void"", ""start_m"": 235.8, ""count"": 20, ""side"": ""left"", ""directions"": ""vertical"", ""delta_gap_mm"": 0.23}]"
v2n097_seed75066156_v200_baseline,75066156,200,val,baseline,v2_seed75066156,[]
v2n097_seed75066156_v200_fastener,75066156,200,val,fastener,v2_seed75066156,"[{""type"": ""fastener_failure"", ""label"": ""fastener_eta"", ""start_m"": 234.0, ""count"": 12, ""side"": ""left"", ""directions"": ""both"", ""stiffness_factor_eta_k"": 1.05, ""damping_factor_eta_c"": 1.0}]"
v2n097_seed75066156_v200_coupled_fastener_ballast_overlap,75066156,200,val,coupled_fastener_ballast_overlap,v2_seed75066156,"[{""type"": ""fastener_failure"", ""label"": ""fastener_eta"", ""start_m"": 223.2, ""count"": 2, ""side"": ""left"", ""directions"": ""both"", ""stiffness_factor_eta_k"": 0.0, ""damping_factor_eta_c"": 1.0}, {""type"": ""ballast_condition"", ""label"": ""ballast_softened"", ""start_m"": 223.2, ""count"": 40, ""side"": ""left"", ""directions"": ""vertical"", ""stiffness_factor_eta_k"": 0.3911, ""damping_factor_eta_c"": 1.0}]"
v2n098_seed22608742_v200_baseline,22608742,200,train,baseline,v2_seed22608742,[]
v2n098_seed22608742_v200_fastener,22608742,200,train,fastener,v2_seed22608742,"[{""type"": ""fastener_failure"", ""label"": ""fastener_eta"", ""start_m"": 154.2, ""count"": 20, ""side"": ""right"", ""directions"": ""both"", ""stiffness_factor_eta_k"": 1.1, ""damping_factor_eta_c"": 1.0}]"
v2n098_seed22608742_v200_sleeper_void,22608742,200,train,sleeper_void,v2_seed22608742,"[{""type"": ""sleeper_void"", ""label"": ""sleeper_void"", ""start_m"": 202.8, ""count"": 1, ""side"": ""left"", ""directions"": ""vertical"", ""delta_gap_mm"": 1.604}]"
v2n098_seed22608742_v200_ballast,22608742,200,train,ballast,v2_seed22608742,"[{""type"": ""ballast_condition"", ""label"": ""ballast_hardened"", ""start_m"": 198.6, ""count"": 5, ""side"": ""both"", ""directions"": ""vertical"", ""stiffness_factor_eta_k"": 1.0822, ""damping_factor_eta_c"": 1.0}]"
v2n098_seed22608742_v200_subgrade,22608742,200,train,subgrade,v2_seed22608742,"[{""type"": ""subgrade_condition"", ""label"": ""subgrade_hardened"", ""start_m"": 192.0, ""count"": 8, ""side"": ""right"", ""directions"": ""vertical"", ""stiffness_factor_eta_k"": 2.0346, ""damping_factor_eta_c"": 1.0}]"
v2n098_seed22608742_v200_coupled_fastener_subgrade_partial_overlap,22608742,200,train,coupled_fastener_subgrade_partial_overlap,v2_seed22608742,"[{""type"": ""fastener_failure"", ""label"": ""fastener_eta"", ""start_m"": 226.2, ""count"": 3, ""side"": ""right"", ""directions"": ""both"", ""stiffness_factor_eta_k"": 0.1, ""damping_factor_eta_c"": 1.0}, {""type"": ""subgrade_condition"", ""label"": ""subgrade_softened"", ""start_m"": 226.8, ""count"": 80, ""side"": ""both"", ""directions"": ""vertical"", ""stiffness_factor_eta_k"": 0.8208, ""damping_factor_eta_c"": 1.0}]"
v2n098_seed22608742_v200_coupled_ballast_sleeper_void_separate,22608742,200,train,coupled_ballast_sleeper_void_separate,v2_seed22608742,"[{""type"": ""ballast_condition"", ""label"": ""ballast_hardened"", ""start_m"": 202.2, ""count"": 12, ""side"": ""right"", ""directions"": ""vertical"", ""stiffness_factor_eta_k"": 6.8964, ""damping_factor_eta_c"": 1.0}, {""type"": ""sleeper_void"", ""label"": ""sleeper_void"", ""start_m"": 221.4, ""count"": 1, ""side"": ""right"", ""directions"": ""vertical"", ""delta_gap_mm"": 0.544}]"
v2n098_seed22608742_v250_baseline,22608742,250,train,baseline,v2_seed22608742,[]
v2n098_seed22608742_v250_sleeper_void,22608742,250,train,sleeper_void,v2_seed22608742,"[{""type"": ""sleeper_void"", ""label"": ""sleeper_void"", ""start_m"": 202.8, ""count"": 1, ""side"": ""left"", ""directions"": ""vertical"", ""delta_gap_mm"": 1.604}]"
v2n098_seed22608742_v250_coupled_fastener_subgrade_partial_overlap,22608742,250,train,coupled_fastener_subgrade_partial_overlap,v2_seed22608742,"[{""type"": ""fastener_failure"", ""label"": ""fastener_eta"", ""start_m"": 226.2, ""count"": 3, ""side"": ""right"", ""directions"": ""both"", ""stiffness_factor_eta_k"": 0.1, ""damping_factor_eta_c"": 1.0}, {""type"": ""subgrade_condition"", ""label"": ""subgrade_softened"", ""start_m"": 226.8, ""count"": 80, ""side"": ""both"", ""directions"": ""vertical"", ""stiffness_factor_eta_k"": 0.8208, ""damping_factor_eta_c"": 1.0}]"
v2n099_seed17986701_v215_baseline,17986701,215,train,baseline,v2_seed17986701,[]
v2n099_seed17986701_v215_fastener,17986701,215,train,fastener,v2_seed17986701,"[{""type"": ""fastener_failure"", ""label"": ""fastener_eta"", ""start_m"": 259.8, ""count"": 1, ""side"": ""both"", ""directions"": ""both"", ""stiffness_factor_eta_k"": 1.25, ""damping_factor_eta_c"": 1.0}]"
v2n099_seed17986701_v215_sleeper_void,17986701,215,train,sleeper_void,v2_seed17986701,"[{""type"": ""sleeper_void"", ""label"": ""sleeper_void"", ""start_m"": 150.0, ""count"": 2, ""side"": ""right"", ""directions"": ""vertical"", ""delta_gap_mm"": 3.843}]"
v2n099_seed17986701_v215_ballast,17986701,215,train,ballast,v2_seed17986701,"[{""type"": ""ballast_condition"", ""label"": ""ballast_hardened"", ""start_m"": 202.2, ""count"": 8, ""side"": ""left"", ""directions"": ""vertical"", ""stiffness_factor_eta_k"": 2.6856, ""damping_factor_eta_c"": 1.0}]"
v2n099_seed17986701_v215_subgrade,17986701,215,train,subgrade,v2_seed17986701,"[{""type"": ""subgrade_condition"", ""label"": ""subgrade_hardened"", ""start_m"": 233.4, ""count"": 12, ""side"": ""both"", ""directions"": ""vertical"", ""stiffness_factor_eta_k"": 3.9539, ""damping_factor_eta_c"": 1.0}]"
v2n099_seed17986701_v215_coupled_ballast_subgrade_separate,17986701,215,train,coupled_ballast_subgrade_separate,v2_seed17986701,"[{""type"": ""ballast_condition"", ""label"": ""ballast_hardened"", ""start_m"": 224.4, ""count"": 12, ""side"": ""right"", ""directions"": ""vertical"", ""stiffness_factor_eta_k"": 5.7752, ""damping_factor_eta_c"": 1.0}, {""type"": ""subgrade_condition"", ""label"": ""subgrade_hardened"", ""start_m"": 243.6, ""count"": 3, ""side"": ""left"", ""directions"": ""vertical"", ""stiffness_factor_eta_k"": 1.2958, ""damping_factor_eta_c"": 1.0}]"
v2n099_seed17986701_v215_coupled_subgrade_sleeper_void_overlap,17986701,215,train,coupled_subgrade_sleeper_void_overlap,v2_seed17986701,"[{""type"": ""subgrade_condition"", ""label"": ""subgrade_softened"", ""start_m"": 206.4, ""count"": 20, ""side"": ""left"", ""directions"": ""vertical"", ""stiffness_factor_eta_k"": 0.29, ""damping_factor_eta_c"": 1.0}, {""type"": ""sleeper_void"", ""label"": ""sleeper_void"", ""start_m"": 206.4, ""count"": 2, ""side"": ""both"", ""directions"": ""vertical"", ""delta_gap_mm"": 1.411}]"
v2n099_seed17986701_v250_baseline,17986701,250,train,baseline,v2_seed17986701,[]
v2n099_seed17986701_v250_ballast,17986701,250,train,ballast,v2_seed17986701,"[{""type"": ""ballast_condition"", ""label"": ""ballast_hardened"", ""start_m"": 202.2, ""count"": 8, ""side"": ""left"", ""directions"": ""vertical"", ""stiffness_factor_eta_k"": 2.6856, ""damping_factor_eta_c"": 1.0}]"
v2n099_seed17986701_v250_coupled_ballast_subgrade_separate,17986701,250,train,coupled_ballast_subgrade_separate,v2_seed17986701,"[{""type"": ""ballast_condition"", ""label"": ""ballast_hardened"", ""start_m"": 224.4, ""count"": 12, ""side"": ""right"", ""directions"": ""vertical"", ""stiffness_factor_eta_k"": 5.7752, ""damping_factor_eta_c"": 1.0}, {""type"": ""subgrade_condition"", ""label"": ""subgrade_hardened"", ""start_m"": 243.6, ""count"": 3, ""side"": ""left"", ""directions"": ""vertical"", ""stiffness_factor_eta_k"": 1.2958, ""damping_factor_eta_c"": 1.0}]"
v2n100_seed25886585_v250_baseline,25886585,250,train,baseline,v2_seed25886585,[]
v2n100_seed25886585_v250_fastener,25886585,250,train,fastener,v2_seed25886585,"[{""type"": ""fastener_failure"", ""label"": ""fastener_eta"", ""start_m"": 243.6, ""count"": 2, ""side"": ""left"", ""directions"": ""both"", ""stiffness_factor_eta_k"": 0.0, ""damping_factor_eta_c"": 1.0}]"
v2n100_seed25886585_v250_sleeper_void,25886585,250,train,sleeper_void,v2_seed25886585,"[{""type"": ""sleeper_void"", ""label"": ""sleeper_void"", ""start_m"": 256.8, ""count"": 3, ""side"": ""both"", ""directions"": ""vertical"", ""delta_gap_mm"": 0.415}]"
v2n100_seed25886585_v250_ballast,25886585,250,train,ballast,v2_seed25886585,"[{""type"": ""ballast_condition"", ""label"": ""ballast_hardened"", ""start_m"": 192.0, ""count"": 12, ""side"": ""right"", ""directions"": ""vertical"", ""stiffness_factor_eta_k"": 5.826, ""damping_factor_eta_c"": 1.0}]"
v2n100_seed25886585_v250_subgrade,25886585,250,train,subgrade,v2_seed25886585,"[{""type"": ""subgrade_condition"", ""label"": ""subgrade_softened"", ""start_m"": 164.4, ""count"": 20, ""side"": ""left"", ""directions"": ""vertical"", ""stiffness_factor_eta_k"": 0.2221, ""damping_factor_eta_c"": 1.0}]"
v2n100_seed25886585_v250_coupled_fastener_ballast_overlap,25886585,250,train,coupled_fastener_ballast_overlap,v2_seed25886585,"[{""type"": ""fastener_failure"", ""label"": ""fastener_eta"", ""start_m"": 187.2, ""count"": 8, ""side"": ""left"", ""directions"": ""both"", ""stiffness_factor_eta_k"": 0.5, ""damping_factor_eta_c"": 1.0}, {""type"": ""ballast_condition"", ""label"": ""ballast_hardened"", ""start_m"": 187.2, ""count"": 5, ""side"": ""left"", ""directions"": ""vertical"", ""stiffness_factor_eta_k"": 2.5128, ""damping_factor_eta_c"": 1.0}]"
v2n100_seed25886585_v250_coupled_fastener_sleeper_void_partial_overlap,25886585,250,train,coupled_fastener_sleeper_void_partial_overlap,v2_seed25886585,"[{""type"": ""fastener_failure"", ""label"": ""fastener_eta"", ""start_m"": 229.2, ""count"": 12, ""side"": ""right"", ""directions"": ""both"", ""stiffness_factor_eta_k"": 0.75, ""damping_factor_eta_c"": 1.0}, {""type"": ""sleeper_void"", ""label"": ""sleeper_void"", ""start_m"": 229.8, ""count"": 3, ""side"": ""left"", ""directions"": ""vertical"", ""delta_gap_mm"": 3.939}]"
v2n100_seed25886585_v200_baseline,25886585,200,train,baseline,v2_seed25886585,[]
v2n100_seed25886585_v200_subgrade,25886585,200,train,subgrade,v2_seed25886585,"[{""type"": ""subgrade_condition"", ""label"": ""subgrade_softened"", ""start_m"": 164.4, ""count"": 20, ""side"": ""left"", ""directions"": ""vertical"", ""stiffness_factor_eta_k"": 0.2221, ""damping_factor_eta_c"": 1.0}]"
v2n100_seed25886585_v200_coupled_fastener_ballast_overlap,25886585,200,train,coupled_fastener_ballast_overlap,v2_seed25886585,"[{""type"": ""fastener_failure"", ""label"": ""fastener_eta"", ""start_m"": 187.2, ""count"": 8, ""side"": ""left"", ""directions"": ""both"", ""stiffness_factor_eta_k"": 0.5, ""damping_factor_eta_c"": 1.0}, {""type"": ""ballast_condition"", ""label"": ""ballast_hardened"", ""start_m"": 187.2, ""count"": 5, ""side"": ""left"", ""directions"": ""vertical"", ""stiffness_factor_eta_k"": 2.5128, ""damping_factor_eta_c"": 1.0}]"
v2n101_seed89833604_v160_baseline,89833604,160,test,baseline,v2_seed89833604,[]
v2n101_seed89833604_v160_fastener,89833604,160,test,fastener,v2_seed89833604,"[{""type"": ""fastener_failure"", ""label"": ""fastener_eta"", ""start_m"": 270.0, ""count"": 3, ""side"": ""right"", ""directions"": ""both"", ""stiffness_factor_eta_k"": 0.1, ""damping_factor_eta_c"": 1.0}]"
v2n101_seed89833604_v160_sleeper_void,89833604,160,test,sleeper_void,v2_seed89833604,"[{""type"": ""sleeper_void"", ""label"": ""sleeper_void"", ""start_m"": 262.2, ""count"": 5, ""side"": ""left"", ""directions"": ""vertical"", ""delta_gap_mm"": 0.557}]"
v2n101_seed89833604_v160_ballast,89833604,160,test,ballast,v2_seed89833604,"[{""type"": ""ballast_condition"", ""label"": ""ballast_softened"", ""start_m"": 216.0, ""count"": 20, ""side"": ""both"", ""directions"": ""vertical"", ""stiffness_factor_eta_k"": 0.2945, ""damping_factor_eta_c"": 1.0}]"
v2n101_seed89833604_v160_subgrade,89833604,160,test,subgrade,v2_seed89833604,"[{""type"": ""subgrade_condition"", ""label"": ""subgrade_softened"", ""start_m"": 163.8, ""count"": 40, ""side"": ""right"", ""directions"": ""vertical"", ""stiffness_factor_eta_k"": 0.672, ""damping_factor_eta_c"": 1.0}]"
v2n101_seed89833604_v160_coupled_fastener_subgrade_partial_overlap,89833604,160,test,coupled_fastener_subgrade_partial_overlap,v2_seed89833604,"[{""type"": ""fastener_failure"", ""label"": ""fastener_eta"", ""start_m"": 240.0, ""count"": 12, ""side"": ""right"", ""directions"": ""both"", ""stiffness_factor_eta_k"": 0.75, ""damping_factor_eta_c"": 1.0}, {""type"": ""subgrade_condition"", ""label"": ""subgrade_hardened"", ""start_m"": 242.4, ""count"": 8, ""side"": ""both"", ""directions"": ""vertical"", ""stiffness_factor_eta_k"": 4.1389, ""damping_factor_eta_c"": 1.0}]"
v2n101_seed89833604_v160_coupled_ballast_sleeper_void_separate,89833604,160,test,coupled_ballast_sleeper_void_separate,v2_seed89833604,"[{""type"": ""ballast_condition"", ""label"": ""ballast_softened"", ""start_m"": 196.8, ""count"": 80, ""side"": ""right"", ""directions"": ""vertical"", ""stiffness_factor_eta_k"": 0.9251, ""damping_factor_eta_c"": 1.0}, {""type"": ""sleeper_void"", ""label"": ""sleeper_void"", ""start_m"": 256.8, ""count"": 5, ""side"": ""right"", ""directions"": ""vertical"", ""delta_gap_mm"": 0.404}]"
v2n101_seed89833604_v200_baseline,89833604,200,test,baseline,v2_seed89833604,[]
v2n101_seed89833604_v200_fastener,89833604,200,test,fastener,v2_seed89833604,"[{""type"": ""fastener_failure"", ""label"": ""fastener_eta"", ""start_m"": 270.0, ""count"": 3, ""side"": ""right"", ""directions"": ""both"", ""stiffness_factor_eta_k"": 0.1, ""damping_factor_eta_c"": 1.0}]"
v2n101_seed89833604_v200_coupled_fastener_subgrade_partial_overlap,89833604,200,test,coupled_fastener_subgrade_partial_overlap,v2_seed89833604,"[{""type"": ""fastener_failure"", ""label"": ""fastener_eta"", ""start_m"": 240.0, ""count"": 12, ""side"": ""right"", ""directions"": ""both"", ""stiffness_factor_eta_k"": 0.75, ""damping_factor_eta_c"": 1.0}, {""type"": ""subgrade_condition"", ""label"": ""subgrade_hardened"", ""start_m"": 242.4, ""count"": 8, ""side"": ""both"", ""directions"": ""vertical"", ""stiffness_factor_eta_k"": 4.1389, ""damping_factor_eta_c"": 1.0}]"
v2n102_seed96364402_v200_baseline,96364402,200,test,baseline,v2_seed96364402,[]
v2n102_seed96364402_v200_fastener,96364402,200,test,fastener,v2_seed96364402,"[{""type"": ""fastener_failure"", ""label"": ""fastener_eta"", ""start_m"": 182.4, ""count"": 5, ""side"": ""both"", ""directions"": ""both"", ""stiffness_factor_eta_k"": 0.25, ""damping_factor_eta_c"": 1.0}]"
v2n102_seed96364402_v200_sleeper_void,96364402,200,test,sleeper_void,v2_seed96364402,"[{""type"": ""sleeper_void"", ""label"": ""sleeper_void"", ""start_m"": 231.6, ""count"": 8, ""side"": ""right"", ""directions"": ""vertical"", ""delta_gap_mm"": 1.38}]"
v2n102_seed96364402_v200_ballast,96364402,200,test,ballast,v2_seed96364402,"[{""type"": ""ballast_condition"", ""label"": ""ballast_softened"", ""start_m"": 199.8, ""count"": 40, ""side"": ""left"", ""directions"": ""vertical"", ""stiffness_factor_eta_k"": 0.4042, ""damping_factor_eta_c"": 1.0}]"
v2n102_seed96364402_v200_subgrade,96364402,200,test,subgrade,v2_seed96364402,"[{""type"": ""subgrade_condition"", ""label"": ""subgrade_softened"", ""start_m"": 150.6, ""count"": 80, ""side"": ""both"", ""directions"": ""vertical"", ""stiffness_factor_eta_k"": 0.7356, ""damping_factor_eta_c"": 1.0}]"
v2n102_seed96364402_v200_coupled_ballast_subgrade_separate,96364402,200,test,coupled_ballast_subgrade_separate,v2_seed96364402,"[{""type"": ""ballast_condition"", ""label"": ""ballast_softened"", ""start_m"": 216.0, ""count"": 80, ""side"": ""right"", ""directions"": ""vertical"", ""stiffness_factor_eta_k"": 0.8472, ""damping_factor_eta_c"": 1.0}, {""type"": ""subgrade_condition"", ""label"": ""subgrade_softened"", ""start_m"": 276.0, ""count"": 12, ""side"": ""left"", ""directions"": ""vertical"", ""stiffness_factor_eta_k"": 0.1238, ""damping_factor_eta_c"": 1.0}]"
v2n102_seed96364402_v200_coupled_subgrade_sleeper_void_overlap,96364402,200,test,coupled_subgrade_sleeper_void_overlap,v2_seed96364402,"[{""type"": ""subgrade_condition"", ""label"": ""subgrade_hardened"", ""start_m"": 210.0, ""count"": 3, ""side"": ""left"", ""directions"": ""vertical"", ""stiffness_factor_eta_k"": 1.1512, ""damping_factor_eta_c"": 1.0}, {""type"": ""sleeper_void"", ""label"": ""sleeper_void"", ""start_m"": 210.0, ""count"": 8, ""side"": ""both"", ""directions"": ""vertical"", ""delta_gap_mm"": 0.695}]"
v2n102_seed96364402_v250_baseline,96364402,250,test,baseline,v2_seed96364402,[]
v2n102_seed96364402_v250_sleeper_void,96364402,250,test,sleeper_void,v2_seed96364402,"[{""type"": ""sleeper_void"", ""label"": ""sleeper_void"", ""start_m"": 231.6, ""count"": 8, ""side"": ""right"", ""directions"": ""vertical"", ""delta_gap_mm"": 1.38}]"
v2n102_seed96364402_v250_coupled_ballast_subgrade_separate,96364402,250,test,coupled_ballast_subgrade_separate,v2_seed96364402,"[{""type"": ""ballast_condition"", ""label"": ""ballast_softened"", ""start_m"": 216.0, ""count"": 80, ""side"": ""right"", ""directions"": ""vertical"", ""stiffness_factor_eta_k"": 0.8472, ""damping_factor_eta_c"": 1.0}, {""type"": ""subgrade_condition"", ""label"": ""subgrade_softened"", ""start_m"": 276.0, ""count"": 12, ""side"": ""left"", ""directions"": ""vertical"", ""stiffness_factor_eta_k"": 0.1238, ""damping_factor_eta_c"": 1.0}]"
v2n103_seed10473321_v215_baseline,10473321,215,train,baseline,v2_seed10473321,[]
v2n103_seed10473321_v215_fastener,10473321,215,train,fastener,v2_seed10473321,"[{""type"": ""fastener_failure"", ""label"": ""fastener_eta"", ""start_m"": 272.4, ""count"": 8, ""side"": ""left"", ""directions"": ""both"", ""stiffness_factor_eta_k"": 0.5, ""damping_factor_eta_c"": 1.0}]"
v2n103_seed10473321_v215_sleeper_void,10473321,215,train,sleeper_void,v2_seed10473321,"[{""type"": ""sleeper_void"", ""label"": ""sleeper_void"", ""start_m"": 205.8, ""count"": 12, ""side"": ""both"", ""directions"": ""vertical"", ""delta_gap_mm"": 3.095}]"
v2n103_seed10473321_v215_ballast,10473321,215,train,ballast,v2_seed10473321,"[{""type"": ""ballast_condition"", ""label"": ""ballast_softened"", ""start_m"": 195.6, ""count"": 80, ""side"": ""right"", ""directions"": ""vertical"", ""stiffness_factor_eta_k"": 0.8974, ""damping_factor_eta_c"": 1.0}]"
v2n103_seed10473321_v215_subgrade,10473321,215,train,subgrade,v2_seed10473321,"[{""type"": ""subgrade_condition"", ""label"": ""subgrade_hardened"", ""start_m"": 238.8, ""count"": 3, ""side"": ""left"", ""directions"": ""vertical"", ""stiffness_factor_eta_k"": 1.1162, ""damping_factor_eta_c"": 1.0}]"
v2n103_seed10473321_v215_coupled_fastener_ballast_overlap,10473321,215,train,coupled_fastener_ballast_overlap,v2_seed10473321,"[{""type"": ""fastener_failure"", ""label"": ""fastener_eta"", ""start_m"": 215.4, ""count"": 1, ""side"": ""left"", ""directions"": ""both"", ""stiffness_factor_eta_k"": 0.9, ""damping_factor_eta_c"": 1.0}, {""type"": ""ballast_condition"", ""label"": ""ballast_softened"", ""start_m"": 215.4, ""count"": 20, ""side"": ""left"", ""directions"": ""vertical"", ""stiffness_factor_eta_k"": 0.4232, ""damping_factor_eta_c"": 1.0}]"
v2n103_seed10473321_v215_coupled_fastener_sleeper_void_partial_overlap,10473321,215,train,coupled_fastener_sleeper_void_partial_overlap,v2_seed10473321,"[{""type"": ""fastener_failure"", ""label"": ""fastener_eta"", ""start_m"": 218.4, ""count"": 2, ""side"": ""right"", ""directions"": ""both"", ""stiffness_factor_eta_k"": 0.95, ""damping_factor_eta_c"": 1.0}, {""type"": ""sleeper_void"", ""label"": ""sleeper_void"", ""start_m"": 219.0, ""count"": 12, ""side"": ""left"", ""directions"": ""vertical"", ""delta_gap_mm"": 1.787}]"
v2n103_seed10473321_v250_baseline,10473321,250,train,baseline,v2_seed10473321,[]
v2n103_seed10473321_v250_ballast,10473321,250,train,ballast,v2_seed10473321,"[{""type"": ""ballast_condition"", ""label"": ""ballast_softened"", ""start_m"": 195.6, ""count"": 80, ""side"": ""right"", ""directions"": ""vertical"", ""stiffness_factor_eta_k"": 0.8974, ""damping_factor_eta_c"": 1.0}]"
v2n103_seed10473321_v250_coupled_fastener_ballast_overlap,10473321,250,train,coupled_fastener_ballast_overlap,v2_seed10473321,"[{""type"": ""fastener_failure"", ""label"": ""fastener_eta"", ""start_m"": 215.4, ""count"": 1, ""side"": ""left"", ""directions"": ""both"", ""stiffness_factor_eta_k"": 0.9, ""damping_factor_eta_c"": 1.0}, {""type"": ""ballast_condition"", ""label"": ""ballast_softened"", ""start_m"": 215.4, ""count"": 20, ""side"": ""left"", ""directions"": ""vertical"", ""stiffness_factor_eta_k"": 0.4232, ""damping_factor_eta_c"": 1.0}]"
v2n104_seed57715700_v250_baseline,57715700,250,test,baseline,v2_seed57715700,[]
v2n104_seed57715700_v250_fastener,57715700,250,test,fastener,v2_seed57715700,"[{""type"": ""fastener_failure"", ""label"": ""fastener_eta"", ""start_m"": 280.8, ""count"": 12, ""side"": ""right"", ""directions"": ""both"", ""stiffness_factor_eta_k"": 0.75, ""damping_factor_eta_c"": 1.0}]"
v2n104_seed57715700_v250_sleeper_void,57715700,250,test,sleeper_void,v2_seed57715700,"[{""type"": ""sleeper_void"", ""label"": ""sleeper_void"", ""start_m"": 279.0, ""count"": 20, ""side"": ""left"", ""directions"": ""vertical"", ""delta_gap_mm"": 0.142}]"
v2n104_seed57715700_v250_ballast,57715700,250,test,ballast,v2_seed57715700,"[{""type"": ""ballast_condition"", ""label"": ""ballast_hardened"", ""start_m"": 205.2, ""count"": 3, ""side"": ""both"", ""directions"": ""vertical"", ""stiffness_factor_eta_k"": 1.1767, ""damping_factor_eta_c"": 1.0}]"
v2n104_seed57715700_v250_subgrade,57715700,250,test,subgrade,v2_seed57715700,"[{""type"": ""subgrade_condition"", ""label"": ""subgrade_hardened"", ""start_m"": 250.8, ""count"": 5, ""side"": ""right"", ""directions"": ""vertical"", ""stiffness_factor_eta_k"": 2.3645, ""damping_factor_eta_c"": 1.0}]"
v2n104_seed57715700_v250_coupled_fastener_subgrade_partial_overlap,57715700,250,test,coupled_fastener_subgrade_partial_overlap,v2_seed57715700,"[{""type"": ""fastener_failure"", ""label"": ""fastener_eta"", ""start_m"": 186.6, ""count"": 2, ""side"": ""right"", ""directions"": ""both"", ""stiffness_factor_eta_k"": 0.95, ""damping_factor_eta_c"": 1.0}, {""type"": ""subgrade_condition"", ""label"": ""subgrade_softened"", ""start_m"": 187.2, ""count"": 40, ""side"": ""both"", ""directions"": ""vertical"", ""stiffness_factor_eta_k"": 0.7773, ""damping_factor_eta_c"": 1.0}]"
v2n104_seed57715700_v250_coupled_ballast_sleeper_void_separate,57715700,250,test,coupled_ballast_sleeper_void_separate,v2_seed57715700,"[{""type"": ""ballast_condition"", ""label"": ""ballast_hardened"", ""start_m"": 232.8, ""count"": 8, ""side"": ""right"", ""directions"": ""vertical"", ""stiffness_factor_eta_k"": 4.8808, ""damping_factor_eta_c"": 1.0}, {""type"": ""sleeper_void"", ""label"": ""sleeper_void"", ""start_m"": 256.8, ""count"": 20, ""side"": ""right"", ""directions"": ""vertical"", ""delta_gap_mm"": 2.036}]"
v2n104_seed57715700_v200_baseline,57715700,200,test,baseline,v2_seed57715700,[]
v2n104_seed57715700_v200_subgrade,57715700,200,test,subgrade,v2_seed57715700,"[{""type"": ""subgrade_condition"", ""label"": ""subgrade_hardened"", ""start_m"": 250.8, ""count"": 5, ""side"": ""right"", ""directions"": ""vertical"", ""stiffness_factor_eta_k"": 2.3645, ""damping_factor_eta_c"": 1.0}]"
v2n104_seed57715700_v200_coupled_fastener_subgrade_partial_overlap,57715700,200,test,coupled_fastener_subgrade_partial_overlap,v2_seed57715700,"[{""type"": ""fastener_failure"", ""label"": ""fastener_eta"", ""start_m"": 186.6, ""count"": 2, ""side"": ""right"", ""directions"": ""both"", ""stiffness_factor_eta_k"": 0.95, ""damping_factor_eta_c"": 1.0}, {""type"": ""subgrade_condition"", ""label"": ""subgrade_softened"", ""start_m"": 187.2, ""count"": 40, ""side"": ""both"", ""directions"": ""vertical"", ""stiffness_factor_eta_k"": 0.7773, ""damping_factor_eta_c"": 1.0}]"
v2n105_seed48379308_v160_baseline,48379308,160,train,baseline,v2_seed48379308,[]
v2n105_seed48379308_v160_fastener,48379308,160,train,fastener,v2_seed48379308,"[{""type"": ""fastener_failure"", ""label"": ""fastener_eta"", ""start_m"": 163.2, ""count"": 20, ""side"": ""both"", ""directions"": ""both"", ""stiffness_factor_eta_k"": 0.85, ""damping_factor_eta_c"": 1.0}]"
v2n105_seed48379308_v160_sleeper_void,48379308,160,train,sleeper_void,v2_seed48379308,"[{""type"": ""sleeper_void"", ""label"": ""sleeper_void"", ""start_m"": 154.2, ""count"": 1, ""side"": ""right"", ""directions"": ""vertical"", ""delta_gap_mm"": 0.996}]"
v2n105_seed48379308_v160_ballast,48379308,160,train,ballast,v2_seed48379308,"[{""type"": ""ballast_condition"", ""label"": ""ballast_hardened"", ""start_m"": 214.2, ""count"": 5, ""side"": ""left"", ""directions"": ""vertical"", ""stiffness_factor_eta_k"": 2.6174, ""damping_factor_eta_c"": 1.0}]"
v2n105_seed48379308_v160_subgrade,48379308,160,train,subgrade,v2_seed48379308,"[{""type"": ""subgrade_condition"", ""label"": ""subgrade_hardened"", ""start_m"": 223.2, ""count"": 8, ""side"": ""both"", ""directions"": ""vertical"", ""stiffness_factor_eta_k"": 4.1106, ""damping_factor_eta_c"": 1.0}]"
v2n105_seed48379308_v160_coupled_ballast_subgrade_separate,48379308,160,train,coupled_ballast_subgrade_separate,v2_seed48379308,"[{""type"": ""ballast_condition"", ""label"": ""ballast_hardened"", ""start_m"": 231.0, ""count"": 8, ""side"": ""right"", ""directions"": ""vertical"", ""stiffness_factor_eta_k"": 4.7761, ""damping_factor_eta_c"": 1.0}, {""type"": ""subgrade_condition"", ""label"": ""subgrade_hardened"", ""start_m"": 291.0, ""count"": 80, ""side"": ""left"", ""directions"": ""vertical"", ""stiffness_factor_eta_k"": 1.2037, ""damping_factor_eta_c"": 1.0}]"
v2n105_seed48379308_v160_coupled_subgrade_sleeper_void_overlap,48379308,160,train,coupled_subgrade_sleeper_void_overlap,v2_seed48379308,"[{""type"": ""subgrade_condition"", ""label"": ""subgrade_softened"", ""start_m"": 205.8, ""count"": 12, ""side"": ""left"", ""directions"": ""vertical"", ""stiffness_factor_eta_k"": 0.1331, ""damping_factor_eta_c"": 1.0}, {""type"": ""sleeper_void"", ""label"": ""sleeper_void"", ""start_m"": 205.8, ""count"": 1, ""side"": ""both"", ""directions"": ""vertical"", ""delta_gap_mm"": 0.101}]"
v2n105_seed48379308_v200_baseline,48379308,200,train,baseline,v2_seed48379308,[]
v2n105_seed48379308_v200_fastener,48379308,200,train,fastener,v2_seed48379308,"[{""type"": ""fastener_failure"", ""label"": ""fastener_eta"", ""start_m"": 163.2, ""count"": 20, ""side"": ""both"", ""directions"": ""both"", ""stiffness_factor_eta_k"": 0.85, ""damping_factor_eta_c"": 1.0}]"
v2n105_seed48379308_v200_coupled_ballast_subgrade_separate,48379308,200,train,coupled_ballast_subgrade_separate,v2_seed48379308,"[{""type"": ""ballast_condition"", ""label"": ""ballast_hardened"", ""start_m"": 231.0, ""count"": 8, ""side"": ""right"", ""directions"": ""vertical"", ""stiffness_factor_eta_k"": 4.7761, ""damping_factor_eta_c"": 1.0}, {""type"": ""subgrade_condition"", ""label"": ""subgrade_hardened"", ""start_m"": 291.0, ""count"": 80, ""side"": ""left"", ""directions"": ""vertical"", ""stiffness_factor_eta_k"": 1.2037, ""damping_factor_eta_c"": 1.0}]"
v2n106_seed97103587_v200_baseline,97103587,200,test,baseline,v2_seed97103587,[]
v2n106_seed97103587_v200_fastener,97103587,200,test,fastener,v2_seed97103587,"[{""type"": ""fastener_failure"", ""label"": ""fastener_eta"", ""start_m"": 165.6, ""count"": 1, ""side"": ""left"", ""directions"": ""both"", ""stiffness_factor_eta_k"": 0.9, ""damping_factor_eta_c"": 1.0}]"
v2n106_seed97103587_v200_sleeper_void,97103587,200,test,sleeper_void,v2_seed97103587,"[{""type"": ""sleeper_void"", ""label"": ""sleeper_void"", ""start_m"": 162.0, ""count"": 2, ""side"": ""both"", ""directions"": ""vertical"", ""delta_gap_mm"": 1.674}]"
v2n106_seed97103587_v200_ballast,97103587,200,test,ballast,v2_seed97103587,"[{""type"": ""ballast_condition"", ""label"": ""ballast_hardened"", ""start_m"": 195.0, ""count"": 8, ""side"": ""right"", ""directions"": ""vertical"", ""stiffness_factor_eta_k"": 6.4109, ""damping_factor_eta_c"": 1.0}]"
v2n106_seed97103587_v200_subgrade,97103587,200,test,subgrade,v2_seed97103587,"[{""type"": ""subgrade_condition"", ""label"": ""subgrade_softened"", ""start_m"": 291.0, ""count"": 12, ""side"": ""left"", ""directions"": ""vertical"", ""stiffness_factor_eta_k"": 0.219, ""damping_factor_eta_c"": 1.0}]"
v2n106_seed97103587_v200_coupled_fastener_ballast_overlap,97103587,200,test,coupled_fastener_ballast_overlap,v2_seed97103587,"[{""type"": ""fastener_failure"", ""label"": ""fastener_eta"", ""start_m"": 223.8, ""count"": 5, ""side"": ""left"", ""directions"": ""both"", ""stiffness_factor_eta_k"": 1.1, ""damping_factor_eta_c"": 1.0}, {""type"": ""ballast_condition"", ""label"": ""ballast_hardened"", ""start_m"": 223.8, ""count"": 3, ""side"": ""left"", ""directions"": ""vertical"", ""stiffness_factor_eta_k"": 1.9533, ""damping_factor_eta_c"": 1.0}]"
v2n106_seed97103587_v200_coupled_fastener_sleeper_void_partial_overlap,97103587,200,test,coupled_fastener_sleeper_void_partial_overlap,v2_seed97103587,"[{""type"": ""fastener_failure"", ""label"": ""fastener_eta"", ""start_m"": 211.8, ""count"": 8, ""side"": ""right"", ""directions"": ""both"", ""stiffness_factor_eta_k"": 1.25, ""damping_factor_eta_c"": 1.0}, {""type"": ""sleeper_void"", ""label"": ""sleeper_void"", ""start_m"": 212.4, ""count"": 2, ""side"": ""left"", ""directions"": ""vertical"", ""delta_gap_mm"": 0.907}]"
v2n106_seed97103587_v250_baseline,97103587,250,test,baseline,v2_seed97103587,[]
v2n106_seed97103587_v250_sleeper_void,97103587,250,test,sleeper_void,v2_seed97103587,"[{""type"": ""sleeper_void"", ""label"": ""sleeper_void"", ""start_m"": 162.0, ""count"": 2, ""side"": ""both"", ""directions"": ""vertical"", ""delta_gap_mm"": 1.674}]"
v2n106_seed97103587_v250_coupled_fastener_ballast_overlap,97103587,250,test,coupled_fastener_ballast_overlap,v2_seed97103587,"[{""type"": ""fastener_failure"", ""label"": ""fastener_eta"", ""start_m"": 223.8, ""count"": 5, ""side"": ""left"", ""directions"": ""both"", ""stiffness_factor_eta_k"": 1.1, ""damping_factor_eta_c"": 1.0}, {""type"": ""ballast_condition"", ""label"": ""ballast_hardened"", ""start_m"": 223.8, ""count"": 3, ""side"": ""left"", ""directions"": ""vertical"", ""stiffness_factor_eta_k"": 1.9533, ""damping_factor_eta_c"": 1.0}]"
v2n107_seed45136478_v215_baseline,45136478,215,train,baseline,v2_seed45136478,[]
v2n107_seed45136478_v215_fastener,45136478,215,train,fastener,v2_seed45136478,"[{""type"": ""fastener_failure"", ""label"": ""fastener_eta"", ""start_m"": 243.0, ""count"": 2, ""side"": ""right"", ""directions"": ""both"", ""stiffness_factor_eta_k"": 0.95, ""damping_factor_eta_c"": 1.0}]"
v2n107_seed45136478_v215_sleeper_void,45136478,215,train,sleeper_void,v2_seed45136478,"[{""type"": ""sleeper_void"", ""label"": ""sleeper_void"", ""start_m"": 286.8, ""count"": 3, ""side"": ""left"", ""directions"": ""vertical"", ""delta_gap_mm"": 2.124}]"
v2n107_seed45136478_v215_ballast,45136478,215,train,ballast,v2_seed45136478,"[{""type"": ""ballast_condition"", ""label"": ""ballast_softened"", ""start_m"": 202.8, ""count"": 12, ""side"": ""both"", ""directions"": ""vertical"", ""stiffness_factor_eta_k"": 0.1266, ""damping_factor_eta_c"": 1.0}]"
v2n107_seed45136478_v215_subgrade,45136478,215,train,subgrade,v2_seed45136478,"[{""type"": ""subgrade_condition"", ""label"": ""subgrade_softened"", ""start_m"": 231.6, ""count"": 20, ""side"": ""right"", ""directions"": ""vertical"", ""stiffness_factor_eta_k"": 0.423, ""damping_factor_eta_c"": 1.0}]"
v2n107_seed45136478_v215_coupled_fastener_subgrade_partial_overlap,45136478,215,train,coupled_fastener_subgrade_partial_overlap,v2_seed45136478,"[{""type"": ""fastener_failure"", ""label"": ""fastener_eta"", ""start_m"": 191.4, ""count"": 8, ""side"": ""right"", ""directions"": ""both"", ""stiffness_factor_eta_k"": 1.25, ""damping_factor_eta_c"": 1.0}, {""type"": ""subgrade_condition"", ""label"": ""subgrade_hardened"", ""start_m"": 192.6, ""count"": 5, ""side"": ""both"", ""directions"": ""vertical"", ""stiffness_factor_eta_k"": 5.2515, ""damping_factor_eta_c"": 1.0}]"
v2n107_seed45136478_v215_coupled_ballast_sleeper_void_separate,45136478,215,train,coupled_ballast_sleeper_void_separate,v2_seed45136478,"[{""type"": ""ballast_condition"", ""label"": ""ballast_softened"", ""start_m"": 180.0, ""count"": 40, ""side"": ""right"", ""directions"": ""vertical"", ""stiffness_factor_eta_k"": 0.7773, ""damping_factor_eta_c"": 1.0}, {""type"": ""sleeper_void"", ""label"": ""sleeper_void"", ""start_m"": 216.0, ""count"": 3, ""side"": ""right"", ""directions"": ""vertical"", ""delta_gap_mm"": 1.45}]"
v2n107_seed45136478_v250_baseline,45136478,250,train,baseline,v2_seed45136478,[]
v2n107_seed45136478_v250_ballast,45136478,250,train,ballast,v2_seed45136478,"[{""type"": ""ballast_condition"", ""label"": ""ballast_softened"", ""start_m"": 202.8, ""count"": 12, ""side"": ""both"", ""directions"": ""vertical"", ""stiffness_factor_eta_k"": 0.1266, ""damping_factor_eta_c"": 1.0}]"
v2n107_seed45136478_v250_coupled_fastener_subgrade_partial_overlap,45136478,250,train,coupled_fastener_subgrade_partial_overlap,v2_seed45136478,"[{""type"": ""fastener_failure"", ""label"": ""fastener_eta"", ""start_m"": 191.4, ""count"": 8, ""side"": ""right"", ""directions"": ""both"", ""stiffness_factor_eta_k"": 1.25, ""damping_factor_eta_c"": 1.0}, {""type"": ""subgrade_condition"", ""label"": ""subgrade_hardened"", ""start_m"": 192.6, ""count"": 5, ""side"": ""both"", ""directions"": ""vertical"", ""stiffness_factor_eta_k"": 5.2515, ""damping_factor_eta_c"": 1.0}]"
v2n108_seed94349171_v250_baseline,94349171,250,train,baseline,v2_seed94349171,[]
v2n108_seed94349171_v250_fastener,94349171,250,train,fastener,v2_seed94349171,"[{""type"": ""fastener_failure"", ""label"": ""fastener_eta"", ""start_m"": 190.8, ""count"": 3, ""side"": ""both"", ""directions"": ""both"", ""stiffness_factor_eta_k"": 1.05, ""damping_factor_eta_c"": 1.0}]"
v2n108_seed94349171_v250_sleeper_void,94349171,250,train,sleeper_void,v2_seed94349171,"[{""type"": ""sleeper_void"", ""label"": ""sleeper_void"", ""start_m"": 288.0, ""count"": 5, ""side"": ""right"", ""directions"": ""vertical"", ""delta_gap_mm"": 0.179}]"
v2n108_seed94349171_v250_ballast,94349171,250,train,ballast,v2_seed94349171,"[{""type"": ""ballast_condition"", ""label"": ""ballast_softened"", ""start_m"": 212.4, ""count"": 20, ""side"": ""left"", ""directions"": ""vertical"", ""stiffness_factor_eta_k"": 0.4879, ""damping_factor_eta_c"": 1.0}]"
v2n108_seed94349171_v250_subgrade,94349171,250,train,subgrade,v2_seed94349171,"[{""type"": ""subgrade_condition"", ""label"": ""subgrade_softened"", ""start_m"": 277.2, ""count"": 40, ""side"": ""both"", ""directions"": ""vertical"", ""stiffness_factor_eta_k"": 0.8412, ""damping_factor_eta_c"": 1.0}]"
v2n108_seed94349171_v250_coupled_ballast_subgrade_separate,94349171,250,train,coupled_ballast_subgrade_separate,v2_seed94349171,"[{""type"": ""ballast_condition"", ""label"": ""ballast_softened"", ""start_m"": 206.4, ""count"": 40, ""side"": ""right"", ""directions"": ""vertical"", ""stiffness_factor_eta_k"": 0.8133, ""damping_factor_eta_c"": 1.0}, {""type"": ""subgrade_condition"", ""label"": ""subgrade_softened"", ""start_m"": 242.4, ""count"": 8, ""side"": ""left"", ""directions"": ""vertical"", ""stiffness_factor_eta_k"": 0.1154, ""damping_factor_eta_c"": 1.0}]"
v2n108_seed94349171_v250_coupled_subgrade_sleeper_void_overlap,94349171,250,train,coupled_subgrade_sleeper_void_overlap,v2_seed94349171,"[{""type"": ""subgrade_condition"", ""label"": ""subgrade_hardened"", ""start_m"": 181.8, ""count"": 80, ""side"": ""left"", ""directions"": ""vertical"", ""stiffness_factor_eta_k"": 1.1784, ""damping_factor_eta_c"": 1.0}, {""type"": ""sleeper_void"", ""label"": ""sleeper_void"", ""start_m"": 181.8, ""count"": 5, ""side"": ""both"", ""directions"": ""vertical"", ""delta_gap_mm"": 2.54}]"
v2n108_seed94349171_v200_baseline,94349171,200,train,baseline,v2_seed94349171,[]
v2n108_seed94349171_v200_subgrade,94349171,200,train,subgrade,v2_seed94349171,"[{""type"": ""subgrade_condition"", ""label"": ""subgrade_softened"", ""start_m"": 277.2, ""count"": 40, ""side"": ""both"", ""directions"": ""vertical"", ""stiffness_factor_eta_k"": 0.8412, ""damping_factor_eta_c"": 1.0}]"
v2n108_seed94349171_v200_coupled_ballast_subgrade_separate,94349171,200,train,coupled_ballast_subgrade_separate,v2_seed94349171,"[{""type"": ""ballast_condition"", ""label"": ""ballast_softened"", ""start_m"": 206.4, ""count"": 40, ""side"": ""right"", ""directions"": ""vertical"", ""stiffness_factor_eta_k"": 0.8133, ""damping_factor_eta_c"": 1.0}, {""type"": ""subgrade_condition"", ""label"": ""subgrade_softened"", ""start_m"": 242.4, ""count"": 8, ""side"": ""left"", ""directions"": ""vertical"", ""stiffness_factor_eta_k"": 0.1154, ""damping_factor_eta_c"": 1.0}]"
v2n109_seed20738935_v160_baseline,20738935,160,val,baseline,v2_seed20738935,[]
v2n109_seed20738935_v160_fastener,20738935,160,val,fastener,v2_seed20738935,"[{""type"": ""fastener_failure"", ""label"": ""fastener_eta"", ""start_m"": 207.6, ""count"": 5, ""side"": ""left"", ""directions"": ""both"", ""stiffness_factor_eta_k"": 1.1, ""damping_factor_eta_c"": 1.0}]"
v2n109_seed20738935_v160_sleeper_void,20738935,160,val,sleeper_void,v2_seed20738935,"[{""type"": ""sleeper_void"", ""label"": ""sleeper_void"", ""start_m"": 267.0, ""count"": 8, ""side"": ""both"", ""directions"": ""vertical"", ""delta_gap_mm"": 0.6}]"
v2n109_seed20738935_v160_ballast,20738935,160,val,ballast,v2_seed20738935,"[{""type"": ""ballast_condition"", ""label"": ""ballast_softened"", ""start_m"": 222.0, ""count"": 40, ""side"": ""right"", ""directions"": ""vertical"", ""stiffness_factor_eta_k"": 0.725, ""damping_factor_eta_c"": 1.0}]"
v2n109_seed20738935_v160_subgrade,20738935,160,val,subgrade,v2_seed20738935,"[{""type"": ""subgrade_condition"", ""label"": ""subgrade_hardened"", ""start_m"": 250.2, ""count"": 80, ""side"": ""left"", ""directions"": ""vertical"", ""stiffness_factor_eta_k"": 1.2458, ""damping_factor_eta_c"": 1.0}]"
v2n109_seed20738935_v160_coupled_fastener_ballast_overlap,20738935,160,val,coupled_fastener_ballast_overlap,v2_seed20738935,"[{""type"": ""fastener_failure"", ""label"": ""fastener_eta"", ""start_m"": 231.6, ""count"": 20, ""side"": ""left"", ""directions"": ""both"", ""stiffness_factor_eta_k"": 0.1, ""damping_factor_eta_c"": 1.0}, {""type"": ""ballast_condition"", ""label"": ""ballast_softened"", ""start_m"": 231.6, ""count"": 12, ""side"": ""left"", ""directions"": ""vertical"", ""stiffness_factor_eta_k"": 0.612, ""damping_factor_eta_c"": 1.0}]"
v2n109_seed20738935_v160_coupled_fastener_sleeper_void_partial_overlap,20738935,160,val,coupled_fastener_sleeper_void_partial_overlap,v2_seed20738935,"[{""type"": ""fastener_failure"", ""label"": ""fastener_eta"", ""start_m"": 201.6, ""count"": 1, ""side"": ""right"", ""directions"": ""both"", ""stiffness_factor_eta_k"": 0.25, ""damping_factor_eta_c"": 1.0}, {""type"": ""sleeper_void"", ""label"": ""sleeper_void"", ""start_m"": 202.2, ""count"": 8, ""side"": ""left"", ""directions"": ""vertical"", ""delta_gap_mm"": 0.112}]"
v2n109_seed20738935_v200_baseline,20738935,200,val,baseline,v2_seed20738935,[]
v2n109_seed20738935_v200_fastener,20738935,200,val,fastener,v2_seed20738935,"[{""type"": ""fastener_failure"", ""label"": ""fastener_eta"", ""start_m"": 207.6, ""count"": 5, ""side"": ""left"", ""directions"": ""both"", ""stiffness_factor_eta_k"": 1.1, ""damping_factor_eta_c"": 1.0}]"
v2n109_seed20738935_v200_coupled_fastener_ballast_overlap,20738935,200,val,coupled_fastener_ballast_overlap,v2_seed20738935,"[{""type"": ""fastener_failure"", ""label"": ""fastener_eta"", ""start_m"": 231.6, ""count"": 20, ""side"": ""left"", ""directions"": ""both"", ""stiffness_factor_eta_k"": 0.1, ""damping_factor_eta_c"": 1.0}, {""type"": ""ballast_condition"", ""label"": ""ballast_softened"", ""start_m"": 231.6, ""count"": 12, ""side"": ""left"", ""directions"": ""vertical"", ""stiffness_factor_eta_k"": 0.612, ""damping_factor_eta_c"": 1.0}]"
v2n110_seed65640838_v200_baseline,65640838,200,train,baseline,v2_seed65640838,[]
v2n110_seed65640838_v200_fastener,65640838,200,train,fastener,v2_seed65640838,"[{""type"": ""fastener_failure"", ""label"": ""fastener_eta"", ""start_m"": 267.0, ""count"": 8, ""side"": ""right"", ""directions"": ""both"", ""stiffness_factor_eta_k"": 1.25, ""damping_factor_eta_c"": 1.0}]"
v2n110_seed65640838_v200_sleeper_void,65640838,200,train,sleeper_void,v2_seed65640838,"[{""type"": ""sleeper_void"", ""label"": ""sleeper_void"", ""start_m"": 255.6, ""count"": 12, ""side"": ""left"", ""directions"": ""vertical"", ""delta_gap_mm"": 1.604}]"
v2n110_seed65640838_v200_ballast,65640838,200,train,ballast,v2_seed65640838,"[{""type"": ""ballast_condition"", ""label"": ""ballast_hardened"", ""start_m"": 179.4, ""count"": 80, ""side"": ""both"", ""directions"": ""vertical"", ""stiffness_factor_eta_k"": 1.1735, ""damping_factor_eta_c"": 1.0}]"
v2n110_seed65640838_v200_subgrade,65640838,200,train,subgrade,v2_seed65640838,"[{""type"": ""subgrade_condition"", ""label"": ""subgrade_hardened"", ""start_m"": 283.2, ""count"": 3, ""side"": ""right"", ""directions"": ""vertical"", ""stiffness_factor_eta_k"": 2.4458, ""damping_factor_eta_c"": 1.0}]"
v2n110_seed65640838_v200_coupled_fastener_subgrade_partial_overlap,65640838,200,train,coupled_fastener_subgrade_partial_overlap,v2_seed65640838,"[{""type"": ""fastener_failure"", ""label"": ""fastener_eta"", ""start_m"": 229.8, ""count"": 1, ""side"": ""right"", ""directions"": ""both"", ""stiffness_factor_eta_k"": 0.25, ""damping_factor_eta_c"": 1.0}, {""type"": ""subgrade_condition"", ""label"": ""subgrade_softened"", ""start_m"": 230.4, ""count"": 20, ""side"": ""both"", ""directions"": ""vertical"", ""stiffness_factor_eta_k"": 0.74, ""damping_factor_eta_c"": 1.0}]"
v2n110_seed65640838_v200_coupled_ballast_sleeper_void_separate,65640838,200,train,coupled_ballast_sleeper_void_separate,v2_seed65640838,"[{""type"": ""ballast_condition"", ""label"": ""ballast_hardened"", ""start_m"": 182.4, ""count"": 5, ""side"": ""right"", ""directions"": ""vertical"", ""stiffness_factor_eta_k"": 7.0959, ""damping_factor_eta_c"": 1.0}, {""type"": ""sleeper_void"", ""label"": ""sleeper_void"", ""start_m"": 201.6, ""count"": 12, ""side"": ""right"", ""directions"": ""vertical"", ""delta_gap_mm"": 0.95}]"
v2n110_seed65640838_v250_baseline,65640838,250,train,baseline,v2_seed65640838,[]
v2n110_seed65640838_v250_sleeper_void,65640838,250,train,sleeper_void,v2_seed65640838,"[{""type"": ""sleeper_void"", ""label"": ""sleeper_void"", ""start_m"": 255.6, ""count"": 12, ""side"": ""left"", ""directions"": ""vertical"", ""delta_gap_mm"": 1.604}]"
v2n110_seed65640838_v250_coupled_fastener_subgrade_partial_overlap,65640838,250,train,coupled_fastener_subgrade_partial_overlap,v2_seed65640838,"[{""type"": ""fastener_failure"", ""label"": ""fastener_eta"", ""start_m"": 229.8, ""count"": 1, ""side"": ""right"", ""directions"": ""both"", ""stiffness_factor_eta_k"": 0.25, ""damping_factor_eta_c"": 1.0}, {""type"": ""subgrade_condition"", ""label"": ""subgrade_softened"", ""start_m"": 230.4, ""count"": 20, ""side"": ""both"", ""directions"": ""vertical"", ""stiffness_factor_eta_k"": 0.74, ""damping_factor_eta_c"": 1.0}]"
v2n111_seed97293189_v215_baseline,97293189,215,train,baseline,v2_seed97293189,[]
v2n111_seed97293189_v215_fastener,97293189,215,train,fastener,v2_seed97293189,"[{""type"": ""fastener_failure"", ""label"": ""fastener_eta"", ""start_m"": 151.2, ""count"": 12, ""side"": ""both"", ""directions"": ""both"", ""stiffness_factor_eta_k"": 0.0, ""damping_factor_eta_c"": 1.0}]"
v2n111_seed97293189_v215_sleeper_void,97293189,215,train,sleeper_void,v2_seed97293189,"[{""type"": ""sleeper_void"", ""label"": ""sleeper_void"", ""start_m"": 288.0, ""count"": 20, ""side"": ""right"", ""directions"": ""vertical"", ""delta_gap_mm"": 2.875}]"
v2n111_seed97293189_v215_ballast,97293189,215,train,ballast,v2_seed97293189,"[{""type"": ""ballast_condition"", ""label"": ""ballast_hardened"", ""start_m"": 169.8, ""count"": 3, ""side"": ""left"", ""directions"": ""vertical"", ""stiffness_factor_eta_k"": 1.685, ""damping_factor_eta_c"": 1.0}]"
v2n111_seed97293189_v215_subgrade,97293189,215,train,subgrade,v2_seed97293189,"[{""type"": ""subgrade_condition"", ""label"": ""subgrade_hardened"", ""start_m"": 241.2, ""count"": 5, ""side"": ""both"", ""directions"": ""vertical"", ""stiffness_factor_eta_k"": 4.6444, ""damping_factor_eta_c"": 1.0}]"
v2n111_seed97293189_v215_coupled_ballast_subgrade_separate,97293189,215,train,coupled_ballast_subgrade_separate,v2_seed97293189,"[{""type"": ""ballast_condition"", ""label"": ""ballast_hardened"", ""start_m"": 204.6, ""count"": 5, ""side"": ""right"", ""directions"": ""vertical"", ""stiffness_factor_eta_k"": 5.7993, ""damping_factor_eta_c"": 1.0}, {""type"": ""subgrade_condition"", ""label"": ""subgrade_hardened"", ""start_m"": 240.6, ""count"": 40, ""side"": ""left"", ""directions"": ""vertical"", ""stiffness_factor_eta_k"": 1.2526, ""damping_factor_eta_c"": 1.0}]"
v2n111_seed97293189_v215_coupled_subgrade_sleeper_void_overlap,97293189,215,train,coupled_subgrade_sleeper_void_overlap,v2_seed97293189,"[{""type"": ""subgrade_condition"", ""label"": ""subgrade_softened"", ""start_m"": 187.8, ""count"": 8, ""side"": ""left"", ""directions"": ""vertical"", ""stiffness_factor_eta_k"": 0.2627, ""damping_factor_eta_c"": 1.0}, {""type"": ""sleeper_void"", ""label"": ""sleeper_void"", ""start_m"": 187.8, ""count"": 20, ""side"": ""both"", ""directions"": ""vertical"", ""delta_gap_mm"": 1.922}]"
v2n111_seed97293189_v250_baseline,97293189,250,train,baseline,v2_seed97293189,[]
v2n111_seed97293189_v250_ballast,97293189,250,train,ballast,v2_seed97293189,"[{""type"": ""ballast_condition"", ""label"": ""ballast_hardened"", ""start_m"": 169.8, ""count"": 3, ""side"": ""left"", ""directions"": ""vertical"", ""stiffness_factor_eta_k"": 1.685, ""damping_factor_eta_c"": 1.0}]"
v2n111_seed97293189_v250_coupled_ballast_subgrade_separate,97293189,250,train,coupled_ballast_subgrade_separate,v2_seed97293189,"[{""type"": ""ballast_condition"", ""label"": ""ballast_hardened"", ""start_m"": 204.6, ""count"": 5, ""side"": ""right"", ""directions"": ""vertical"", ""stiffness_factor_eta_k"": 5.7993, ""damping_factor_eta_c"": 1.0}, {""type"": ""subgrade_condition"", ""label"": ""subgrade_hardened"", ""start_m"": 240.6, ""count"": 40, ""side"": ""left"", ""directions"": ""vertical"", ""stiffness_factor_eta_k"": 1.2526, ""damping_factor_eta_c"": 1.0}]"
v2n112_seed73476692_v250_baseline,73476692,250,train,baseline,v2_seed73476692,[]
v2n112_seed73476692_v250_fastener,73476692,250,train,fastener,v2_seed73476692,"[{""type"": ""fastener_failure"", ""label"": ""fastener_eta"", ""start_m"": 265.2, ""count"": 20, ""side"": ""left"", ""directions"": ""both"", ""stiffness_factor_eta_k"": 0.1, ""damping_factor_eta_c"": 1.0}]"
v2n112_seed73476692_v250_sleeper_void,73476692,250,train,sleeper_void,v2_seed73476692,"[{""type"": ""sleeper_void"", ""label"": ""sleeper_void"", ""start_m"": 286.2, ""count"": 1, ""side"": ""both"", ""directions"": ""vertical"", ""delta_gap_mm"": 0.107}]"
v2n112_seed73476692_v250_ballast,73476692,250,train,ballast,v2_seed73476692,"[{""type"": ""ballast_condition"", ""label"": ""ballast_hardened"", ""start_m"": 246.6, ""count"": 5, ""side"": ""right"", ""directions"": ""vertical"", ""stiffness_factor_eta_k"": 6.1201, ""damping_factor_eta_c"": 1.0}]"
v2n112_seed73476692_v250_subgrade,73476692,250,train,subgrade,v2_seed73476692,"[{""type"": ""subgrade_condition"", ""label"": ""subgrade_softened"", ""start_m"": 178.2, ""count"": 8, ""side"": ""left"", ""directions"": ""vertical"", ""stiffness_factor_eta_k"": 0.2846, ""damping_factor_eta_c"": 1.0}]"
v2n112_seed73476692_v250_coupled_fastener_ballast_overlap,73476692,250,train,coupled_fastener_ballast_overlap,v2_seed73476692,"[{""type"": ""fastener_failure"", ""label"": ""fastener_eta"", ""start_m"": 231.6, ""count"": 3, ""side"": ""left"", ""directions"": ""both"", ""stiffness_factor_eta_k"": 0.75, ""damping_factor_eta_c"": 1.0}, {""type"": ""ballast_condition"", ""label"": ""ballast_hardened"", ""start_m"": 231.6, ""count"": 80, ""side"": ""left"", ""directions"": ""vertical"", ""stiffness_factor_eta_k"": 1.3162, ""damping_factor_eta_c"": 1.0}]"
v2n112_seed73476692_v250_coupled_fastener_sleeper_void_partial_overlap,73476692,250,train,coupled_fastener_sleeper_void_partial_overlap,v2_seed73476692,"[{""type"": ""fastener_failure"", ""label"": ""fastener_eta"", ""start_m"": 239.4, ""count"": 5, ""side"": ""right"", ""directions"": ""both"", ""stiffness_factor_eta_k"": 0.85, ""damping_factor_eta_c"": 1.0}, {""type"": ""sleeper_void"", ""label"": ""sleeper_void"", ""start_m"": 240.0, ""count"": 1, ""side"": ""left"", ""directions"": ""vertical"", ""delta_gap_mm"": 2.443}]"
v2n112_seed73476692_v200_baseline,73476692,200,train,baseline,v2_seed73476692,[]
v2n112_seed73476692_v200_subgrade,73476692,200,train,subgrade,v2_seed73476692,"[{""type"": ""subgrade_condition"", ""label"": ""subgrade_softened"", ""start_m"": 178.2, ""count"": 8, ""side"": ""left"", ""directions"": ""vertical"", ""stiffness_factor_eta_k"": 0.2846, ""damping_factor_eta_c"": 1.0}]"
v2n112_seed73476692_v200_coupled_fastener_ballast_overlap,73476692,200,train,coupled_fastener_ballast_overlap,v2_seed73476692,"[{""type"": ""fastener_failure"", ""label"": ""fastener_eta"", ""start_m"": 231.6, ""count"": 3, ""side"": ""left"", ""directions"": ""both"", ""stiffness_factor_eta_k"": 0.75, ""damping_factor_eta_c"": 1.0}, {""type"": ""ballast_condition"", ""label"": ""ballast_hardened"", ""start_m"": 231.6, ""count"": 80, ""side"": ""left"", ""directions"": ""vertical"", ""stiffness_factor_eta_k"": 1.3162, ""damping_factor_eta_c"": 1.0}]"
v2n113_seed95878581_v160_baseline,95878581,160,train,baseline,v2_seed95878581,[]
v2n113_seed95878581_v160_fastener,95878581,160,train,fastener,v2_seed95878581,"[{""type"": ""fastener_failure"", ""label"": ""fastener_eta"", ""start_m"": 184.8, ""count"": 1, ""side"": ""right"", ""directions"": ""both"", ""stiffness_factor_eta_k"": 0.25, ""damping_factor_eta_c"": 1.0}]"
v2n113_seed95878581_v160_sleeper_void,95878581,160,train,sleeper_void,v2_seed95878581,"[{""type"": ""sleeper_void"", ""label"": ""sleeper_void"", ""start_m"": 231.6, ""count"": 2, ""side"": ""left"", ""directions"": ""vertical"", ""delta_gap_mm"": 0.607}]"
v2n113_seed95878581_v160_ballast,95878581,160,train,ballast,v2_seed95878581,"[{""type"": ""ballast_condition"", ""label"": ""ballast_softened"", ""start_m"": 296.4, ""count"": 8, ""side"": ""both"", ""directions"": ""vertical"", ""stiffness_factor_eta_k"": 0.1384, ""damping_factor_eta_c"": 1.0}]"
v2n113_seed95878581_v160_subgrade,95878581,160,train,subgrade,v2_seed95878581,"[{""type"": ""subgrade_condition"", ""label"": ""subgrade_softened"", ""start_m"": 292.2, ""count"": 12, ""side"": ""right"", ""directions"": ""vertical"", ""stiffness_factor_eta_k"": 0.4802, ""damping_factor_eta_c"": 1.0}]"
v2n113_seed95878581_v160_coupled_fastener_subgrade_partial_overlap,95878581,160,train,coupled_fastener_subgrade_partial_overlap,v2_seed95878581,"[{""type"": ""fastener_failure"", ""label"": ""fastener_eta"", ""start_m"": 180.6, ""count"": 5, ""side"": ""right"", ""directions"": ""both"", ""stiffness_factor_eta_k"": 0.85, ""damping_factor_eta_c"": 1.0}, {""type"": ""subgrade_condition"", ""label"": ""subgrade_hardened"", ""start_m"": 181.2, ""count"": 3, ""side"": ""both"", ""directions"": ""vertical"", ""stiffness_factor_eta_k"": 4.6975, ""damping_factor_eta_c"": 1.0}]"
v2n113_seed95878581_v160_coupled_ballast_sleeper_void_separate,95878581,160,train,coupled_ballast_sleeper_void_separate,v2_seed95878581,"[{""type"": ""ballast_condition"", ""label"": ""ballast_softened"", ""start_m"": 214.8, ""count"": 20, ""side"": ""right"", ""directions"": ""vertical"", ""stiffness_factor_eta_k"": 0.8701, ""damping_factor_eta_c"": 1.0}, {""type"": ""sleeper_void"", ""label"": ""sleeper_void"", ""start_m"": 238.8, ""count"": 2, ""side"": ""right"", ""directions"": ""vertical"", ""delta_gap_mm"": 0.248}]"
v2n113_seed95878581_v200_baseline,95878581,200,train,baseline,v2_seed95878581,[]
v2n113_seed95878581_v200_fastener,95878581,200,train,fastener,v2_seed95878581,"[{""type"": ""fastener_failure"", ""label"": ""fastener_eta"", ""start_m"": 184.8, ""count"": 1, ""side"": ""right"", ""directions"": ""both"", ""stiffness_factor_eta_k"": 0.25, ""damping_factor_eta_c"": 1.0}]"
v2n113_seed95878581_v200_coupled_fastener_subgrade_partial_overlap,95878581,200,train,coupled_fastener_subgrade_partial_overlap,v2_seed95878581,"[{""type"": ""fastener_failure"", ""label"": ""fastener_eta"", ""start_m"": 180.6, ""count"": 5, ""side"": ""right"", ""directions"": ""both"", ""stiffness_factor_eta_k"": 0.85, ""damping_factor_eta_c"": 1.0}, {""type"": ""subgrade_condition"", ""label"": ""subgrade_hardened"", ""start_m"": 181.2, ""count"": 3, ""side"": ""both"", ""directions"": ""vertical"", ""stiffness_factor_eta_k"": 4.6975, ""damping_factor_eta_c"": 1.0}]"
v2n114_seed23100809_v200_baseline,23100809,200,test,baseline,v2_seed23100809,[]
v2n114_seed23100809_v200_fastener,23100809,200,test,fastener,v2_seed23100809,"[{""type"": ""fastener_failure"", ""label"": ""fastener_eta"", ""start_m"": 164.4, ""count"": 2, ""side"": ""both"", ""directions"": ""both"", ""stiffness_factor_eta_k"": 0.5, ""damping_factor_eta_c"": 1.0}]"
v2n114_seed23100809_v200_sleeper_void,23100809,200,test,sleeper_void,v2_seed23100809,"[{""type"": ""sleeper_void"", ""label"": ""sleeper_void"", ""start_m"": 258.0, ""count"": 3, ""side"": ""right"", ""directions"": ""vertical"", ""delta_gap_mm"": 1.936}]"
v2n114_seed23100809_v200_ballast,23100809,200,test,ballast,v2_seed23100809,"[{""type"": ""ballast_condition"", ""label"": ""ballast_softened"", ""start_m"": 273.0, ""count"": 12, ""side"": ""left"", ""directions"": ""vertical"", ""stiffness_factor_eta_k"": 0.3905, ""damping_factor_eta_c"": 1.0}]"
v2n114_seed23100809_v200_subgrade,23100809,200,test,subgrade,v2_seed23100809,"[{""type"": ""subgrade_condition"", ""label"": ""subgrade_softened"", ""start_m"": 294.0, ""count"": 20, ""side"": ""both"", ""directions"": ""vertical"", ""stiffness_factor_eta_k"": 0.9418, ""damping_factor_eta_c"": 1.0}]"
v2n114_seed23100809_v200_coupled_ballast_subgrade_separate,23100809,200,test,coupled_ballast_subgrade_separate,v2_seed23100809,"[{""type"": ""ballast_condition"", ""label"": ""ballast_softened"", ""start_m"": 238.8, ""count"": 20, ""side"": ""right"", ""directions"": ""vertical"", ""stiffness_factor_eta_k"": 0.7523, ""damping_factor_eta_c"": 1.0}, {""type"": ""subgrade_condition"", ""label"": ""subgrade_softened"", ""start_m"": 262.8, ""count"": 5, ""side"": ""left"", ""directions"": ""vertical"", ""stiffness_factor_eta_k"": 0.1432, ""damping_factor_eta_c"": 1.0}]"
v2n114_seed23100809_v200_coupled_subgrade_sleeper_void_overlap,23100809,200,test,coupled_subgrade_sleeper_void_overlap,v2_seed23100809,"[{""type"": ""subgrade_condition"", ""label"": ""subgrade_hardened"", ""start_m"": 206.4, ""count"": 40, ""side"": ""left"", ""directions"": ""vertical"", ""stiffness_factor_eta_k"": 1.1434, ""damping_factor_eta_c"": 1.0}, {""type"": ""sleeper_void"", ""label"": ""sleeper_void"", ""start_m"": 206.4, ""count"": 3, ""side"": ""both"", ""directions"": ""vertical"", ""delta_gap_mm"": 0.972}]"
v2n114_seed23100809_v250_baseline,23100809,250,test,baseline,v2_seed23100809,[]
v2n114_seed23100809_v250_sleeper_void,23100809,250,test,sleeper_void,v2_seed23100809,"[{""type"": ""sleeper_void"", ""label"": ""sleeper_void"", ""start_m"": 258.0, ""count"": 3, ""side"": ""right"", ""directions"": ""vertical"", ""delta_gap_mm"": 1.936}]"
v2n114_seed23100809_v250_coupled_ballast_subgrade_separate,23100809,250,test,coupled_ballast_subgrade_separate,v2_seed23100809,"[{""type"": ""ballast_condition"", ""label"": ""ballast_softened"", ""start_m"": 238.8, ""count"": 20, ""side"": ""right"", ""directions"": ""vertical"", ""stiffness_factor_eta_k"": 0.7523, ""damping_factor_eta_c"": 1.0}, {""type"": ""subgrade_condition"", ""label"": ""subgrade_softened"", ""start_m"": 262.8, ""count"": 5, ""side"": ""left"", ""directions"": ""vertical"", ""stiffness_factor_eta_k"": 0.1432, ""damping_factor_eta_c"": 1.0}]"
v2n115_seed14861942_v215_baseline,14861942,215,train,baseline,v2_seed14861942,[]
v2n115_seed14861942_v215_fastener,14861942,215,train,fastener,v2_seed14861942,"[{""type"": ""fastener_failure"", ""label"": ""fastener_eta"", ""start_m"": 159.0, ""count"": 3, ""side"": ""left"", ""directions"": ""both"", ""stiffness_factor_eta_k"": 0.75, ""damping_factor_eta_c"": 1.0}]"
v2n115_seed14861942_v215_sleeper_void,14861942,215,train,sleeper_void,v2_seed14861942,"[{""type"": ""sleeper_void"", ""label"": ""sleeper_void"", ""start_m"": 167.4, ""count"": 5, ""side"": ""both"", ""directions"": ""vertical"", ""delta_gap_mm"": 3.489}]"
v2n115_seed14861942_v215_ballast,14861942,215,train,ballast,v2_seed14861942,"[{""type"": ""ballast_condition"", ""label"": ""ballast_softened"", ""start_m"": 157.2, ""count"": 20, ""side"": ""right"", ""directions"": ""vertical"", ""stiffness_factor_eta_k"": 0.8301, ""damping_factor_eta_c"": 1.0}]"
v2n115_seed14861942_v215_subgrade,14861942,215,train,subgrade,v2_seed14861942,"[{""type"": ""subgrade_condition"", ""label"": ""subgrade_hardened"", ""start_m"": 254.4, ""count"": 40, ""side"": ""left"", ""directions"": ""vertical"", ""stiffness_factor_eta_k"": 1.104, ""damping_factor_eta_c"": 1.0}]"
v2n115_seed14861942_v215_coupled_fastener_ballast_overlap,14861942,215,train,coupled_fastener_ballast_overlap,v2_seed14861942,"[{""type"": ""fastener_failure"", ""label"": ""fastener_eta"", ""start_m"": 225.6, ""count"": 12, ""side"": ""left"", ""directions"": ""both"", ""stiffness_factor_eta_k"": 0.95, ""damping_factor_eta_c"": 1.0}, {""type"": ""ballast_condition"", ""label"": ""ballast_softened"", ""start_m"": 225.6, ""count"": 8, ""side"": ""left"", ""directions"": ""vertical"", ""stiffness_factor_eta_k"": 0.4452, ""damping_factor_eta_c"": 1.0}]"
v2n115_seed14861942_v215_coupled_fastener_sleeper_void_partial_overlap,14861942,215,train,coupled_fastener_sleeper_void_partial_overlap,v2_seed14861942,"[{""type"": ""fastener_failure"", ""label"": ""fastener_eta"", ""start_m"": 181.2, ""count"": 20, ""side"": ""right"", ""directions"": ""both"", ""stiffness_factor_eta_k"": 1.05, ""damping_factor_eta_c"": 1.0}, {""type"": ""sleeper_void"", ""label"": ""sleeper_void"", ""start_m"": 182.4, ""count"": 5, ""side"": ""left"", ""directions"": ""vertical"", ""delta_gap_mm"": 1.892}]"
v2n115_seed14861942_v250_baseline,14861942,250,train,baseline,v2_seed14861942,[]
v2n115_seed14861942_v250_ballast,14861942,250,train,ballast,v2_seed14861942,"[{""type"": ""ballast_condition"", ""label"": ""ballast_softened"", ""start_m"": 157.2, ""count"": 20, ""side"": ""right"", ""directions"": ""vertical"", ""stiffness_factor_eta_k"": 0.8301, ""damping_factor_eta_c"": 1.0}]"
v2n115_seed14861942_v250_coupled_fastener_ballast_overlap,14861942,250,train,coupled_fastener_ballast_overlap,v2_seed14861942,"[{""type"": ""fastener_failure"", ""label"": ""fastener_eta"", ""start_m"": 225.6, ""count"": 12, ""side"": ""left"", ""directions"": ""both"", ""stiffness_factor_eta_k"": 0.95, ""damping_factor_eta_c"": 1.0}, {""type"": ""ballast_condition"", ""label"": ""ballast_softened"", ""start_m"": 225.6, ""count"": 8, ""side"": ""left"", ""directions"": ""vertical"", ""stiffness_factor_eta_k"": 0.4452, ""damping_factor_eta_c"": 1.0}]"
v2n116_seed15483137_v250_baseline,15483137,250,train,baseline,v2_seed15483137,[]
v2n116_seed15483137_v250_fastener,15483137,250,train,fastener,v2_seed15483137,"[{""type"": ""fastener_failure"", ""label"": ""fastener_eta"", ""start_m"": 156.0, ""count"": 5, ""side"": ""right"", ""directions"": ""both"", ""stiffness_factor_eta_k"": 0.85, ""damping_factor_eta_c"": 1.0}]"
v2n116_seed15483137_v250_sleeper_void,15483137,250,train,sleeper_void,v2_seed15483137,"[{""type"": ""sleeper_void"", ""label"": ""sleeper_void"", ""start_m"": 265.8, ""count"": 8, ""side"": ""left"", ""directions"": ""vertical"", ""delta_gap_mm"": 0.241}]"
v2n116_seed15483137_v250_ballast,15483137,250,train,ballast,v2_seed15483137,"[{""type"": ""ballast_condition"", ""label"": ""ballast_hardened"", ""start_m"": 291.0, ""count"": 40, ""side"": ""both"", ""directions"": ""vertical"", ""stiffness_factor_eta_k"": 1.1794, ""damping_factor_eta_c"": 1.0}]"
v2n116_seed15483137_v250_subgrade,15483137,250,train,subgrade,v2_seed15483137,"[{""type"": ""subgrade_condition"", ""label"": ""subgrade_hardened"", ""start_m"": 239.4, ""count"": 80, ""side"": ""right"", ""directions"": ""vertical"", ""stiffness_factor_eta_k"": 1.8857, ""damping_factor_eta_c"": 1.0}]"
v2n116_seed15483137_v250_coupled_fastener_subgrade_partial_overlap,15483137,250,train,coupled_fastener_subgrade_partial_overlap,v2_seed15483137,"[{""type"": ""fastener_failure"", ""label"": ""fastener_eta"", ""start_m"": 192.6, ""count"": 20, ""side"": ""right"", ""directions"": ""both"", ""stiffness_factor_eta_k"": 1.05, ""damping_factor_eta_c"": 1.0}, {""type"": ""subgrade_condition"", ""label"": ""subgrade_softened"", ""start_m"": 196.2, ""count"": 12, ""side"": ""both"", ""directions"": ""vertical"", ""stiffness_factor_eta_k"": 0.9059, ""damping_factor_eta_c"": 1.0}]"
v2n116_seed15483137_v250_coupled_ballast_sleeper_void_separate,15483137,250,train,coupled_ballast_sleeper_void_separate,v2_seed15483137,"[{""type"": ""ballast_condition"", ""label"": ""ballast_hardened"", ""start_m"": 211.2, ""count"": 3, ""side"": ""right"", ""directions"": ""vertical"", ""stiffness_factor_eta_k"": 4.1563, ""damping_factor_eta_c"": 1.0}, {""type"": ""sleeper_void"", ""label"": ""sleeper_void"", ""start_m"": 228.0, ""count"": 8, ""side"": ""right"", ""directions"": ""vertical"", ""delta_gap_mm"": 3.294}]"
v2n116_seed15483137_v200_baseline,15483137,200,train,baseline,v2_seed15483137,[]
v2n116_seed15483137_v200_subgrade,15483137,200,train,subgrade,v2_seed15483137,"[{""type"": ""subgrade_condition"", ""label"": ""subgrade_hardened"", ""start_m"": 239.4, ""count"": 80, ""side"": ""right"", ""directions"": ""vertical"", ""stiffness_factor_eta_k"": 1.8857, ""damping_factor_eta_c"": 1.0}]"
v2n116_seed15483137_v200_coupled_fastener_subgrade_partial_overlap,15483137,200,train,coupled_fastener_subgrade_partial_overlap,v2_seed15483137,"[{""type"": ""fastener_failure"", ""label"": ""fastener_eta"", ""start_m"": 192.6, ""count"": 20, ""side"": ""right"", ""directions"": ""both"", ""stiffness_factor_eta_k"": 1.05, ""damping_factor_eta_c"": 1.0}, {""type"": ""subgrade_condition"", ""label"": ""subgrade_softened"", ""start_m"": 196.2, ""count"": 12, ""side"": ""both"", ""directions"": ""vertical"", ""stiffness_factor_eta_k"": 0.9059, ""damping_factor_eta_c"": 1.0}]"
v2n117_seed54771078_v160_baseline,54771078,160,train,baseline,v2_seed54771078,[]
v2n117_seed54771078_v160_fastener,54771078,160,train,fastener,v2_seed54771078,"[{""type"": ""fastener_failure"", ""label"": ""fastener_eta"", ""start_m"": 213.0, ""count"": 8, ""side"": ""both"", ""directions"": ""both"", ""stiffness_factor_eta_k"": 0.9, ""damping_factor_eta_c"": 1.0}]"
v2n117_seed54771078_v160_sleeper_void,54771078,160,train,sleeper_void,v2_seed54771078,"[{""type"": ""sleeper_void"", ""label"": ""sleeper_void"", ""start_m"": 294.6, ""count"": 12, ""side"": ""right"", ""directions"": ""vertical"", ""delta_gap_mm"": 0.804}]"
v2n117_seed54771078_v160_ballast,54771078,160,train,ballast,v2_seed54771078,"[{""type"": ""ballast_condition"", ""label"": ""ballast_hardened"", ""start_m"": 187.2, ""count"": 80, ""side"": ""left"", ""directions"": ""vertical"", ""stiffness_factor_eta_k"": 1.9508, ""damping_factor_eta_c"": 1.0}]"
v2n117_seed54771078_v160_subgrade,54771078,160,train,subgrade,v2_seed54771078,"[{""type"": ""subgrade_condition"", ""label"": ""subgrade_hardened"", ""start_m"": 282.6, ""count"": 3, ""side"": ""both"", ""directions"": ""vertical"", ""stiffness_factor_eta_k"": 4.4522, ""damping_factor_eta_c"": 1.0}]"
v2n117_seed54771078_v160_coupled_ballast_subgrade_separate,54771078,160,train,coupled_ballast_subgrade_separate,v2_seed54771078,"[{""type"": ""ballast_condition"", ""label"": ""ballast_hardened"", ""start_m"": 229.2, ""count"": 3, ""side"": ""right"", ""directions"": ""vertical"", ""stiffness_factor_eta_k"": 3.7622, ""damping_factor_eta_c"": 1.0}, {""type"": ""subgrade_condition"", ""label"": ""subgrade_hardened"", ""start_m"": 253.2, ""count"": 20, ""side"": ""left"", ""directions"": ""vertical"", ""stiffness_factor_eta_k"": 1.1529, ""damping_factor_eta_c"": 1.0}]"
v2n117_seed54771078_v160_coupled_subgrade_sleeper_void_overlap,54771078,160,train,coupled_subgrade_sleeper_void_overlap,v2_seed54771078,"[{""type"": ""subgrade_condition"", ""label"": ""subgrade_softened"", ""start_m"": 205.8, ""count"": 5, ""side"": ""left"", ""directions"": ""vertical"", ""stiffness_factor_eta_k"": 0.1282, ""damping_factor_eta_c"": 1.0}, {""type"": ""sleeper_void"", ""label"": ""sleeper_void"", ""start_m"": 205.8, ""count"": 12, ""side"": ""both"", ""directions"": ""vertical"", ""delta_gap_mm"": 0.337}]"
v2n117_seed54771078_v200_baseline,54771078,200,train,baseline,v2_seed54771078,[]
v2n117_seed54771078_v200_fastener,54771078,200,train,fastener,v2_seed54771078,"[{""type"": ""fastener_failure"", ""label"": ""fastener_eta"", ""start_m"": 213.0, ""count"": 8, ""side"": ""both"", ""directions"": ""both"", ""stiffness_factor_eta_k"": 0.9, ""damping_factor_eta_c"": 1.0}]"
v2n117_seed54771078_v200_coupled_ballast_subgrade_separate,54771078,200,train,coupled_ballast_subgrade_separate,v2_seed54771078,"[{""type"": ""ballast_condition"", ""label"": ""ballast_hardened"", ""start_m"": 229.2, ""count"": 3, ""side"": ""right"", ""directions"": ""vertical"", ""stiffness_factor_eta_k"": 3.7622, ""damping_factor_eta_c"": 1.0}, {""type"": ""subgrade_condition"", ""label"": ""subgrade_hardened"", ""start_m"": 253.2, ""count"": 20, ""side"": ""left"", ""directions"": ""vertical"", ""stiffness_factor_eta_k"": 1.1529, ""damping_factor_eta_c"": 1.0}]"
v2n118_seed18830274_v200_baseline,18830274,200,train,baseline,v2_seed18830274,[]
v2n118_seed18830274_v200_fastener,18830274,200,train,fastener,v2_seed18830274,"[{""type"": ""fastener_failure"", ""label"": ""fastener_eta"", ""start_m"": 271.8, ""count"": 12, ""side"": ""left"", ""directions"": ""both"", ""stiffness_factor_eta_k"": 0.95, ""damping_factor_eta_c"": 1.0}]"
v2n118_seed18830274_v200_sleeper_void,18830274,200,train,sleeper_void,v2_seed18830274,"[{""type"": ""sleeper_void"", ""label"": ""sleeper_void"", ""start_m"": 182.4, ""count"": 20, ""side"": ""both"", ""directions"": ""vertical"", ""delta_gap_mm"": 1.073}]"
v2n118_seed18830274_v200_ballast,18830274,200,train,ballast,v2_seed18830274,"[{""type"": ""ballast_condition"", ""label"": ""ballast_hardened"", ""start_m"": 235.2, ""count"": 3, ""side"": ""right"", ""directions"": ""vertical"", ""stiffness_factor_eta_k"": 6.3246, ""damping_factor_eta_c"": 1.0}]"
v2n118_seed18830274_v200_subgrade,18830274,200,train,subgrade,v2_seed18830274,"[{""type"": ""subgrade_condition"", ""label"": ""subgrade_softened"", ""start_m"": 260.4, ""count"": 5, ""side"": ""left"", ""directions"": ""vertical"", ""stiffness_factor_eta_k"": 0.2868, ""damping_factor_eta_c"": 1.0}]"
v2n118_seed18830274_v200_coupled_fastener_ballast_overlap,18830274,200,train,coupled_fastener_ballast_overlap,v2_seed18830274,"[{""type"": ""fastener_failure"", ""label"": ""fastener_eta"", ""start_m"": 223.8, ""count"": 2, ""side"": ""left"", ""directions"": ""both"", ""stiffness_factor_eta_k"": 1.25, ""damping_factor_eta_c"": 1.0}, {""type"": ""ballast_condition"", ""label"": ""ballast_hardened"", ""start_m"": 223.8, ""count"": 40, ""side"": ""left"", ""directions"": ""vertical"", ""stiffness_factor_eta_k"": 2.8185, ""damping_factor_eta_c"": 1.0}]"
v2n118_seed18830274_v200_coupled_fastener_sleeper_void_partial_overlap,18830274,200,train,coupled_fastener_sleeper_void_partial_overlap,v2_seed18830274,"[{""type"": ""fastener_failure"", ""label"": ""fastener_eta"", ""start_m"": 222.6, ""count"": 3, ""side"": ""right"", ""directions"": ""both"", ""stiffness_factor_eta_k"": 0.0, ""damping_factor_eta_c"": 1.0}, {""type"": ""sleeper_void"", ""label"": ""sleeper_void"", ""start_m"": 223.2, ""count"": 20, ""side"": ""left"", ""directions"": ""vertical"", ""delta_gap_mm"": 0.931}]"
v2n118_seed18830274_v250_baseline,18830274,250,train,baseline,v2_seed18830274,[]
v2n118_seed18830274_v250_sleeper_void,18830274,250,train,sleeper_void,v2_seed18830274,"[{""type"": ""sleeper_void"", ""label"": ""sleeper_void"", ""start_m"": 182.4, ""count"": 20, ""side"": ""both"", ""directions"": ""vertical"", ""delta_gap_mm"": 1.073}]"
v2n118_seed18830274_v250_coupled_fastener_ballast_overlap,18830274,250,train,coupled_fastener_ballast_overlap,v2_seed18830274,"[{""type"": ""fastener_failure"", ""label"": ""fastener_eta"", ""start_m"": 223.8, ""count"": 2, ""side"": ""left"", ""directions"": ""both"", ""stiffness_factor_eta_k"": 1.25, ""damping_factor_eta_c"": 1.0}, {""type"": ""ballast_condition"", ""label"": ""ballast_hardened"", ""start_m"": 223.8, ""count"": 40, ""side"": ""left"", ""directions"": ""vertical"", ""stiffness_factor_eta_k"": 2.8185, ""damping_factor_eta_c"": 1.0}]"
v2n119_seed81183659_v215_baseline,81183659,215,val,baseline,v2_seed81183659,[]
v2n119_seed81183659_v215_fastener,81183659,215,val,fastener,v2_seed81183659,"[{""type"": ""fastener_failure"", ""label"": ""fastener_eta"", ""start_m"": 234.6, ""count"": 20, ""side"": ""right"", ""directions"": ""both"", ""stiffness_factor_eta_k"": 1.05, ""damping_factor_eta_c"": 1.0}]"
v2n119_seed81183659_v215_sleeper_void,81183659,215,val,sleeper_void,v2_seed81183659,"[{""type"": ""sleeper_void"", ""label"": ""sleeper_void"", ""start_m"": 192.6, ""count"": 1, ""side"": ""left"", ""directions"": ""vertical"", ""delta_gap_mm"": 3.151}]"
v2n119_seed81183659_v215_ballast,81183659,215,val,ballast,v2_seed81183659,"[{""type"": ""ballast_condition"", ""label"": ""ballast_softened"", ""start_m"": 151.8, ""count"": 5, ""side"": ""both"", ""directions"": ""vertical"", ""stiffness_factor_eta_k"": 0.1774, ""damping_factor_eta_c"": 1.0}]"
v2n119_seed81183659_v215_subgrade,81183659,215,val,subgrade,v2_seed81183659,"[{""type"": ""subgrade_condition"", ""label"": ""subgrade_softened"", ""start_m"": 195.6, ""count"": 8, ""side"": ""right"", ""directions"": ""vertical"", ""stiffness_factor_eta_k"": 0.5991, ""damping_factor_eta_c"": 1.0}]"
v2n119_seed81183659_v215_coupled_fastener_subgrade_partial_overlap,81183659,215,val,coupled_fastener_subgrade_partial_overlap,v2_seed81183659,"[{""type"": ""fastener_failure"", ""label"": ""fastener_eta"", ""start_m"": 208.2, ""count"": 3, ""side"": ""right"", ""directions"": ""both"", ""stiffness_factor_eta_k"": 0.0, ""damping_factor_eta_c"": 1.0}, {""type"": ""subgrade_condition"", ""label"": ""subgrade_hardened"", ""start_m"": 208.8, ""count"": 80, ""side"": ""both"", ""directions"": ""vertical"", ""stiffness_factor_eta_k"": 3.6019, ""damping_factor_eta_c"": 1.0}]"
v2n119_seed81183659_v215_coupled_ballast_sleeper_void_separate,81183659,215,val,coupled_ballast_sleeper_void_separate,v2_seed81183659,"[{""type"": ""ballast_condition"", ""label"": ""ballast_softened"", ""start_m"": 193.8, ""count"": 12, ""side"": ""right"", ""directions"": ""vertical"", ""stiffness_factor_eta_k"": 0.8109, ""damping_factor_eta_c"": 1.0}, {""type"": ""sleeper_void"", ""label"": ""sleeper_void"", ""start_m"": 213.0, ""count"": 1, ""side"": ""right"", ""directions"": ""vertical"", ""delta_gap_mm"": 1.221}]"
v2n119_seed81183659_v250_baseline,81183659,250,val,baseline,v2_seed81183659,[]
v2n119_seed81183659_v250_ballast,81183659,250,val,ballast,v2_seed81183659,"[{""type"": ""ballast_condition"", ""label"": ""ballast_softened"", ""start_m"": 151.8, ""count"": 5, ""side"": ""both"", ""directions"": ""vertical"", ""stiffness_factor_eta_k"": 0.1774, ""damping_factor_eta_c"": 1.0}]"
v2n119_seed81183659_v250_coupled_fastener_subgrade_partial_overlap,81183659,250,val,coupled_fastener_subgrade_partial_overlap,v2_seed81183659,"[{""type"": ""fastener_failure"", ""label"": ""fastener_eta"", ""start_m"": 208.2, ""count"": 3, ""side"": ""right"", ""directions"": ""both"", ""stiffness_factor_eta_k"": 0.0, ""damping_factor_eta_c"": 1.0}, {""type"": ""subgrade_condition"", ""label"": ""subgrade_hardened"", ""start_m"": 208.8, ""count"": 80, ""side"": ""both"", ""directions"": ""vertical"", ""stiffness_factor_eta_k"": 3.6019, ""damping_factor_eta_c"": 1.0}]"
v2n120_seed84170685_v250_baseline,84170685,250,val,baseline,v2_seed84170685,[]
v2n120_seed84170685_v250_fastener,84170685,250,val,fastener,v2_seed84170685,"[{""type"": ""fastener_failure"", ""label"": ""fastener_eta"", ""start_m"": 211.8, ""count"": 1, ""side"": ""both"", ""directions"": ""both"", ""stiffness_factor_eta_k"": 1.1, ""damping_factor_eta_c"": 1.0}]"
v2n120_seed84170685_v250_sleeper_void,84170685,250,val,sleeper_void,v2_seed84170685,"[{""type"": ""sleeper_void"", ""label"": ""sleeper_void"", ""start_m"": 215.4, ""count"": 2, ""side"": ""right"", ""directions"": ""vertical"", ""delta_gap_mm"": 0.464}]"
v2n120_seed84170685_v250_ballast,84170685,250,val,ballast,v2_seed84170685,"[{""type"": ""ballast_condition"", ""label"": ""ballast_softened"", ""start_m"": 291.6, ""count"": 8, ""side"": ""left"", ""directions"": ""vertical"", ""stiffness_factor_eta_k"": 0.4896, ""damping_factor_eta_c"": 1.0}]"
v2n120_seed84170685_v250_subgrade,84170685,250,val,subgrade,v2_seed84170685,"[{""type"": ""subgrade_condition"", ""label"": ""subgrade_softened"", ""start_m"": 260.4, ""count"": 12, ""side"": ""both"", ""directions"": ""vertical"", ""stiffness_factor_eta_k"": 0.7968, ""damping_factor_eta_c"": 1.0}]"
v2n120_seed84170685_v250_coupled_ballast_subgrade_separate,84170685,250,val,coupled_ballast_subgrade_separate,v2_seed84170685,"[{""type"": ""ballast_condition"", ""label"": ""ballast_softened"", ""start_m"": 232.8, ""count"": 12, ""side"": ""right"", ""directions"": ""vertical"", ""stiffness_factor_eta_k"": 0.9008, ""damping_factor_eta_c"": 1.0}, {""type"": ""subgrade_condition"", ""label"": ""subgrade_softened"", ""start_m"": 252.0, ""count"": 3, ""side"": ""left"", ""directions"": ""vertical"", ""stiffness_factor_eta_k"": 0.1914, ""damping_factor_eta_c"": 1.0}]"
v2n120_seed84170685_v250_coupled_subgrade_sleeper_void_overlap,84170685,250,val,coupled_subgrade_sleeper_void_overlap,v2_seed84170685,"[{""type"": ""subgrade_condition"", ""label"": ""subgrade_hardened"", ""start_m"": 186.0, ""count"": 20, ""side"": ""left"", ""directions"": ""vertical"", ""stiffness_factor_eta_k"": 1.2812, ""damping_factor_eta_c"": 1.0}, {""type"": ""sleeper_void"", ""label"": ""sleeper_void"", ""start_m"": 186.0, ""count"": 2, ""side"": ""both"", ""directions"": ""vertical"", ""delta_gap_mm"": 2.535}]"
v2n120_seed84170685_v200_baseline,84170685,200,val,baseline,v2_seed84170685,[]
v2n120_seed84170685_v200_subgrade,84170685,200,val,subgrade,v2_seed84170685,"[{""type"": ""subgrade_condition"", ""label"": ""subgrade_softened"", ""start_m"": 260.4, ""count"": 12, ""side"": ""both"", ""directions"": ""vertical"", ""stiffness_factor_eta_k"": 0.7968, ""damping_factor_eta_c"": 1.0}]"
v2n120_seed84170685_v200_coupled_ballast_subgrade_separate,84170685,200,val,coupled_ballast_subgrade_separate,v2_seed84170685,"[{""type"": ""ballast_condition"", ""label"": ""ballast_softened"", ""start_m"": 232.8, ""count"": 12, ""side"": ""right"", ""directions"": ""vertical"", ""stiffness_factor_eta_k"": 0.9008, ""damping_factor_eta_c"": 1.0}, {""type"": ""subgrade_condition"", ""label"": ""subgrade_softened"", ""start_m"": 252.0, ""count"": 3, ""side"": ""left"", ""directions"": ""vertical"", ""stiffness_factor_eta_k"": 0.1914, ""damping_factor_eta_c"": 1.0}]"
v2n121_seed26735422_v160_baseline,26735422,160,train,baseline,v2_seed26735422,[]
v2n121_seed26735422_v160_fastener,26735422,160,train,fastener,v2_seed26735422,"[{""type"": ""fastener_failure"", ""label"": ""fastener_eta"", ""start_m"": 154.8, ""count"": 2, ""side"": ""left"", ""directions"": ""both"", ""stiffness_factor_eta_k"": 1.25, ""damping_factor_eta_c"": 1.0}]"
v2n121_seed26735422_v160_sleeper_void,26735422,160,train,sleeper_void,v2_seed26735422,"[{""type"": ""sleeper_void"", ""label"": ""sleeper_void"", ""start_m"": 276.6, ""count"": 3, ""side"": ""both"", ""directions"": ""vertical"", ""delta_gap_mm"": 0.864}]"
v2n121_seed26735422_v160_ballast,26735422,160,train,ballast,v2_seed26735422,"[{""type"": ""ballast_condition"", ""label"": ""ballast_softened"", ""start_m"": 275.4, ""count"": 12, ""side"": ""right"", ""directions"": ""vertical"", ""stiffness_factor_eta_k"": 0.8677, ""damping_factor_eta_c"": 1.0}]"
v2n121_seed26735422_v160_subgrade,26735422,160,train,subgrade,v2_seed26735422,"[{""type"": ""subgrade_condition"", ""label"": ""subgrade_hardened"", ""start_m"": 189.6, ""count"": 20, ""side"": ""left"", ""directions"": ""vertical"", ""stiffness_factor_eta_k"": 1.2757, ""damping_factor_eta_c"": 1.0}]"
v2n121_seed26735422_v160_coupled_fastener_ballast_overlap,26735422,160,train,coupled_fastener_ballast_overlap,v2_seed26735422,"[{""type"": ""fastener_failure"", ""label"": ""fastener_eta"", ""start_m"": 186.0, ""count"": 8, ""side"": ""left"", ""directions"": ""both"", ""stiffness_factor_eta_k"": 0.25, ""damping_factor_eta_c"": 1.0}, {""type"": ""ballast_condition"", ""label"": ""ballast_softened"", ""start_m"": 186.0, ""count"": 5, ""side"": ""left"", ""directions"": ""vertical"", ""stiffness_factor_eta_k"": 0.4037, ""damping_factor_eta_c"": 1.0}]"
v2n121_seed26735422_v160_coupled_fastener_sleeper_void_partial_overlap,26735422,160,train,coupled_fastener_sleeper_void_partial_overlap,v2_seed26735422,"[{""type"": ""fastener_failure"", ""label"": ""fastener_eta"", ""start_m"": 199.2, ""count"": 12, ""side"": ""right"", ""directions"": ""both"", ""stiffness_factor_eta_k"": 0.5, ""damping_factor_eta_c"": 1.0}, {""type"": ""sleeper_void"", ""label"": ""sleeper_void"", ""start_m"": 199.8, ""count"": 3, ""side"": ""left"", ""directions"": ""vertical"", ""delta_gap_mm"": 0.463}]"
v2n121_seed26735422_v200_baseline,26735422,200,train,baseline,v2_seed26735422,[]
v2n121_seed26735422_v200_fastener,26735422,200,train,fastener,v2_seed26735422,"[{""type"": ""fastener_failure"", ""label"": ""fastener_eta"", ""start_m"": 154.8, ""count"": 2, ""side"": ""left"", ""directions"": ""both"", ""stiffness_factor_eta_k"": 1.25, ""damping_factor_eta_c"": 1.0}]"
v2n121_seed26735422_v200_coupled_fastener_ballast_overlap,26735422,200,train,coupled_fastener_ballast_overlap,v2_seed26735422,"[{""type"": ""fastener_failure"", ""label"": ""fastener_eta"", ""start_m"": 186.0, ""count"": 8, ""side"": ""left"", ""directions"": ""both"", ""stiffness_factor_eta_k"": 0.25, ""damping_factor_eta_c"": 1.0}, {""type"": ""ballast_condition"", ""label"": ""ballast_softened"", ""start_m"": 186.0, ""count"": 5, ""side"": ""left"", ""directions"": ""vertical"", ""stiffness_factor_eta_k"": 0.4037, ""damping_factor_eta_c"": 1.0}]"
v2n122_seed63604776_v200_baseline,63604776,200,train,baseline,v2_seed63604776,[]
v2n122_seed63604776_v200_fastener,63604776,200,train,fastener,v2_seed63604776,"[{""type"": ""fastener_failure"", ""label"": ""fastener_eta"", ""start_m"": 178.2, ""count"": 3, ""side"": ""right"", ""directions"": ""both"", ""stiffness_factor_eta_k"": 0.0, ""damping_factor_eta_c"": 1.0}]"
v2n122_seed63604776_v200_sleeper_void,63604776,200,train,sleeper_void,v2_seed63604776,"[{""type"": ""sleeper_void"", ""label"": ""sleeper_void"", ""start_m"": 271.8, ""count"": 5, ""side"": ""left"", ""directions"": ""vertical"", ""delta_gap_mm"": 1.668}]"
v2n122_seed63604776_v200_ballast,63604776,200,train,ballast,v2_seed63604776,"[{""type"": ""ballast_condition"", ""label"": ""ballast_hardened"", ""start_m"": 189.6, ""count"": 20, ""side"": ""both"", ""directions"": ""vertical"", ""stiffness_factor_eta_k"": 1.1295, ""damping_factor_eta_c"": 1.0}]"
v2n122_seed63604776_v200_subgrade,63604776,200,train,subgrade,v2_seed63604776,"[{""type"": ""subgrade_condition"", ""label"": ""subgrade_hardened"", ""start_m"": 154.8, ""count"": 40, ""side"": ""right"", ""directions"": ""vertical"", ""stiffness_factor_eta_k"": 2.9018, ""damping_factor_eta_c"": 1.0}]"
v2n122_seed63604776_v200_coupled_fastener_subgrade_partial_overlap,63604776,200,train,coupled_fastener_subgrade_partial_overlap,v2_seed63604776,"[{""type"": ""fastener_failure"", ""label"": ""fastener_eta"", ""start_m"": 207.6, ""count"": 12, ""side"": ""right"", ""directions"": ""both"", ""stiffness_factor_eta_k"": 0.5, ""damping_factor_eta_c"": 1.0}, {""type"": ""subgrade_condition"", ""label"": ""subgrade_softened"", ""start_m"": 210.0, ""count"": 8, ""side"": ""both"", ""directions"": ""vertical"", ""stiffness_factor_eta_k"": 0.9238, ""damping_factor_eta_c"": 1.0}]"
v2n122_seed63604776_v200_coupled_ballast_sleeper_void_separate,63604776,200,train,coupled_ballast_sleeper_void_separate,v2_seed63604776,"[{""type"": ""ballast_condition"", ""label"": ""ballast_hardened"", ""start_m"": 185.4, ""count"": 80, ""side"": ""right"", ""directions"": ""vertical"", ""stiffness_factor_eta_k"": 7.8077, ""damping_factor_eta_c"": 1.0}, {""type"": ""sleeper_void"", ""label"": ""sleeper_void"", ""start_m"": 245.4, ""count"": 5, ""side"": ""right"", ""directions"": ""vertical"", ""delta_gap_mm"": 0.865}]"
v2n122_seed63604776_v250_baseline,63604776,250,train,baseline,v2_seed63604776,[]
v2n122_seed63604776_v250_sleeper_void,63604776,250,train,sleeper_void,v2_seed63604776,"[{""type"": ""sleeper_void"", ""label"": ""sleeper_void"", ""start_m"": 271.8, ""count"": 5, ""side"": ""left"", ""directions"": ""vertical"", ""delta_gap_mm"": 1.668}]"
v2n122_seed63604776_v250_coupled_fastener_subgrade_partial_overlap,63604776,250,train,coupled_fastener_subgrade_partial_overlap,v2_seed63604776,"[{""type"": ""fastener_failure"", ""label"": ""fastener_eta"", ""start_m"": 207.6, ""count"": 12, ""side"": ""right"", ""directions"": ""both"", ""stiffness_factor_eta_k"": 0.5, ""damping_factor_eta_c"": 1.0}, {""type"": ""subgrade_condition"", ""label"": ""subgrade_softened"", ""start_m"": 210.0, ""count"": 8, ""side"": ""both"", ""directions"": ""vertical"", ""stiffness_factor_eta_k"": 0.9238, ""damping_factor_eta_c"": 1.0}]"
v2n123_seed88911877_v215_baseline,88911877,215,train,baseline,v2_seed88911877,[]
v2n123_seed88911877_v215_fastener,88911877,215,train,fastener,v2_seed88911877,"[{""type"": ""fastener_failure"", ""label"": ""fastener_eta"", ""start_m"": 187.8, ""count"": 5, ""side"": ""both"", ""directions"": ""both"", ""stiffness_factor_eta_k"": 0.1, ""damping_factor_eta_c"": 1.0}]"
v2n123_seed88911877_v215_sleeper_void,88911877,215,train,sleeper_void,v2_seed88911877,"[{""type"": ""sleeper_void"", ""label"": ""sleeper_void"", ""start_m"": 267.6, ""count"": 8, ""side"": ""right"", ""directions"": ""vertical"", ""delta_gap_mm"": 3.441}]"
v2n123_seed88911877_v215_ballast,88911877,215,train,ballast,v2_seed88911877,"[{""type"": ""ballast_condition"", ""label"": ""ballast_hardened"", ""start_m"": 269.4, ""count"": 40, ""side"": ""left"", ""directions"": ""vertical"", ""stiffness_factor_eta_k"": 2.6822, ""damping_factor_eta_c"": 1.0}]"
v2n123_seed88911877_v215_subgrade,88911877,215,train,subgrade,v2_seed88911877,"[{""type"": ""subgrade_condition"", ""label"": ""subgrade_hardened"", ""start_m"": 242.4, ""count"": 80, ""side"": ""both"", ""directions"": ""vertical"", ""stiffness_factor_eta_k"": 7.3856, ""damping_factor_eta_c"": 1.0}]"
v2n123_seed88911877_v215_coupled_ballast_subgrade_separate,88911877,215,train,coupled_ballast_subgrade_separate,v2_seed88911877,"[{""type"": ""ballast_condition"", ""label"": ""ballast_hardened"", ""start_m"": 222.0, ""count"": 80, ""side"": ""right"", ""directions"": ""vertical"", ""stiffness_factor_eta_k"": 3.6195, ""damping_factor_eta_c"": 1.0}, {""type"": ""subgrade_condition"", ""label"": ""subgrade_hardened"", ""start_m"": 282.0, ""count"": 12, ""side"": ""left"", ""directions"": ""vertical"", ""stiffness_factor_eta_k"": 1.251, ""damping_factor_eta_c"": 1.0}]"
v2n123_seed88911877_v215_coupled_subgrade_sleeper_void_overlap,88911877,215,train,coupled_subgrade_sleeper_void_overlap,v2_seed88911877,"[{""type"": ""subgrade_condition"", ""label"": ""subgrade_softened"", ""start_m"": 182.4, ""count"": 3, ""side"": ""left"", ""directions"": ""vertical"", ""stiffness_factor_eta_k"": 0.1349, ""damping_factor_eta_c"": 1.0}, {""type"": ""sleeper_void"", ""label"": ""sleeper_void"", ""start_m"": 182.4, ""count"": 8, ""side"": ""both"", ""directions"": ""vertical"", ""delta_gap_mm"": 1.769}]"
v2n123_seed88911877_v250_baseline,88911877,250,train,baseline,v2_seed88911877,[]
v2n123_seed88911877_v250_ballast,88911877,250,train,ballast,v2_seed88911877,"[{""type"": ""ballast_condition"", ""label"": ""ballast_hardened"", ""start_m"": 269.4, ""count"": 40, ""side"": ""left"", ""directions"": ""vertical"", ""stiffness_factor_eta_k"": 2.6822, ""damping_factor_eta_c"": 1.0}]"
v2n123_seed88911877_v250_coupled_ballast_subgrade_separate,88911877,250,train,coupled_ballast_subgrade_separate,v2_seed88911877,"[{""type"": ""ballast_condition"", ""label"": ""ballast_hardened"", ""start_m"": 222.0, ""count"": 80, ""side"": ""right"", ""directions"": ""vertical"", ""stiffness_factor_eta_k"": 3.6195, ""damping_factor_eta_c"": 1.0}, {""type"": ""subgrade_condition"", ""label"": ""subgrade_hardened"", ""start_m"": 282.0, ""count"": 12, ""side"": ""left"", ""directions"": ""vertical"", ""stiffness_factor_eta_k"": 1.251, ""damping_factor_eta_c"": 1.0}]"
v2n124_seed88494197_v250_baseline,88494197,250,val,baseline,v2_seed88494197,[]
v2n124_seed88494197_v250_fastener,88494197,250,val,fastener,v2_seed88494197,"[{""type"": ""fastener_failure"", ""label"": ""fastener_eta"", ""start_m"": 256.2, ""count"": 8, ""side"": ""left"", ""directions"": ""both"", ""stiffness_factor_eta_k"": 0.25, ""damping_factor_eta_c"": 1.0}]"
v2n124_seed88494197_v250_sleeper_void,88494197,250,val,sleeper_void,v2_seed88494197,"[{""type"": ""sleeper_void"", ""label"": ""sleeper_void"", ""start_m"": 285.6, ""count"": 12, ""side"": ""both"", ""directions"": ""vertical"", ""delta_gap_mm"": 0.164}]"
v2n124_seed88494197_v250_ballast,88494197,250,val,ballast,v2_seed88494197,"[{""type"": ""ballast_condition"", ""label"": ""ballast_hardened"", ""start_m"": 160.2, ""count"": 80, ""side"": ""right"", ""directions"": ""vertical"", ""stiffness_factor_eta_k"": 6.6522, ""damping_factor_eta_c"": 1.0}]"
v2n124_seed88494197_v250_subgrade,88494197,250,val,subgrade,v2_seed88494197,"[{""type"": ""subgrade_condition"", ""label"": ""subgrade_softened"", ""start_m"": 276.6, ""count"": 3, ""side"": ""left"", ""directions"": ""vertical"", ""stiffness_factor_eta_k"": 0.2976, ""damping_factor_eta_c"": 1.0}]"
v2n124_seed88494197_v250_coupled_fastener_ballast_overlap,88494197,250,val,coupled_fastener_ballast_overlap,v2_seed88494197,"[{""type"": ""fastener_failure"", ""label"": ""fastener_eta"", ""start_m"": 236.4, ""count"": 1, ""side"": ""left"", ""directions"": ""both"", ""stiffness_factor_eta_k"": 0.85, ""damping_factor_eta_c"": 1.0}, {""type"": ""ballast_condition"", ""label"": ""ballast_hardened"", ""start_m"": 236.4, ""count"": 20, ""side"": ""left"", ""directions"": ""vertical"", ""stiffness_factor_eta_k"": 2.3009, ""damping_factor_eta_c"": 1.0}]"
v2n124_seed88494197_v250_coupled_fastener_sleeper_void_partial_overlap,88494197,250,val,coupled_fastener_sleeper_void_partial_overlap,v2_seed88494197,"[{""type"": ""fastener_failure"", ""label"": ""fastener_eta"", ""start_m"": 216.0, ""count"": 2, ""side"": ""right"", ""directions"": ""both"", ""stiffness_factor_eta_k"": 0.9, ""damping_factor_eta_c"": 1.0}, {""type"": ""sleeper_void"", ""label"": ""sleeper_void"", ""start_m"": 216.6, ""count"": 12, ""side"": ""left"", ""directions"": ""vertical"", ""delta_gap_mm"": 2.85}]"
v2n124_seed88494197_v200_baseline,88494197,200,val,baseline,v2_seed88494197,[]
v2n124_seed88494197_v200_subgrade,88494197,200,val,subgrade,v2_seed88494197,"[{""type"": ""subgrade_condition"", ""label"": ""subgrade_softened"", ""start_m"": 276.6, ""count"": 3, ""side"": ""left"", ""directions"": ""vertical"", ""stiffness_factor_eta_k"": 0.2976, ""damping_factor_eta_c"": 1.0}]"
v2n124_seed88494197_v200_coupled_fastener_ballast_overlap,88494197,200,val,coupled_fastener_ballast_overlap,v2_seed88494197,"[{""type"": ""fastener_failure"", ""label"": ""fastener_eta"", ""start_m"": 236.4, ""count"": 1, ""side"": ""left"", ""directions"": ""both"", ""stiffness_factor_eta_k"": 0.85, ""damping_factor_eta_c"": 1.0}, {""type"": ""ballast_condition"", ""label"": ""ballast_hardened"", ""start_m"": 236.4, ""count"": 20, ""side"": ""left"", ""directions"": ""vertical"", ""stiffness_factor_eta_k"": 2.3009, ""damping_factor_eta_c"": 1.0}]"
v2n125_seed11428145_v160_baseline,11428145,160,train,baseline,v2_seed11428145,[]
v2n125_seed11428145_v160_fastener,11428145,160,train,fastener,v2_seed11428145,"[{""type"": ""fastener_failure"", ""label"": ""fastener_eta"", ""start_m"": 192.0, ""count"": 12, ""side"": ""right"", ""directions"": ""both"", ""stiffness_factor_eta_k"": 0.5, ""damping_factor_eta_c"": 1.0}]"
v2n125_seed11428145_v160_sleeper_void,11428145,160,train,sleeper_void,v2_seed11428145,"[{""type"": ""sleeper_void"", ""label"": ""sleeper_void"", ""start_m"": 236.4, ""count"": 20, ""side"": ""left"", ""directions"": ""vertical"", ""delta_gap_mm"": 0.887}]"
v2n125_seed11428145_v160_ballast,11428145,160,train,ballast,v2_seed11428145,"[{""type"": ""ballast_condition"", ""label"": ""ballast_softened"", ""start_m"": 205.8, ""count"": 3, ""side"": ""both"", ""directions"": ""vertical"", ""stiffness_factor_eta_k"": 0.2655, ""damping_factor_eta_c"": 1.0}]"
v2n125_seed11428145_v160_subgrade,11428145,160,train,subgrade,v2_seed11428145,"[{""type"": ""subgrade_condition"", ""label"": ""subgrade_softened"", ""start_m"": 253.8, ""count"": 5, ""side"": ""right"", ""directions"": ""vertical"", ""stiffness_factor_eta_k"": 0.376, ""damping_factor_eta_c"": 1.0}]"
v2n125_seed11428145_v160_coupled_fastener_subgrade_partial_overlap,11428145,160,train,coupled_fastener_subgrade_partial_overlap,v2_seed11428145,"[{""type"": ""fastener_failure"", ""label"": ""fastener_eta"", ""start_m"": 208.2, ""count"": 2, ""side"": ""right"", ""directions"": ""both"", ""stiffness_factor_eta_k"": 0.9, ""damping_factor_eta_c"": 1.0}, {""type"": ""subgrade_condition"", ""label"": ""subgrade_hardened"", ""start_m"": 208.8, ""count"": 40, ""side"": ""both"", ""directions"": ""vertical"", ""stiffness_factor_eta_k"": 7.3658, ""damping_factor_eta_c"": 1.0}]"
v2n125_seed11428145_v160_coupled_ballast_sleeper_void_separate,11428145,160,train,coupled_ballast_sleeper_void_separate,v2_seed11428145,"[{""type"": ""ballast_condition"", ""label"": ""ballast_softened"", ""start_m"": 210.0, ""count"": 8, ""side"": ""right"", ""directions"": ""vertical"", ""stiffness_factor_eta_k"": 0.8457, ""damping_factor_eta_c"": 1.0}, {""type"": ""sleeper_void"", ""label"": ""sleeper_void"", ""start_m"": 234.0, ""count"": 20, ""side"": ""right"", ""directions"": ""vertical"", ""delta_gap_mm"": 0.122}]"
v2n125_seed11428145_v200_baseline,11428145,200,train,baseline,v2_seed11428145,[]
v2n125_seed11428145_v200_fastener,11428145,200,train,fastener,v2_seed11428145,"[{""type"": ""fastener_failure"", ""label"": ""fastener_eta"", ""start_m"": 192.0, ""count"": 12, ""side"": ""right"", ""directions"": ""both"", ""stiffness_factor_eta_k"": 0.5, ""damping_factor_eta_c"": 1.0}]"
v2n125_seed11428145_v200_coupled_fastener_subgrade_partial_overlap,11428145,200,train,coupled_fastener_subgrade_partial_overlap,v2_seed11428145,"[{""type"": ""fastener_failure"", ""label"": ""fastener_eta"", ""start_m"": 208.2, ""count"": 2, ""side"": ""right"", ""directions"": ""both"", ""stiffness_factor_eta_k"": 0.9, ""damping_factor_eta_c"": 1.0}, {""type"": ""subgrade_condition"", ""label"": ""subgrade_hardened"", ""start_m"": 208.8, ""count"": 40, ""side"": ""both"", ""directions"": ""vertical"", ""stiffness_factor_eta_k"": 7.3658, ""damping_factor_eta_c"": 1.0}]"
v2n126_seed55579261_v200_baseline,55579261,200,val,baseline,v2_seed55579261,[]
v2n126_seed55579261_v200_fastener,55579261,200,val,fastener,v2_seed55579261,"[{""type"": ""fastener_failure"", ""label"": ""fastener_eta"", ""start_m"": 196.8, ""count"": 20, ""side"": ""both"", ""directions"": ""both"", ""stiffness_factor_eta_k"": 0.75, ""damping_factor_eta_c"": 1.0}]"
v2n126_seed55579261_v200_sleeper_void,55579261,200,val,sleeper_void,v2_seed55579261,"[{""type"": ""sleeper_void"", ""label"": ""sleeper_void"", ""start_m"": 190.2, ""count"": 1, ""side"": ""right"", ""directions"": ""vertical"", ""delta_gap_mm"": 1.943}]"
v2n126_seed55579261_v200_ballast,55579261,200,val,ballast,v2_seed55579261,"[{""type"": ""ballast_condition"", ""label"": ""ballast_softened"", ""start_m"": 275.4, ""count"": 5, ""side"": ""left"", ""directions"": ""vertical"", ""stiffness_factor_eta_k"": 0.5575, ""damping_factor_eta_c"": 1.0}]"
v2n126_seed55579261_v200_subgrade,55579261,200,val,subgrade,v2_seed55579261,"[{""type"": ""subgrade_condition"", ""label"": ""subgrade_softened"", ""start_m"": 257.4, ""count"": 8, ""side"": ""both"", ""directions"": ""vertical"", ""stiffness_factor_eta_k"": 0.8915, ""damping_factor_eta_c"": 1.0}]"
v2n126_seed55579261_v200_coupled_ballast_subgrade_separate,55579261,200,val,coupled_ballast_subgrade_separate,v2_seed55579261,"[{""type"": ""ballast_condition"", ""label"": ""ballast_softened"", ""start_m"": 209.4, ""count"": 8, ""side"": ""right"", ""directions"": ""vertical"", ""stiffness_factor_eta_k"": 0.9445, ""damping_factor_eta_c"": 1.0}, {""type"": ""subgrade_condition"", ""label"": ""subgrade_softened"", ""start_m"": 269.4, ""count"": 80, ""side"": ""left"", ""directions"": ""vertical"", ""stiffness_factor_eta_k"": 0.1605, ""damping_factor_eta_c"": 1.0}]"
v2n126_seed55579261_v200_coupled_subgrade_sleeper_void_overlap,55579261,200,val,coupled_subgrade_sleeper_void_overlap,v2_seed55579261,"[{""type"": ""subgrade_condition"", ""label"": ""subgrade_hardened"", ""start_m"": 184.8, ""count"": 12, ""side"": ""left"", ""directions"": ""vertical"", ""stiffness_factor_eta_k"": 1.0599, ""damping_factor_eta_c"": 1.0}, {""type"": ""sleeper_void"", ""label"": ""sleeper_void"", ""start_m"": 184.8, ""count"": 1, ""side"": ""both"", ""directions"": ""vertical"", ""delta_gap_mm"": 0.681}]"
v2n126_seed55579261_v250_baseline,55579261,250,val,baseline,v2_seed55579261,[]
v2n126_seed55579261_v250_sleeper_void,55579261,250,val,sleeper_void,v2_seed55579261,"[{""type"": ""sleeper_void"", ""label"": ""sleeper_void"", ""start_m"": 190.2, ""count"": 1, ""side"": ""right"", ""directions"": ""vertical"", ""delta_gap_mm"": 1.943}]"
v2n126_seed55579261_v250_coupled_ballast_subgrade_separate,55579261,250,val,coupled_ballast_subgrade_separate,v2_seed55579261,"[{""type"": ""ballast_condition"", ""label"": ""ballast_softened"", ""start_m"": 209.4, ""count"": 8, ""side"": ""right"", ""directions"": ""vertical"", ""stiffness_factor_eta_k"": 0.9445, ""damping_factor_eta_c"": 1.0}, {""type"": ""subgrade_condition"", ""label"": ""subgrade_softened"", ""start_m"": 269.4, ""count"": 80, ""side"": ""left"", ""directions"": ""vertical"", ""stiffness_factor_eta_k"": 0.1605, ""damping_factor_eta_c"": 1.0}]"
v2n127_seed65344226_v215_baseline,65344226,215,train,baseline,v2_seed65344226,[]
v2n127_seed65344226_v215_fastener,65344226,215,train,fastener,v2_seed65344226,"[{""type"": ""fastener_failure"", ""label"": ""fastener_eta"", ""start_m"": 151.8, ""count"": 1, ""side"": ""left"", ""directions"": ""both"", ""stiffness_factor_eta_k"": 0.85, ""damping_factor_eta_c"": 1.0}]"
v2n127_seed65344226_v215_sleeper_void,65344226,215,train,sleeper_void,v2_seed65344226,"[{""type"": ""sleeper_void"", ""label"": ""sleeper_void"", ""start_m"": 294.0, ""count"": 2, ""side"": ""both"", ""directions"": ""vertical"", ""delta_gap_mm"": 2.213}]"
v2n127_seed65344226_v215_ballast,65344226,215,train,ballast,v2_seed65344226,"[{""type"": ""ballast_condition"", ""label"": ""ballast_softened"", ""start_m"": 231.0, ""count"": 8, ""side"": ""right"", ""directions"": ""vertical"", ""stiffness_factor_eta_k"": 0.8401, ""damping_factor_eta_c"": 1.0}]"
v2n127_seed65344226_v215_subgrade,65344226,215,train,subgrade,v2_seed65344226,"[{""type"": ""subgrade_condition"", ""label"": ""subgrade_hardened"", ""start_m"": 205.2, ""count"": 12, ""side"": ""left"", ""directions"": ""vertical"", ""stiffness_factor_eta_k"": 1.1684, ""damping_factor_eta_c"": 1.0}]"
v2n127_seed65344226_v215_coupled_fastener_ballast_overlap,65344226,215,train,coupled_fastener_ballast_overlap,v2_seed65344226,"[{""type"": ""fastener_failure"", ""label"": ""fastener_eta"", ""start_m"": 210.6, ""count"": 5, ""side"": ""left"", ""directions"": ""both"", ""stiffness_factor_eta_k"": 1.05, ""damping_factor_eta_c"": 1.0}, {""type"": ""ballast_condition"", ""label"": ""ballast_softened"", ""start_m"": 210.6, ""count"": 3, ""side"": ""left"", ""directions"": ""vertical"", ""stiffness_factor_eta_k"": 0.4504, ""damping_factor_eta_c"": 1.0}]"
v2n127_seed65344226_v215_coupled_fastener_sleeper_void_partial_overlap,65344226,215,train,coupled_fastener_sleeper_void_partial_overlap,v2_seed65344226,"[{""type"": ""fastener_failure"", ""label"": ""fastener_eta"", ""start_m"": 216.6, ""count"": 8, ""side"": ""right"", ""directions"": ""both"", ""stiffness_factor_eta_k"": 1.1, ""damping_factor_eta_c"": 1.0}, {""type"": ""sleeper_void"", ""label"": ""sleeper_void"", ""start_m"": 217.2, ""count"": 2, ""side"": ""left"", ""directions"": ""vertical"", ""delta_gap_mm"": 1.488}]"
v2n127_seed65344226_v250_baseline,65344226,250,train,baseline,v2_seed65344226,[]
v2n127_seed65344226_v250_ballast,65344226,250,train,ballast,v2_seed65344226,"[{""type"": ""ballast_condition"", ""label"": ""ballast_softened"", ""start_m"": 231.0, ""count"": 8, ""side"": ""right"", ""directions"": ""vertical"", ""stiffness_factor_eta_k"": 0.8401, ""damping_factor_eta_c"": 1.0}]"
v2n127_seed65344226_v250_coupled_fastener_ballast_overlap,65344226,250,train,coupled_fastener_ballast_overlap,v2_seed65344226,"[{""type"": ""fastener_failure"", ""label"": ""fastener_eta"", ""start_m"": 210.6, ""count"": 5, ""side"": ""left"", ""directions"": ""both"", ""stiffness_factor_eta_k"": 1.05, ""damping_factor_eta_c"": 1.0}, {""type"": ""ballast_condition"", ""label"": ""ballast_softened"", ""start_m"": 210.6, ""count"": 3, ""side"": ""left"", ""directions"": ""vertical"", ""stiffness_factor_eta_k"": 0.4504, ""damping_factor_eta_c"": 1.0}]"
v2n128_seed48237523_v250_baseline,48237523,250,train,baseline,v2_seed48237523,[]
v2n128_seed48237523_v250_fastener,48237523,250,train,fastener,v2_seed48237523,"[{""type"": ""fastener_failure"", ""label"": ""fastener_eta"", ""start_m"": 154.2, ""count"": 2, ""side"": ""right"", ""directions"": ""both"", ""stiffness_factor_eta_k"": 0.9, ""damping_factor_eta_c"": 1.0}]"
v2n128_seed48237523_v250_sleeper_void,48237523,250,train,sleeper_void,v2_seed48237523,"[{""type"": ""sleeper_void"", ""label"": ""sleeper_void"", ""start_m"": 261.6, ""count"": 3, ""side"": ""left"", ""directions"": ""vertical"", ""delta_gap_mm"": 0.179}]"
v2n128_seed48237523_v250_ballast,48237523,250,train,ballast,v2_seed48237523,"[{""type"": ""ballast_condition"", ""label"": ""ballast_hardened"", ""start_m"": 216.0, ""count"": 12, ""side"": ""both"", ""directions"": ""vertical"", ""stiffness_factor_eta_k"": 1.2494, ""damping_factor_eta_c"": 1.0}]"
v2n128_seed48237523_v250_subgrade,48237523,250,train,subgrade,v2_seed48237523,"[{""type"": ""subgrade_condition"", ""label"": ""subgrade_hardened"", ""start_m"": 212.4, ""count"": 20, ""side"": ""right"", ""directions"": ""vertical"", ""stiffness_factor_eta_k"": 2.2909, ""damping_factor_eta_c"": 1.0}]"
v2n128_seed48237523_v250_coupled_fastener_subgrade_partial_overlap,48237523,250,train,coupled_fastener_subgrade_partial_overlap,v2_seed48237523,"[{""type"": ""fastener_failure"", ""label"": ""fastener_eta"", ""start_m"": 222.6, ""count"": 8, ""side"": ""right"", ""directions"": ""both"", ""stiffness_factor_eta_k"": 1.1, ""damping_factor_eta_c"": 1.0}, {""type"": ""subgrade_condition"", ""label"": ""subgrade_softened"", ""start_m"": 223.8, ""count"": 5, ""side"": ""both"", ""directions"": ""vertical"", ""stiffness_factor_eta_k"": 0.7286, ""damping_factor_eta_c"": 1.0}]"
v2n128_seed48237523_v250_coupled_ballast_sleeper_void_separate,48237523,250,train,coupled_ballast_sleeper_void_separate,v2_seed48237523,"[{""type"": ""ballast_condition"", ""label"": ""ballast_hardened"", ""start_m"": 234.6, ""count"": 40, ""side"": ""right"", ""directions"": ""vertical"", ""stiffness_factor_eta_k"": 4.2763, ""damping_factor_eta_c"": 1.0}, {""type"": ""sleeper_void"", ""label"": ""sleeper_void"", ""start_m"": 270.6, ""count"": 3, ""side"": ""right"", ""directions"": ""vertical"", ""delta_gap_mm"": 3.495}]"
v2n128_seed48237523_v200_baseline,48237523,200,train,baseline,v2_seed48237523,[]
v2n128_seed48237523_v200_subgrade,48237523,200,train,subgrade,v2_seed48237523,"[{""type"": ""subgrade_condition"", ""label"": ""subgrade_hardened"", ""start_m"": 212.4, ""count"": 20, ""side"": ""right"", ""directions"": ""vertical"", ""stiffness_factor_eta_k"": 2.2909, ""damping_factor_eta_c"": 1.0}]"
v2n128_seed48237523_v200_coupled_fastener_subgrade_partial_overlap,48237523,200,train,coupled_fastener_subgrade_partial_overlap,v2_seed48237523,"[{""type"": ""fastener_failure"", ""label"": ""fastener_eta"", ""start_m"": 222.6, ""count"": 8, ""side"": ""right"", ""directions"": ""both"", ""stiffness_factor_eta_k"": 1.1, ""damping_factor_eta_c"": 1.0}, {""type"": ""subgrade_condition"", ""label"": ""subgrade_softened"", ""start_m"": 223.8, ""count"": 5, ""side"": ""both"", ""directions"": ""vertical"", ""stiffness_factor_eta_k"": 0.7286, ""damping_factor_eta_c"": 1.0}]"
v2n129_seed33382335_v160_baseline,33382335,160,train,baseline,v2_seed33382335,[]
v2n129_seed33382335_v160_fastener,33382335,160,train,fastener,v2_seed33382335,"[{""type"": ""fastener_failure"", ""label"": ""fastener_eta"", ""start_m"": 268.8, ""count"": 3, ""side"": ""both"", ""directions"": ""both"", ""stiffness_factor_eta_k"": 0.95, ""damping_factor_eta_c"": 1.0}]"
v2n129_seed33382335_v160_sleeper_void,33382335,160,train,sleeper_void,v2_seed33382335,"[{""type"": ""sleeper_void"", ""label"": ""sleeper_void"", ""start_m"": 152.4, ""count"": 5, ""side"": ""right"", ""directions"": ""vertical"", ""delta_gap_mm"": 0.651}]"
v2n129_seed33382335_v160_ballast,33382335,160,train,ballast,v2_seed33382335,"[{""type"": ""ballast_condition"", ""label"": ""ballast_hardened"", ""start_m"": 232.8, ""count"": 20, ""side"": ""left"", ""directions"": ""vertical"", ""stiffness_factor_eta_k"": 1.578, ""damping_factor_eta_c"": 1.0}]"
v2n129_seed33382335_v160_subgrade,33382335,160,train,subgrade,v2_seed33382335,"[{""type"": ""subgrade_condition"", ""label"": ""subgrade_hardened"", ""start_m"": 271.8, ""count"": 40, ""side"": ""both"", ""directions"": ""vertical"", ""stiffness_factor_eta_k"": 6.899, ""damping_factor_eta_c"": 1.0}]"
v2n129_seed33382335_v160_coupled_ballast_subgrade_separate,33382335,160,train,coupled_ballast_subgrade_separate,v2_seed33382335,"[{""type"": ""ballast_condition"", ""label"": ""ballast_hardened"", ""start_m"": 193.2, ""count"": 40, ""side"": ""right"", ""directions"": ""vertical"", ""stiffness_factor_eta_k"": 4.4817, ""damping_factor_eta_c"": 1.0}, {""type"": ""subgrade_condition"", ""label"": ""subgrade_hardened"", ""start_m"": 229.2, ""count"": 8, ""side"": ""left"", ""directions"": ""vertical"", ""stiffness_factor_eta_k"": 1.2369, ""damping_factor_eta_c"": 1.0}]"
v2n129_seed33382335_v160_coupled_subgrade_sleeper_void_overlap,33382335,160,train,coupled_subgrade_sleeper_void_overlap,v2_seed33382335,"[{""type"": ""subgrade_condition"", ""label"": ""subgrade_softened"", ""start_m"": 181.2, ""count"": 80, ""side"": ""left"", ""directions"": ""vertical"", ""stiffness_factor_eta_k"": 0.231, ""damping_factor_eta_c"": 1.0}, {""type"": ""sleeper_void"", ""label"": ""sleeper_void"", ""start_m"": 181.2, ""count"": 5, ""side"": ""both"", ""directions"": ""vertical"", ""delta_gap_mm"": 0.237}]"
v2n129_seed33382335_v200_baseline,33382335,200,train,baseline,v2_seed33382335,[]
v2n129_seed33382335_v200_fastener,33382335,200,train,fastener,v2_seed33382335,"[{""type"": ""fastener_failure"", ""label"": ""fastener_eta"", ""start_m"": 268.8, ""count"": 3, ""side"": ""both"", ""directions"": ""both"", ""stiffness_factor_eta_k"": 0.95, ""damping_factor_eta_c"": 1.0}]"
v2n129_seed33382335_v200_coupled_ballast_subgrade_separate,33382335,200,train,coupled_ballast_subgrade_separate,v2_seed33382335,"[{""type"": ""ballast_condition"", ""label"": ""ballast_hardened"", ""start_m"": 193.2, ""count"": 40, ""side"": ""right"", ""directions"": ""vertical"", ""stiffness_factor_eta_k"": 4.4817, ""damping_factor_eta_c"": 1.0}, {""type"": ""subgrade_condition"", ""label"": ""subgrade_hardened"", ""start_m"": 229.2, ""count"": 8, ""side"": ""left"", ""directions"": ""vertical"", ""stiffness_factor_eta_k"": 1.2369, ""damping_factor_eta_c"": 1.0}]"
v2n130_seed15453818_v200_baseline,15453818,200,train,baseline,v2_seed15453818,[]
v2n130_seed15453818_v200_fastener,15453818,200,train,fastener,v2_seed15453818,"[{""type"": ""fastener_failure"", ""label"": ""fastener_eta"", ""start_m"": 251.4, ""count"": 5, ""side"": ""left"", ""directions"": ""both"", ""stiffness_factor_eta_k"": 1.05, ""damping_factor_eta_c"": 1.0}]"
v2n130_seed15453818_v200_sleeper_void,15453818,200,train,sleeper_void,v2_seed15453818,"[{""type"": ""sleeper_void"", ""label"": ""sleeper_void"", ""start_m"": 169.8, ""count"": 8, ""side"": ""both"", ""directions"": ""vertical"", ""delta_gap_mm"": 1.715}]"
v2n130_seed15453818_v200_ballast,15453818,200,train,ballast,v2_seed15453818,"[{""type"": ""ballast_condition"", ""label"": ""ballast_hardened"", ""start_m"": 289.8, ""count"": 40, ""side"": ""right"", ""directions"": ""vertical"", ""stiffness_factor_eta_k"": 6.678, ""damping_factor_eta_c"": 1.0}]"
v2n130_seed15453818_v200_subgrade,15453818,200,train,subgrade,v2_seed15453818,"[{""type"": ""subgrade_condition"", ""label"": ""subgrade_softened"", ""start_m"": 222.6, ""count"": 80, ""side"": ""left"", ""directions"": ""vertical"", ""stiffness_factor_eta_k"": 0.2939, ""damping_factor_eta_c"": 1.0}]"
v2n130_seed15453818_v200_coupled_fastener_ballast_overlap,15453818,200,train,coupled_fastener_ballast_overlap,v2_seed15453818,"[{""type"": ""fastener_failure"", ""label"": ""fastener_eta"", ""start_m"": 207.6, ""count"": 20, ""side"": ""left"", ""directions"": ""both"", ""stiffness_factor_eta_k"": 0.0, ""damping_factor_eta_c"": 1.0}, {""type"": ""ballast_condition"", ""label"": ""ballast_hardened"", ""start_m"": 207.6, ""count"": 12, ""side"": ""left"", ""directions"": ""vertical"", ""stiffness_factor_eta_k"": 2.9866, ""damping_factor_eta_c"": 1.0}]"
v2n130_seed15453818_v200_coupled_fastener_sleeper_void_partial_overlap,15453818,200,train,coupled_fastener_sleeper_void_partial_overlap,v2_seed15453818,"[{""type"": ""fastener_failure"", ""label"": ""fastener_eta"", ""start_m"": 230.4, ""count"": 1, ""side"": ""right"", ""directions"": ""both"", ""stiffness_factor_eta_k"": 0.1, ""damping_factor_eta_c"": 1.0}, {""type"": ""sleeper_void"", ""label"": ""sleeper_void"", ""start_m"": 231.0, ""count"": 8, ""side"": ""left"", ""directions"": ""vertical"", ""delta_gap_mm"": 0.641}]"
v2n130_seed15453818_v250_baseline,15453818,250,train,baseline,v2_seed15453818,[]
v2n130_seed15453818_v250_sleeper_void,15453818,250,train,sleeper_void,v2_seed15453818,"[{""type"": ""sleeper_void"", ""label"": ""sleeper_void"", ""start_m"": 169.8, ""count"": 8, ""side"": ""both"", ""directions"": ""vertical"", ""delta_gap_mm"": 1.715}]"
v2n130_seed15453818_v250_coupled_fastener_ballast_overlap,15453818,250,train,coupled_fastener_ballast_overlap,v2_seed15453818,"[{""type"": ""fastener_failure"", ""label"": ""fastener_eta"", ""start_m"": 207.6, ""count"": 20, ""side"": ""left"", ""directions"": ""both"", ""stiffness_factor_eta_k"": 0.0, ""damping_factor_eta_c"": 1.0}, {""type"": ""ballast_condition"", ""label"": ""ballast_hardened"", ""start_m"": 207.6, ""count"": 12, ""side"": ""left"", ""directions"": ""vertical"", ""stiffness_factor_eta_k"": 2.9866, ""damping_factor_eta_c"": 1.0}]"
v2n131_seed22950754_v215_baseline,22950754,215,train,baseline,v2_seed22950754,[]
v2n131_seed22950754_v215_fastener,22950754,215,train,fastener,v2_seed22950754,"[{""type"": ""fastener_failure"", ""label"": ""fastener_eta"", ""start_m"": 239.4, ""count"": 8, ""side"": ""right"", ""directions"": ""both"", ""stiffness_factor_eta_k"": 1.1, ""damping_factor_eta_c"": 1.0}]"
v2n131_seed22950754_v215_sleeper_void,22950754,215,train,sleeper_void,v2_seed22950754,"[{""type"": ""sleeper_void"", ""label"": ""sleeper_void"", ""start_m"": 162.6, ""count"": 12, ""side"": ""left"", ""directions"": ""vertical"", ""delta_gap_mm"": 2.254}]"
v2n131_seed22950754_v215_ballast,22950754,215,train,ballast,v2_seed22950754,"[{""type"": ""ballast_condition"", ""label"": ""ballast_softened"", ""start_m"": 189.6, ""count"": 80, ""side"": ""both"", ""directions"": ""vertical"", ""stiffness_factor_eta_k"": 0.1975, ""damping_factor_eta_c"": 1.0}]"
v2n131_seed22950754_v215_subgrade,22950754,215,train,subgrade,v2_seed22950754,"[{""type"": ""subgrade_condition"", ""label"": ""subgrade_softened"", ""start_m"": 249.0, ""count"": 3, ""side"": ""right"", ""directions"": ""vertical"", ""stiffness_factor_eta_k"": 0.6097, ""damping_factor_eta_c"": 1.0}]"
v2n131_seed22950754_v215_coupled_fastener_subgrade_partial_overlap,22950754,215,train,coupled_fastener_subgrade_partial_overlap,v2_seed22950754,"[{""type"": ""fastener_failure"", ""label"": ""fastener_eta"", ""start_m"": 201.0, ""count"": 1, ""side"": ""right"", ""directions"": ""both"", ""stiffness_factor_eta_k"": 0.1, ""damping_factor_eta_c"": 1.0}, {""type"": ""subgrade_condition"", ""label"": ""subgrade_hardened"", ""start_m"": 201.6, ""count"": 20, ""side"": ""both"", ""directions"": ""vertical"", ""stiffness_factor_eta_k"": 4.448, ""damping_factor_eta_c"": 1.0}]"
v2n131_seed22950754_v215_coupled_ballast_sleeper_void_separate,22950754,215,train,coupled_ballast_sleeper_void_separate,v2_seed22950754,"[{""type"": ""ballast_condition"", ""label"": ""ballast_softened"", ""start_m"": 208.8, ""count"": 5, ""side"": ""right"", ""directions"": ""vertical"", ""stiffness_factor_eta_k"": 0.7427, ""damping_factor_eta_c"": 1.0}, {""type"": ""sleeper_void"", ""label"": ""sleeper_void"", ""start_m"": 228.0, ""count"": 12, ""side"": ""right"", ""directions"": ""vertical"", ""delta_gap_mm"": 1.805}]"
v2n131_seed22950754_v250_baseline,22950754,250,train,baseline,v2_seed22950754,[]
v2n131_seed22950754_v250_ballast,22950754,250,train,ballast,v2_seed22950754,"[{""type"": ""ballast_condition"", ""label"": ""ballast_softened"", ""start_m"": 189.6, ""count"": 80, ""side"": ""both"", ""directions"": ""vertical"", ""stiffness_factor_eta_k"": 0.1975, ""damping_factor_eta_c"": 1.0}]"
v2n131_seed22950754_v250_coupled_fastener_subgrade_partial_overlap,22950754,250,train,coupled_fastener_subgrade_partial_overlap,v2_seed22950754,"[{""type"": ""fastener_failure"", ""label"": ""fastener_eta"", ""start_m"": 201.0, ""count"": 1, ""side"": ""right"", ""directions"": ""both"", ""stiffness_factor_eta_k"": 0.1, ""damping_factor_eta_c"": 1.0}, {""type"": ""subgrade_condition"", ""label"": ""subgrade_hardened"", ""start_m"": 201.6, ""count"": 20, ""side"": ""both"", ""directions"": ""vertical"", ""stiffness_factor_eta_k"": 4.448, ""damping_factor_eta_c"": 1.0}]"
v2n132_seed22213805_v250_baseline,22213805,250,train,baseline,v2_seed22213805,[]
v2n132_seed22213805_v250_fastener,22213805,250,train,fastener,v2_seed22213805,"[{""type"": ""fastener_failure"", ""label"": ""fastener_eta"", ""start_m"": 270.0, ""count"": 12, ""side"": ""both"", ""directions"": ""both"", ""stiffness_factor_eta_k"": 1.25, ""damping_factor_eta_c"": 1.0}]"
v2n132_seed22213805_v250_sleeper_void,22213805,250,train,sleeper_void,v2_seed22213805,"[{""type"": ""sleeper_void"", ""label"": ""sleeper_void"", ""start_m"": 210.0, ""count"": 20, ""side"": ""right"", ""directions"": ""vertical"", ""delta_gap_mm"": 0.463}]"
v2n132_seed22213805_v250_ballast,22213805,250,train,ballast,v2_seed22213805,"[{""type"": ""ballast_condition"", ""label"": ""ballast_softened"", ""start_m"": 273.6, ""count"": 3, ""side"": ""left"", ""directions"": ""vertical"", ""stiffness_factor_eta_k"": 0.6582, ""damping_factor_eta_c"": 1.0}]"
v2n132_seed22213805_v250_subgrade,22213805,250,train,subgrade,v2_seed22213805,"[{""type"": ""subgrade_condition"", ""label"": ""subgrade_softened"", ""start_m"": 238.2, ""count"": 5, ""side"": ""both"", ""directions"": ""vertical"", ""stiffness_factor_eta_k"": 0.7263, ""damping_factor_eta_c"": 1.0}]"
v2n132_seed22213805_v250_coupled_ballast_subgrade_separate,22213805,250,train,coupled_ballast_subgrade_separate,v2_seed22213805,"[{""type"": ""ballast_condition"", ""label"": ""ballast_softened"", ""start_m"": 222.0, ""count"": 5, ""side"": ""right"", ""directions"": ""vertical"", ""stiffness_factor_eta_k"": 0.8571, ""damping_factor_eta_c"": 1.0}, {""type"": ""subgrade_condition"", ""label"": ""subgrade_softened"", ""start_m"": 258.0, ""count"": 40, ""side"": ""left"", ""directions"": ""vertical"", ""stiffness_factor_eta_k"": 0.2662, ""damping_factor_eta_c"": 1.0}]"
v2n132_seed22213805_v250_coupled_subgrade_sleeper_void_overlap,22213805,250,train,coupled_subgrade_sleeper_void_overlap,v2_seed22213805,"[{""type"": ""subgrade_condition"", ""label"": ""subgrade_hardened"", ""start_m"": 189.0, ""count"": 8, ""side"": ""left"", ""directions"": ""vertical"", ""stiffness_factor_eta_k"": 1.28, ""damping_factor_eta_c"": 1.0}, {""type"": ""sleeper_void"", ""label"": ""sleeper_void"", ""start_m"": 189.0, ""count"": 20, ""side"": ""both"", ""directions"": ""vertical"", ""delta_gap_mm"": 2.035}]"
v2n132_seed22213805_v200_baseline,22213805,200,train,baseline,v2_seed22213805,[]
v2n132_seed22213805_v200_subgrade,22213805,200,train,subgrade,v2_seed22213805,"[{""type"": ""subgrade_condition"", ""label"": ""subgrade_softened"", ""start_m"": 238.2, ""count"": 5, ""side"": ""both"", ""directions"": ""vertical"", ""stiffness_factor_eta_k"": 0.7263, ""damping_factor_eta_c"": 1.0}]"
v2n132_seed22213805_v200_coupled_ballast_subgrade_separate,22213805,200,train,coupled_ballast_subgrade_separate,v2_seed22213805,"[{""type"": ""ballast_condition"", ""label"": ""ballast_softened"", ""start_m"": 222.0, ""count"": 5, ""side"": ""right"", ""directions"": ""vertical"", ""stiffness_factor_eta_k"": 0.8571, ""damping_factor_eta_c"": 1.0}, {""type"": ""subgrade_condition"", ""label"": ""subgrade_softened"", ""start_m"": 258.0, ""count"": 40, ""side"": ""left"", ""directions"": ""vertical"", ""stiffness_factor_eta_k"": 0.2662, ""damping_factor_eta_c"": 1.0}]"
v2n133_seed49991457_v160_baseline,49991457,160,train,baseline,v2_seed49991457,[]
v2n133_seed49991457_v160_fastener,49991457,160,train,fastener,v2_seed49991457,"[{""type"": ""fastener_failure"", ""label"": ""fastener_eta"", ""start_m"": 247.2, ""count"": 20, ""side"": ""left"", ""directions"": ""both"", ""stiffness_factor_eta_k"": 0.0, ""damping_factor_eta_c"": 1.0}]"
v2n133_seed49991457_v160_sleeper_void,49991457,160,train,sleeper_void,v2_seed49991457,"[{""type"": ""sleeper_void"", ""label"": ""sleeper_void"", ""start_m"": 200.4, ""count"": 1, ""side"": ""both"", ""directions"": ""vertical"", ""delta_gap_mm"": 0.728}]"
v2n133_seed49991457_v160_ballast,49991457,160,train,ballast,v2_seed49991457,"[{""type"": ""ballast_condition"", ""label"": ""ballast_softened"", ""start_m"": 223.8, ""count"": 5, ""side"": ""right"", ""directions"": ""vertical"", ""stiffness_factor_eta_k"": 0.8491, ""damping_factor_eta_c"": 1.0}]"
v2n133_seed49991457_v160_subgrade,49991457,160,train,subgrade,v2_seed49991457,"[{""type"": ""subgrade_condition"", ""label"": ""subgrade_hardened"", ""start_m"": 251.4, ""count"": 8, ""side"": ""left"", ""directions"": ""vertical"", ""stiffness_factor_eta_k"": 1.2873, ""damping_factor_eta_c"": 1.0}]"
v2n133_seed49991457_v160_coupled_fastener_ballast_overlap,49991457,160,train,coupled_fastener_ballast_overlap,v2_seed49991457,"[{""type"": ""fastener_failure"", ""label"": ""fastener_eta"", ""start_m"": 187.8, ""count"": 3, ""side"": ""left"", ""directions"": ""both"", ""stiffness_factor_eta_k"": 0.5, ""damping_factor_eta_c"": 1.0}, {""type"": ""ballast_condition"", ""label"": ""ballast_softened"", ""start_m"": 187.8, ""count"": 80, ""side"": ""left"", ""directions"": ""vertical"", ""stiffness_factor_eta_k"": 0.3859, ""damping_factor_eta_c"": 1.0}]"
v2n133_seed49991457_v160_coupled_fastener_sleeper_void_partial_overlap,49991457,160,train,coupled_fastener_sleeper_void_partial_overlap,v2_seed49991457,"[{""type"": ""fastener_failure"", ""label"": ""fastener_eta"", ""start_m"": 211.8, ""count"": 5, ""side"": ""right"", ""directions"": ""both"", ""stiffness_factor_eta_k"": 0.75, ""damping_factor_eta_c"": 1.0}, {""type"": ""sleeper_void"", ""label"": ""sleeper_void"", ""start_m"": 212.4, ""count"": 1, ""side"": ""left"", ""directions"": ""vertical"", ""delta_gap_mm"": 0.488}]"
v2n133_seed49991457_v200_baseline,49991457,200,train,baseline,v2_seed49991457,[]
v2n133_seed49991457_v200_fastener,49991457,200,train,fastener,v2_seed49991457,"[{""type"": ""fastener_failure"", ""label"": ""fastener_eta"", ""start_m"": 247.2, ""count"": 20, ""side"": ""left"", ""directions"": ""both"", ""stiffness_factor_eta_k"": 0.0, ""damping_factor_eta_c"": 1.0}]"
v2n133_seed49991457_v200_coupled_fastener_ballast_overlap,49991457,200,train,coupled_fastener_ballast_overlap,v2_seed49991457,"[{""type"": ""fastener_failure"", ""label"": ""fastener_eta"", ""start_m"": 187.8, ""count"": 3, ""side"": ""left"", ""directions"": ""both"", ""stiffness_factor_eta_k"": 0.5, ""damping_factor_eta_c"": 1.0}, {""type"": ""ballast_condition"", ""label"": ""ballast_softened"", ""start_m"": 187.8, ""count"": 80, ""side"": ""left"", ""directions"": ""vertical"", ""stiffness_factor_eta_k"": 0.3859, ""damping_factor_eta_c"": 1.0}]"
v2n134_seed12816440_v200_baseline,12816440,200,train,baseline,v2_seed12816440,[]
v2n134_seed12816440_v200_fastener,12816440,200,train,fastener,v2_seed12816440,"[{""type"": ""fastener_failure"", ""label"": ""fastener_eta"", ""start_m"": 187.2, ""count"": 1, ""side"": ""right"", ""directions"": ""both"", ""stiffness_factor_eta_k"": 0.1, ""damping_factor_eta_c"": 1.0}]"
v2n134_seed12816440_v200_sleeper_void,12816440,200,train,sleeper_void,v2_seed12816440,"[{""type"": ""sleeper_void"", ""label"": ""sleeper_void"", ""start_m"": 280.8, ""count"": 2, ""side"": ""left"", ""directions"": ""vertical"", ""delta_gap_mm"": 1.343}]"
v2n134_seed12816440_v200_ballast,12816440,200,train,ballast,v2_seed12816440,"[{""type"": ""ballast_condition"", ""label"": ""ballast_hardened"", ""start_m"": 288.6, ""count"": 8, ""side"": ""both"", ""directions"": ""vertical"", ""stiffness_factor_eta_k"": 1.2609, ""damping_factor_eta_c"": 1.0}]"
v2n134_seed12816440_v200_subgrade,12816440,200,train,subgrade,v2_seed12816440,"[{""type"": ""subgrade_condition"", ""label"": ""subgrade_hardened"", ""start_m"": 181.8, ""count"": 12, ""side"": ""right"", ""directions"": ""vertical"", ""stiffness_factor_eta_k"": 2.2505, ""damping_factor_eta_c"": 1.0}]"
v2n134_seed12816440_v200_coupled_fastener_subgrade_partial_overlap,12816440,200,train,coupled_fastener_subgrade_partial_overlap,v2_seed12816440,"[{""type"": ""fastener_failure"", ""label"": ""fastener_eta"", ""start_m"": 195.0, ""count"": 5, ""side"": ""right"", ""directions"": ""both"", ""stiffness_factor_eta_k"": 0.75, ""damping_factor_eta_c"": 1.0}, {""type"": ""subgrade_condition"", ""label"": ""subgrade_softened"", ""start_m"": 195.6, ""count"": 3, ""side"": ""both"", ""directions"": ""vertical"", ""stiffness_factor_eta_k"": 0.871, ""damping_factor_eta_c"": 1.0}]"
v2n134_seed12816440_v200_coupled_ballast_sleeper_void_separate,12816440,200,train,coupled_ballast_sleeper_void_separate,v2_seed12816440,"[{""type"": ""ballast_condition"", ""label"": ""ballast_hardened"", ""start_m"": 214.8, ""count"": 20, ""side"": ""right"", ""directions"": ""vertical"", ""stiffness_factor_eta_k"": 4.0565, ""damping_factor_eta_c"": 1.0}, {""type"": ""sleeper_void"", ""label"": ""sleeper_void"", ""start_m"": 238.8, ""count"": 2, ""side"": ""right"", ""directions"": ""vertical"", ""delta_gap_mm"": 0.619}]"
v2n134_seed12816440_v250_baseline,12816440,250,train,baseline,v2_seed12816440,[]
v2n134_seed12816440_v250_sleeper_void,12816440,250,train,sleeper_void,v2_seed12816440,"[{""type"": ""sleeper_void"", ""label"": ""sleeper_void"", ""start_m"": 280.8, ""count"": 2, ""side"": ""left"", ""directions"": ""vertical"", ""delta_gap_mm"": 1.343}]"
v2n134_seed12816440_v250_coupled_fastener_subgrade_partial_overlap,12816440,250,train,coupled_fastener_subgrade_partial_overlap,v2_seed12816440,"[{""type"": ""fastener_failure"", ""label"": ""fastener_eta"", ""start_m"": 195.0, ""count"": 5, ""side"": ""right"", ""directions"": ""both"", ""stiffness_factor_eta_k"": 0.75, ""damping_factor_eta_c"": 1.0}, {""type"": ""subgrade_condition"", ""label"": ""subgrade_softened"", ""start_m"": 195.6, ""count"": 3, ""side"": ""both"", ""directions"": ""vertical"", ""stiffness_factor_eta_k"": 0.871, ""damping_factor_eta_c"": 1.0}]"
v2n135_seed88472392_v215_baseline,88472392,215,val,baseline,v2_seed88472392,[]
v2n135_seed88472392_v215_fastener,88472392,215,val,fastener,v2_seed88472392,"[{""type"": ""fastener_failure"", ""label"": ""fastener_eta"", ""start_m"": 256.8, ""count"": 2, ""side"": ""both"", ""directions"": ""both"", ""stiffness_factor_eta_k"": 0.25, ""damping_factor_eta_c"": 1.0}]"
v2n135_seed88472392_v215_sleeper_void,88472392,215,val,sleeper_void,v2_seed88472392,"[{""type"": ""sleeper_void"", ""label"": ""sleeper_void"", ""start_m"": 199.2, ""count"": 3, ""side"": ""right"", ""directions"": ""vertical"", ""delta_gap_mm"": 3.45}]"
v2n135_seed88472392_v215_ballast,88472392,215,val,ballast,v2_seed88472392,"[{""type"": ""ballast_condition"", ""label"": ""ballast_hardened"", ""start_m"": 244.8, ""count"": 12, ""side"": ""left"", ""directions"": ""vertical"", ""stiffness_factor_eta_k"": 2.5526, ""damping_factor_eta_c"": 1.0}]"
v2n135_seed88472392_v215_subgrade,88472392,215,val,subgrade,v2_seed88472392,"[{""type"": ""subgrade_condition"", ""label"": ""subgrade_hardened"", ""start_m"": 225.0, ""count"": 20, ""side"": ""both"", ""directions"": ""vertical"", ""stiffness_factor_eta_k"": 6.0269, ""damping_factor_eta_c"": 1.0}]"
v2n135_seed88472392_v215_coupled_ballast_subgrade_separate,88472392,215,val,coupled_ballast_subgrade_separate,v2_seed88472392,"[{""type"": ""ballast_condition"", ""label"": ""ballast_hardened"", ""start_m"": 211.2, ""count"": 20, ""side"": ""right"", ""directions"": ""vertical"", ""stiffness_factor_eta_k"": 3.1755, ""damping_factor_eta_c"": 1.0}, {""type"": ""subgrade_condition"", ""label"": ""subgrade_hardened"", ""start_m"": 235.2, ""count"": 5, ""side"": ""left"", ""directions"": ""vertical"", ""stiffness_factor_eta_k"": 1.255, ""damping_factor_eta_c"": 1.0}]"
v2n135_seed88472392_v215_coupled_subgrade_sleeper_void_overlap,88472392,215,val,coupled_subgrade_sleeper_void_overlap,v2_seed88472392,"[{""type"": ""subgrade_condition"", ""label"": ""subgrade_softened"", ""start_m"": 182.4, ""count"": 40, ""side"": ""left"", ""directions"": ""vertical"", ""stiffness_factor_eta_k"": 0.2912, ""damping_factor_eta_c"": 1.0}, {""type"": ""sleeper_void"", ""label"": ""sleeper_void"", ""start_m"": 182.4, ""count"": 3, ""side"": ""both"", ""directions"": ""vertical"", ""delta_gap_mm"": 1.725}]"
v2n135_seed88472392_v250_baseline,88472392,250,val,baseline,v2_seed88472392,[]
v2n135_seed88472392_v250_ballast,88472392,250,val,ballast,v2_seed88472392,"[{""type"": ""ballast_condition"", ""label"": ""ballast_hardened"", ""start_m"": 244.8, ""count"": 12, ""side"": ""left"", ""directions"": ""vertical"", ""stiffness_factor_eta_k"": 2.5526, ""damping_factor_eta_c"": 1.0}]"
v2n135_seed88472392_v250_coupled_ballast_subgrade_separate,88472392,250,val,coupled_ballast_subgrade_separate,v2_seed88472392,"[{""type"": ""ballast_condition"", ""label"": ""ballast_hardened"", ""start_m"": 211.2, ""count"": 20, ""side"": ""right"", ""directions"": ""vertical"", ""stiffness_factor_eta_k"": 3.1755, ""damping_factor_eta_c"": 1.0}, {""type"": ""subgrade_condition"", ""label"": ""subgrade_hardened"", ""start_m"": 235.2, ""count"": 5, ""side"": ""left"", ""directions"": ""vertical"", ""stiffness_factor_eta_k"": 1.255, ""damping_factor_eta_c"": 1.0}]"
v2n136_seed95333884_v250_baseline,95333884,250,test,baseline,v2_seed95333884,[]
v2n136_seed95333884_v250_fastener,95333884,250,test,fastener,v2_seed95333884,"[{""type"": ""fastener_failure"", ""label"": ""fastener_eta"", ""start_m"": 219.6, ""count"": 3, ""side"": ""left"", ""directions"": ""both"", ""stiffness_factor_eta_k"": 0.5, ""damping_factor_eta_c"": 1.0}]"
v2n136_seed95333884_v250_sleeper_void,95333884,250,test,sleeper_void,v2_seed95333884,"[{""type"": ""sleeper_void"", ""label"": ""sleeper_void"", ""start_m"": 160.8, ""count"": 5, ""side"": ""both"", ""directions"": ""vertical"", ""delta_gap_mm"": 0.372}]"
v2n136_seed95333884_v250_ballast,95333884,250,test,ballast,v2_seed95333884,"[{""type"": ""ballast_condition"", ""label"": ""ballast_hardened"", ""start_m"": 179.4, ""count"": 20, ""side"": ""right"", ""directions"": ""vertical"", ""stiffness_factor_eta_k"": 3.7331, ""damping_factor_eta_c"": 1.0}]"
v2n136_seed95333884_v250_subgrade,95333884,250,test,subgrade,v2_seed95333884,"[{""type"": ""subgrade_condition"", ""label"": ""subgrade_softened"", ""start_m"": 292.8, ""count"": 40, ""side"": ""left"", ""directions"": ""vertical"", ""stiffness_factor_eta_k"": 0.229, ""damping_factor_eta_c"": 1.0}]"
v2n136_seed95333884_v250_coupled_fastener_ballast_overlap,95333884,250,test,coupled_fastener_ballast_overlap,v2_seed95333884,"[{""type"": ""fastener_failure"", ""label"": ""fastener_eta"", ""start_m"": 226.2, ""count"": 12, ""side"": ""left"", ""directions"": ""both"", ""stiffness_factor_eta_k"": 0.9, ""damping_factor_eta_c"": 1.0}, {""type"": ""ballast_condition"", ""label"": ""ballast_hardened"", ""start_m"": 226.2, ""count"": 8, ""side"": ""left"", ""directions"": ""vertical"", ""stiffness_factor_eta_k"": 1.6911, ""damping_factor_eta_c"": 1.0}]"
v2n136_seed95333884_v250_coupled_fastener_sleeper_void_partial_overlap,95333884,250,test,coupled_fastener_sleeper_void_partial_overlap,v2_seed95333884,"[{""type"": ""fastener_failure"", ""label"": ""fastener_eta"", ""start_m"": 209.4, ""count"": 20, ""side"": ""right"", ""directions"": ""both"", ""stiffness_factor_eta_k"": 0.95, ""damping_factor_eta_c"": 1.0}, {""type"": ""sleeper_void"", ""label"": ""sleeper_void"", ""start_m"": 210.6, ""count"": 5, ""side"": ""left"", ""directions"": ""vertical"", ""delta_gap_mm"": 3.638}]"
v2n136_seed95333884_v200_baseline,95333884,200,test,baseline,v2_seed95333884,[]
v2n136_seed95333884_v200_subgrade,95333884,200,test,subgrade,v2_seed95333884,"[{""type"": ""subgrade_condition"", ""label"": ""subgrade_softened"", ""start_m"": 292.8, ""count"": 40, ""side"": ""left"", ""directions"": ""vertical"", ""stiffness_factor_eta_k"": 0.229, ""damping_factor_eta_c"": 1.0}]"
v2n136_seed95333884_v200_coupled_fastener_ballast_overlap,95333884,200,test,coupled_fastener_ballast_overlap,v2_seed95333884,"[{""type"": ""fastener_failure"", ""label"": ""fastener_eta"", ""start_m"": 226.2, ""count"": 12, ""side"": ""left"", ""directions"": ""both"", ""stiffness_factor_eta_k"": 0.9, ""damping_factor_eta_c"": 1.0}, {""type"": ""ballast_condition"", ""label"": ""ballast_hardened"", ""start_m"": 226.2, ""count"": 8, ""side"": ""left"", ""directions"": ""vertical"", ""stiffness_factor_eta_k"": 1.6911, ""damping_factor_eta_c"": 1.0}]"
v2n137_seed24064166_v160_baseline,24064166,160,train,baseline,v2_seed24064166,[]
v2n137_seed24064166_v160_fastener,24064166,160,train,fastener,v2_seed24064166,"[{""type"": ""fastener_failure"", ""label"": ""fastener_eta"", ""start_m"": 252.6, ""count"": 5, ""side"": ""right"", ""directions"": ""both"", ""stiffness_factor_eta_k"": 0.75, ""damping_factor_eta_c"": 1.0}]"
v2n137_seed24064166_v160_sleeper_void,24064166,160,train,sleeper_void,v2_seed24064166,"[{""type"": ""sleeper_void"", ""label"": ""sleeper_void"", ""start_m"": 244.2, ""count"": 8, ""side"": ""left"", ""directions"": ""vertical"", ""delta_gap_mm"": 0.586}]"
v2n137_seed24064166_v160_ballast,24064166,160,train,ballast,v2_seed24064166,"[{""type"": ""ballast_condition"", ""label"": ""ballast_softened"", ""start_m"": 180.0, ""count"": 40, ""side"": ""both"", ""directions"": ""vertical"", ""stiffness_factor_eta_k"": 0.1249, ""damping_factor_eta_c"": 1.0}]"
v2n137_seed24064166_v160_subgrade,24064166,160,train,subgrade,v2_seed24064166,"[{""type"": ""subgrade_condition"", ""label"": ""subgrade_softened"", ""start_m"": 237.0, ""count"": 80, ""side"": ""right"", ""directions"": ""vertical"", ""stiffness_factor_eta_k"": 0.363, ""damping_factor_eta_c"": 1.0}]"
v2n137_seed24064166_v160_coupled_fastener_subgrade_partial_overlap,24064166,160,train,coupled_fastener_subgrade_partial_overlap,v2_seed24064166,"[{""type"": ""fastener_failure"", ""label"": ""fastener_eta"", ""start_m"": 189.6, ""count"": 20, ""side"": ""right"", ""directions"": ""both"", ""stiffness_factor_eta_k"": 0.95, ""damping_factor_eta_c"": 1.0}, {""type"": ""subgrade_condition"", ""label"": ""subgrade_hardened"", ""start_m"": 193.2, ""count"": 12, ""side"": ""both"", ""directions"": ""vertical"", ""stiffness_factor_eta_k"": 5.6485, ""damping_factor_eta_c"": 1.0}]"
v2n137_seed24064166_v160_coupled_ballast_sleeper_void_separate,24064166,160,train,coupled_ballast_sleeper_void_separate,v2_seed24064166,"[{""type"": ""ballast_condition"", ""label"": ""ballast_softened"", ""start_m"": 204.0, ""count"": 3, ""side"": ""right"", ""directions"": ""vertical"", ""stiffness_factor_eta_k"": 0.8919, ""damping_factor_eta_c"": 1.0}, {""type"": ""sleeper_void"", ""label"": ""sleeper_void"", ""start_m"": 220.8, ""count"": 8, ""side"": ""right"", ""directions"": ""vertical"", ""delta_gap_mm"": 0.299}]"
v2n137_seed24064166_v200_baseline,24064166,200,train,baseline,v2_seed24064166,[]
v2n137_seed24064166_v200_fastener,24064166,200,train,fastener,v2_seed24064166,"[{""type"": ""fastener_failure"", ""label"": ""fastener_eta"", ""start_m"": 252.6, ""count"": 5, ""side"": ""right"", ""directions"": ""both"", ""stiffness_factor_eta_k"": 0.75, ""damping_factor_eta_c"": 1.0}]"
v2n137_seed24064166_v200_coupled_fastener_subgrade_partial_overlap,24064166,200,train,coupled_fastener_subgrade_partial_overlap,v2_seed24064166,"[{""type"": ""fastener_failure"", ""label"": ""fastener_eta"", ""start_m"": 189.6, ""count"": 20, ""side"": ""right"", ""directions"": ""both"", ""stiffness_factor_eta_k"": 0.95, ""damping_factor_eta_c"": 1.0}, {""type"": ""subgrade_condition"", ""label"": ""subgrade_hardened"", ""start_m"": 193.2, ""count"": 12, ""side"": ""both"", ""directions"": ""vertical"", ""stiffness_factor_eta_k"": 5.6485, ""damping_factor_eta_c"": 1.0}]"
v2n138_seed70807828_v200_baseline,70807828,200,train,baseline,v2_seed70807828,[]
v2n138_seed70807828_v200_fastener,70807828,200,train,fastener,v2_seed70807828,"[{""type"": ""fastener_failure"", ""label"": ""fastener_eta"", ""start_m"": 231.6, ""count"": 8, ""side"": ""both"", ""directions"": ""both"", ""stiffness_factor_eta_k"": 0.85, ""damping_factor_eta_c"": 1.0}]"
v2n138_seed70807828_v200_sleeper_void,70807828,200,train,sleeper_void,v2_seed70807828,"[{""type"": ""sleeper_void"", ""label"": ""sleeper_void"", ""start_m"": 213.6, ""count"": 12, ""side"": ""right"", ""directions"": ""vertical"", ""delta_gap_mm"": 1.004}]"
v2n138_seed70807828_v200_ballast,70807828,200,train,ballast,v2_seed70807828,"[{""type"": ""ballast_condition"", ""label"": ""ballast_softened"", ""start_m"": 160.2, ""count"": 80, ""side"": ""left"", ""directions"": ""vertical"", ""stiffness_factor_eta_k"": 0.5745, ""damping_factor_eta_c"": 1.0}]"
v2n138_seed70807828_v200_subgrade,70807828,200,train,subgrade,v2_seed70807828,"[{""type"": ""subgrade_condition"", ""label"": ""subgrade_softened"", ""start_m"": 204.0, ""count"": 3, ""side"": ""both"", ""directions"": ""vertical"", ""stiffness_factor_eta_k"": 0.9094, ""damping_factor_eta_c"": 1.0}]"
v2n138_seed70807828_v200_coupled_ballast_subgrade_separate,70807828,200,train,coupled_ballast_subgrade_separate,v2_seed70807828,"[{""type"": ""ballast_condition"", ""label"": ""ballast_softened"", ""start_m"": 206.4, ""count"": 3, ""side"": ""right"", ""directions"": ""vertical"", ""stiffness_factor_eta_k"": 0.8844, ""damping_factor_eta_c"": 1.0}, {""type"": ""subgrade_condition"", ""label"": ""subgrade_softened"", ""start_m"": 230.4, ""count"": 20, ""side"": ""left"", ""directions"": ""vertical"", ""stiffness_factor_eta_k"": 0.2503, ""damping_factor_eta_c"": 1.0}]"
v2n138_seed70807828_v200_coupled_subgrade_sleeper_void_overlap,70807828,200,train,coupled_subgrade_sleeper_void_overlap,v2_seed70807828,"[{""type"": ""subgrade_condition"", ""label"": ""subgrade_hardened"", ""start_m"": 238.2, ""count"": 5, ""side"": ""left"", ""directions"": ""vertical"", ""stiffness_factor_eta_k"": 1.1903, ""damping_factor_eta_c"": 1.0}, {""type"": ""sleeper_void"", ""label"": ""sleeper_void"", ""start_m"": 238.2, ""count"": 12, ""side"": ""both"", ""directions"": ""vertical"", ""delta_gap_mm"": 0.917}]"
v2n138_seed70807828_v250_baseline,70807828,250,train,baseline,v2_seed70807828,[]
v2n138_seed70807828_v250_sleeper_void,70807828,250,train,sleeper_void,v2_seed70807828,"[{""type"": ""sleeper_void"", ""label"": ""sleeper_void"", ""start_m"": 213.6, ""count"": 12, ""side"": ""right"", ""directions"": ""vertical"", ""delta_gap_mm"": 1.004}]"
v2n138_seed70807828_v250_coupled_ballast_subgrade_separate,70807828,250,train,coupled_ballast_subgrade_separate,v2_seed70807828,"[{""type"": ""ballast_condition"", ""label"": ""ballast_softened"", ""start_m"": 206.4, ""count"": 3, ""side"": ""right"", ""directions"": ""vertical"", ""stiffness_factor_eta_k"": 0.8844, ""damping_factor_eta_c"": 1.0}, {""type"": ""subgrade_condition"", ""label"": ""subgrade_softened"", ""start_m"": 230.4, ""count"": 20, ""side"": ""left"", ""directions"": ""vertical"", ""stiffness_factor_eta_k"": 0.2503, ""damping_factor_eta_c"": 1.0}]"
v2n139_seed66386220_v215_baseline,66386220,215,train,baseline,v2_seed66386220,[]
v2n139_seed66386220_v215_fastener,66386220,215,train,fastener,v2_seed66386220,"[{""type"": ""fastener_failure"", ""label"": ""fastener_eta"", ""start_m"": 293.4, ""count"": 12, ""side"": ""left"", ""directions"": ""both"", ""stiffness_factor_eta_k"": 0.9, ""damping_factor_eta_c"": 1.0}]"
v2n139_seed66386220_v215_sleeper_void,66386220,215,train,sleeper_void,v2_seed66386220,"[{""type"": ""sleeper_void"", ""label"": ""sleeper_void"", ""start_m"": 151.2, ""count"": 20, ""side"": ""both"", ""directions"": ""vertical"", ""delta_gap_mm"": 3.25}]"
v2n139_seed66386220_v215_ballast,66386220,215,train,ballast,v2_seed66386220,"[{""type"": ""ballast_condition"", ""label"": ""ballast_softened"", ""start_m"": 212.4, ""count"": 3, ""side"": ""right"", ""directions"": ""vertical"", ""stiffness_factor_eta_k"": 0.8613, ""damping_factor_eta_c"": 1.0}]"
v2n139_seed66386220_v215_subgrade,66386220,215,train,subgrade,v2_seed66386220,"[{""type"": ""subgrade_condition"", ""label"": ""subgrade_hardened"", ""start_m"": 282.0, ""count"": 5, ""side"": ""left"", ""directions"": ""vertical"", ""stiffness_factor_eta_k"": 1.2214, ""damping_factor_eta_c"": 1.0}]"
v2n139_seed66386220_v215_coupled_fastener_ballast_overlap,66386220,215,train,coupled_fastener_ballast_overlap,v2_seed66386220,"[{""type"": ""fastener_failure"", ""label"": ""fastener_eta"", ""start_m"": 182.4, ""count"": 2, ""side"": ""left"", ""directions"": ""both"", ""stiffness_factor_eta_k"": 1.1, ""damping_factor_eta_c"": 1.0}, {""type"": ""ballast_condition"", ""label"": ""ballast_softened"", ""start_m"": 182.4, ""count"": 40, ""side"": ""left"", ""directions"": ""vertical"", ""stiffness_factor_eta_k"": 0.5729, ""damping_factor_eta_c"": 1.0}]"
v2n139_seed66386220_v215_coupled_fastener_sleeper_void_partial_overlap,66386220,215,train,coupled_fastener_sleeper_void_partial_overlap,v2_seed66386220,"[{""type"": ""fastener_failure"", ""label"": ""fastener_eta"", ""start_m"": 184.8, ""count"": 3, ""side"": ""right"", ""directions"": ""both"", ""stiffness_factor_eta_k"": 1.25, ""damping_factor_eta_c"": 1.0}, {""type"": ""sleeper_void"", ""label"": ""sleeper_void"", ""start_m"": 185.4, ""count"": 20, ""side"": ""left"", ""directions"": ""vertical"", ""delta_gap_mm"": 1.075}]"
v2n139_seed66386220_v250_baseline,66386220,250,train,baseline,v2_seed66386220,[]
v2n139_seed66386220_v250_ballast,66386220,250,train,ballast,v2_seed66386220,"[{""type"": ""ballast_condition"", ""label"": ""ballast_softened"", ""start_m"": 212.4, ""count"": 3, ""side"": ""right"", ""directions"": ""vertical"", ""stiffness_factor_eta_k"": 0.8613, ""damping_factor_eta_c"": 1.0}]"
v2n139_seed66386220_v250_coupled_fastener_ballast_overlap,66386220,250,train,coupled_fastener_ballast_overlap,v2_seed66386220,"[{""type"": ""fastener_failure"", ""label"": ""fastener_eta"", ""start_m"": 182.4, ""count"": 2, ""side"": ""left"", ""directions"": ""both"", ""stiffness_factor_eta_k"": 1.1, ""damping_factor_eta_c"": 1.0}, {""type"": ""ballast_condition"", ""label"": ""ballast_softened"", ""start_m"": 182.4, ""count"": 40, ""side"": ""left"", ""directions"": ""vertical"", ""stiffness_factor_eta_k"": 0.5729, ""damping_factor_eta_c"": 1.0}]"
v2n140_seed63440510_v250_baseline,63440510,250,train,baseline,v2_seed63440510,[]
v2n140_seed63440510_v250_fastener,63440510,250,train,fastener,v2_seed63440510,"[{""type"": ""fastener_failure"", ""label"": ""fastener_eta"", ""start_m"": 259.8, ""count"": 20, ""side"": ""right"", ""directions"": ""both"", ""stiffness_factor_eta_k"": 0.95, ""damping_factor_eta_c"": 1.0}]"
v2n140_seed63440510_v250_sleeper_void,63440510,250,train,sleeper_void,v2_seed63440510,"[{""type"": ""sleeper_void"", ""label"": ""sleeper_void"", ""start_m"": 292.8, ""count"": 1, ""side"": ""left"", ""directions"": ""vertical"", ""delta_gap_mm"": 0.33}]"
v2n140_seed63440510_v250_ballast,63440510,250,train,ballast,v2_seed63440510,"[{""type"": ""ballast_condition"", ""label"": ""ballast_hardened"", ""start_m"": 222.0, ""count"": 5, ""side"": ""both"", ""directions"": ""vertical"", ""stiffness_factor_eta_k"": 1.1151, ""damping_factor_eta_c"": 1.0}]"
v2n140_seed63440510_v250_subgrade,63440510,250,train,subgrade,v2_seed63440510,"[{""type"": ""subgrade_condition"", ""label"": ""subgrade_hardened"", ""start_m"": 200.4, ""count"": 8, ""side"": ""right"", ""directions"": ""vertical"", ""stiffness_factor_eta_k"": 2.6255, ""damping_factor_eta_c"": 1.0}]"
v2n140_seed63440510_v250_coupled_fastener_subgrade_partial_overlap,63440510,250,train,coupled_fastener_subgrade_partial_overlap,v2_seed63440510,"[{""type"": ""fastener_failure"", ""label"": ""fastener_eta"", ""start_m"": 230.4, ""count"": 3, ""side"": ""right"", ""directions"": ""both"", ""stiffness_factor_eta_k"": 1.25, ""damping_factor_eta_c"": 1.0}, {""type"": ""subgrade_condition"", ""label"": ""subgrade_softened"", ""start_m"": 231.0, ""count"": 80, ""side"": ""both"", ""directions"": ""vertical"", ""stiffness_factor_eta_k"": 0.8331, ""damping_factor_eta_c"": 1.0}]"
v2n140_seed63440510_v250_coupled_ballast_sleeper_void_separate,63440510,250,train,coupled_ballast_sleeper_void_separate,v2_seed63440510,"[{""type"": ""ballast_condition"", ""label"": ""ballast_hardened"", ""start_m"": 189.6, ""count"": 12, ""side"": ""right"", ""directions"": ""vertical"", ""stiffness_factor_eta_k"": 5.9608, ""damping_factor_eta_c"": 1.0}, {""type"": ""sleeper_void"", ""label"": ""sleeper_void"", ""start_m"": 208.8, ""count"": 1, ""side"": ""right"", ""directions"": ""vertical"", ""delta_gap_mm"": 2.929}]"
v2n140_seed63440510_v200_baseline,63440510,200,train,baseline,v2_seed63440510,[]
v2n140_seed63440510_v200_subgrade,63440510,200,train,subgrade,v2_seed63440510,"[{""type"": ""subgrade_condition"", ""label"": ""subgrade_hardened"", ""start_m"": 200.4, ""count"": 8, ""side"": ""right"", ""directions"": ""vertical"", ""stiffness_factor_eta_k"": 2.6255, ""damping_factor_eta_c"": 1.0}]"
v2n140_seed63440510_v200_coupled_fastener_subgrade_partial_overlap,63440510,200,train,coupled_fastener_subgrade_partial_overlap,v2_seed63440510,"[{""type"": ""fastener_failure"", ""label"": ""fastener_eta"", ""start_m"": 230.4, ""count"": 3, ""side"": ""right"", ""directions"": ""both"", ""stiffness_factor_eta_k"": 1.25, ""damping_factor_eta_c"": 1.0}, {""type"": ""subgrade_condition"", ""label"": ""subgrade_softened"", ""start_m"": 231.0, ""count"": 80, ""side"": ""both"", ""directions"": ""vertical"", ""stiffness_factor_eta_k"": 0.8331, ""damping_factor_eta_c"": 1.0}]"
v2n141_seed92623884_v160_baseline,92623884,160,train,baseline,v2_seed92623884,[]
v2n141_seed92623884_v160_fastener,92623884,160,train,fastener,v2_seed92623884,"[{""type"": ""fastener_failure"", ""label"": ""fastener_eta"", ""start_m"": 180.6, ""count"": 1, ""side"": ""both"", ""directions"": ""both"", ""stiffness_factor_eta_k"": 1.05, ""damping_factor_eta_c"": 1.0}]"
v2n141_seed92623884_v160_sleeper_void,92623884,160,train,sleeper_void,v2_seed92623884,"[{""type"": ""sleeper_void"", ""label"": ""sleeper_void"", ""start_m"": 176.4, ""count"": 2, ""side"": ""right"", ""directions"": ""vertical"", ""delta_gap_mm"": 0.983}]"
v2n141_seed92623884_v160_ballast,92623884,160,train,ballast,v2_seed92623884,"[{""type"": ""ballast_condition"", ""label"": ""ballast_hardened"", ""start_m"": 244.8, ""count"": 8, ""side"": ""left"", ""directions"": ""vertical"", ""stiffness_factor_eta_k"": 2.6352, ""damping_factor_eta_c"": 1.0}]"
v2n141_seed92623884_v160_subgrade,92623884,160,train,subgrade,v2_seed92623884,"[{""type"": ""subgrade_condition"", ""label"": ""subgrade_hardened"", ""start_m"": 192.6, ""count"": 12, ""side"": ""both"", ""directions"": ""vertical"", ""stiffness_factor_eta_k"": 7.5313, ""damping_factor_eta_c"": 1.0}]"
v2n141_seed92623884_v160_coupled_ballast_subgrade_separate,92623884,160,train,coupled_ballast_subgrade_separate,v2_seed92623884,"[{""type"": ""ballast_condition"", ""label"": ""ballast_hardened"", ""start_m"": 184.2, ""count"": 12, ""side"": ""right"", ""directions"": ""vertical"", ""stiffness_factor_eta_k"": 3.9327, ""damping_factor_eta_c"": 1.0}, {""type"": ""subgrade_condition"", ""label"": ""subgrade_hardened"", ""start_m"": 203.4, ""count"": 3, ""side"": ""left"", ""directions"": ""vertical"", ""stiffness_factor_eta_k"": 1.248, ""damping_factor_eta_c"": 1.0}]"
v2n141_seed92623884_v160_coupled_subgrade_sleeper_void_overlap,92623884,160,train,coupled_subgrade_sleeper_void_overlap,v2_seed92623884,"[{""type"": ""subgrade_condition"", ""label"": ""subgrade_softened"", ""start_m"": 236.4, ""count"": 20, ""side"": ""left"", ""directions"": ""vertical"", ""stiffness_factor_eta_k"": 0.2158, ""damping_factor_eta_c"": 1.0}, {""type"": ""sleeper_void"", ""label"": ""sleeper_void"", ""start_m"": 236.4, ""count"": 2, ""side"": ""both"", ""directions"": ""vertical"", ""delta_gap_mm"": 0.109}]"
v2n141_seed92623884_v200_baseline,92623884,200,train,baseline,v2_seed92623884,[]
v2n141_seed92623884_v200_fastener,92623884,200,train,fastener,v2_seed92623884,"[{""type"": ""fastener_failure"", ""label"": ""fastener_eta"", ""start_m"": 180.6, ""count"": 1, ""side"": ""both"", ""directions"": ""both"", ""stiffness_factor_eta_k"": 1.05, ""damping_factor_eta_c"": 1.0}]"
v2n141_seed92623884_v200_coupled_ballast_subgrade_separate,92623884,200,train,coupled_ballast_subgrade_separate,v2_seed92623884,"[{""type"": ""ballast_condition"", ""label"": ""ballast_hardened"", ""start_m"": 184.2, ""count"": 12, ""side"": ""right"", ""directions"": ""vertical"", ""stiffness_factor_eta_k"": 3.9327, ""damping_factor_eta_c"": 1.0}, {""type"": ""subgrade_condition"", ""label"": ""subgrade_hardened"", ""start_m"": 203.4, ""count"": 3, ""side"": ""left"", ""directions"": ""vertical"", ""stiffness_factor_eta_k"": 1.248, ""damping_factor_eta_c"": 1.0}]"
v2n142_seed82627536_v200_baseline,82627536,200,val,baseline,v2_seed82627536,[]
v2n142_seed82627536_v200_fastener,82627536,200,val,fastener,v2_seed82627536,"[{""type"": ""fastener_failure"", ""label"": ""fastener_eta"", ""start_m"": 263.4, ""count"": 2, ""side"": ""left"", ""directions"": ""both"", ""stiffness_factor_eta_k"": 1.1, ""damping_factor_eta_c"": 1.0}]"
v2n142_seed82627536_v200_sleeper_void,82627536,200,val,sleeper_void,v2_seed82627536,"[{""type"": ""sleeper_void"", ""label"": ""sleeper_void"", ""start_m"": 261.6, ""count"": 3, ""side"": ""both"", ""directions"": ""vertical"", ""delta_gap_mm"": 1.655}]"
v2n142_seed82627536_v200_ballast,82627536,200,val,ballast,v2_seed82627536,"[{""type"": ""ballast_condition"", ""label"": ""ballast_hardened"", ""start_m"": 213.0, ""count"": 12, ""side"": ""right"", ""directions"": ""vertical"", ""stiffness_factor_eta_k"": 5.7705, ""damping_factor_eta_c"": 1.0}]"
v2n142_seed82627536_v200_subgrade,82627536,200,val,subgrade,v2_seed82627536,"[{""type"": ""subgrade_condition"", ""label"": ""subgrade_softened"", ""start_m"": 257.4, ""count"": 20, ""side"": ""left"", ""directions"": ""vertical"", ""stiffness_factor_eta_k"": 0.1838, ""damping_factor_eta_c"": 1.0}]"
v2n142_seed82627536_v200_coupled_fastener_ballast_overlap,82627536,200,val,coupled_fastener_ballast_overlap,v2_seed82627536,"[{""type"": ""fastener_failure"", ""label"": ""fastener_eta"", ""start_m"": 196.8, ""count"": 8, ""side"": ""left"", ""directions"": ""both"", ""stiffness_factor_eta_k"": 0.1, ""damping_factor_eta_c"": 1.0}, {""type"": ""ballast_condition"", ""label"": ""ballast_hardened"", ""start_m"": 196.8, ""count"": 5, ""side"": ""left"", ""directions"": ""vertical"", ""stiffness_factor_eta_k"": 2.292, ""damping_factor_eta_c"": 1.0}]"
v2n142_seed82627536_v200_coupled_fastener_sleeper_void_partial_overlap,82627536,200,val,coupled_fastener_sleeper_void_partial_overlap,v2_seed82627536,"[{""type"": ""fastener_failure"", ""label"": ""fastener_eta"", ""start_m"": 188.4, ""count"": 12, ""side"": ""right"", ""directions"": ""both"", ""stiffness_factor_eta_k"": 0.25, ""damping_factor_eta_c"": 1.0}, {""type"": ""sleeper_void"", ""label"": ""sleeper_void"", ""start_m"": 189.0, ""count"": 3, ""side"": ""left"", ""directions"": ""vertical"", ""delta_gap_mm"": 0.597}]"
v2n142_seed82627536_v250_baseline,82627536,250,val,baseline,v2_seed82627536,[]
v2n142_seed82627536_v250_sleeper_void,82627536,250,val,sleeper_void,v2_seed82627536,"[{""type"": ""sleeper_void"", ""label"": ""sleeper_void"", ""start_m"": 261.6, ""count"": 3, ""side"": ""both"", ""directions"": ""vertical"", ""delta_gap_mm"": 1.655}]"
v2n142_seed82627536_v250_coupled_fastener_ballast_overlap,82627536,250,val,coupled_fastener_ballast_overlap,v2_seed82627536,"[{""type"": ""fastener_failure"", ""label"": ""fastener_eta"", ""start_m"": 196.8, ""count"": 8, ""side"": ""left"", ""directions"": ""both"", ""stiffness_factor_eta_k"": 0.1, ""damping_factor_eta_c"": 1.0}, {""type"": ""ballast_condition"", ""label"": ""ballast_hardened"", ""start_m"": 196.8, ""count"": 5, ""side"": ""left"", ""directions"": ""vertical"", ""stiffness_factor_eta_k"": 2.292, ""damping_factor_eta_c"": 1.0}]"
v2n143_seed13439645_v215_baseline,13439645,215,train,baseline,v2_seed13439645,[]
v2n143_seed13439645_v215_fastener,13439645,215,train,fastener,v2_seed13439645,"[{""type"": ""fastener_failure"", ""label"": ""fastener_eta"", ""start_m"": 225.0, ""count"": 3, ""side"": ""right"", ""directions"": ""both"", ""stiffness_factor_eta_k"": 1.25, ""damping_factor_eta_c"": 1.0}]"
v2n143_seed13439645_v215_sleeper_void,13439645,215,train,sleeper_void,v2_seed13439645,"[{""type"": ""sleeper_void"", ""label"": ""sleeper_void"", ""start_m"": 175.2, ""count"": 5, ""side"": ""left"", ""directions"": ""vertical"", ""delta_gap_mm"": 2.997}]"
v2n143_seed13439645_v215_ballast,13439645,215,train,ballast,v2_seed13439645,"[{""type"": ""ballast_condition"", ""label"": ""ballast_softened"", ""start_m"": 153.6, ""count"": 20, ""side"": ""both"", ""directions"": ""vertical"", ""stiffness_factor_eta_k"": 0.2954, ""damping_factor_eta_c"": 1.0}]"
v2n143_seed13439645_v215_subgrade,13439645,215,train,subgrade,v2_seed13439645,"[{""type"": ""subgrade_condition"", ""label"": ""subgrade_softened"", ""start_m"": 156.6, ""count"": 40, ""side"": ""right"", ""directions"": ""vertical"", ""stiffness_factor_eta_k"": 0.5363, ""damping_factor_eta_c"": 1.0}]"
v2n143_seed13439645_v215_coupled_fastener_subgrade_partial_overlap,13439645,215,train,coupled_fastener_subgrade_partial_overlap,v2_seed13439645,"[{""type"": ""fastener_failure"", ""label"": ""fastener_eta"", ""start_m"": 201.0, ""count"": 12, ""side"": ""right"", ""directions"": ""both"", ""stiffness_factor_eta_k"": 0.25, ""damping_factor_eta_c"": 1.0}, {""type"": ""subgrade_condition"", ""label"": ""subgrade_hardened"", ""start_m"": 203.4, ""count"": 8, ""side"": ""both"", ""directions"": ""vertical"", ""stiffness_factor_eta_k"": 4.6264, ""damping_factor_eta_c"": 1.0}]"
v2n143_seed13439645_v215_coupled_ballast_sleeper_void_separate,13439645,215,train,coupled_ballast_sleeper_void_separate,v2_seed13439645,"[{""type"": ""ballast_condition"", ""label"": ""ballast_softened"", ""start_m"": 218.4, ""count"": 80, ""side"": ""right"", ""directions"": ""vertical"", ""stiffness_factor_eta_k"": 0.8489, ""damping_factor_eta_c"": 1.0}, {""type"": ""sleeper_void"", ""label"": ""sleeper_void"", ""start_m"": 278.4, ""count"": 5, ""side"": ""right"", ""directions"": ""vertical"", ""delta_gap_mm"": 1.989}]"
v2n143_seed13439645_v250_baseline,13439645,250,train,baseline,v2_seed13439645,[]
v2n143_seed13439645_v250_ballast,13439645,250,train,ballast,v2_seed13439645,"[{""type"": ""ballast_condition"", ""label"": ""ballast_softened"", ""start_m"": 153.6, ""count"": 20, ""side"": ""both"", ""directions"": ""vertical"", ""stiffness_factor_eta_k"": 0.2954, ""damping_factor_eta_c"": 1.0}]"
v2n143_seed13439645_v250_coupled_fastener_subgrade_partial_overlap,13439645,250,train,coupled_fastener_subgrade_partial_overlap,v2_seed13439645,"[{""type"": ""fastener_failure"", ""label"": ""fastener_eta"", ""start_m"": 201.0, ""count"": 12, ""side"": ""right"", ""directions"": ""both"", ""stiffness_factor_eta_k"": 0.25, ""damping_factor_eta_c"": 1.0}, {""type"": ""subgrade_condition"", ""label"": ""subgrade_hardened"", ""start_m"": 203.4, ""count"": 8, ""side"": ""both"", ""directions"": ""vertical"", ""stiffness_factor_eta_k"": 4.6264, ""damping_factor_eta_c"": 1.0}]"
v2n144_seed57399530_v250_baseline,57399530,250,train,baseline,v2_seed57399530,[]
v2n144_seed57399530_v250_fastener,57399530,250,train,fastener,v2_seed57399530,"[{""type"": ""fastener_failure"", ""label"": ""fastener_eta"", ""start_m"": 300.0, ""count"": 5, ""side"": ""both"", ""directions"": ""both"", ""stiffness_factor_eta_k"": 0.0, ""damping_factor_eta_c"": 1.0}]"
v2n144_seed57399530_v250_sleeper_void,57399530,250,train,sleeper_void,v2_seed57399530,"[{""type"": ""sleeper_void"", ""label"": ""sleeper_void"", ""start_m"": 196.8, ""count"": 8, ""side"": ""right"", ""directions"": ""vertical"", ""delta_gap_mm"": 0.101}]"
v2n144_seed57399530_v250_ballast,57399530,250,train,ballast,v2_seed57399530,"[{""type"": ""ballast_condition"", ""label"": ""ballast_softened"", ""start_m"": 293.4, ""count"": 40, ""side"": ""left"", ""directions"": ""vertical"", ""stiffness_factor_eta_k"": 0.3084, ""damping_factor_eta_c"": 1.0}]"
v2n144_seed57399530_v250_subgrade,57399530,250,train,subgrade,v2_seed57399530,"[{""type"": ""subgrade_condition"", ""label"": ""subgrade_softened"", ""start_m"": 273.0, ""count"": 80, ""side"": ""both"", ""directions"": ""vertical"", ""stiffness_factor_eta_k"": 0.7013, ""damping_factor_eta_c"": 1.0}]"
v2n144_seed57399530_v250_coupled_ballast_subgrade_separate,57399530,250,train,coupled_ballast_subgrade_separate,v2_seed57399530,"[{""type"": ""ballast_condition"", ""label"": ""ballast_softened"", ""start_m"": 217.8, ""count"": 80, ""side"": ""right"", ""directions"": ""vertical"", ""stiffness_factor_eta_k"": 0.8375, ""damping_factor_eta_c"": 1.0}, {""type"": ""subgrade_condition"", ""label"": ""subgrade_softened"", ""start_m"": 277.8, ""count"": 12, ""side"": ""left"", ""directions"": ""vertical"", ""stiffness_factor_eta_k"": 0.2633, ""damping_factor_eta_c"": 1.0}]"
v2n144_seed57399530_v250_coupled_subgrade_sleeper_void_overlap,57399530,250,train,coupled_subgrade_sleeper_void_overlap,v2_seed57399530,"[{""type"": ""subgrade_condition"", ""label"": ""subgrade_hardened"", ""start_m"": 222.6, ""count"": 3, ""side"": ""left"", ""directions"": ""vertical"", ""stiffness_factor_eta_k"": 1.0845, ""damping_factor_eta_c"": 1.0}, {""type"": ""sleeper_void"", ""label"": ""sleeper_void"", ""start_m"": 222.6, ""count"": 8, ""side"": ""both"", ""directions"": ""vertical"", ""delta_gap_mm"": 3.271}]"
v2n144_seed57399530_v200_baseline,57399530,200,train,baseline,v2_seed57399530,[]
v2n144_seed57399530_v200_subgrade,57399530,200,train,subgrade,v2_seed57399530,"[{""type"": ""subgrade_condition"", ""label"": ""subgrade_softened"", ""start_m"": 273.0, ""count"": 80, ""side"": ""both"", ""directions"": ""vertical"", ""stiffness_factor_eta_k"": 0.7013, ""damping_factor_eta_c"": 1.0}]"
v2n144_seed57399530_v200_coupled_ballast_subgrade_separate,57399530,200,train,coupled_ballast_subgrade_separate,v2_seed57399530,"[{""type"": ""ballast_condition"", ""label"": ""ballast_softened"", ""start_m"": 217.8, ""count"": 80, ""side"": ""right"", ""directions"": ""vertical"", ""stiffness_factor_eta_k"": 0.8375, ""damping_factor_eta_c"": 1.0}, {""type"": ""subgrade_condition"", ""label"": ""subgrade_softened"", ""start_m"": 277.8, ""count"": 12, ""side"": ""left"", ""directions"": ""vertical"", ""stiffness_factor_eta_k"": 0.2633, ""damping_factor_eta_c"": 1.0}]"
v2n145_seed22531336_v160_baseline,22531336,160,train,baseline,v2_seed22531336,[]
v2n145_seed22531336_v160_fastener,22531336,160,train,fastener,v2_seed22531336,"[{""type"": ""fastener_failure"", ""label"": ""fastener_eta"", ""start_m"": 172.8, ""count"": 8, ""side"": ""left"", ""directions"": ""both"", ""stiffness_factor_eta_k"": 0.1, ""damping_factor_eta_c"": 1.0}]"
v2n145_seed22531336_v160_sleeper_void,22531336,160,train,sleeper_void,v2_seed22531336,"[{""type"": ""sleeper_void"", ""label"": ""sleeper_void"", ""start_m"": 219.0, ""count"": 12, ""side"": ""both"", ""directions"": ""vertical"", ""delta_gap_mm"": 0.897}]"
v2n145_seed22531336_v160_ballast,22531336,160,train,ballast,v2_seed22531336,"[{""type"": ""ballast_condition"", ""label"": ""ballast_softened"", ""start_m"": 299.4, ""count"": 80, ""side"": ""right"", ""directions"": ""vertical"", ""stiffness_factor_eta_k"": 0.863, ""damping_factor_eta_c"": 1.0}]"
v2n145_seed22531336_v160_subgrade,22531336,160,train,subgrade,v2_seed22531336,"[{""type"": ""subgrade_condition"", ""label"": ""subgrade_hardened"", ""start_m"": 220.8, ""count"": 3, ""side"": ""left"", ""directions"": ""vertical"", ""stiffness_factor_eta_k"": 1.0887, ""damping_factor_eta_c"": 1.0}]"
v2n145_seed22531336_v160_coupled_fastener_ballast_overlap,22531336,160,train,coupled_fastener_ballast_overlap,v2_seed22531336,"[{""type"": ""fastener_failure"", ""label"": ""fastener_eta"", ""start_m"": 185.4, ""count"": 1, ""side"": ""left"", ""directions"": ""both"", ""stiffness_factor_eta_k"": 0.75, ""damping_factor_eta_c"": 1.0}, {""type"": ""ballast_condition"", ""label"": ""ballast_softened"", ""start_m"": 185.4, ""count"": 20, ""side"": ""left"", ""directions"": ""vertical"", ""stiffness_factor_eta_k"": 0.5502, ""damping_factor_eta_c"": 1.0}]"
v2n145_seed22531336_v160_coupled_fastener_sleeper_void_partial_overlap,22531336,160,train,coupled_fastener_sleeper_void_partial_overlap,v2_seed22531336,"[{""type"": ""fastener_failure"", ""label"": ""fastener_eta"", ""start_m"": 187.2, ""count"": 2, ""side"": ""right"", ""directions"": ""both"", ""stiffness_factor_eta_k"": 0.85, ""damping_factor_eta_c"": 1.0}, {""type"": ""sleeper_void"", ""label"": ""sleeper_void"", ""start_m"": 187.8, ""count"": 12, ""side"": ""left"", ""directions"": ""vertical"", ""delta_gap_mm"": 0.159}]"
v2n145_seed22531336_v200_baseline,22531336,200,train,baseline,v2_seed22531336,[]
v2n145_seed22531336_v200_fastener,22531336,200,train,fastener,v2_seed22531336,"[{""type"": ""fastener_failure"", ""label"": ""fastener_eta"", ""start_m"": 172.8, ""count"": 8, ""side"": ""left"", ""directions"": ""both"", ""stiffness_factor_eta_k"": 0.1, ""damping_factor_eta_c"": 1.0}]"
v2n145_seed22531336_v200_coupled_fastener_ballast_overlap,22531336,200,train,coupled_fastener_ballast_overlap,v2_seed22531336,"[{""type"": ""fastener_failure"", ""label"": ""fastener_eta"", ""start_m"": 185.4, ""count"": 1, ""side"": ""left"", ""directions"": ""both"", ""stiffness_factor_eta_k"": 0.75, ""damping_factor_eta_c"": 1.0}, {""type"": ""ballast_condition"", ""label"": ""ballast_softened"", ""start_m"": 185.4, ""count"": 20, ""side"": ""left"", ""directions"": ""vertical"", ""stiffness_factor_eta_k"": 0.5502, ""damping_factor_eta_c"": 1.0}]"
v2n146_seed95710834_v200_baseline,95710834,200,train,baseline,v2_seed95710834,[]
v2n146_seed95710834_v200_fastener,95710834,200,train,fastener,v2_seed95710834,"[{""type"": ""fastener_failure"", ""label"": ""fastener_eta"", ""start_m"": 286.2, ""count"": 12, ""side"": ""right"", ""directions"": ""both"", ""stiffness_factor_eta_k"": 0.25, ""damping_factor_eta_c"": 1.0}]"
v2n146_seed95710834_v200_sleeper_void,95710834,200,train,sleeper_void,v2_seed95710834,"[{""type"": ""sleeper_void"", ""label"": ""sleeper_void"", ""start_m"": 283.8, ""count"": 20, ""side"": ""left"", ""directions"": ""vertical"", ""delta_gap_mm"": 1.683}]"
v2n146_seed95710834_v200_ballast,95710834,200,train,ballast,v2_seed95710834,"[{""type"": ""ballast_condition"", ""label"": ""ballast_hardened"", ""start_m"": 274.2, ""count"": 3, ""side"": ""both"", ""directions"": ""vertical"", ""stiffness_factor_eta_k"": 1.2192, ""damping_factor_eta_c"": 1.0}]"
v2n146_seed95710834_v200_subgrade,95710834,200,train,subgrade,v2_seed95710834,"[{""type"": ""subgrade_condition"", ""label"": ""subgrade_hardened"", ""start_m"": 239.4, ""count"": 5, ""side"": ""right"", ""directions"": ""vertical"", ""stiffness_factor_eta_k"": 2.6713, ""damping_factor_eta_c"": 1.0}]"
v2n146_seed95710834_v200_coupled_fastener_subgrade_partial_overlap,95710834,200,train,coupled_fastener_subgrade_partial_overlap,v2_seed95710834,"[{""type"": ""fastener_failure"", ""label"": ""fastener_eta"", ""start_m"": 220.8, ""count"": 2, ""side"": ""right"", ""directions"": ""both"", ""stiffness_factor_eta_k"": 0.85, ""damping_factor_eta_c"": 1.0}, {""type"": ""subgrade_condition"", ""label"": ""subgrade_softened"", ""start_m"": 221.4, ""count"": 40, ""side"": ""both"", ""directions"": ""vertical"", ""stiffness_factor_eta_k"": 0.8111, ""damping_factor_eta_c"": 1.0}]"
v2n146_seed95710834_v200_coupled_ballast_sleeper_void_separate,95710834,200,train,coupled_ballast_sleeper_void_separate,v2_seed95710834,"[{""type"": ""ballast_condition"", ""label"": ""ballast_hardened"", ""start_m"": 199.8, ""count"": 8, ""side"": ""right"", ""directions"": ""vertical"", ""stiffness_factor_eta_k"": 6.1004, ""damping_factor_eta_c"": 1.0}, {""type"": ""sleeper_void"", ""label"": ""sleeper_void"", ""start_m"": 223.8, ""count"": 20, ""side"": ""right"", ""directions"": ""vertical"", ""delta_gap_mm"": 0.638}]"
v2n146_seed95710834_v250_baseline,95710834,250,train,baseline,v2_seed95710834,[]
v2n146_seed95710834_v250_sleeper_void,95710834,250,train,sleeper_void,v2_seed95710834,"[{""type"": ""sleeper_void"", ""label"": ""sleeper_void"", ""start_m"": 283.8, ""count"": 20, ""side"": ""left"", ""directions"": ""vertical"", ""delta_gap_mm"": 1.683}]"
v2n146_seed95710834_v250_coupled_fastener_subgrade_partial_overlap,95710834,250,train,coupled_fastener_subgrade_partial_overlap,v2_seed95710834,"[{""type"": ""fastener_failure"", ""label"": ""fastener_eta"", ""start_m"": 220.8, ""count"": 2, ""side"": ""right"", ""directions"": ""both"", ""stiffness_factor_eta_k"": 0.85, ""damping_factor_eta_c"": 1.0}, {""type"": ""subgrade_condition"", ""label"": ""subgrade_softened"", ""start_m"": 221.4, ""count"": 40, ""side"": ""both"", ""directions"": ""vertical"", ""stiffness_factor_eta_k"": 0.8111, ""damping_factor_eta_c"": 1.0}]"
v2n147_seed28622460_v215_baseline,28622460,215,train,baseline,v2_seed28622460,[]
v2n147_seed28622460_v215_fastener,28622460,215,train,fastener,v2_seed28622460,"[{""type"": ""fastener_failure"", ""label"": ""fastener_eta"", ""start_m"": 236.4, ""count"": 20, ""side"": ""both"", ""directions"": ""both"", ""stiffness_factor_eta_k"": 0.5, ""damping_factor_eta_c"": 1.0}]"
v2n147_seed28622460_v215_sleeper_void,28622460,215,train,sleeper_void,v2_seed28622460,"[{""type"": ""sleeper_void"", ""label"": ""sleeper_void"", ""start_m"": 280.2, ""count"": 1, ""side"": ""right"", ""directions"": ""vertical"", ""delta_gap_mm"": 2.438}]"
v2n147_seed28622460_v215_ballast,28622460,215,train,ballast,v2_seed28622460,"[{""type"": ""ballast_condition"", ""label"": ""ballast_hardened"", ""start_m"": 154.2, ""count"": 5, ""side"": ""left"", ""directions"": ""vertical"", ""stiffness_factor_eta_k"": 2.1227, ""damping_factor_eta_c"": 1.0}]"
v2n147_seed28622460_v215_subgrade,28622460,215,train,subgrade,v2_seed28622460,"[{""type"": ""subgrade_condition"", ""label"": ""subgrade_hardened"", ""start_m"": 163.2, ""count"": 8, ""side"": ""both"", ""directions"": ""vertical"", ""stiffness_factor_eta_k"": 4.2728, ""damping_factor_eta_c"": 1.0}]"
v2n147_seed28622460_v215_coupled_ballast_subgrade_separate,28622460,215,train,coupled_ballast_subgrade_separate,v2_seed28622460,"[{""type"": ""ballast_condition"", ""label"": ""ballast_hardened"", ""start_m"": 187.8, ""count"": 8, ""side"": ""right"", ""directions"": ""vertical"", ""stiffness_factor_eta_k"": 3.6815, ""damping_factor_eta_c"": 1.0}, {""type"": ""subgrade_condition"", ""label"": ""subgrade_hardened"", ""start_m"": 247.8, ""count"": 80, ""side"": ""left"", ""directions"": ""vertical"", ""stiffness_factor_eta_k"": 1.2797, ""damping_factor_eta_c"": 1.0}]"
v2n147_seed28622460_v215_coupled_subgrade_sleeper_void_overlap,28622460,215,train,coupled_subgrade_sleeper_void_overlap,v2_seed28622460,"[{""type"": ""subgrade_condition"", ""label"": ""subgrade_softened"", ""start_m"": 216.0, ""count"": 12, ""side"": ""left"", ""directions"": ""vertical"", ""stiffness_factor_eta_k"": 0.2386, ""damping_factor_eta_c"": 1.0}, {""type"": ""sleeper_void"", ""label"": ""sleeper_void"", ""start_m"": 216.0, ""count"": 1, ""side"": ""both"", ""directions"": ""vertical"", ""delta_gap_mm"": 1.709}]"
v2n147_seed28622460_v250_baseline,28622460,250,train,baseline,v2_seed28622460,[]
v2n147_seed28622460_v250_ballast,28622460,250,train,ballast,v2_seed28622460,"[{""type"": ""ballast_condition"", ""label"": ""ballast_hardened"", ""start_m"": 154.2, ""count"": 5, ""side"": ""left"", ""directions"": ""vertical"", ""stiffness_factor_eta_k"": 2.1227, ""damping_factor_eta_c"": 1.0}]"
v2n147_seed28622460_v250_coupled_ballast_subgrade_separate,28622460,250,train,coupled_ballast_subgrade_separate,v2_seed28622460,"[{""type"": ""ballast_condition"", ""label"": ""ballast_hardened"", ""start_m"": 187.8, ""count"": 8, ""side"": ""right"", ""directions"": ""vertical"", ""stiffness_factor_eta_k"": 3.6815, ""damping_factor_eta_c"": 1.0}, {""type"": ""subgrade_condition"", ""label"": ""subgrade_hardened"", ""start_m"": 247.8, ""count"": 80, ""side"": ""left"", ""directions"": ""vertical"", ""stiffness_factor_eta_k"": 1.2797, ""damping_factor_eta_c"": 1.0}]"
v2n148_seed93517462_v250_baseline,93517462,250,val,baseline,v2_seed93517462,[]
v2n148_seed93517462_v250_fastener,93517462,250,val,fastener,v2_seed93517462,"[{""type"": ""fastener_failure"", ""label"": ""fastener_eta"", ""start_m"": 244.8, ""count"": 1, ""side"": ""left"", ""directions"": ""both"", ""stiffness_factor_eta_k"": 0.75, ""damping_factor_eta_c"": 1.0}]"
v2n148_seed93517462_v250_sleeper_void,93517462,250,val,sleeper_void,v2_seed93517462,"[{""type"": ""sleeper_void"", ""label"": ""sleeper_void"", ""start_m"": 204.6, ""count"": 2, ""side"": ""both"", ""directions"": ""vertical"", ""delta_gap_mm"": 0.407}]"
v2n148_seed93517462_v250_ballast,93517462,250,val,ballast,v2_seed93517462,"[{""type"": ""ballast_condition"", ""label"": ""ballast_hardened"", ""start_m"": 158.4, ""count"": 8, ""side"": ""right"", ""directions"": ""vertical"", ""stiffness_factor_eta_k"": 5.6344, ""damping_factor_eta_c"": 1.0}]"
v2n148_seed93517462_v250_subgrade,93517462,250,val,subgrade,v2_seed93517462,"[{""type"": ""subgrade_condition"", ""label"": ""subgrade_softened"", ""start_m"": 177.6, ""count"": 12, ""side"": ""left"", ""directions"": ""vertical"", ""stiffness_factor_eta_k"": 0.2503, ""damping_factor_eta_c"": 1.0}]"
v2n148_seed93517462_v250_coupled_fastener_ballast_overlap,93517462,250,val,coupled_fastener_ballast_overlap,v2_seed93517462,"[{""type"": ""fastener_failure"", ""label"": ""fastener_eta"", ""start_m"": 229.2, ""count"": 5, ""side"": ""left"", ""directions"": ""both"", ""stiffness_factor_eta_k"": 0.95, ""damping_factor_eta_c"": 1.0}, {""type"": ""ballast_condition"", ""label"": ""ballast_hardened"", ""start_m"": 229.2, ""count"": 3, ""side"": ""left"", ""directions"": ""vertical"", ""stiffness_factor_eta_k"": 2.4449, ""damping_factor_eta_c"": 1.0}]"
v2n148_seed93517462_v250_coupled_fastener_sleeper_void_partial_overlap,93517462,250,val,coupled_fastener_sleeper_void_partial_overlap,v2_seed93517462,"[{""type"": ""fastener_failure"", ""label"": ""fastener_eta"", ""start_m"": 225.0, ""count"": 8, ""side"": ""right"", ""directions"": ""both"", ""stiffness_factor_eta_k"": 1.05, ""damping_factor_eta_c"": 1.0}, {""type"": ""sleeper_void"", ""label"": ""sleeper_void"", ""start_m"": 225.6, ""count"": 2, ""side"": ""left"", ""directions"": ""vertical"", ""delta_gap_mm"": 2.168}]"
v2n148_seed93517462_v200_baseline,93517462,200,val,baseline,v2_seed93517462,[]
v2n148_seed93517462_v200_subgrade,93517462,200,val,subgrade,v2_seed93517462,"[{""type"": ""subgrade_condition"", ""label"": ""subgrade_softened"", ""start_m"": 177.6, ""count"": 12, ""side"": ""left"", ""directions"": ""vertical"", ""stiffness_factor_eta_k"": 0.2503, ""damping_factor_eta_c"": 1.0}]"
v2n148_seed93517462_v200_coupled_fastener_ballast_overlap,93517462,200,val,coupled_fastener_ballast_overlap,v2_seed93517462,"[{""type"": ""fastener_failure"", ""label"": ""fastener_eta"", ""start_m"": 229.2, ""count"": 5, ""side"": ""left"", ""directions"": ""both"", ""stiffness_factor_eta_k"": 0.95, ""damping_factor_eta_c"": 1.0}, {""type"": ""ballast_condition"", ""label"": ""ballast_hardened"", ""start_m"": 229.2, ""count"": 3, ""side"": ""left"", ""directions"": ""vertical"", ""stiffness_factor_eta_k"": 2.4449, ""damping_factor_eta_c"": 1.0}]"
v2n149_seed77435363_v160_baseline,77435363,160,train,baseline,v2_seed77435363,[]
v2n149_seed77435363_v160_fastener,77435363,160,train,fastener,v2_seed77435363,"[{""type"": ""fastener_failure"", ""label"": ""fastener_eta"", ""start_m"": 241.2, ""count"": 2, ""side"": ""right"", ""directions"": ""both"", ""stiffness_factor_eta_k"": 0.85, ""damping_factor_eta_c"": 1.0}]"
v2n149_seed77435363_v160_sleeper_void,77435363,160,train,sleeper_void,v2_seed77435363,"[{""type"": ""sleeper_void"", ""label"": ""sleeper_void"", ""start_m"": 153.0, ""count"": 3, ""side"": ""left"", ""directions"": ""vertical"", ""delta_gap_mm"": 0.862}]"
v2n149_seed77435363_v160_ballast,77435363,160,train,ballast,v2_seed77435363,"[{""type"": ""ballast_condition"", ""label"": ""ballast_softened"", ""start_m"": 277.8, ""count"": 12, ""side"": ""both"", ""directions"": ""vertical"", ""stiffness_factor_eta_k"": 0.1954, ""damping_factor_eta_c"": 1.0}]"
v2n149_seed77435363_v160_subgrade,77435363,160,train,subgrade,v2_seed77435363,"[{""type"": ""subgrade_condition"", ""label"": ""subgrade_softened"", ""start_m"": 281.4, ""count"": 20, ""side"": ""right"", ""directions"": ""vertical"", ""stiffness_factor_eta_k"": 0.3259, ""damping_factor_eta_c"": 1.0}]"
v2n149_seed77435363_v160_coupled_fastener_subgrade_partial_overlap,77435363,160,train,coupled_fastener_subgrade_partial_overlap,v2_seed77435363,"[{""type"": ""fastener_failure"", ""label"": ""fastener_eta"", ""start_m"": 202.8, ""count"": 8, ""side"": ""right"", ""directions"": ""both"", ""stiffness_factor_eta_k"": 1.05, ""damping_factor_eta_c"": 1.0}, {""type"": ""subgrade_condition"", ""label"": ""subgrade_hardened"", ""start_m"": 204.0, ""count"": 5, ""side"": ""both"", ""directions"": ""vertical"", ""stiffness_factor_eta_k"": 4.2712, ""damping_factor_eta_c"": 1.0}]"
v2n149_seed77435363_v160_coupled_ballast_sleeper_void_separate,77435363,160,train,coupled_ballast_sleeper_void_separate,v2_seed77435363,"[{""type"": ""ballast_condition"", ""label"": ""ballast_softened"", ""start_m"": 195.6, ""count"": 40, ""side"": ""right"", ""directions"": ""vertical"", ""stiffness_factor_eta_k"": 0.8567, ""damping_factor_eta_c"": 1.0}, {""type"": ""sleeper_void"", ""label"": ""sleeper_void"", ""start_m"": 231.6, ""count"": 3, ""side"": ""right"", ""directions"": ""vertical"", ""delta_gap_mm"": 0.334}]"
v2n149_seed77435363_v200_baseline,77435363,200,train,baseline,v2_seed77435363,[]
v2n149_seed77435363_v200_fastener,77435363,200,train,fastener,v2_seed77435363,"[{""type"": ""fastener_failure"", ""label"": ""fastener_eta"", ""start_m"": 241.2, ""count"": 2, ""side"": ""right"", ""directions"": ""both"", ""stiffness_factor_eta_k"": 0.85, ""damping_factor_eta_c"": 1.0}]"
v2n149_seed77435363_v200_coupled_fastener_subgrade_partial_overlap,77435363,200,train,coupled_fastener_subgrade_partial_overlap,v2_seed77435363,"[{""type"": ""fastener_failure"", ""label"": ""fastener_eta"", ""start_m"": 202.8, ""count"": 8, ""side"": ""right"", ""directions"": ""both"", ""stiffness_factor_eta_k"": 1.05, ""damping_factor_eta_c"": 1.0}, {""type"": ""subgrade_condition"", ""label"": ""subgrade_hardened"", ""start_m"": 204.0, ""count"": 5, ""side"": ""both"", ""directions"": ""vertical"", ""stiffness_factor_eta_k"": 4.2712, ""damping_factor_eta_c"": 1.0}]"
v2n150_seed78641369_v200_baseline,78641369,200,test,baseline,v2_seed78641369,[]
v2n150_seed78641369_v200_fastener,78641369,200,test,fastener,v2_seed78641369,"[{""type"": ""fastener_failure"", ""label"": ""fastener_eta"", ""start_m"": 153.6, ""count"": 3, ""side"": ""both"", ""directions"": ""both"", ""stiffness_factor_eta_k"": 0.9, ""damping_factor_eta_c"": 1.0}]"
v2n150_seed78641369_v200_sleeper_void,78641369,200,test,sleeper_void,v2_seed78641369,"[{""type"": ""sleeper_void"", ""label"": ""sleeper_void"", ""start_m"": 178.8, ""count"": 5, ""side"": ""right"", ""directions"": ""vertical"", ""delta_gap_mm"": 1.072}]"
v2n150_seed78641369_v200_ballast,78641369,200,test,ballast,v2_seed78641369,"[{""type"": ""ballast_condition"", ""label"": ""ballast_softened"", ""start_m"": 220.2, ""count"": 20, ""side"": ""left"", ""directions"": ""vertical"", ""stiffness_factor_eta_k"": 0.6744, ""damping_factor_eta_c"": 1.0}]"
v2n150_seed78641369_v200_subgrade,78641369,200,test,subgrade,v2_seed78641369,"[{""type"": ""subgrade_condition"", ""label"": ""subgrade_softened"", ""start_m"": 169.8, ""count"": 40, ""side"": ""both"", ""directions"": ""vertical"", ""stiffness_factor_eta_k"": 0.768, ""damping_factor_eta_c"": 1.0}]"
v2n150_seed78641369_v200_coupled_ballast_subgrade_separate,78641369,200,test,coupled_ballast_subgrade_separate,v2_seed78641369,"[{""type"": ""ballast_condition"", ""label"": ""ballast_softened"", ""start_m"": 192.0, ""count"": 40, ""side"": ""right"", ""directions"": ""vertical"", ""stiffness_factor_eta_k"": 0.8099, ""damping_factor_eta_c"": 1.0}, {""type"": ""subgrade_condition"", ""label"": ""subgrade_softened"", ""start_m"": 228.0, ""count"": 8, ""side"": ""left"", ""directions"": ""vertical"", ""stiffness_factor_eta_k"": 0.2862, ""damping_factor_eta_c"": 1.0}]"
v2n150_seed78641369_v200_coupled_subgrade_sleeper_void_overlap,78641369,200,test,coupled_subgrade_sleeper_void_overlap,v2_seed78641369,"[{""type"": ""subgrade_condition"", ""label"": ""subgrade_hardened"", ""start_m"": 196.2, ""count"": 80, ""side"": ""left"", ""directions"": ""vertical"", ""stiffness_factor_eta_k"": 1.1151, ""damping_factor_eta_c"": 1.0}, {""type"": ""sleeper_void"", ""label"": ""sleeper_void"", ""start_m"": 196.2, ""count"": 5, ""side"": ""both"", ""directions"": ""vertical"", ""delta_gap_mm"": 0.914}]"
v2n150_seed78641369_v250_baseline,78641369,250,test,baseline,v2_seed78641369,[]
v2n150_seed78641369_v250_sleeper_void,78641369,250,test,sleeper_void,v2_seed78641369,"[{""type"": ""sleeper_void"", ""label"": ""sleeper_void"", ""start_m"": 178.8, ""count"": 5, ""side"": ""right"", ""directions"": ""vertical"", ""delta_gap_mm"": 1.072}]"
v2n150_seed78641369_v250_coupled_ballast_subgrade_separate,78641369,250,test,coupled_ballast_subgrade_separate,v2_seed78641369,"[{""type"": ""ballast_condition"", ""label"": ""ballast_softened"", ""start_m"": 192.0, ""count"": 40, ""side"": ""right"", ""directions"": ""vertical"", ""stiffness_factor_eta_k"": 0.8099, ""damping_factor_eta_c"": 1.0}, {""type"": ""subgrade_condition"", ""label"": ""subgrade_softened"", ""start_m"": 228.0, ""count"": 8, ""side"": ""left"", ""directions"": ""vertical"", ""stiffness_factor_eta_k"": 0.2862, ""damping_factor_eta_c"": 1.0}]"
v2n151_seed75996993_v215_baseline,75996993,215,train,baseline,v2_seed75996993,[]
v2n151_seed75996993_v215_fastener,75996993,215,train,fastener,v2_seed75996993,"[{""type"": ""fastener_failure"", ""label"": ""fastener_eta"", ""start_m"": 266.4, ""count"": 5, ""side"": ""left"", ""directions"": ""both"", ""stiffness_factor_eta_k"": 0.95, ""damping_factor_eta_c"": 1.0}]"
v2n151_seed75996993_v215_sleeper_void,75996993,215,train,sleeper_void,v2_seed75996993,"[{""type"": ""sleeper_void"", ""label"": ""sleeper_void"", ""start_m"": 164.4, ""count"": 8, ""side"": ""both"", ""directions"": ""vertical"", ""delta_gap_mm"": 3.673}]"
v2n151_seed75996993_v215_ballast,75996993,215,train,ballast,v2_seed75996993,"[{""type"": ""ballast_condition"", ""label"": ""ballast_softened"", ""start_m"": 152.4, ""count"": 40, ""side"": ""right"", ""directions"": ""vertical"", ""stiffness_factor_eta_k"": 0.8625, ""damping_factor_eta_c"": 1.0}]"
v2n151_seed75996993_v215_subgrade,75996993,215,train,subgrade,v2_seed75996993,"[{""type"": ""subgrade_condition"", ""label"": ""subgrade_hardened"", ""start_m"": 208.2, ""count"": 80, ""side"": ""left"", ""directions"": ""vertical"", ""stiffness_factor_eta_k"": 1.0713, ""damping_factor_eta_c"": 1.0}]"
v2n151_seed75996993_v215_coupled_fastener_ballast_overlap,75996993,215,train,coupled_fastener_ballast_overlap,v2_seed75996993,"[{""type"": ""fastener_failure"", ""label"": ""fastener_eta"", ""start_m"": 223.2, ""count"": 20, ""side"": ""left"", ""directions"": ""both"", ""stiffness_factor_eta_k"": 1.25, ""damping_factor_eta_c"": 1.0}, {""type"": ""ballast_condition"", ""label"": ""ballast_softened"", ""start_m"": 223.2, ""count"": 12, ""side"": ""left"", ""directions"": ""vertical"", ""stiffness_factor_eta_k"": 0.4254, ""damping_factor_eta_c"": 1.0}]"
v2n151_seed75996993_v215_coupled_fastener_sleeper_void_partial_overlap,75996993,215,train,coupled_fastener_sleeper_void_partial_overlap,v2_seed75996993,"[{""type"": ""fastener_failure"", ""label"": ""fastener_eta"", ""start_m"": 229.2, ""count"": 1, ""side"": ""right"", ""directions"": ""both"", ""stiffness_factor_eta_k"": 0.0, ""damping_factor_eta_c"": 1.0}, {""type"": ""sleeper_void"", ""label"": ""sleeper_void"", ""start_m"": 229.8, ""count"": 8, ""side"": ""left"", ""directions"": ""vertical"", ""delta_gap_mm"": 1.901}]"
v2n151_seed75996993_v250_baseline,75996993,250,train,baseline,v2_seed75996993,[]
v2n151_seed75996993_v250_ballast,75996993,250,train,ballast,v2_seed75996993,"[{""type"": ""ballast_condition"", ""label"": ""ballast_softened"", ""start_m"": 152.4, ""count"": 40, ""side"": ""right"", ""directions"": ""vertical"", ""stiffness_factor_eta_k"": 0.8625, ""damping_factor_eta_c"": 1.0}]"
v2n151_seed75996993_v250_coupled_fastener_ballast_overlap,75996993,250,train,coupled_fastener_ballast_overlap,v2_seed75996993,"[{""type"": ""fastener_failure"", ""label"": ""fastener_eta"", ""start_m"": 223.2, ""count"": 20, ""side"": ""left"", ""directions"": ""both"", ""stiffness_factor_eta_k"": 1.25, ""damping_factor_eta_c"": 1.0}, {""type"": ""ballast_condition"", ""label"": ""ballast_softened"", ""start_m"": 223.2, ""count"": 12, ""side"": ""left"", ""directions"": ""vertical"", ""stiffness_factor_eta_k"": 0.4254, ""damping_factor_eta_c"": 1.0}]"
v2n152_seed32190276_v250_baseline,32190276,250,train,baseline,v2_seed32190276,[]
v2n152_seed32190276_v250_fastener,32190276,250,train,fastener,v2_seed32190276,"[{""type"": ""fastener_failure"", ""label"": ""fastener_eta"", ""start_m"": 188.4, ""count"": 8, ""side"": ""right"", ""directions"": ""both"", ""stiffness_factor_eta_k"": 1.05, ""damping_factor_eta_c"": 1.0}]"
v2n152_seed32190276_v250_sleeper_void,32190276,250,train,sleeper_void,v2_seed32190276,"[{""type"": ""sleeper_void"", ""label"": ""sleeper_void"", ""start_m"": 275.4, ""count"": 12, ""side"": ""left"", ""directions"": ""vertical"", ""delta_gap_mm"": 0.262}]"
v2n152_seed32190276_v250_ballast,32190276,250,train,ballast,v2_seed32190276,"[{""type"": ""ballast_condition"", ""label"": ""ballast_hardened"", ""start_m"": 197.4, ""count"": 80, ""side"": ""both"", ""directions"": ""vertical"", ""stiffness_factor_eta_k"": 1.0573, ""damping_factor_eta_c"": 1.0}]"
v2n152_seed32190276_v250_subgrade,32190276,250,train,subgrade,v2_seed32190276,"[{""type"": ""subgrade_condition"", ""label"": ""subgrade_hardened"", ""start_m"": 263.4, ""count"": 3, ""side"": ""right"", ""directions"": ""vertical"", ""stiffness_factor_eta_k"": 2.8494, ""damping_factor_eta_c"": 1.0}]"
v2n152_seed32190276_v250_coupled_fastener_subgrade_partial_overlap,32190276,250,train,coupled_fastener_subgrade_partial_overlap,v2_seed32190276,"[{""type"": ""fastener_failure"", ""label"": ""fastener_eta"", ""start_m"": 180.0, ""count"": 1, ""side"": ""right"", ""directions"": ""both"", ""stiffness_factor_eta_k"": 0.0, ""damping_factor_eta_c"": 1.0}, {""type"": ""subgrade_condition"", ""label"": ""subgrade_softened"", ""start_m"": 180.6, ""count"": 20, ""side"": ""both"", ""directions"": ""vertical"", ""stiffness_factor_eta_k"": 0.7429, ""damping_factor_eta_c"": 1.0}]"
v2n152_seed32190276_v250_coupled_ballast_sleeper_void_separate,32190276,250,train,coupled_ballast_sleeper_void_separate,v2_seed32190276,"[{""type"": ""ballast_condition"", ""label"": ""ballast_hardened"", ""start_m"": 225.6, ""count"": 5, ""side"": ""right"", ""directions"": ""vertical"", ""stiffness_factor_eta_k"": 4.953, ""damping_factor_eta_c"": 1.0}, {""type"": ""sleeper_void"", ""label"": ""sleeper_void"", ""start_m"": 244.8, ""count"": 12, ""side"": ""right"", ""directions"": ""vertical"", ""delta_gap_mm"": 2.564}]"
v2n152_seed32190276_v200_baseline,32190276,200,train,baseline,v2_seed32190276,[]
v2n152_seed32190276_v200_subgrade,32190276,200,train,subgrade,v2_seed32190276,"[{""type"": ""subgrade_condition"", ""label"": ""subgrade_hardened"", ""start_m"": 263.4, ""count"": 3, ""side"": ""right"", ""directions"": ""vertical"", ""stiffness_factor_eta_k"": 2.8494, ""damping_factor_eta_c"": 1.0}]"
v2n152_seed32190276_v200_coupled_fastener_subgrade_partial_overlap,32190276,200,train,coupled_fastener_subgrade_partial_overlap,v2_seed32190276,"[{""type"": ""fastener_failure"", ""label"": ""fastener_eta"", ""start_m"": 180.0, ""count"": 1, ""side"": ""right"", ""directions"": ""both"", ""stiffness_factor_eta_k"": 0.0, ""damping_factor_eta_c"": 1.0}, {""type"": ""subgrade_condition"", ""label"": ""subgrade_softened"", ""start_m"": 180.6, ""count"": 20, ""side"": ""both"", ""directions"": ""vertical"", ""stiffness_factor_eta_k"": 0.7429, ""damping_factor_eta_c"": 1.0}]"
v2n153_seed26301977_v160_baseline,26301977,160,test,baseline,v2_seed26301977,[]
v2n153_seed26301977_v160_fastener,26301977,160,test,fastener,v2_seed26301977,"[{""type"": ""fastener_failure"", ""label"": ""fastener_eta"", ""start_m"": 253.2, ""count"": 12, ""side"": ""both"", ""directions"": ""both"", ""stiffness_factor_eta_k"": 1.1, ""damping_factor_eta_c"": 1.0}]"
v2n153_seed26301977_v160_sleeper_void,26301977,160,test,sleeper_void,v2_seed26301977,"[{""type"": ""sleeper_void"", ""label"": ""sleeper_void"", ""start_m"": 243.6, ""count"": 20, ""side"": ""right"", ""directions"": ""vertical"", ""delta_gap_mm"": 0.778}]"
v2n153_seed26301977_v160_ballast,26301977,160,test,ballast,v2_seed26301977,"[{""type"": ""ballast_condition"", ""label"": ""ballast_hardened"", ""start_m"": 204.6, ""count"": 3, ""side"": ""left"", ""directions"": ""vertical"", ""stiffness_factor_eta_k"": 1.5234, ""damping_factor_eta_c"": 1.0}]"
v2n153_seed26301977_v160_subgrade,26301977,160,test,subgrade,v2_seed26301977,"[{""type"": ""subgrade_condition"", ""label"": ""subgrade_hardened"", ""start_m"": 230.4, ""count"": 5, ""side"": ""both"", ""directions"": ""vertical"", ""stiffness_factor_eta_k"": 6.4345, ""damping_factor_eta_c"": 1.0}]"
v2n153_seed26301977_v160_coupled_ballast_subgrade_separate,26301977,160,test,coupled_ballast_subgrade_separate,v2_seed26301977,"[{""type"": ""ballast_condition"", ""label"": ""ballast_hardened"", ""start_m"": 204.6, ""count"": 5, ""side"": ""right"", ""directions"": ""vertical"", ""stiffness_factor_eta_k"": 3.2944, ""damping_factor_eta_c"": 1.0}, {""type"": ""subgrade_condition"", ""label"": ""subgrade_hardened"", ""start_m"": 240.6, ""count"": 40, ""side"": ""left"", ""directions"": ""vertical"", ""stiffness_factor_eta_k"": 1.1715, ""damping_factor_eta_c"": 1.0}]"
v2n153_seed26301977_v160_coupled_subgrade_sleeper_void_overlap,26301977,160,test,coupled_subgrade_sleeper_void_overlap,v2_seed26301977,"[{""type"": ""subgrade_condition"", ""label"": ""subgrade_softened"", ""start_m"": 189.6, ""count"": 8, ""side"": ""left"", ""directions"": ""vertical"", ""stiffness_factor_eta_k"": 0.167, ""damping_factor_eta_c"": 1.0}, {""type"": ""sleeper_void"", ""label"": ""sleeper_void"", ""start_m"": 189.6, ""count"": 20, ""side"": ""both"", ""directions"": ""vertical"", ""delta_gap_mm"": 0.255}]"
v2n153_seed26301977_v200_baseline,26301977,200,test,baseline,v2_seed26301977,[]
v2n153_seed26301977_v200_fastener,26301977,200,test,fastener,v2_seed26301977,"[{""type"": ""fastener_failure"", ""label"": ""fastener_eta"", ""start_m"": 253.2, ""count"": 12, ""side"": ""both"", ""directions"": ""both"", ""stiffness_factor_eta_k"": 1.1, ""damping_factor_eta_c"": 1.0}]"
v2n153_seed26301977_v200_coupled_ballast_subgrade_separate,26301977,200,test,coupled_ballast_subgrade_separate,v2_seed26301977,"[{""type"": ""ballast_condition"", ""label"": ""ballast_hardened"", ""start_m"": 204.6, ""count"": 5, ""side"": ""right"", ""directions"": ""vertical"", ""stiffness_factor_eta_k"": 3.2944, ""damping_factor_eta_c"": 1.0}, {""type"": ""subgrade_condition"", ""label"": ""subgrade_hardened"", ""start_m"": 240.6, ""count"": 40, ""side"": ""left"", ""directions"": ""vertical"", ""stiffness_factor_eta_k"": 1.1715, ""damping_factor_eta_c"": 1.0}]"
v2n154_seed24691634_v200_baseline,24691634,200,val,baseline,v2_seed24691634,[]
v2n154_seed24691634_v200_fastener,24691634,200,val,fastener,v2_seed24691634,"[{""type"": ""fastener_failure"", ""label"": ""fastener_eta"", ""start_m"": 228.6, ""count"": 20, ""side"": ""left"", ""directions"": ""both"", ""stiffness_factor_eta_k"": 1.25, ""damping_factor_eta_c"": 1.0}]"
v2n154_seed24691634_v200_sleeper_void,24691634,200,val,sleeper_void,v2_seed24691634,"[{""type"": ""sleeper_void"", ""label"": ""sleeper_void"", ""start_m"": 280.2, ""count"": 1, ""side"": ""both"", ""directions"": ""vertical"", ""delta_gap_mm"": 1.973}]"
v2n154_seed24691634_v200_ballast,24691634,200,val,ballast,v2_seed24691634,"[{""type"": ""ballast_condition"", ""label"": ""ballast_hardened"", ""start_m"": 165.6, ""count"": 5, ""side"": ""right"", ""directions"": ""vertical"", ""stiffness_factor_eta_k"": 6.2726, ""damping_factor_eta_c"": 1.0}]"
v2n154_seed24691634_v200_subgrade,24691634,200,val,subgrade,v2_seed24691634,"[{""type"": ""subgrade_condition"", ""label"": ""subgrade_softened"", ""start_m"": 170.4, ""count"": 8, ""side"": ""left"", ""directions"": ""vertical"", ""stiffness_factor_eta_k"": 0.2356, ""damping_factor_eta_c"": 1.0}]"
v2n154_seed24691634_v200_coupled_fastener_ballast_overlap,24691634,200,val,coupled_fastener_ballast_overlap,v2_seed24691634,"[{""type"": ""fastener_failure"", ""label"": ""fastener_eta"", ""start_m"": 196.2, ""count"": 3, ""side"": ""left"", ""directions"": ""both"", ""stiffness_factor_eta_k"": 0.25, ""damping_factor_eta_c"": 1.0}, {""type"": ""ballast_condition"", ""label"": ""ballast_hardened"", ""start_m"": 196.2, ""count"": 80, ""side"": ""left"", ""directions"": ""vertical"", ""stiffness_factor_eta_k"": 2.646, ""damping_factor_eta_c"": 1.0}]"
v2n154_seed24691634_v200_coupled_fastener_sleeper_void_partial_overlap,24691634,200,val,coupled_fastener_sleeper_void_partial_overlap,v2_seed24691634,"[{""type"": ""fastener_failure"", ""label"": ""fastener_eta"", ""start_m"": 207.0, ""count"": 5, ""side"": ""right"", ""directions"": ""both"", ""stiffness_factor_eta_k"": 0.5, ""damping_factor_eta_c"": 1.0}, {""type"": ""sleeper_void"", ""label"": ""sleeper_void"", ""start_m"": 207.6, ""count"": 1, ""side"": ""left"", ""directions"": ""vertical"", ""delta_gap_mm"": 0.637}]"
v2n154_seed24691634_v250_baseline,24691634,250,val,baseline,v2_seed24691634,[]
v2n154_seed24691634_v250_sleeper_void,24691634,250,val,sleeper_void,v2_seed24691634,"[{""type"": ""sleeper_void"", ""label"": ""sleeper_void"", ""start_m"": 280.2, ""count"": 1, ""side"": ""both"", ""directions"": ""vertical"", ""delta_gap_mm"": 1.973}]"
v2n154_seed24691634_v250_coupled_fastener_ballast_overlap,24691634,250,val,coupled_fastener_ballast_overlap,v2_seed24691634,"[{""type"": ""fastener_failure"", ""label"": ""fastener_eta"", ""start_m"": 196.2, ""count"": 3, ""side"": ""left"", ""directions"": ""both"", ""stiffness_factor_eta_k"": 0.25, ""damping_factor_eta_c"": 1.0}, {""type"": ""ballast_condition"", ""label"": ""ballast_hardened"", ""start_m"": 196.2, ""count"": 80, ""side"": ""left"", ""directions"": ""vertical"", ""stiffness_factor_eta_k"": 2.646, ""damping_factor_eta_c"": 1.0}]"
v2n155_seed38619592_v215_baseline,38619592,215,train,baseline,v2_seed38619592,[]
v2n155_seed38619592_v215_fastener,38619592,215,train,fastener,v2_seed38619592,"[{""type"": ""fastener_failure"", ""label"": ""fastener_eta"", ""start_m"": 217.2, ""count"": 1, ""side"": ""right"", ""directions"": ""both"", ""stiffness_factor_eta_k"": 0.0, ""damping_factor_eta_c"": 1.0}]"
v2n155_seed38619592_v215_sleeper_void,38619592,215,train,sleeper_void,v2_seed38619592,"[{""type"": ""sleeper_void"", ""label"": ""sleeper_void"", ""start_m"": 235.2, ""count"": 2, ""side"": ""left"", ""directions"": ""vertical"", ""delta_gap_mm"": 2.008}]"
v2n155_seed38619592_v215_ballast,38619592,215,train,ballast,v2_seed38619592,"[{""type"": ""ballast_condition"", ""label"": ""ballast_softened"", ""start_m"": 231.0, ""count"": 8, ""side"": ""both"", ""directions"": ""vertical"", ""stiffness_factor_eta_k"": 0.2026, ""damping_factor_eta_c"": 1.0}]"
v2n155_seed38619592_v215_subgrade,38619592,215,train,subgrade,v2_seed38619592,"[{""type"": ""subgrade_condition"", ""label"": ""subgrade_softened"", ""start_m"": 289.8, ""count"": 12, ""side"": ""right"", ""directions"": ""vertical"", ""stiffness_factor_eta_k"": 0.5299, ""damping_factor_eta_c"": 1.0}]"
v2n155_seed38619592_v215_coupled_fastener_subgrade_partial_overlap,38619592,215,train,coupled_fastener_subgrade_partial_overlap,v2_seed38619592,"[{""type"": ""fastener_failure"", ""label"": ""fastener_eta"", ""start_m"": 193.2, ""count"": 5, ""side"": ""right"", ""directions"": ""both"", ""stiffness_factor_eta_k"": 0.5, ""damping_factor_eta_c"": 1.0}, {""type"": ""subgrade_condition"", ""label"": ""subgrade_hardened"", ""start_m"": 193.8, ""count"": 3, ""side"": ""both"", ""directions"": ""vertical"", ""stiffness_factor_eta_k"": 4.8434, ""damping_factor_eta_c"": 1.0}]"
v2n155_seed38619592_v215_coupled_ballast_sleeper_void_separate,38619592,215,train,coupled_ballast_sleeper_void_separate,v2_seed38619592,"[{""type"": ""ballast_condition"", ""label"": ""ballast_softened"", ""start_m"": 181.8, ""count"": 20, ""side"": ""right"", ""directions"": ""vertical"", ""stiffness_factor_eta_k"": 0.8696, ""damping_factor_eta_c"": 1.0}, {""type"": ""sleeper_void"", ""label"": ""sleeper_void"", ""start_m"": 205.8, ""count"": 2, ""side"": ""right"", ""directions"": ""vertical"", ""delta_gap_mm"": 1.373}]"
v2n155_seed38619592_v250_baseline,38619592,250,train,baseline,v2_seed38619592,[]
v2n155_seed38619592_v250_ballast,38619592,250,train,ballast,v2_seed38619592,"[{""type"": ""ballast_condition"", ""label"": ""ballast_softened"", ""start_m"": 231.0, ""count"": 8, ""side"": ""both"", ""directions"": ""vertical"", ""stiffness_factor_eta_k"": 0.2026, ""damping_factor_eta_c"": 1.0}]"
v2n155_seed38619592_v250_coupled_fastener_subgrade_partial_overlap,38619592,250,train,coupled_fastener_subgrade_partial_overlap,v2_seed38619592,"[{""type"": ""fastener_failure"", ""label"": ""fastener_eta"", ""start_m"": 193.2, ""count"": 5, ""side"": ""right"", ""directions"": ""both"", ""stiffness_factor_eta_k"": 0.5, ""damping_factor_eta_c"": 1.0}, {""type"": ""subgrade_condition"", ""label"": ""subgrade_hardened"", ""start_m"": 193.8, ""count"": 3, ""side"": ""both"", ""directions"": ""vertical"", ""stiffness_factor_eta_k"": 4.8434, ""damping_factor_eta_c"": 1.0}]"
v2n156_seed91652452_v250_baseline,91652452,250,val,baseline,v2_seed91652452,[]
v2n156_seed91652452_v250_fastener,91652452,250,val,fastener,v2_seed91652452,"[{""type"": ""fastener_failure"", ""label"": ""fastener_eta"", ""start_m"": 274.8, ""count"": 2, ""side"": ""both"", ""directions"": ""both"", ""stiffness_factor_eta_k"": 0.1, ""damping_factor_eta_c"": 1.0}]"
v2n156_seed91652452_v250_sleeper_void,91652452,250,val,sleeper_void,v2_seed91652452,"[{""type"": ""sleeper_void"", ""label"": ""sleeper_void"", ""start_m"": 284.4, ""count"": 3, ""side"": ""right"", ""directions"": ""vertical"", ""delta_gap_mm"": 0.247}]"
v2n156_seed91652452_v250_ballast,91652452,250,val,ballast,v2_seed91652452,"[{""type"": ""ballast_condition"", ""label"": ""ballast_softened"", ""start_m"": 187.2, ""count"": 12, ""side"": ""left"", ""directions"": ""vertical"", ""stiffness_factor_eta_k"": 0.5737, ""damping_factor_eta_c"": 1.0}]"
v2n156_seed91652452_v250_subgrade,91652452,250,val,subgrade,v2_seed91652452,"[{""type"": ""subgrade_condition"", ""label"": ""subgrade_softened"", ""start_m"": 200.4, ""count"": 20, ""side"": ""both"", ""directions"": ""vertical"", ""stiffness_factor_eta_k"": 0.8764, ""damping_factor_eta_c"": 1.0}]"
v2n156_seed91652452_v250_coupled_ballast_subgrade_separate,91652452,250,val,coupled_ballast_subgrade_separate,v2_seed91652452,"[{""type"": ""ballast_condition"", ""label"": ""ballast_softened"", ""start_m"": 206.4, ""count"": 20, ""side"": ""right"", ""directions"": ""vertical"", ""stiffness_factor_eta_k"": 0.8104, ""damping_factor_eta_c"": 1.0}, {""type"": ""subgrade_condition"", ""label"": ""subgrade_softened"", ""start_m"": 230.4, ""count"": 5, ""side"": ""left"", ""directions"": ""vertical"", ""stiffness_factor_eta_k"": 0.1349, ""damping_factor_eta_c"": 1.0}]"
v2n156_seed91652452_v250_coupled_subgrade_sleeper_void_overlap,91652452,250,val,coupled_subgrade_sleeper_void_overlap,v2_seed91652452,"[{""type"": ""subgrade_condition"", ""label"": ""subgrade_hardened"", ""start_m"": 208.8, ""count"": 40, ""side"": ""left"", ""directions"": ""vertical"", ""stiffness_factor_eta_k"": 1.2692, ""damping_factor_eta_c"": 1.0}, {""type"": ""sleeper_void"", ""label"": ""sleeper_void"", ""start_m"": 208.8, ""count"": 3, ""side"": ""both"", ""directions"": ""vertical"", ""delta_gap_mm"": 3.864}]"
v2n156_seed91652452_v200_baseline,91652452,200,val,baseline,v2_seed91652452,[]
v2n156_seed91652452_v200_subgrade,91652452,200,val,subgrade,v2_seed91652452,"[{""type"": ""subgrade_condition"", ""label"": ""subgrade_softened"", ""start_m"": 200.4, ""count"": 20, ""side"": ""both"", ""directions"": ""vertical"", ""stiffness_factor_eta_k"": 0.8764, ""damping_factor_eta_c"": 1.0}]"
v2n156_seed91652452_v200_coupled_ballast_subgrade_separate,91652452,200,val,coupled_ballast_subgrade_separate,v2_seed91652452,"[{""type"": ""ballast_condition"", ""label"": ""ballast_softened"", ""start_m"": 206.4, ""count"": 20, ""side"": ""right"", ""directions"": ""vertical"", ""stiffness_factor_eta_k"": 0.8104, ""damping_factor_eta_c"": 1.0}, {""type"": ""subgrade_condition"", ""label"": ""subgrade_softened"", ""start_m"": 230.4, ""count"": 5, ""side"": ""left"", ""directions"": ""vertical"", ""stiffness_factor_eta_k"": 0.1349, ""damping_factor_eta_c"": 1.0}]"
v2n157_seed32233703_v160_baseline,32233703,160,test,baseline,v2_seed32233703,[]
v2n157_seed32233703_v160_fastener,32233703,160,test,fastener,v2_seed32233703,"[{""type"": ""fastener_failure"", ""label"": ""fastener_eta"", ""start_m"": 294.6, ""count"": 3, ""side"": ""left"", ""directions"": ""both"", ""stiffness_factor_eta_k"": 0.25, ""damping_factor_eta_c"": 1.0}]"
v2n157_seed32233703_v160_sleeper_void,32233703,160,test,sleeper_void,v2_seed32233703,"[{""type"": ""sleeper_void"", ""label"": ""sleeper_void"", ""start_m"": 244.2, ""count"": 5, ""side"": ""both"", ""directions"": ""vertical"", ""delta_gap_mm"": 0.556}]"
v2n157_seed32233703_v160_ballast,32233703,160,test,ballast,v2_seed32233703,"[{""type"": ""ballast_condition"", ""label"": ""ballast_softened"", ""start_m"": 160.2, ""count"": 20, ""side"": ""right"", ""directions"": ""vertical"", ""stiffness_factor_eta_k"": 0.7569, ""damping_factor_eta_c"": 1.0}]"
v2n157_seed32233703_v160_subgrade,32233703,160,test,subgrade,v2_seed32233703,"[{""type"": ""subgrade_condition"", ""label"": ""subgrade_hardened"", ""start_m"": 174.0, ""count"": 40, ""side"": ""left"", ""directions"": ""vertical"", ""stiffness_factor_eta_k"": 1.2956, ""damping_factor_eta_c"": 1.0}]"
v2n157_seed32233703_v160_coupled_fastener_ballast_overlap,32233703,160,test,coupled_fastener_ballast_overlap,v2_seed32233703,"[{""type"": ""fastener_failure"", ""label"": ""fastener_eta"", ""start_m"": 235.8, ""count"": 12, ""side"": ""left"", ""directions"": ""both"", ""stiffness_factor_eta_k"": 0.85, ""damping_factor_eta_c"": 1.0}, {""type"": ""ballast_condition"", ""label"": ""ballast_softened"", ""start_m"": 235.8, ""count"": 8, ""side"": ""left"", ""directions"": ""vertical"", ""stiffness_factor_eta_k"": 0.6905, ""damping_factor_eta_c"": 1.0}]"
v2n157_seed32233703_v160_coupled_fastener_sleeper_void_partial_overlap,32233703,160,test,coupled_fastener_sleeper_void_partial_overlap,v2_seed32233703,"[{""type"": ""fastener_failure"", ""label"": ""fastener_eta"", ""start_m"": 190.8, ""count"": 20, ""side"": ""right"", ""directions"": ""both"", ""stiffness_factor_eta_k"": 0.9, ""damping_factor_eta_c"": 1.0}, {""type"": ""sleeper_void"", ""label"": ""sleeper_void"", ""start_m"": 192.0, ""count"": 5, ""side"": ""left"", ""directions"": ""vertical"", ""delta_gap_mm"": 0.305}]"
v2n157_seed32233703_v200_baseline,32233703,200,test,baseline,v2_seed32233703,[]
v2n157_seed32233703_v200_fastener,32233703,200,test,fastener,v2_seed32233703,"[{""type"": ""fastener_failure"", ""label"": ""fastener_eta"", ""start_m"": 294.6, ""count"": 3, ""side"": ""left"", ""directions"": ""both"", ""stiffness_factor_eta_k"": 0.25, ""damping_factor_eta_c"": 1.0}]"
v2n157_seed32233703_v200_coupled_fastener_ballast_overlap,32233703,200,test,coupled_fastener_ballast_overlap,v2_seed32233703,"[{""type"": ""fastener_failure"", ""label"": ""fastener_eta"", ""start_m"": 235.8, ""count"": 12, ""side"": ""left"", ""directions"": ""both"", ""stiffness_factor_eta_k"": 0.85, ""damping_factor_eta_c"": 1.0}, {""type"": ""ballast_condition"", ""label"": ""ballast_softened"", ""start_m"": 235.8, ""count"": 8, ""side"": ""left"", ""directions"": ""vertical"", ""stiffness_factor_eta_k"": 0.6905, ""damping_factor_eta_c"": 1.0}]"
v2n158_seed59069799_v200_baseline,59069799,200,train,baseline,v2_seed59069799,[]
v2n158_seed59069799_v200_fastener,59069799,200,train,fastener,v2_seed59069799,"[{""type"": ""fastener_failure"", ""label"": ""fastener_eta"", ""start_m"": 245.4, ""count"": 5, ""side"": ""right"", ""directions"": ""both"", ""stiffness_factor_eta_k"": 0.5, ""damping_factor_eta_c"": 1.0}]"
v2n158_seed59069799_v200_sleeper_void,59069799,200,train,sleeper_void,v2_seed59069799,"[{""type"": ""sleeper_void"", ""label"": ""sleeper_void"", ""start_m"": 160.8, ""count"": 8, ""side"": ""left"", ""directions"": ""vertical"", ""delta_gap_mm"": 1.907}]"
v2n158_seed59069799_v200_ballast,59069799,200,train,ballast,v2_seed59069799,"[{""type"": ""ballast_condition"", ""label"": ""ballast_hardened"", ""start_m"": 222.0, ""count"": 40, ""side"": ""both"", ""directions"": ""vertical"", ""stiffness_factor_eta_k"": 1.1867, ""damping_factor_eta_c"": 1.0}]"
v2n158_seed59069799_v200_subgrade,59069799,200,train,subgrade,v2_seed59069799,"[{""type"": ""subgrade_condition"", ""label"": ""subgrade_hardened"", ""start_m"": 294.0, ""count"": 80, ""side"": ""right"", ""directions"": ""vertical"", ""stiffness_factor_eta_k"": 1.992, ""damping_factor_eta_c"": 1.0}]"
v2n158_seed59069799_v200_coupled_fastener_subgrade_partial_overlap,59069799,200,train,coupled_fastener_subgrade_partial_overlap,v2_seed59069799,"[{""type"": ""fastener_failure"", ""label"": ""fastener_eta"", ""start_m"": 197.4, ""count"": 20, ""side"": ""right"", ""directions"": ""both"", ""stiffness_factor_eta_k"": 0.9, ""damping_factor_eta_c"": 1.0}, {""type"": ""subgrade_condition"", ""label"": ""subgrade_softened"", ""start_m"": 201.0, ""count"": 12, ""side"": ""both"", ""directions"": ""vertical"", ""stiffness_factor_eta_k"": 0.8097, ""damping_factor_eta_c"": 1.0}]"
v2n158_seed59069799_v200_coupled_ballast_sleeper_void_separate,59069799,200,train,coupled_ballast_sleeper_void_separate,v2_seed59069799,"[{""type"": ""ballast_condition"", ""label"": ""ballast_hardened"", ""start_m"": 232.2, ""count"": 3, ""side"": ""right"", ""directions"": ""vertical"", ""stiffness_factor_eta_k"": 5.5709, ""damping_factor_eta_c"": 1.0}, {""type"": ""sleeper_void"", ""label"": ""sleeper_void"", ""start_m"": 249.0, ""count"": 8, ""side"": ""right"", ""directions"": ""vertical"", ""delta_gap_mm"": 0.776}]"
v2n158_seed59069799_v250_baseline,59069799,250,train,baseline,v2_seed59069799,[]
v2n158_seed59069799_v250_sleeper_void,59069799,250,train,sleeper_void,v2_seed59069799,"[{""type"": ""sleeper_void"", ""label"": ""sleeper_void"", ""start_m"": 160.8, ""count"": 8, ""side"": ""left"", ""directions"": ""vertical"", ""delta_gap_mm"": 1.907}]"
v2n158_seed59069799_v250_coupled_fastener_subgrade_partial_overlap,59069799,250,train,coupled_fastener_subgrade_partial_overlap,v2_seed59069799,"[{""type"": ""fastener_failure"", ""label"": ""fastener_eta"", ""start_m"": 197.4, ""count"": 20, ""side"": ""right"", ""directions"": ""both"", ""stiffness_factor_eta_k"": 0.9, ""damping_factor_eta_c"": 1.0}, {""type"": ""subgrade_condition"", ""label"": ""subgrade_softened"", ""start_m"": 201.0, ""count"": 12, ""side"": ""both"", ""directions"": ""vertical"", ""stiffness_factor_eta_k"": 0.8097, ""damping_factor_eta_c"": 1.0}]"
v2n159_seed28219880_v215_baseline,28219880,215,test,baseline,v2_seed28219880,[]
v2n159_seed28219880_v215_fastener,28219880,215,test,fastener,v2_seed28219880,"[{""type"": ""fastener_failure"", ""label"": ""fastener_eta"", ""start_m"": 192.0, ""count"": 8, ""side"": ""both"", ""directions"": ""both"", ""stiffness_factor_eta_k"": 0.75, ""damping_factor_eta_c"": 1.0}]"
v2n159_seed28219880_v215_sleeper_void,28219880,215,test,sleeper_void,v2_seed28219880,"[{""type"": ""sleeper_void"", ""label"": ""sleeper_void"", ""start_m"": 243.6, ""count"": 12, ""side"": ""right"", ""directions"": ""vertical"", ""delta_gap_mm"": 2.067}]"
v2n159_seed28219880_v215_ballast,28219880,215,test,ballast,v2_seed28219880,"[{""type"": ""ballast_condition"", ""label"": ""ballast_hardened"", ""start_m"": 289.2, ""count"": 80, ""side"": ""left"", ""directions"": ""vertical"", ""stiffness_factor_eta_k"": 1.9343, ""damping_factor_eta_c"": 1.0}]"
v2n159_seed28219880_v215_subgrade,28219880,215,test,subgrade,v2_seed28219880,"[{""type"": ""subgrade_condition"", ""label"": ""subgrade_hardened"", ""start_m"": 230.4, ""count"": 3, ""side"": ""both"", ""directions"": ""vertical"", ""stiffness_factor_eta_k"": 7.5636, ""damping_factor_eta_c"": 1.0}]"
v2n159_seed28219880_v215_coupled_ballast_subgrade_separate,28219880,215,test,coupled_ballast_subgrade_separate,v2_seed28219880,"[{""type"": ""ballast_condition"", ""label"": ""ballast_hardened"", ""start_m"": 237.0, ""count"": 3, ""side"": ""right"", ""directions"": ""vertical"", ""stiffness_factor_eta_k"": 3.4346, ""damping_factor_eta_c"": 1.0}, {""type"": ""subgrade_condition"", ""label"": ""subgrade_hardened"", ""start_m"": 261.0, ""count"": 20, ""side"": ""left"", ""directions"": ""vertical"", ""stiffness_factor_eta_k"": 1.299, ""damping_factor_eta_c"": 1.0}]"
v2n159_seed28219880_v215_coupled_subgrade_sleeper_void_overlap,28219880,215,test,coupled_subgrade_sleeper_void_overlap,v2_seed28219880,"[{""type"": ""subgrade_condition"", ""label"": ""subgrade_softened"", ""start_m"": 225.0, ""count"": 5, ""side"": ""left"", ""directions"": ""vertical"", ""stiffness_factor_eta_k"": 0.1891, ""damping_factor_eta_c"": 1.0}, {""type"": ""sleeper_void"", ""label"": ""sleeper_void"", ""start_m"": 225.0, ""count"": 12, ""side"": ""both"", ""directions"": ""vertical"", ""delta_gap_mm"": 1.481}]"
v2n159_seed28219880_v250_baseline,28219880,250,test,baseline,v2_seed28219880,[]
v2n159_seed28219880_v250_ballast,28219880,250,test,ballast,v2_seed28219880,"[{""type"": ""ballast_condition"", ""label"": ""ballast_hardened"", ""start_m"": 289.2, ""count"": 80, ""side"": ""left"", ""directions"": ""vertical"", ""stiffness_factor_eta_k"": 1.9343, ""damping_factor_eta_c"": 1.0}]"
v2n159_seed28219880_v250_coupled_ballast_subgrade_separate,28219880,250,test,coupled_ballast_subgrade_separate,v2_seed28219880,"[{""type"": ""ballast_condition"", ""label"": ""ballast_hardened"", ""start_m"": 237.0, ""count"": 3, ""side"": ""right"", ""directions"": ""vertical"", ""stiffness_factor_eta_k"": 3.4346, ""damping_factor_eta_c"": 1.0}, {""type"": ""subgrade_condition"", ""label"": ""subgrade_hardened"", ""start_m"": 261.0, ""count"": 20, ""side"": ""left"", ""directions"": ""vertical"", ""stiffness_factor_eta_k"": 1.299, ""damping_factor_eta_c"": 1.0}]"
v2n160_seed44120044_v250_baseline,44120044,250,val,baseline,v2_seed44120044,[]
v2n160_seed44120044_v250_fastener,44120044,250,val,fastener,v2_seed44120044,"[{""type"": ""fastener_failure"", ""label"": ""fastener_eta"", ""start_m"": 265.2, ""count"": 12, ""side"": ""left"", ""directions"": ""both"", ""stiffness_factor_eta_k"": 0.85, ""damping_factor_eta_c"": 1.0}]"
v2n160_seed44120044_v250_sleeper_void,44120044,250,val,sleeper_void,v2_seed44120044,"[{""type"": ""sleeper_void"", ""label"": ""sleeper_void"", ""start_m"": 238.2, ""count"": 20, ""side"": ""both"", ""directions"": ""vertical"", ""delta_gap_mm"": 0.105}]"
v2n160_seed44120044_v250_ballast,44120044,250,val,ballast,v2_seed44120044,"[{""type"": ""ballast_condition"", ""label"": ""ballast_hardened"", ""start_m"": 299.4, ""count"": 3, ""side"": ""right"", ""directions"": ""vertical"", ""stiffness_factor_eta_k"": 5.7153, ""damping_factor_eta_c"": 1.0}]"
v2n160_seed44120044_v250_subgrade,44120044,250,val,subgrade,v2_seed44120044,"[{""type"": ""subgrade_condition"", ""label"": ""subgrade_softened"", ""start_m"": 156.0, ""count"": 5, ""side"": ""left"", ""directions"": ""vertical"", ""stiffness_factor_eta_k"": 0.2598, ""damping_factor_eta_c"": 1.0}]"
v2n160_seed44120044_v250_coupled_fastener_ballast_overlap,44120044,250,val,coupled_fastener_ballast_overlap,v2_seed44120044,"[{""type"": ""fastener_failure"", ""label"": ""fastener_eta"", ""start_m"": 180.0, ""count"": 2, ""side"": ""left"", ""directions"": ""both"", ""stiffness_factor_eta_k"": 1.05, ""damping_factor_eta_c"": 1.0}, {""type"": ""ballast_condition"", ""label"": ""ballast_hardened"", ""start_m"": 180.0, ""count"": 40, ""side"": ""left"", ""directions"": ""vertical"", ""stiffness_factor_eta_k"": 1.9726, ""damping_factor_eta_c"": 1.0}]"
v2n160_seed44120044_v250_coupled_fastener_sleeper_void_partial_overlap,44120044,250,val,coupled_fastener_sleeper_void_partial_overlap,v2_seed44120044,"[{""type"": ""fastener_failure"", ""label"": ""fastener_eta"", ""start_m"": 231.0, ""count"": 3, ""side"": ""right"", ""directions"": ""both"", ""stiffness_factor_eta_k"": 1.1, ""damping_factor_eta_c"": 1.0}, {""type"": ""sleeper_void"", ""label"": ""sleeper_void"", ""start_m"": 231.6, ""count"": 20, ""side"": ""left"", ""directions"": ""vertical"", ""delta_gap_mm"": 2.301}]"
v2n160_seed44120044_v200_baseline,44120044,200,val,baseline,v2_seed44120044,[]
v2n160_seed44120044_v200_subgrade,44120044,200,val,subgrade,v2_seed44120044,"[{""type"": ""subgrade_condition"", ""label"": ""subgrade_softened"", ""start_m"": 156.0, ""count"": 5, ""side"": ""left"", ""directions"": ""vertical"", ""stiffness_factor_eta_k"": 0.2598, ""damping_factor_eta_c"": 1.0}]"
v2n160_seed44120044_v200_coupled_fastener_ballast_overlap,44120044,200,val,coupled_fastener_ballast_overlap,v2_seed44120044,"[{""type"": ""fastener_failure"", ""label"": ""fastener_eta"", ""start_m"": 180.0, ""count"": 2, ""side"": ""left"", ""directions"": ""both"", ""stiffness_factor_eta_k"": 1.05, ""damping_factor_eta_c"": 1.0}, {""type"": ""ballast_condition"", ""label"": ""ballast_hardened"", ""start_m"": 180.0, ""count"": 40, ""side"": ""left"", ""directions"": ""vertical"", ""stiffness_factor_eta_k"": 1.9726, ""damping_factor_eta_c"": 1.0}]"
v2n161_seed60821296_v160_baseline,60821296,160,train,baseline,v2_seed60821296,[]
v2n161_seed60821296_v160_fastener,60821296,160,train,fastener,v2_seed60821296,"[{""type"": ""fastener_failure"", ""label"": ""fastener_eta"", ""start_m"": 229.2, ""count"": 20, ""side"": ""right"", ""directions"": ""both"", ""stiffness_factor_eta_k"": 0.9, ""damping_factor_eta_c"": 1.0}]"
v2n161_seed60821296_v160_sleeper_void,60821296,160,train,sleeper_void,v2_seed60821296,"[{""type"": ""sleeper_void"", ""label"": ""sleeper_void"", ""start_m"": 197.4, ""count"": 1, ""side"": ""left"", ""directions"": ""vertical"", ""delta_gap_mm"": 0.708}]"
v2n161_seed60821296_v160_ballast,60821296,160,train,ballast,v2_seed60821296,"[{""type"": ""ballast_condition"", ""label"": ""ballast_softened"", ""start_m"": 200.4, ""count"": 5, ""side"": ""both"", ""directions"": ""vertical"", ""stiffness_factor_eta_k"": 0.293, ""damping_factor_eta_c"": 1.0}]"
v2n161_seed60821296_v160_subgrade,60821296,160,train,subgrade,v2_seed60821296,"[{""type"": ""subgrade_condition"", ""label"": ""subgrade_softened"", ""start_m"": 158.4, ""count"": 8, ""side"": ""right"", ""directions"": ""vertical"", ""stiffness_factor_eta_k"": 0.4187, ""damping_factor_eta_c"": 1.0}]"
v2n161_seed60821296_v160_coupled_fastener_subgrade_partial_overlap,60821296,160,train,coupled_fastener_subgrade_partial_overlap,v2_seed60821296,"[{""type"": ""fastener_failure"", ""label"": ""fastener_eta"", ""start_m"": 211.2, ""count"": 3, ""side"": ""right"", ""directions"": ""both"", ""stiffness_factor_eta_k"": 1.1, ""damping_factor_eta_c"": 1.0}, {""type"": ""subgrade_condition"", ""label"": ""subgrade_hardened"", ""start_m"": 211.8, ""count"": 80, ""side"": ""both"", ""directions"": ""vertical"", ""stiffness_factor_eta_k"": 5.8626, ""damping_factor_eta_c"": 1.0}]"
v2n161_seed60821296_v160_coupled_ballast_sleeper_void_separate,60821296,160,train,coupled_ballast_sleeper_void_separate,v2_seed60821296,"[{""type"": ""ballast_condition"", ""label"": ""ballast_softened"", ""start_m"": 201.6, ""count"": 12, ""side"": ""right"", ""directions"": ""vertical"", ""stiffness_factor_eta_k"": 0.734, ""damping_factor_eta_c"": 1.0}, {""type"": ""sleeper_void"", ""label"": ""sleeper_void"", ""start_m"": 220.8, ""count"": 1, ""side"": ""right"", ""directions"": ""vertical"", ""delta_gap_mm"": 0.159}]"
v2n161_seed60821296_v200_baseline,60821296,200,train,baseline,v2_seed60821296,[]
v2n161_seed60821296_v200_fastener,60821296,200,train,fastener,v2_seed60821296,"[{""type"": ""fastener_failure"", ""label"": ""fastener_eta"", ""start_m"": 229.2, ""count"": 20, ""side"": ""right"", ""directions"": ""both"", ""stiffness_factor_eta_k"": 0.9, ""damping_factor_eta_c"": 1.0}]"
v2n161_seed60821296_v200_coupled_fastener_subgrade_partial_overlap,60821296,200,train,coupled_fastener_subgrade_partial_overlap,v2_seed60821296,"[{""type"": ""fastener_failure"", ""label"": ""fastener_eta"", ""start_m"": 211.2, ""count"": 3, ""side"": ""right"", ""directions"": ""both"", ""stiffness_factor_eta_k"": 1.1, ""damping_factor_eta_c"": 1.0}, {""type"": ""subgrade_condition"", ""label"": ""subgrade_hardened"", ""start_m"": 211.8, ""count"": 80, ""side"": ""both"", ""directions"": ""vertical"", ""stiffness_factor_eta_k"": 5.8626, ""damping_factor_eta_c"": 1.0}]"
v2n162_seed62301603_v200_baseline,62301603,200,train,baseline,v2_seed62301603,[]
v2n162_seed62301603_v200_fastener,62301603,200,train,fastener,v2_seed62301603,"[{""type"": ""fastener_failure"", ""label"": ""fastener_eta"", ""start_m"": 219.0, ""count"": 1, ""side"": ""both"", ""directions"": ""both"", ""stiffness_factor_eta_k"": 0.95, ""damping_factor_eta_c"": 1.0}]"
v2n162_seed62301603_v200_sleeper_void,62301603,200,train,sleeper_void,v2_seed62301603,"[{""type"": ""sleeper_void"", ""label"": ""sleeper_void"", ""start_m"": 247.8, ""count"": 2, ""side"": ""right"", ""directions"": ""vertical"", ""delta_gap_mm"": 1.297}]"
v2n162_seed62301603_v200_ballast,62301603,200,train,ballast,v2_seed62301603,"[{""type"": ""ballast_condition"", ""label"": ""ballast_softened"", ""start_m"": 217.8, ""count"": 8, ""side"": ""left"", ""directions"": ""vertical"", ""stiffness_factor_eta_k"": 0.3907, ""damping_factor_eta_c"": 1.0}]"
v2n162_seed62301603_v200_subgrade,62301603,200,train,subgrade,v2_seed62301603,"[{""type"": ""subgrade_condition"", ""label"": ""subgrade_softened"", ""start_m"": 268.8, ""count"": 12, ""side"": ""both"", ""directions"": ""vertical"", ""stiffness_factor_eta_k"": 0.7019, ""damping_factor_eta_c"": 1.0}]"
v2n162_seed62301603_v200_coupled_ballast_subgrade_separate,62301603,200,train,coupled_ballast_subgrade_separate,v2_seed62301603,"[{""type"": ""ballast_condition"", ""label"": ""ballast_softened"", ""start_m"": 219.0, ""count"": 12, ""side"": ""right"", ""directions"": ""vertical"", ""stiffness_factor_eta_k"": 0.8838, ""damping_factor_eta_c"": 1.0}, {""type"": ""subgrade_condition"", ""label"": ""subgrade_softened"", ""start_m"": 238.2, ""count"": 3, ""side"": ""left"", ""directions"": ""vertical"", ""stiffness_factor_eta_k"": 0.2371, ""damping_factor_eta_c"": 1.0}]"
v2n162_seed62301603_v200_coupled_subgrade_sleeper_void_overlap,62301603,200,train,coupled_subgrade_sleeper_void_overlap,v2_seed62301603,"[{""type"": ""subgrade_condition"", ""label"": ""subgrade_hardened"", ""start_m"": 208.8, ""count"": 20, ""side"": ""left"", ""directions"": ""vertical"", ""stiffness_factor_eta_k"": 1.0867, ""damping_factor_eta_c"": 1.0}, {""type"": ""sleeper_void"", ""label"": ""sleeper_void"", ""start_m"": 208.8, ""count"": 2, ""side"": ""both"", ""directions"": ""vertical"", ""delta_gap_mm"": 0.591}]"
v2n162_seed62301603_v250_baseline,62301603,250,train,baseline,v2_seed62301603,[]
v2n162_seed62301603_v250_sleeper_void,62301603,250,train,sleeper_void,v2_seed62301603,"[{""type"": ""sleeper_void"", ""label"": ""sleeper_void"", ""start_m"": 247.8, ""count"": 2, ""side"": ""right"", ""directions"": ""vertical"", ""delta_gap_mm"": 1.297}]"
v2n162_seed62301603_v250_coupled_ballast_subgrade_separate,62301603,250,train,coupled_ballast_subgrade_separate,v2_seed62301603,"[{""type"": ""ballast_condition"", ""label"": ""ballast_softened"", ""start_m"": 219.0, ""count"": 12, ""side"": ""right"", ""directions"": ""vertical"", ""stiffness_factor_eta_k"": 0.8838, ""damping_factor_eta_c"": 1.0}, {""type"": ""subgrade_condition"", ""label"": ""subgrade_softened"", ""start_m"": 238.2, ""count"": 3, ""side"": ""left"", ""directions"": ""vertical"", ""stiffness_factor_eta_k"": 0.2371, ""damping_factor_eta_c"": 1.0}]"
v2n163_seed12242633_v215_baseline,12242633,215,train,baseline,v2_seed12242633,[]
v2n163_seed12242633_v215_fastener,12242633,215,train,fastener,v2_seed12242633,"[{""type"": ""fastener_failure"", ""label"": ""fastener_eta"", ""start_m"": 174.0, ""count"": 2, ""side"": ""left"", ""directions"": ""both"", ""stiffness_factor_eta_k"": 1.05, ""damping_factor_eta_c"": 1.0}]"
v2n163_seed12242633_v215_sleeper_void,12242633,215,train,sleeper_void,v2_seed12242633,"[{""type"": ""sleeper_void"", ""label"": ""sleeper_void"", ""start_m"": 232.2, ""count"": 3, ""side"": ""both"", ""directions"": ""vertical"", ""delta_gap_mm"": 3.367}]"
v2n163_seed12242633_v215_ballast,12242633,215,train,ballast,v2_seed12242633,"[{""type"": ""ballast_condition"", ""label"": ""ballast_softened"", ""start_m"": 188.4, ""count"": 12, ""side"": ""right"", ""directions"": ""vertical"", ""stiffness_factor_eta_k"": 0.7097, ""damping_factor_eta_c"": 1.0}]"
v2n163_seed12242633_v215_subgrade,12242633,215,train,subgrade,v2_seed12242633,"[{""type"": ""subgrade_condition"", ""label"": ""subgrade_hardened"", ""start_m"": 241.8, ""count"": 20, ""side"": ""left"", ""directions"": ""vertical"", ""stiffness_factor_eta_k"": 1.2796, ""damping_factor_eta_c"": 1.0}]"
v2n163_seed12242633_v215_coupled_fastener_ballast_overlap,12242633,215,train,coupled_fastener_ballast_overlap,v2_seed12242633,"[{""type"": ""fastener_failure"", ""label"": ""fastener_eta"", ""start_m"": 211.2, ""count"": 8, ""side"": ""left"", ""directions"": ""both"", ""stiffness_factor_eta_k"": 0.0, ""damping_factor_eta_c"": 1.0}, {""type"": ""ballast_condition"", ""label"": ""ballast_softened"", ""start_m"": 211.2, ""count"": 5, ""side"": ""left"", ""directions"": ""vertical"", ""stiffness_factor_eta_k"": 0.6457, ""damping_factor_eta_c"": 1.0}]"
v2n163_seed12242633_v215_coupled_fastener_sleeper_void_partial_overlap,12242633,215,train,coupled_fastener_sleeper_void_partial_overlap,v2_seed12242633,"[{""type"": ""fastener_failure"", ""label"": ""fastener_eta"", ""start_m"": 192.0, ""count"": 12, ""side"": ""right"", ""directions"": ""both"", ""stiffness_factor_eta_k"": 0.1, ""damping_factor_eta_c"": 1.0}, {""type"": ""sleeper_void"", ""label"": ""sleeper_void"", ""start_m"": 192.6, ""count"": 3, ""side"": ""left"", ""directions"": ""vertical"", ""delta_gap_mm"": 1.752}]"
v2n163_seed12242633_v250_baseline,12242633,250,train,baseline,v2_seed12242633,[]
v2n163_seed12242633_v250_ballast,12242633,250,train,ballast,v2_seed12242633,"[{""type"": ""ballast_condition"", ""label"": ""ballast_softened"", ""start_m"": 188.4, ""count"": 12, ""side"": ""right"", ""directions"": ""vertical"", ""stiffness_factor_eta_k"": 0.7097, ""damping_factor_eta_c"": 1.0}]"
v2n163_seed12242633_v250_coupled_fastener_ballast_overlap,12242633,250,train,coupled_fastener_ballast_overlap,v2_seed12242633,"[{""type"": ""fastener_failure"", ""label"": ""fastener_eta"", ""start_m"": 211.2, ""count"": 8, ""side"": ""left"", ""directions"": ""both"", ""stiffness_factor_eta_k"": 0.0, ""damping_factor_eta_c"": 1.0}, {""type"": ""ballast_condition"", ""label"": ""ballast_softened"", ""start_m"": 211.2, ""count"": 5, ""side"": ""left"", ""directions"": ""vertical"", ""stiffness_factor_eta_k"": 0.6457, ""damping_factor_eta_c"": 1.0}]"
v2n164_seed48865542_v250_baseline,48865542,250,train,baseline,v2_seed48865542,[]
v2n164_seed48865542_v250_fastener,48865542,250,train,fastener,v2_seed48865542,"[{""type"": ""fastener_failure"", ""label"": ""fastener_eta"", ""start_m"": 252.6, ""count"": 3, ""side"": ""right"", ""directions"": ""both"", ""stiffness_factor_eta_k"": 1.1, ""damping_factor_eta_c"": 1.0}]"
v2n164_seed48865542_v250_sleeper_void,48865542,250,train,sleeper_void,v2_seed48865542,"[{""type"": ""sleeper_void"", ""label"": ""sleeper_void"", ""start_m"": 207.0, ""count"": 5, ""side"": ""left"", ""directions"": ""vertical"", ""delta_gap_mm"": 0.162}]"
v2n164_seed48865542_v250_ballast,48865542,250,train,ballast,v2_seed48865542,"[{""type"": ""ballast_condition"", ""label"": ""ballast_hardened"", ""start_m"": 244.8, ""count"": 20, ""side"": ""both"", ""directions"": ""vertical"", ""stiffness_factor_eta_k"": 1.0794, ""damping_factor_eta_c"": 1.0}]"
v2n164_seed48865542_v250_subgrade,48865542,250,train,subgrade,v2_seed48865542,"[{""type"": ""subgrade_condition"", ""label"": ""subgrade_hardened"", ""start_m"": 265.2, ""count"": 40, ""side"": ""right"", ""directions"": ""vertical"", ""stiffness_factor_eta_k"": 1.956, ""damping_factor_eta_c"": 1.0}]"
v2n164_seed48865542_v250_coupled_fastener_subgrade_partial_overlap,48865542,250,train,coupled_fastener_subgrade_partial_overlap,v2_seed48865542,"[{""type"": ""fastener_failure"", ""label"": ""fastener_eta"", ""start_m"": 237.0, ""count"": 12, ""side"": ""right"", ""directions"": ""both"", ""stiffness_factor_eta_k"": 0.1, ""damping_factor_eta_c"": 1.0}, {""type"": ""subgrade_condition"", ""label"": ""subgrade_softened"", ""start_m"": 239.4, ""count"": 8, ""side"": ""both"", ""directions"": ""vertical"", ""stiffness_factor_eta_k"": 0.7958, ""damping_factor_eta_c"": 1.0}]"
v2n164_seed48865542_v250_coupled_ballast_sleeper_void_separate,48865542,250,train,coupled_ballast_sleeper_void_separate,v2_seed48865542,"[{""type"": ""ballast_condition"", ""label"": ""ballast_hardened"", ""start_m"": 216.0, ""count"": 80, ""side"": ""right"", ""directions"": ""vertical"", ""stiffness_factor_eta_k"": 6.9719, ""damping_factor_eta_c"": 1.0}, {""type"": ""sleeper_void"", ""label"": ""sleeper_void"", ""start_m"": 276.0, ""count"": 5, ""side"": ""right"", ""directions"": ""vertical"", ""delta_gap_mm"": 3.404}]"
v2n164_seed48865542_v200_baseline,48865542,200,train,baseline,v2_seed48865542,[]
v2n164_seed48865542_v200_subgrade,48865542,200,train,subgrade,v2_seed48865542,"[{""type"": ""subgrade_condition"", ""label"": ""subgrade_hardened"", ""start_m"": 265.2, ""count"": 40, ""side"": ""right"", ""directions"": ""vertical"", ""stiffness_factor_eta_k"": 1.956, ""damping_factor_eta_c"": 1.0}]"
v2n164_seed48865542_v200_coupled_fastener_subgrade_partial_overlap,48865542,200,train,coupled_fastener_subgrade_partial_overlap,v2_seed48865542,"[{""type"": ""fastener_failure"", ""label"": ""fastener_eta"", ""start_m"": 237.0, ""count"": 12, ""side"": ""right"", ""directions"": ""both"", ""stiffness_factor_eta_k"": 0.1, ""damping_factor_eta_c"": 1.0}, {""type"": ""subgrade_condition"", ""label"": ""subgrade_softened"", ""start_m"": 239.4, ""count"": 8, ""side"": ""both"", ""directions"": ""vertical"", ""stiffness_factor_eta_k"": 0.7958, ""damping_factor_eta_c"": 1.0}]"
v2n165_seed68853215_v160_baseline,68853215,160,train,baseline,v2_seed68853215,[]
v2n165_seed68853215_v160_fastener,68853215,160,train,fastener,v2_seed68853215,"[{""type"": ""fastener_failure"", ""label"": ""fastener_eta"", ""start_m"": 150.6, ""count"": 5, ""side"": ""both"", ""directions"": ""both"", ""stiffness_factor_eta_k"": 1.25, ""damping_factor_eta_c"": 1.0}]"
v2n165_seed68853215_v160_sleeper_void,68853215,160,train,sleeper_void,v2_seed68853215,"[{""type"": ""sleeper_void"", ""label"": ""sleeper_void"", ""start_m"": 243.0, ""count"": 8, ""side"": ""right"", ""directions"": ""vertical"", ""delta_gap_mm"": 0.96}]"
v2n165_seed68853215_v160_ballast,68853215,160,train,ballast,v2_seed68853215,"[{""type"": ""ballast_condition"", ""label"": ""ballast_hardened"", ""start_m"": 267.0, ""count"": 40, ""side"": ""left"", ""directions"": ""vertical"", ""stiffness_factor_eta_k"": 2.6918, ""damping_factor_eta_c"": 1.0}]"
v2n165_seed68853215_v160_subgrade,68853215,160,train,subgrade,v2_seed68853215,"[{""type"": ""subgrade_condition"", ""label"": ""subgrade_hardened"", ""start_m"": 243.6, ""count"": 80, ""side"": ""both"", ""directions"": ""vertical"", ""stiffness_factor_eta_k"": 7.5838, ""damping_factor_eta_c"": 1.0}]"
v2n165_seed68853215_v160_coupled_ballast_subgrade_separate,68853215,160,train,coupled_ballast_subgrade_separate,v2_seed68853215,"[{""type"": ""ballast_condition"", ""label"": ""ballast_hardened"", ""start_m"": 213.6, ""count"": 80, ""side"": ""right"", ""directions"": ""vertical"", ""stiffness_factor_eta_k"": 3.0666, ""damping_factor_eta_c"": 1.0}, {""type"": ""subgrade_condition"", ""label"": ""subgrade_hardened"", ""start_m"": 273.6, ""count"": 12, ""side"": ""left"", ""directions"": ""vertical"", ""stiffness_factor_eta_k"": 1.1975, ""damping_factor_eta_c"": 1.0}]"
v2n165_seed68853215_v160_coupled_subgrade_sleeper_void_overlap,68853215,160,train,coupled_subgrade_sleeper_void_overlap,v2_seed68853215,"[{""type"": ""subgrade_condition"", ""label"": ""subgrade_softened"", ""start_m"": 226.8, ""count"": 3, ""side"": ""left"", ""directions"": ""vertical"", ""stiffness_factor_eta_k"": 0.1155, ""damping_factor_eta_c"": 1.0}, {""type"": ""sleeper_void"", ""label"": ""sleeper_void"", ""start_m"": 226.8, ""count"": 8, ""side"": ""both"", ""directions"": ""vertical"", ""delta_gap_mm"": 0.141}]"
v2n165_seed68853215_v200_baseline,68853215,200,train,baseline,v2_seed68853215,[]
v2n165_seed68853215_v200_fastener,68853215,200,train,fastener,v2_seed68853215,"[{""type"": ""fastener_failure"", ""label"": ""fastener_eta"", ""start_m"": 150.6, ""count"": 5, ""side"": ""both"", ""directions"": ""both"", ""stiffness_factor_eta_k"": 1.25, ""damping_factor_eta_c"": 1.0}]"
v2n165_seed68853215_v200_coupled_ballast_subgrade_separate,68853215,200,train,coupled_ballast_subgrade_separate,v2_seed68853215,"[{""type"": ""ballast_condition"", ""label"": ""ballast_hardened"", ""start_m"": 213.6, ""count"": 80, ""side"": ""right"", ""directions"": ""vertical"", ""stiffness_factor_eta_k"": 3.0666, ""damping_factor_eta_c"": 1.0}, {""type"": ""subgrade_condition"", ""label"": ""subgrade_hardened"", ""start_m"": 273.6, ""count"": 12, ""side"": ""left"", ""directions"": ""vertical"", ""stiffness_factor_eta_k"": 1.1975, ""damping_factor_eta_c"": 1.0}]"
v2n166_seed17401212_v200_baseline,17401212,200,test,baseline,v2_seed17401212,[]
v2n166_seed17401212_v200_fastener,17401212,200,test,fastener,v2_seed17401212,"[{""type"": ""fastener_failure"", ""label"": ""fastener_eta"", ""start_m"": 223.8, ""count"": 8, ""side"": ""left"", ""directions"": ""both"", ""stiffness_factor_eta_k"": 0.0, ""damping_factor_eta_c"": 1.0}]"
v2n166_seed17401212_v200_sleeper_void,17401212,200,test,sleeper_void,v2_seed17401212,"[{""type"": ""sleeper_void"", ""label"": ""sleeper_void"", ""start_m"": 208.8, ""count"": 12, ""side"": ""both"", ""directions"": ""vertical"", ""delta_gap_mm"": 1.846}]"
v2n166_seed17401212_v200_ballast,17401212,200,test,ballast,v2_seed17401212,"[{""type"": ""ballast_condition"", ""label"": ""ballast_hardened"", ""start_m"": 261.6, ""count"": 80, ""side"": ""right"", ""directions"": ""vertical"", ""stiffness_factor_eta_k"": 3.1723, ""damping_factor_eta_c"": 1.0}]"
v2n166_seed17401212_v200_subgrade,17401212,200,test,subgrade,v2_seed17401212,"[{""type"": ""subgrade_condition"", ""label"": ""subgrade_softened"", ""start_m"": 156.0, ""count"": 3, ""side"": ""left"", ""directions"": ""vertical"", ""stiffness_factor_eta_k"": 0.2599, ""damping_factor_eta_c"": 1.0}]"
v2n166_seed17401212_v200_coupled_fastener_ballast_overlap,17401212,200,test,coupled_fastener_ballast_overlap,v2_seed17401212,"[{""type"": ""fastener_failure"", ""label"": ""fastener_eta"", ""start_m"": 235.8, ""count"": 1, ""side"": ""left"", ""directions"": ""both"", ""stiffness_factor_eta_k"": 0.5, ""damping_factor_eta_c"": 1.0}, {""type"": ""ballast_condition"", ""label"": ""ballast_hardened"", ""start_m"": 235.8, ""count"": 20, ""side"": ""left"", ""directions"": ""vertical"", ""stiffness_factor_eta_k"": 2.5517, ""damping_factor_eta_c"": 1.0}]"
v2n166_seed17401212_v200_coupled_fastener_sleeper_void_partial_overlap,17401212,200,test,coupled_fastener_sleeper_void_partial_overlap,v2_seed17401212,"[{""type"": ""fastener_failure"", ""label"": ""fastener_eta"", ""start_m"": 195.0, ""count"": 2, ""side"": ""right"", ""directions"": ""both"", ""stiffness_factor_eta_k"": 0.75, ""damping_factor_eta_c"": 1.0}, {""type"": ""sleeper_void"", ""label"": ""sleeper_void"", ""start_m"": 195.6, ""count"": 12, ""side"": ""left"", ""directions"": ""vertical"", ""delta_gap_mm"": 0.537}]"
v2n166_seed17401212_v250_baseline,17401212,250,test,baseline,v2_seed17401212,[]
v2n166_seed17401212_v250_sleeper_void,17401212,250,test,sleeper_void,v2_seed17401212,"[{""type"": ""sleeper_void"", ""label"": ""sleeper_void"", ""start_m"": 208.8, ""count"": 12, ""side"": ""both"", ""directions"": ""vertical"", ""delta_gap_mm"": 1.846}]"
v2n166_seed17401212_v250_coupled_fastener_ballast_overlap,17401212,250,test,coupled_fastener_ballast_overlap,v2_seed17401212,"[{""type"": ""fastener_failure"", ""label"": ""fastener_eta"", ""start_m"": 235.8, ""count"": 1, ""side"": ""left"", ""directions"": ""both"", ""stiffness_factor_eta_k"": 0.5, ""damping_factor_eta_c"": 1.0}, {""type"": ""ballast_condition"", ""label"": ""ballast_hardened"", ""start_m"": 235.8, ""count"": 20, ""side"": ""left"", ""directions"": ""vertical"", ""stiffness_factor_eta_k"": 2.5517, ""damping_factor_eta_c"": 1.0}]"
v2n167_seed28056344_v215_baseline,28056344,215,train,baseline,v2_seed28056344,[]
v2n167_seed28056344_v215_fastener,28056344,215,train,fastener,v2_seed28056344,"[{""type"": ""fastener_failure"", ""label"": ""fastener_eta"", ""start_m"": 237.6, ""count"": 12, ""side"": ""right"", ""directions"": ""both"", ""stiffness_factor_eta_k"": 0.1, ""damping_factor_eta_c"": 1.0}]"
v2n167_seed28056344_v215_sleeper_void,28056344,215,train,sleeper_void,v2_seed28056344,"[{""type"": ""sleeper_void"", ""label"": ""sleeper_void"", ""start_m"": 235.2, ""count"": 20, ""side"": ""left"", ""directions"": ""vertical"", ""delta_gap_mm"": 3.62}]"
v2n167_seed28056344_v215_ballast,28056344,215,train,ballast,v2_seed28056344,"[{""type"": ""ballast_condition"", ""label"": ""ballast_softened"", ""start_m"": 229.2, ""count"": 3, ""side"": ""both"", ""directions"": ""vertical"", ""stiffness_factor_eta_k"": 0.1419, ""damping_factor_eta_c"": 1.0}]"
v2n167_seed28056344_v215_subgrade,28056344,215,train,subgrade,v2_seed28056344,"[{""type"": ""subgrade_condition"", ""label"": ""subgrade_softened"", ""start_m"": 156.6, ""count"": 5, ""side"": ""right"", ""directions"": ""vertical"", ""stiffness_factor_eta_k"": 0.4146, ""damping_factor_eta_c"": 1.0}]"
v2n167_seed28056344_v215_coupled_fastener_subgrade_partial_overlap,28056344,215,train,coupled_fastener_subgrade_partial_overlap,v2_seed28056344,"[{""type"": ""fastener_failure"", ""label"": ""fastener_eta"", ""start_m"": 183.0, ""count"": 2, ""side"": ""right"", ""directions"": ""both"", ""stiffness_factor_eta_k"": 0.75, ""damping_factor_eta_c"": 1.0}, {""type"": ""subgrade_condition"", ""label"": ""subgrade_hardened"", ""start_m"": 183.6, ""count"": 40, ""side"": ""both"", ""directions"": ""vertical"", ""stiffness_factor_eta_k"": 7.3723, ""damping_factor_eta_c"": 1.0}]"
v2n167_seed28056344_v215_coupled_ballast_sleeper_void_separate,28056344,215,train,coupled_ballast_sleeper_void_separate,v2_seed28056344,"[{""type"": ""ballast_condition"", ""label"": ""ballast_softened"", ""start_m"": 195.6, ""count"": 8, ""side"": ""right"", ""directions"": ""vertical"", ""stiffness_factor_eta_k"": 0.8716, ""damping_factor_eta_c"": 1.0}, {""type"": ""sleeper_void"", ""label"": ""sleeper_void"", ""start_m"": 219.6, ""count"": 20, ""side"": ""right"", ""directions"": ""vertical"", ""delta_gap_mm"": 1.38}]"
v2n167_seed28056344_v250_baseline,28056344,250,train,baseline,v2_seed28056344,[]
v2n167_seed28056344_v250_ballast,28056344,250,train,ballast,v2_seed28056344,"[{""type"": ""ballast_condition"", ""label"": ""ballast_softened"", ""start_m"": 229.2, ""count"": 3, ""side"": ""both"", ""directions"": ""vertical"", ""stiffness_factor_eta_k"": 0.1419, ""damping_factor_eta_c"": 1.0}]"
v2n167_seed28056344_v250_coupled_fastener_subgrade_partial_overlap,28056344,250,train,coupled_fastener_subgrade_partial_overlap,v2_seed28056344,"[{""type"": ""fastener_failure"", ""label"": ""fastener_eta"", ""start_m"": 183.0, ""count"": 2, ""side"": ""right"", ""directions"": ""both"", ""stiffness_factor_eta_k"": 0.75, ""damping_factor_eta_c"": 1.0}, {""type"": ""subgrade_condition"", ""label"": ""subgrade_hardened"", ""start_m"": 183.6, ""count"": 40, ""side"": ""both"", ""directions"": ""vertical"", ""stiffness_factor_eta_k"": 7.3723, ""damping_factor_eta_c"": 1.0}]"
v2n168_seed45752255_v250_baseline,45752255,250,test,baseline,v2_seed45752255,[]
v2n168_seed45752255_v250_fastener,45752255,250,test,fastener,v2_seed45752255,"[{""type"": ""fastener_failure"", ""label"": ""fastener_eta"", ""start_m"": 294.0, ""count"": 20, ""side"": ""both"", ""directions"": ""both"", ""stiffness_factor_eta_k"": 0.25, ""damping_factor_eta_c"": 1.0}]"
v2n168_seed45752255_v250_sleeper_void,45752255,250,test,sleeper_void,v2_seed45752255,"[{""type"": ""sleeper_void"", ""label"": ""sleeper_void"", ""start_m"": 220.8, ""count"": 1, ""side"": ""right"", ""directions"": ""vertical"", ""delta_gap_mm"": 0.426}]"
v2n168_seed45752255_v250_ballast,45752255,250,test,ballast,v2_seed45752255,"[{""type"": ""ballast_condition"", ""label"": ""ballast_softened"", ""start_m"": 268.2, ""count"": 5, ""side"": ""left"", ""directions"": ""vertical"", ""stiffness_factor_eta_k"": 0.4936, ""damping_factor_eta_c"": 1.0}]"
v2n168_seed45752255_v250_subgrade,45752255,250,test,subgrade,v2_seed45752255,"[{""type"": ""subgrade_condition"", ""label"": ""subgrade_softened"", ""start_m"": 238.8, ""count"": 8, ""side"": ""both"", ""directions"": ""vertical"", ""stiffness_factor_eta_k"": 0.7057, ""damping_factor_eta_c"": 1.0}]"
v2n168_seed45752255_v250_coupled_ballast_subgrade_separate,45752255,250,test,coupled_ballast_subgrade_separate,v2_seed45752255,"[{""type"": ""ballast_condition"", ""label"": ""ballast_softened"", ""start_m"": 200.4, ""count"": 8, ""side"": ""right"", ""directions"": ""vertical"", ""stiffness_factor_eta_k"": 0.7369, ""damping_factor_eta_c"": 1.0}, {""type"": ""subgrade_condition"", ""label"": ""subgrade_softened"", ""start_m"": 260.4, ""count"": 80, ""side"": ""left"", ""directions"": ""vertical"", ""stiffness_factor_eta_k"": 0.1281, ""damping_factor_eta_c"": 1.0}]"
v2n168_seed45752255_v250_coupled_subgrade_sleeper_void_overlap,45752255,250,test,coupled_subgrade_sleeper_void_overlap,v2_seed45752255,"[{""type"": ""subgrade_condition"", ""label"": ""subgrade_hardened"", ""start_m"": 222.0, ""count"": 12, ""side"": ""left"", ""directions"": ""vertical"", ""stiffness_factor_eta_k"": 1.0819, ""damping_factor_eta_c"": 1.0}, {""type"": ""sleeper_void"", ""label"": ""sleeper_void"", ""start_m"": 222.0, ""count"": 1, ""side"": ""both"", ""directions"": ""vertical"", ""delta_gap_mm"": 2.834}]"
v2n168_seed45752255_v200_baseline,45752255,200,test,baseline,v2_seed45752255,[]
v2n168_seed45752255_v200_subgrade,45752255,200,test,subgrade,v2_seed45752255,"[{""type"": ""subgrade_condition"", ""label"": ""subgrade_softened"", ""start_m"": 238.8, ""count"": 8, ""side"": ""both"", ""directions"": ""vertical"", ""stiffness_factor_eta_k"": 0.7057, ""damping_factor_eta_c"": 1.0}]"
v2n168_seed45752255_v200_coupled_ballast_subgrade_separate,45752255,200,test,coupled_ballast_subgrade_separate,v2_seed45752255,"[{""type"": ""ballast_condition"", ""label"": ""ballast_softened"", ""start_m"": 200.4, ""count"": 8, ""side"": ""right"", ""directions"": ""vertical"", ""stiffness_factor_eta_k"": 0.7369, ""damping_factor_eta_c"": 1.0}, {""type"": ""subgrade_condition"", ""label"": ""subgrade_softened"", ""start_m"": 260.4, ""count"": 80, ""side"": ""left"", ""directions"": ""vertical"", ""stiffness_factor_eta_k"": 0.1281, ""damping_factor_eta_c"": 1.0}]"
v2n169_seed31245123_v160_baseline,31245123,160,train,baseline,v2_seed31245123,[]
v2n169_seed31245123_v160_fastener,31245123,160,train,fastener,v2_seed31245123,"[{""type"": ""fastener_failure"", ""label"": ""fastener_eta"", ""start_m"": 180.6, ""count"": 1, ""side"": ""left"", ""directions"": ""both"", ""stiffness_factor_eta_k"": 0.5, ""damping_factor_eta_c"": 1.0}]"
v2n169_seed31245123_v160_sleeper_void,31245123,160,train,sleeper_void,v2_seed31245123,"[{""type"": ""sleeper_void"", ""label"": ""sleeper_void"", ""start_m"": 203.4, ""count"": 2, ""side"": ""both"", ""directions"": ""vertical"", ""delta_gap_mm"": 0.973}]"
v2n169_seed31245123_v160_ballast,31245123,160,train,ballast,v2_seed31245123,"[{""type"": ""ballast_condition"", ""label"": ""ballast_softened"", ""start_m"": 205.8, ""count"": 8, ""side"": ""right"", ""directions"": ""vertical"", ""stiffness_factor_eta_k"": 0.7808, ""damping_factor_eta_c"": 1.0}]"
v2n169_seed31245123_v160_subgrade,31245123,160,train,subgrade,v2_seed31245123,"[{""type"": ""subgrade_condition"", ""label"": ""subgrade_hardened"", ""start_m"": 226.2, ""count"": 12, ""side"": ""left"", ""directions"": ""vertical"", ""stiffness_factor_eta_k"": 1.1904, ""damping_factor_eta_c"": 1.0}]"
v2n169_seed31245123_v160_coupled_fastener_ballast_overlap,31245123,160,train,coupled_fastener_ballast_overlap,v2_seed31245123,"[{""type"": ""fastener_failure"", ""label"": ""fastener_eta"", ""start_m"": 181.2, ""count"": 5, ""side"": ""left"", ""directions"": ""both"", ""stiffness_factor_eta_k"": 0.9, ""damping_factor_eta_c"": 1.0}, {""type"": ""ballast_condition"", ""label"": ""ballast_softened"", ""start_m"": 181.2, ""count"": 3, ""side"": ""left"", ""directions"": ""vertical"", ""stiffness_factor_eta_k"": 0.5757, ""damping_factor_eta_c"": 1.0}]"
v2n169_seed31245123_v160_coupled_fastener_sleeper_void_partial_overlap,31245123,160,train,coupled_fastener_sleeper_void_partial_overlap,v2_seed31245123,"[{""type"": ""fastener_failure"", ""label"": ""fastener_eta"", ""start_m"": 183.0, ""count"": 8, ""side"": ""right"", ""directions"": ""both"", ""stiffness_factor_eta_k"": 0.95, ""damping_factor_eta_c"": 1.0}, {""type"": ""sleeper_void"", ""label"": ""sleeper_void"", ""start_m"": 183.6, ""count"": 2, ""side"": ""left"", ""directions"": ""vertical"", ""delta_gap_mm"": 0.207}]"
v2n169_seed31245123_v200_baseline,31245123,200,train,baseline,v2_seed31245123,[]
v2n169_seed31245123_v200_fastener,31245123,200,train,fastener,v2_seed31245123,"[{""type"": ""fastener_failure"", ""label"": ""fastener_eta"", ""start_m"": 180.6, ""count"": 1, ""side"": ""left"", ""directions"": ""both"", ""stiffness_factor_eta_k"": 0.5, ""damping_factor_eta_c"": 1.0}]"
v2n169_seed31245123_v200_coupled_fastener_ballast_overlap,31245123,200,train,coupled_fastener_ballast_overlap,v2_seed31245123,"[{""type"": ""fastener_failure"", ""label"": ""fastener_eta"", ""start_m"": 181.2, ""count"": 5, ""side"": ""left"", ""directions"": ""both"", ""stiffness_factor_eta_k"": 0.9, ""damping_factor_eta_c"": 1.0}, {""type"": ""ballast_condition"", ""label"": ""ballast_softened"", ""start_m"": 181.2, ""count"": 3, ""side"": ""left"", ""directions"": ""vertical"", ""stiffness_factor_eta_k"": 0.5757, ""damping_factor_eta_c"": 1.0}]"
v2n170_seed64445846_v200_baseline,64445846,200,train,baseline,v2_seed64445846,[]
v2n170_seed64445846_v200_fastener,64445846,200,train,fastener,v2_seed64445846,"[{""type"": ""fastener_failure"", ""label"": ""fastener_eta"", ""start_m"": 170.4, ""count"": 2, ""side"": ""right"", ""directions"": ""both"", ""stiffness_factor_eta_k"": 0.75, ""damping_factor_eta_c"": 1.0}]"
v2n170_seed64445846_v200_sleeper_void,64445846,200,train,sleeper_void,v2_seed64445846,"[{""type"": ""sleeper_void"", ""label"": ""sleeper_void"", ""start_m"": 210.0, ""count"": 3, ""side"": ""left"", ""directions"": ""vertical"", ""delta_gap_mm"": 1.1}]"
v2n170_seed64445846_v200_ballast,64445846,200,train,ballast,v2_seed64445846,"[{""type"": ""ballast_condition"", ""label"": ""ballast_hardened"", ""start_m"": 167.4, ""count"": 12, ""side"": ""both"", ""directions"": ""vertical"", ""stiffness_factor_eta_k"": 1.197, ""damping_factor_eta_c"": 1.0}]"
v2n170_seed64445846_v200_subgrade,64445846,200,train,subgrade,v2_seed64445846,"[{""type"": ""subgrade_condition"", ""label"": ""subgrade_hardened"", ""start_m"": 194.4, ""count"": 20, ""side"": ""right"", ""directions"": ""vertical"", ""stiffness_factor_eta_k"": 1.8785, ""damping_factor_eta_c"": 1.0}]"
v2n170_seed64445846_v200_coupled_fastener_subgrade_partial_overlap,64445846,200,train,coupled_fastener_subgrade_partial_overlap,v2_seed64445846,"[{""type"": ""fastener_failure"", ""label"": ""fastener_eta"", ""start_m"": 213.0, ""count"": 8, ""side"": ""right"", ""directions"": ""both"", ""stiffness_factor_eta_k"": 0.95, ""damping_factor_eta_c"": 1.0}, {""type"": ""subgrade_condition"", ""label"": ""subgrade_softened"", ""start_m"": 214.2, ""count"": 5, ""side"": ""both"", ""directions"": ""vertical"", ""stiffness_factor_eta_k"": 0.8241, ""damping_factor_eta_c"": 1.0}]"
v2n170_seed64445846_v200_coupled_ballast_sleeper_void_separate,64445846,200,train,coupled_ballast_sleeper_void_separate,v2_seed64445846,"[{""type"": ""ballast_condition"", ""label"": ""ballast_hardened"", ""start_m"": 231.0, ""count"": 40, ""side"": ""right"", ""directions"": ""vertical"", ""stiffness_factor_eta_k"": 6.9126, ""damping_factor_eta_c"": 1.0}, {""type"": ""sleeper_void"", ""label"": ""sleeper_void"", ""start_m"": 267.0, ""count"": 3, ""side"": ""right"", ""directions"": ""vertical"", ""delta_gap_mm"": 0.946}]"
v2n170_seed64445846_v250_baseline,64445846,250,train,baseline,v2_seed64445846,[]
v2n170_seed64445846_v250_sleeper_void,64445846,250,train,sleeper_void,v2_seed64445846,"[{""type"": ""sleeper_void"", ""label"": ""sleeper_void"", ""start_m"": 210.0, ""count"": 3, ""side"": ""left"", ""directions"": ""vertical"", ""delta_gap_mm"": 1.1}]"
v2n170_seed64445846_v250_coupled_fastener_subgrade_partial_overlap,64445846,250,train,coupled_fastener_subgrade_partial_overlap,v2_seed64445846,"[{""type"": ""fastener_failure"", ""label"": ""fastener_eta"", ""start_m"": 213.0, ""count"": 8, ""side"": ""right"", ""directions"": ""both"", ""stiffness_factor_eta_k"": 0.95, ""damping_factor_eta_c"": 1.0}, {""type"": ""subgrade_condition"", ""label"": ""subgrade_softened"", ""start_m"": 214.2, ""count"": 5, ""side"": ""both"", ""directions"": ""vertical"", ""stiffness_factor_eta_k"": 0.8241, ""damping_factor_eta_c"": 1.0}]"
v2n171_seed68271694_v215_baseline,68271694,215,test,baseline,v2_seed68271694,[]
v2n171_seed68271694_v215_fastener,68271694,215,test,fastener,v2_seed68271694,"[{""type"": ""fastener_failure"", ""label"": ""fastener_eta"", ""start_m"": 176.4, ""count"": 3, ""side"": ""both"", ""directions"": ""both"", ""stiffness_factor_eta_k"": 0.85, ""damping_factor_eta_c"": 1.0}]"
v2n171_seed68271694_v215_sleeper_void,68271694,215,test,sleeper_void,v2_seed68271694,"[{""type"": ""sleeper_void"", ""label"": ""sleeper_void"", ""start_m"": 210.6, ""count"": 5, ""side"": ""right"", ""directions"": ""vertical"", ""delta_gap_mm"": 3.149}]"
v2n171_seed68271694_v215_ballast,68271694,215,test,ballast,v2_seed68271694,"[{""type"": ""ballast_condition"", ""label"": ""ballast_hardened"", ""start_m"": 230.4, ""count"": 20, ""side"": ""left"", ""directions"": ""vertical"", ""stiffness_factor_eta_k"": 1.9251, ""damping_factor_eta_c"": 1.0}]"
v2n171_seed68271694_v215_subgrade,68271694,215,test,subgrade,v2_seed68271694,"[{""type"": ""subgrade_condition"", ""label"": ""subgrade_hardened"", ""start_m"": 247.2, ""count"": 40, ""side"": ""both"", ""directions"": ""vertical"", ""stiffness_factor_eta_k"": 5.3516, ""damping_factor_eta_c"": 1.0}]"
v2n171_seed68271694_v215_coupled_ballast_subgrade_separate,68271694,215,test,coupled_ballast_subgrade_separate,v2_seed68271694,"[{""type"": ""ballast_condition"", ""label"": ""ballast_hardened"", ""start_m"": 198.0, ""count"": 40, ""side"": ""right"", ""directions"": ""vertical"", ""stiffness_factor_eta_k"": 6.5141, ""damping_factor_eta_c"": 1.0}, {""type"": ""subgrade_condition"", ""label"": ""subgrade_hardened"", ""start_m"": 234.0, ""count"": 8, ""side"": ""left"", ""directions"": ""vertical"", ""stiffness_factor_eta_k"": 1.2086, ""damping_factor_eta_c"": 1.0}]"
v2n171_seed68271694_v215_coupled_subgrade_sleeper_void_overlap,68271694,215,test,coupled_subgrade_sleeper_void_overlap,v2_seed68271694,"[{""type"": ""subgrade_condition"", ""label"": ""subgrade_softened"", ""start_m"": 187.8, ""count"": 80, ""side"": ""left"", ""directions"": ""vertical"", ""stiffness_factor_eta_k"": 0.2921, ""damping_factor_eta_c"": 1.0}, {""type"": ""sleeper_void"", ""label"": ""sleeper_void"", ""start_m"": 187.8, ""count"": 5, ""side"": ""both"", ""directions"": ""vertical"", ""delta_gap_mm"": 1.854}]"
v2n171_seed68271694_v250_baseline,68271694,250,test,baseline,v2_seed68271694,[]
v2n171_seed68271694_v250_ballast,68271694,250,test,ballast,v2_seed68271694,"[{""type"": ""ballast_condition"", ""label"": ""ballast_hardened"", ""start_m"": 230.4, ""count"": 20, ""side"": ""left"", ""directions"": ""vertical"", ""stiffness_factor_eta_k"": 1.9251, ""damping_factor_eta_c"": 1.0}]"
v2n171_seed68271694_v250_coupled_ballast_subgrade_separate,68271694,250,test,coupled_ballast_subgrade_separate,v2_seed68271694,"[{""type"": ""ballast_condition"", ""label"": ""ballast_hardened"", ""start_m"": 198.0, ""count"": 40, ""side"": ""right"", ""directions"": ""vertical"", ""stiffness_factor_eta_k"": 6.5141, ""damping_factor_eta_c"": 1.0}, {""type"": ""subgrade_condition"", ""label"": ""subgrade_hardened"", ""start_m"": 234.0, ""count"": 8, ""side"": ""left"", ""directions"": ""vertical"", ""stiffness_factor_eta_k"": 1.2086, ""damping_factor_eta_c"": 1.0}]"
v2n172_seed26506736_v250_baseline,26506736,250,train,baseline,v2_seed26506736,[]
v2n172_seed26506736_v250_fastener,26506736,250,train,fastener,v2_seed26506736,"[{""type"": ""fastener_failure"", ""label"": ""fastener_eta"", ""start_m"": 220.8, ""count"": 5, ""side"": ""left"", ""directions"": ""both"", ""stiffness_factor_eta_k"": 0.9, ""damping_factor_eta_c"": 1.0}]"
v2n172_seed26506736_v250_sleeper_void,26506736,250,train,sleeper_void,v2_seed26506736,"[{""type"": ""sleeper_void"", ""label"": ""sleeper_void"", ""start_m"": 180.6, ""count"": 8, ""side"": ""both"", ""directions"": ""vertical"", ""delta_gap_mm"": 0.372}]"
v2n172_seed26506736_v250_ballast,26506736,250,train,ballast,v2_seed26506736,"[{""type"": ""ballast_condition"", ""label"": ""ballast_hardened"", ""start_m"": 243.0, ""count"": 40, ""side"": ""right"", ""directions"": ""vertical"", ""stiffness_factor_eta_k"": 4.0882, ""damping_factor_eta_c"": 1.0}]"
v2n172_seed26506736_v250_subgrade,26506736,250,train,subgrade,v2_seed26506736,"[{""type"": ""subgrade_condition"", ""label"": ""subgrade_softened"", ""start_m"": 210.6, ""count"": 80, ""side"": ""left"", ""directions"": ""vertical"", ""stiffness_factor_eta_k"": 0.1383, ""damping_factor_eta_c"": 1.0}]"
v2n172_seed26506736_v250_coupled_fastener_ballast_overlap,26506736,250,train,coupled_fastener_ballast_overlap,v2_seed26506736,"[{""type"": ""fastener_failure"", ""label"": ""fastener_eta"", ""start_m"": 186.0, ""count"": 20, ""side"": ""left"", ""directions"": ""both"", ""stiffness_factor_eta_k"": 1.1, ""damping_factor_eta_c"": 1.0}, {""type"": ""ballast_condition"", ""label"": ""ballast_hardened"", ""start_m"": 186.0, ""count"": 12, ""side"": ""left"", ""directions"": ""vertical"", ""stiffness_factor_eta_k"": 1.9981, ""damping_factor_eta_c"": 1.0}]"
v2n172_seed26506736_v250_coupled_fastener_sleeper_void_partial_overlap,26506736,250,train,coupled_fastener_sleeper_void_partial_overlap,v2_seed26506736,"[{""type"": ""fastener_failure"", ""label"": ""fastener_eta"", ""start_m"": 228.0, ""count"": 1, ""side"": ""right"", ""directions"": ""both"", ""stiffness_factor_eta_k"": 1.25, ""damping_factor_eta_c"": 1.0}, {""type"": ""sleeper_void"", ""label"": ""sleeper_void"", ""start_m"": 228.6, ""count"": 8, ""side"": ""left"", ""directions"": ""vertical"", ""delta_gap_mm"": 2.489}]"
v2n172_seed26506736_v200_baseline,26506736,200,train,baseline,v2_seed26506736,[]
v2n172_seed26506736_v200_subgrade,26506736,200,train,subgrade,v2_seed26506736,"[{""type"": ""subgrade_condition"", ""label"": ""subgrade_softened"", ""start_m"": 210.6, ""count"": 80, ""side"": ""left"", ""directions"": ""vertical"", ""stiffness_factor_eta_k"": 0.1383, ""damping_factor_eta_c"": 1.0}]"
v2n172_seed26506736_v200_coupled_fastener_ballast_overlap,26506736,200,train,coupled_fastener_ballast_overlap,v2_seed26506736,"[{""type"": ""fastener_failure"", ""label"": ""fastener_eta"", ""start_m"": 186.0, ""count"": 20, ""side"": ""left"", ""directions"": ""both"", ""stiffness_factor_eta_k"": 1.1, ""damping_factor_eta_c"": 1.0}, {""type"": ""ballast_condition"", ""label"": ""ballast_hardened"", ""start_m"": 186.0, ""count"": 12, ""side"": ""left"", ""directions"": ""vertical"", ""stiffness_factor_eta_k"": 1.9981, ""damping_factor_eta_c"": 1.0}]"
v2n173_seed95856692_v160_baseline,95856692,160,train,baseline,v2_seed95856692,[]
v2n173_seed95856692_v160_fastener,95856692,160,train,fastener,v2_seed95856692,"[{""type"": ""fastener_failure"", ""label"": ""fastener_eta"", ""start_m"": 221.4, ""count"": 8, ""side"": ""right"", ""directions"": ""both"", ""stiffness_factor_eta_k"": 0.95, ""damping_factor_eta_c"": 1.0}]"
v2n173_seed95856692_v160_sleeper_void,95856692,160,train,sleeper_void,v2_seed95856692,"[{""type"": ""sleeper_void"", ""label"": ""sleeper_void"", ""start_m"": 213.0, ""count"": 12, ""side"": ""left"", ""directions"": ""vertical"", ""delta_gap_mm"": 0.861}]"
v2n173_seed95856692_v160_ballast,95856692,160,train,ballast,v2_seed95856692,"[{""type"": ""ballast_condition"", ""label"": ""ballast_softened"", ""start_m"": 228.6, ""count"": 80, ""side"": ""both"", ""directions"": ""vertical"", ""stiffness_factor_eta_k"": 0.1998, ""damping_factor_eta_c"": 1.0}]"
v2n173_seed95856692_v160_subgrade,95856692,160,train,subgrade,v2_seed95856692,"[{""type"": ""subgrade_condition"", ""label"": ""subgrade_softened"", ""start_m"": 187.8, ""count"": 3, ""side"": ""right"", ""directions"": ""vertical"", ""stiffness_factor_eta_k"": 0.4651, ""damping_factor_eta_c"": 1.0}]"
v2n173_seed95856692_v160_coupled_fastener_subgrade_partial_overlap,95856692,160,train,coupled_fastener_subgrade_partial_overlap,v2_seed95856692,"[{""type"": ""fastener_failure"", ""label"": ""fastener_eta"", ""start_m"": 229.8, ""count"": 1, ""side"": ""right"", ""directions"": ""both"", ""stiffness_factor_eta_k"": 1.25, ""damping_factor_eta_c"": 1.0}, {""type"": ""subgrade_condition"", ""label"": ""subgrade_hardened"", ""start_m"": 230.4, ""count"": 20, ""side"": ""both"", ""directions"": ""vertical"", ""stiffness_factor_eta_k"": 3.7852, ""damping_factor_eta_c"": 1.0}]"
v2n173_seed95856692_v160_coupled_ballast_sleeper_void_separate,95856692,160,train,coupled_ballast_sleeper_void_separate,v2_seed95856692,"[{""type"": ""ballast_condition"", ""label"": ""ballast_softened"", ""start_m"": 206.4, ""count"": 5, ""side"": ""right"", ""directions"": ""vertical"", ""stiffness_factor_eta_k"": 0.7421, ""damping_factor_eta_c"": 1.0}, {""type"": ""sleeper_void"", ""label"": ""sleeper_void"", ""start_m"": 225.6, ""count"": 12, ""side"": ""right"", ""directions"": ""vertical"", ""delta_gap_mm"": 0.22}]"
v2n173_seed95856692_v200_baseline,95856692,200,train,baseline,v2_seed95856692,[]
v2n173_seed95856692_v200_fastener,95856692,200,train,fastener,v2_seed95856692,"[{""type"": ""fastener_failure"", ""label"": ""fastener_eta"", ""start_m"": 221.4, ""count"": 8, ""side"": ""right"", ""directions"": ""both"", ""stiffness_factor_eta_k"": 0.95, ""damping_factor_eta_c"": 1.0}]"
v2n173_seed95856692_v200_coupled_fastener_subgrade_partial_overlap,95856692,200,train,coupled_fastener_subgrade_partial_overlap,v2_seed95856692,"[{""type"": ""fastener_failure"", ""label"": ""fastener_eta"", ""start_m"": 229.8, ""count"": 1, ""side"": ""right"", ""directions"": ""both"", ""stiffness_factor_eta_k"": 1.25, ""damping_factor_eta_c"": 1.0}, {""type"": ""subgrade_condition"", ""label"": ""subgrade_hardened"", ""start_m"": 230.4, ""count"": 20, ""side"": ""both"", ""directions"": ""vertical"", ""stiffness_factor_eta_k"": 3.7852, ""damping_factor_eta_c"": 1.0}]"
v2n174_seed29609289_v200_baseline,29609289,200,test,baseline,v2_seed29609289,[]
v2n174_seed29609289_v200_fastener,29609289,200,test,fastener,v2_seed29609289,"[{""type"": ""fastener_failure"", ""label"": ""fastener_eta"", ""start_m"": 220.8, ""count"": 12, ""side"": ""both"", ""directions"": ""both"", ""stiffness_factor_eta_k"": 1.05, ""damping_factor_eta_c"": 1.0}]"
v2n174_seed29609289_v200_sleeper_void,29609289,200,test,sleeper_void,v2_seed29609289,"[{""type"": ""sleeper_void"", ""label"": ""sleeper_void"", ""start_m"": 210.0, ""count"": 20, ""side"": ""right"", ""directions"": ""vertical"", ""delta_gap_mm"": 1.101}]"
v2n174_seed29609289_v200_ballast,29609289,200,test,ballast,v2_seed29609289,"[{""type"": ""ballast_condition"", ""label"": ""ballast_softened"", ""start_m"": 264.6, ""count"": 3, ""side"": ""left"", ""directions"": ""vertical"", ""stiffness_factor_eta_k"": 0.5216, ""damping_factor_eta_c"": 1.0}]"
v2n174_seed29609289_v200_subgrade,29609289,200,test,subgrade,v2_seed29609289,"[{""type"": ""subgrade_condition"", ""label"": ""subgrade_softened"", ""start_m"": 181.2, ""count"": 5, ""side"": ""both"", ""directions"": ""vertical"", ""stiffness_factor_eta_k"": 0.9202, ""damping_factor_eta_c"": 1.0}]"
v2n174_seed29609289_v200_coupled_ballast_subgrade_separate,29609289,200,test,coupled_ballast_subgrade_separate,v2_seed29609289,"[{""type"": ""ballast_condition"", ""label"": ""ballast_softened"", ""start_m"": 219.0, ""count"": 5, ""side"": ""right"", ""directions"": ""vertical"", ""stiffness_factor_eta_k"": 0.7338, ""damping_factor_eta_c"": 1.0}, {""type"": ""subgrade_condition"", ""label"": ""subgrade_softened"", ""start_m"": 255.0, ""count"": 40, ""side"": ""left"", ""directions"": ""vertical"", ""stiffness_factor_eta_k"": 0.1521, ""damping_factor_eta_c"": 1.0}]"
v2n174_seed29609289_v200_coupled_subgrade_sleeper_void_overlap,29609289,200,test,coupled_subgrade_sleeper_void_overlap,v2_seed29609289,"[{""type"": ""subgrade_condition"", ""label"": ""subgrade_hardened"", ""start_m"": 193.2, ""count"": 8, ""side"": ""left"", ""directions"": ""vertical"", ""stiffness_factor_eta_k"": 1.2339, ""damping_factor_eta_c"": 1.0}, {""type"": ""sleeper_void"", ""label"": ""sleeper_void"", ""start_m"": 193.2, ""count"": 20, ""side"": ""both"", ""directions"": ""vertical"", ""delta_gap_mm"": 0.888}]"
v2n174_seed29609289_v250_baseline,29609289,250,test,baseline,v2_seed29609289,[]
v2n174_seed29609289_v250_sleeper_void,29609289,250,test,sleeper_void,v2_seed29609289,"[{""type"": ""sleeper_void"", ""label"": ""sleeper_void"", ""start_m"": 210.0, ""count"": 20, ""side"": ""right"", ""directions"": ""vertical"", ""delta_gap_mm"": 1.101}]"
v2n174_seed29609289_v250_coupled_ballast_subgrade_separate,29609289,250,test,coupled_ballast_subgrade_separate,v2_seed29609289,"[{""type"": ""ballast_condition"", ""label"": ""ballast_softened"", ""start_m"": 219.0, ""count"": 5, ""side"": ""right"", ""directions"": ""vertical"", ""stiffness_factor_eta_k"": 0.7338, ""damping_factor_eta_c"": 1.0}, {""type"": ""subgrade_condition"", ""label"": ""subgrade_softened"", ""start_m"": 255.0, ""count"": 40, ""side"": ""left"", ""directions"": ""vertical"", ""stiffness_factor_eta_k"": 0.1521, ""damping_factor_eta_c"": 1.0}]"
v2n175_seed22556311_v215_baseline,22556311,215,train,baseline,v2_seed22556311,[]
v2n175_seed22556311_v215_fastener,22556311,215,train,fastener,v2_seed22556311,"[{""type"": ""fastener_failure"", ""label"": ""fastener_eta"", ""start_m"": 182.4, ""count"": 20, ""side"": ""left"", ""directions"": ""both"", ""stiffness_factor_eta_k"": 1.1, ""damping_factor_eta_c"": 1.0}]"
v2n175_seed22556311_v215_sleeper_void,22556311,215,train,sleeper_void,v2_seed22556311,"[{""type"": ""sleeper_void"", ""label"": ""sleeper_void"", ""start_m"": 256.2, ""count"": 1, ""side"": ""both"", ""directions"": ""vertical"", ""delta_gap_mm"": 3.934}]"
v2n175_seed22556311_v215_ballast,22556311,215,train,ballast,v2_seed22556311,"[{""type"": ""ballast_condition"", ""label"": ""ballast_softened"", ""start_m"": 172.2, ""count"": 5, ""side"": ""right"", ""directions"": ""vertical"", ""stiffness_factor_eta_k"": 0.9297, ""damping_factor_eta_c"": 1.0}]"
v2n175_seed22556311_v215_subgrade,22556311,215,train,subgrade,v2_seed22556311,"[{""type"": ""subgrade_condition"", ""label"": ""subgrade_hardened"", ""start_m"": 221.4, ""count"": 8, ""side"": ""left"", ""directions"": ""vertical"", ""stiffness_factor_eta_k"": 1.2359, ""damping_factor_eta_c"": 1.0}]"
v2n175_seed22556311_v215_coupled_fastener_ballast_overlap,22556311,215,train,coupled_fastener_ballast_overlap,v2_seed22556311,"[{""type"": ""fastener_failure"", ""label"": ""fastener_eta"", ""start_m"": 210.0, ""count"": 3, ""side"": ""left"", ""directions"": ""both"", ""stiffness_factor_eta_k"": 0.1, ""damping_factor_eta_c"": 1.0}, {""type"": ""ballast_condition"", ""label"": ""ballast_softened"", ""start_m"": 210.0, ""count"": 80, ""side"": ""left"", ""directions"": ""vertical"", ""stiffness_factor_eta_k"": 0.6014, ""damping_factor_eta_c"": 1.0}]"
v2n175_seed22556311_v215_coupled_fastener_sleeper_void_partial_overlap,22556311,215,train,coupled_fastener_sleeper_void_partial_overlap,v2_seed22556311,"[{""type"": ""fastener_failure"", ""label"": ""fastener_eta"", ""start_m"": 203.4, ""count"": 5, ""side"": ""right"", ""directions"": ""both"", ""stiffness_factor_eta_k"": 0.25, ""damping_factor_eta_c"": 1.0}, {""type"": ""sleeper_void"", ""label"": ""sleeper_void"", ""start_m"": 204.0, ""count"": 1, ""side"": ""left"", ""directions"": ""vertical"", ""delta_gap_mm"": 1.532}]"
v2n175_seed22556311_v250_baseline,22556311,250,train,baseline,v2_seed22556311,[]
v2n175_seed22556311_v250_ballast,22556311,250,train,ballast,v2_seed22556311,"[{""type"": ""ballast_condition"", ""label"": ""ballast_softened"", ""start_m"": 172.2, ""count"": 5, ""side"": ""right"", ""directions"": ""vertical"", ""stiffness_factor_eta_k"": 0.9297, ""damping_factor_eta_c"": 1.0}]"
v2n175_seed22556311_v250_coupled_fastener_ballast_overlap,22556311,250,train,coupled_fastener_ballast_overlap,v2_seed22556311,"[{""type"": ""fastener_failure"", ""label"": ""fastener_eta"", ""start_m"": 210.0, ""count"": 3, ""side"": ""left"", ""directions"": ""both"", ""stiffness_factor_eta_k"": 0.1, ""damping_factor_eta_c"": 1.0}, {""type"": ""ballast_condition"", ""label"": ""ballast_softened"", ""start_m"": 210.0, ""count"": 80, ""side"": ""left"", ""directions"": ""vertical"", ""stiffness_factor_eta_k"": 0.6014, ""damping_factor_eta_c"": 1.0}]"
v2n176_seed72604695_v250_baseline,72604695,250,val,baseline,v2_seed72604695,[]
v2n176_seed72604695_v250_fastener,72604695,250,val,fastener,v2_seed72604695,"[{""type"": ""fastener_failure"", ""label"": ""fastener_eta"", ""start_m"": 180.0, ""count"": 1, ""side"": ""right"", ""directions"": ""both"", ""stiffness_factor_eta_k"": 1.25, ""damping_factor_eta_c"": 1.0}]"
v2n176_seed72604695_v250_sleeper_void,72604695,250,val,sleeper_void,v2_seed72604695,"[{""type"": ""sleeper_void"", ""label"": ""sleeper_void"", ""start_m"": 197.4, ""count"": 2, ""side"": ""left"", ""directions"": ""vertical"", ""delta_gap_mm"": 0.467}]"
v2n176_seed72604695_v250_ballast,72604695,250,val,ballast,v2_seed72604695,"[{""type"": ""ballast_condition"", ""label"": ""ballast_hardened"", ""start_m"": 249.0, ""count"": 8, ""side"": ""both"", ""directions"": ""vertical"", ""stiffness_factor_eta_k"": 1.2332, ""damping_factor_eta_c"": 1.0}]"
v2n176_seed72604695_v250_subgrade,72604695,250,val,subgrade,v2_seed72604695,"[{""type"": ""subgrade_condition"", ""label"": ""subgrade_hardened"", ""start_m"": 232.8, ""count"": 12, ""side"": ""right"", ""directions"": ""vertical"", ""stiffness_factor_eta_k"": 2.3756, ""damping_factor_eta_c"": 1.0}]"
v2n176_seed72604695_v250_coupled_fastener_subgrade_partial_overlap,72604695,250,val,coupled_fastener_subgrade_partial_overlap,v2_seed72604695,"[{""type"": ""fastener_failure"", ""label"": ""fastener_eta"", ""start_m"": 225.0, ""count"": 5, ""side"": ""right"", ""directions"": ""both"", ""stiffness_factor_eta_k"": 0.25, ""damping_factor_eta_c"": 1.0}, {""type"": ""subgrade_condition"", ""label"": ""subgrade_softened"", ""start_m"": 225.6, ""count"": 3, ""side"": ""both"", ""directions"": ""vertical"", ""stiffness_factor_eta_k"": 0.7493, ""damping_factor_eta_c"": 1.0}]"
v2n176_seed72604695_v250_coupled_ballast_sleeper_void_separate,72604695,250,val,coupled_ballast_sleeper_void_separate,v2_seed72604695,"[{""type"": ""ballast_condition"", ""label"": ""ballast_hardened"", ""start_m"": 183.6, ""count"": 20, ""side"": ""right"", ""directions"": ""vertical"", ""stiffness_factor_eta_k"": 5.5496, ""damping_factor_eta_c"": 1.0}, {""type"": ""sleeper_void"", ""label"": ""sleeper_void"", ""start_m"": 207.6, ""count"": 2, ""side"": ""right"", ""directions"": ""vertical"", ""delta_gap_mm"": 3.465}]"
v2n176_seed72604695_v200_baseline,72604695,200,val,baseline,v2_seed72604695,[]
v2n176_seed72604695_v200_subgrade,72604695,200,val,subgrade,v2_seed72604695,"[{""type"": ""subgrade_condition"", ""label"": ""subgrade_hardened"", ""start_m"": 232.8, ""count"": 12, ""side"": ""right"", ""directions"": ""vertical"", ""stiffness_factor_eta_k"": 2.3756, ""damping_factor_eta_c"": 1.0}]"
v2n176_seed72604695_v200_coupled_fastener_subgrade_partial_overlap,72604695,200,val,coupled_fastener_subgrade_partial_overlap,v2_seed72604695,"[{""type"": ""fastener_failure"", ""label"": ""fastener_eta"", ""start_m"": 225.0, ""count"": 5, ""side"": ""right"", ""directions"": ""both"", ""stiffness_factor_eta_k"": 0.25, ""damping_factor_eta_c"": 1.0}, {""type"": ""subgrade_condition"", ""label"": ""subgrade_softened"", ""start_m"": 225.6, ""count"": 3, ""side"": ""both"", ""directions"": ""vertical"", ""stiffness_factor_eta_k"": 0.7493, ""damping_factor_eta_c"": 1.0}]"
v2n177_seed98988804_v160_baseline,98988804,160,train,baseline,v2_seed98988804,[]
v2n177_seed98988804_v160_fastener,98988804,160,train,fastener,v2_seed98988804,"[{""type"": ""fastener_failure"", ""label"": ""fastener_eta"", ""start_m"": 217.2, ""count"": 2, ""side"": ""both"", ""directions"": ""both"", ""stiffness_factor_eta_k"": 0.0, ""damping_factor_eta_c"": 1.0}]"
v2n177_seed98988804_v160_sleeper_void,98988804,160,train,sleeper_void,v2_seed98988804,"[{""type"": ""sleeper_void"", ""label"": ""sleeper_void"", ""start_m"": 151.2, ""count"": 3, ""side"": ""right"", ""directions"": ""vertical"", ""delta_gap_mm"": 0.927}]"
v2n177_seed98988804_v160_ballast,98988804,160,train,ballast,v2_seed98988804,"[{""type"": ""ballast_condition"", ""label"": ""ballast_hardened"", ""start_m"": 285.0, ""count"": 12, ""side"": ""left"", ""directions"": ""vertical"", ""stiffness_factor_eta_k"": 2.1342, ""damping_factor_eta_c"": 1.0}]"
v2n177_seed98988804_v160_subgrade,98988804,160,train,subgrade,v2_seed98988804,"[{""type"": ""subgrade_condition"", ""label"": ""subgrade_hardened"", ""start_m"": 184.8, ""count"": 20, ""side"": ""both"", ""directions"": ""vertical"", ""stiffness_factor_eta_k"": 7.783, ""damping_factor_eta_c"": 1.0}]"
v2n177_seed98988804_v160_coupled_ballast_subgrade_separate,98988804,160,train,coupled_ballast_subgrade_separate,v2_seed98988804,"[{""type"": ""ballast_condition"", ""label"": ""ballast_hardened"", ""start_m"": 181.8, ""count"": 20, ""side"": ""right"", ""directions"": ""vertical"", ""stiffness_factor_eta_k"": 7.426, ""damping_factor_eta_c"": 1.0}, {""type"": ""subgrade_condition"", ""label"": ""subgrade_hardened"", ""start_m"": 205.8, ""count"": 5, ""side"": ""left"", ""directions"": ""vertical"", ""stiffness_factor_eta_k"": 1.1489, ""damping_factor_eta_c"": 1.0}]"
v2n177_seed98988804_v160_coupled_subgrade_sleeper_void_overlap,98988804,160,train,coupled_subgrade_sleeper_void_overlap,v2_seed98988804,"[{""type"": ""subgrade_condition"", ""label"": ""subgrade_softened"", ""start_m"": 199.8, ""count"": 40, ""side"": ""left"", ""directions"": ""vertical"", ""stiffness_factor_eta_k"": 0.1634, ""damping_factor_eta_c"": 1.0}, {""type"": ""sleeper_void"", ""label"": ""sleeper_void"", ""start_m"": 199.8, ""count"": 3, ""side"": ""both"", ""directions"": ""vertical"", ""delta_gap_mm"": 0.142}]"
v2n177_seed98988804_v200_baseline,98988804,200,train,baseline,v2_seed98988804,[]
v2n177_seed98988804_v200_fastener,98988804,200,train,fastener,v2_seed98988804,"[{""type"": ""fastener_failure"", ""label"": ""fastener_eta"", ""start_m"": 217.2, ""count"": 2, ""side"": ""both"", ""directions"": ""both"", ""stiffness_factor_eta_k"": 0.0, ""damping_factor_eta_c"": 1.0}]"
v2n177_seed98988804_v200_coupled_ballast_subgrade_separate,98988804,200,train,coupled_ballast_subgrade_separate,v2_seed98988804,"[{""type"": ""ballast_condition"", ""label"": ""ballast_hardened"", ""start_m"": 181.8, ""count"": 20, ""side"": ""right"", ""directions"": ""vertical"", ""stiffness_factor_eta_k"": 7.426, ""damping_factor_eta_c"": 1.0}, {""type"": ""subgrade_condition"", ""label"": ""subgrade_hardened"", ""start_m"": 205.8, ""count"": 5, ""side"": ""left"", ""directions"": ""vertical"", ""stiffness_factor_eta_k"": 1.1489, ""damping_factor_eta_c"": 1.0}]"
v2n178_seed72151460_v200_baseline,72151460,200,train,baseline,v2_seed72151460,[]
v2n178_seed72151460_v200_fastener,72151460,200,train,fastener,v2_seed72151460,"[{""type"": ""fastener_failure"", ""label"": ""fastener_eta"", ""start_m"": 292.2, ""count"": 3, ""side"": ""left"", ""directions"": ""both"", ""stiffness_factor_eta_k"": 0.1, ""damping_factor_eta_c"": 1.0}]"
v2n178_seed72151460_v200_sleeper_void,72151460,200,train,sleeper_void,v2_seed72151460,"[{""type"": ""sleeper_void"", ""label"": ""sleeper_void"", ""start_m"": 223.8, ""count"": 5, ""side"": ""both"", ""directions"": ""vertical"", ""delta_gap_mm"": 1.987}]"
v2n178_seed72151460_v200_ballast,72151460,200,train,ballast,v2_seed72151460,"[{""type"": ""ballast_condition"", ""label"": ""ballast_hardened"", ""start_m"": 279.0, ""count"": 20, ""side"": ""right"", ""directions"": ""vertical"", ""stiffness_factor_eta_k"": 5.1655, ""damping_factor_eta_c"": 1.0}]"
v2n178_seed72151460_v200_subgrade,72151460,200,train,subgrade,v2_seed72151460,"[{""type"": ""subgrade_condition"", ""label"": ""subgrade_softened"", ""start_m"": 168.0, ""count"": 40, ""side"": ""left"", ""directions"": ""vertical"", ""stiffness_factor_eta_k"": 0.2472, ""damping_factor_eta_c"": 1.0}]"
v2n178_seed72151460_v200_coupled_fastener_ballast_overlap,72151460,200,train,coupled_fastener_ballast_overlap,v2_seed72151460,"[{""type"": ""fastener_failure"", ""label"": ""fastener_eta"", ""start_m"": 213.0, ""count"": 12, ""side"": ""left"", ""directions"": ""both"", ""stiffness_factor_eta_k"": 0.75, ""damping_factor_eta_c"": 1.0}, {""type"": ""ballast_condition"", ""label"": ""ballast_hardened"", ""start_m"": 213.0, ""count"": 8, ""side"": ""left"", ""directions"": ""vertical"", ""stiffness_factor_eta_k"": 2.1964, ""damping_factor_eta_c"": 1.0}]"
v2n178_seed72151460_v200_coupled_fastener_sleeper_void_partial_overlap,72151460,200,train,coupled_fastener_sleeper_void_partial_overlap,v2_seed72151460,"[{""type"": ""fastener_failure"", ""label"": ""fastener_eta"", ""start_m"": 208.8, ""count"": 20, ""side"": ""right"", ""directions"": ""both"", ""stiffness_factor_eta_k"": 0.85, ""damping_factor_eta_c"": 1.0}, {""type"": ""sleeper_void"", ""label"": ""sleeper_void"", ""start_m"": 210.0, ""count"": 5, ""side"": ""left"", ""directions"": ""vertical"", ""delta_gap_mm"": 0.667}]"
v2n178_seed72151460_v250_baseline,72151460,250,train,baseline,v2_seed72151460,[]
v2n178_seed72151460_v250_sleeper_void,72151460,250,train,sleeper_void,v2_seed72151460,"[{""type"": ""sleeper_void"", ""label"": ""sleeper_void"", ""start_m"": 223.8, ""count"": 5, ""side"": ""both"", ""directions"": ""vertical"", ""delta_gap_mm"": 1.987}]"
v2n178_seed72151460_v250_coupled_fastener_ballast_overlap,72151460,250,train,coupled_fastener_ballast_overlap,v2_seed72151460,"[{""type"": ""fastener_failure"", ""label"": ""fastener_eta"", ""start_m"": 213.0, ""count"": 12, ""side"": ""left"", ""directions"": ""both"", ""stiffness_factor_eta_k"": 0.75, ""damping_factor_eta_c"": 1.0}, {""type"": ""ballast_condition"", ""label"": ""ballast_hardened"", ""start_m"": 213.0, ""count"": 8, ""side"": ""left"", ""directions"": ""vertical"", ""stiffness_factor_eta_k"": 2.1964, ""damping_factor_eta_c"": 1.0}]"
v2n179_seed80603232_v215_baseline,80603232,215,train,baseline,v2_seed80603232,[]
v2n179_seed80603232_v215_fastener,80603232,215,train,fastener,v2_seed80603232,"[{""type"": ""fastener_failure"", ""label"": ""fastener_eta"", ""start_m"": 259.8, ""count"": 5, ""side"": ""right"", ""directions"": ""both"", ""stiffness_factor_eta_k"": 0.25, ""damping_factor_eta_c"": 1.0}]"
v2n179_seed80603232_v215_sleeper_void,80603232,215,train,sleeper_void,v2_seed80603232,"[{""type"": ""sleeper_void"", ""label"": ""sleeper_void"", ""start_m"": 174.0, ""count"": 8, ""side"": ""left"", ""directions"": ""vertical"", ""delta_gap_mm"": 2.305}]"
v2n179_seed80603232_v215_ballast,80603232,215,train,ballast,v2_seed80603232,"[{""type"": ""ballast_condition"", ""label"": ""ballast_softened"", ""start_m"": 232.2, ""count"": 40, ""side"": ""both"", ""directions"": ""vertical"", ""stiffness_factor_eta_k"": 0.2492, ""damping_factor_eta_c"": 1.0}]"
v2n179_seed80603232_v215_subgrade,80603232,215,train,subgrade,v2_seed80603232,"[{""type"": ""subgrade_condition"", ""label"": ""subgrade_softened"", ""start_m"": 166.8, ""count"": 80, ""side"": ""right"", ""directions"": ""vertical"", ""stiffness_factor_eta_k"": 0.5987, ""damping_factor_eta_c"": 1.0}]"
v2n179_seed80603232_v215_coupled_fastener_subgrade_partial_overlap,80603232,215,train,coupled_fastener_subgrade_partial_overlap,v2_seed80603232,"[{""type"": ""fastener_failure"", ""label"": ""fastener_eta"", ""start_m"": 240.0, ""count"": 20, ""side"": ""right"", ""directions"": ""both"", ""stiffness_factor_eta_k"": 0.85, ""damping_factor_eta_c"": 1.0}, {""type"": ""subgrade_condition"", ""label"": ""subgrade_hardened"", ""start_m"": 243.6, ""count"": 12, ""side"": ""both"", ""directions"": ""vertical"", ""stiffness_factor_eta_k"": 3.7113, ""damping_factor_eta_c"": 1.0}]"
v2n179_seed80603232_v215_coupled_ballast_sleeper_void_separate,80603232,215,train,coupled_ballast_sleeper_void_separate,v2_seed80603232,"[{""type"": ""ballast_condition"", ""label"": ""ballast_softened"", ""start_m"": 231.6, ""count"": 3, ""side"": ""right"", ""directions"": ""vertical"", ""stiffness_factor_eta_k"": 0.8882, ""damping_factor_eta_c"": 1.0}, {""type"": ""sleeper_void"", ""label"": ""sleeper_void"", ""start_m"": 248.4, ""count"": 8, ""side"": ""right"", ""directions"": ""vertical"", ""delta_gap_mm"": 1.879}]"
v2n179_seed80603232_v250_baseline,80603232,250,train,baseline,v2_seed80603232,[]
v2n179_seed80603232_v250_ballast,80603232,250,train,ballast,v2_seed80603232,"[{""type"": ""ballast_condition"", ""label"": ""ballast_softened"", ""start_m"": 232.2, ""count"": 40, ""side"": ""both"", ""directions"": ""vertical"", ""stiffness_factor_eta_k"": 0.2492, ""damping_factor_eta_c"": 1.0}]"
v2n179_seed80603232_v250_coupled_fastener_subgrade_partial_overlap,80603232,250,train,coupled_fastener_subgrade_partial_overlap,v2_seed80603232,"[{""type"": ""fastener_failure"", ""label"": ""fastener_eta"", ""start_m"": 240.0, ""count"": 20, ""side"": ""right"", ""directions"": ""both"", ""stiffness_factor_eta_k"": 0.85, ""damping_factor_eta_c"": 1.0}, {""type"": ""subgrade_condition"", ""label"": ""subgrade_hardened"", ""start_m"": 243.6, ""count"": 12, ""side"": ""both"", ""directions"": ""vertical"", ""stiffness_factor_eta_k"": 3.7113, ""damping_factor_eta_c"": 1.0}]"
v2n180_seed28166143_v250_baseline,28166143,250,train,baseline,v2_seed28166143,[]
v2n180_seed28166143_v250_fastener,28166143,250,train,fastener,v2_seed28166143,"[{""type"": ""fastener_failure"", ""label"": ""fastener_eta"", ""start_m"": 204.6, ""count"": 8, ""side"": ""both"", ""directions"": ""both"", ""stiffness_factor_eta_k"": 0.5, ""damping_factor_eta_c"": 1.0}]"
v2n180_seed28166143_v250_sleeper_void,28166143,250,train,sleeper_void,v2_seed28166143,"[{""type"": ""sleeper_void"", ""label"": ""sleeper_void"", ""start_m"": 240.6, ""count"": 12, ""side"": ""right"", ""directions"": ""vertical"", ""delta_gap_mm"": 0.118}]"
v2n180_seed28166143_v250_ballast,28166143,250,train,ballast,v2_seed28166143,"[{""type"": ""ballast_condition"", ""label"": ""ballast_softened"", ""start_m"": 159.0, ""count"": 80, ""side"": ""left"", ""directions"": ""vertical"", ""stiffness_factor_eta_k"": 0.482, ""damping_factor_eta_c"": 1.0}]"
v2n180_seed28166143_v250_subgrade,28166143,250,train,subgrade,v2_seed28166143,"[{""type"": ""subgrade_condition"", ""label"": ""subgrade_softened"", ""start_m"": 282.6, ""count"": 3, ""side"": ""both"", ""directions"": ""vertical"", ""stiffness_factor_eta_k"": 0.7857, ""damping_factor_eta_c"": 1.0}]"
v2n180_seed28166143_v250_coupled_ballast_subgrade_separate,28166143,250,train,coupled_ballast_subgrade_separate,v2_seed28166143,"[{""type"": ""ballast_condition"", ""label"": ""ballast_softened"", ""start_m"": 202.2, ""count"": 3, ""side"": ""right"", ""directions"": ""vertical"", ""stiffness_factor_eta_k"": 0.7404, ""damping_factor_eta_c"": 1.0}, {""type"": ""subgrade_condition"", ""label"": ""subgrade_softened"", ""start_m"": 226.2, ""count"": 20, ""side"": ""left"", ""directions"": ""vertical"", ""stiffness_factor_eta_k"": 0.1621, ""damping_factor_eta_c"": 1.0}]"
v2n180_seed28166143_v250_coupled_subgrade_sleeper_void_overlap,28166143,250,train,coupled_subgrade_sleeper_void_overlap,v2_seed28166143,"[{""type"": ""subgrade_condition"", ""label"": ""subgrade_hardened"", ""start_m"": 188.4, ""count"": 5, ""side"": ""left"", ""directions"": ""vertical"", ""stiffness_factor_eta_k"": 1.1871, ""damping_factor_eta_c"": 1.0}, {""type"": ""sleeper_void"", ""label"": ""sleeper_void"", ""start_m"": 188.4, ""count"": 12, ""side"": ""both"", ""directions"": ""vertical"", ""delta_gap_mm"": 2.986}]"
v2n180_seed28166143_v200_baseline,28166143,200,train,baseline,v2_seed28166143,[]
v2n180_seed28166143_v200_subgrade,28166143,200,train,subgrade,v2_seed28166143,"[{""type"": ""subgrade_condition"", ""label"": ""subgrade_softened"", ""start_m"": 282.6, ""count"": 3, ""side"": ""both"", ""directions"": ""vertical"", ""stiffness_factor_eta_k"": 0.7857, ""damping_factor_eta_c"": 1.0}]"
v2n180_seed28166143_v200_coupled_ballast_subgrade_separate,28166143,200,train,coupled_ballast_subgrade_separate,v2_seed28166143,"[{""type"": ""ballast_condition"", ""label"": ""ballast_softened"", ""start_m"": 202.2, ""count"": 3, ""side"": ""right"", ""directions"": ""vertical"", ""stiffness_factor_eta_k"": 0.7404, ""damping_factor_eta_c"": 1.0}, {""type"": ""subgrade_condition"", ""label"": ""subgrade_softened"", ""start_m"": 226.2, ""count"": 20, ""side"": ""left"", ""directions"": ""vertical"", ""stiffness_factor_eta_k"": 0.1621, ""damping_factor_eta_c"": 1.0}]"
v2n181_seed31655273_v160_baseline,31655273,160,train,baseline,v2_seed31655273,[]
v2n181_seed31655273_v160_fastener,31655273,160,train,fastener,v2_seed31655273,"[{""type"": ""fastener_failure"", ""label"": ""fastener_eta"", ""start_m"": 171.6, ""count"": 12, ""side"": ""left"", ""directions"": ""both"", ""stiffness_factor_eta_k"": 0.75, ""damping_factor_eta_c"": 1.0}]"
v2n181_seed31655273_v160_sleeper_void,31655273,160,train,sleeper_void,v2_seed31655273,"[{""type"": ""sleeper_void"", ""label"": ""sleeper_void"", ""start_m"": 189.6, ""count"": 20, ""side"": ""both"", ""directions"": ""vertical"", ""delta_gap_mm"": 0.569}]"
v2n181_seed31655273_v160_ballast,31655273,160,train,ballast,v2_seed31655273,"[{""type"": ""ballast_condition"", ""label"": ""ballast_softened"", ""start_m"": 226.2, ""count"": 3, ""side"": ""right"", ""directions"": ""vertical"", ""stiffness_factor_eta_k"": 0.8872, ""damping_factor_eta_c"": 1.0}]"
v2n181_seed31655273_v160_subgrade,31655273,160,train,subgrade,v2_seed31655273,"[{""type"": ""subgrade_condition"", ""label"": ""subgrade_hardened"", ""start_m"": 237.0, ""count"": 5, ""side"": ""left"", ""directions"": ""vertical"", ""stiffness_factor_eta_k"": 1.2256, ""damping_factor_eta_c"": 1.0}]"
v2n181_seed31655273_v160_coupled_fastener_ballast_overlap,31655273,160,train,coupled_fastener_ballast_overlap,v2_seed31655273,"[{""type"": ""fastener_failure"", ""label"": ""fastener_eta"", ""start_m"": 235.8, ""count"": 2, ""side"": ""left"", ""directions"": ""both"", ""stiffness_factor_eta_k"": 0.95, ""damping_factor_eta_c"": 1.0}, {""type"": ""ballast_condition"", ""label"": ""ballast_softened"", ""start_m"": 235.8, ""count"": 40, ""side"": ""left"", ""directions"": ""vertical"", ""stiffness_factor_eta_k"": 0.307, ""damping_factor_eta_c"": 1.0}]"
v2n181_seed31655273_v160_coupled_fastener_sleeper_void_partial_overlap,31655273,160,train,coupled_fastener_sleeper_void_partial_overlap,v2_seed31655273,"[{""type"": ""fastener_failure"", ""label"": ""fastener_eta"", ""start_m"": 210.0, ""count"": 3, ""side"": ""right"", ""directions"": ""both"", ""stiffness_factor_eta_k"": 1.05, ""damping_factor_eta_c"": 1.0}, {""type"": ""sleeper_void"", ""label"": ""sleeper_void"", ""start_m"": 210.6, ""count"": 20, ""side"": ""left"", ""directions"": ""vertical"", ""delta_gap_mm"": 0.134}]"
v2n181_seed31655273_v200_baseline,31655273,200,train,baseline,v2_seed31655273,[]
v2n181_seed31655273_v200_fastener,31655273,200,train,fastener,v2_seed31655273,"[{""type"": ""fastener_failure"", ""label"": ""fastener_eta"", ""start_m"": 171.6, ""count"": 12, ""side"": ""left"", ""directions"": ""both"", ""stiffness_factor_eta_k"": 0.75, ""damping_factor_eta_c"": 1.0}]"
v2n181_seed31655273_v200_coupled_fastener_ballast_overlap,31655273,200,train,coupled_fastener_ballast_overlap,v2_seed31655273,"[{""type"": ""fastener_failure"", ""label"": ""fastener_eta"", ""start_m"": 235.8, ""count"": 2, ""side"": ""left"", ""directions"": ""both"", ""stiffness_factor_eta_k"": 0.95, ""damping_factor_eta_c"": 1.0}, {""type"": ""ballast_condition"", ""label"": ""ballast_softened"", ""start_m"": 235.8, ""count"": 40, ""side"": ""left"", ""directions"": ""vertical"", ""stiffness_factor_eta_k"": 0.307, ""damping_factor_eta_c"": 1.0}]"
v2n182_seed18637197_v200_baseline,18637197,200,train,baseline,v2_seed18637197,[]
v2n182_seed18637197_v200_fastener,18637197,200,train,fastener,v2_seed18637197,"[{""type"": ""fastener_failure"", ""label"": ""fastener_eta"", ""start_m"": 219.0, ""count"": 20, ""side"": ""right"", ""directions"": ""both"", ""stiffness_factor_eta_k"": 0.85, ""damping_factor_eta_c"": 1.0}]"
v2n182_seed18637197_v200_sleeper_void,18637197,200,train,sleeper_void,v2_seed18637197,"[{""type"": ""sleeper_void"", ""label"": ""sleeper_void"", ""start_m"": 273.0, ""count"": 1, ""side"": ""left"", ""directions"": ""vertical"", ""delta_gap_mm"": 1.172}]"
v2n182_seed18637197_v200_ballast,18637197,200,train,ballast,v2_seed18637197,"[{""type"": ""ballast_condition"", ""label"": ""ballast_hardened"", ""start_m"": 278.4, ""count"": 5, ""side"": ""both"", ""directions"": ""vertical"", ""stiffness_factor_eta_k"": 1.1082, ""damping_factor_eta_c"": 1.0}]"
v2n182_seed18637197_v200_subgrade,18637197,200,train,subgrade,v2_seed18637197,"[{""type"": ""subgrade_condition"", ""label"": ""subgrade_hardened"", ""start_m"": 224.4, ""count"": 8, ""side"": ""right"", ""directions"": ""vertical"", ""stiffness_factor_eta_k"": 2.9245, ""damping_factor_eta_c"": 1.0}]"
v2n182_seed18637197_v200_coupled_fastener_subgrade_partial_overlap,18637197,200,train,coupled_fastener_subgrade_partial_overlap,v2_seed18637197,"[{""type"": ""fastener_failure"", ""label"": ""fastener_eta"", ""start_m"": 196.2, ""count"": 3, ""side"": ""right"", ""directions"": ""both"", ""stiffness_factor_eta_k"": 1.05, ""damping_factor_eta_c"": 1.0}, {""type"": ""subgrade_condition"", ""label"": ""subgrade_softened"", ""start_m"": 196.8, ""count"": 80, ""side"": ""both"", ""directions"": ""vertical"", ""stiffness_factor_eta_k"": 0.8166, ""damping_factor_eta_c"": 1.0}]"
v2n182_seed18637197_v200_coupled_ballast_sleeper_void_separate,18637197,200,train,coupled_ballast_sleeper_void_separate,v2_seed18637197,"[{""type"": ""ballast_condition"", ""label"": ""ballast_hardened"", ""start_m"": 210.0, ""count"": 12, ""side"": ""right"", ""directions"": ""vertical"", ""stiffness_factor_eta_k"": 6.3938, ""damping_factor_eta_c"": 1.0}, {""type"": ""sleeper_void"", ""label"": ""sleeper_void"", ""start_m"": 229.2, ""count"": 1, ""side"": ""right"", ""directions"": ""vertical"", ""delta_gap_mm"": 0.769}]"
v2n182_seed18637197_v250_baseline,18637197,250,train,baseline,v2_seed18637197,[]
v2n182_seed18637197_v250_sleeper_void,18637197,250,train,sleeper_void,v2_seed18637197,"[{""type"": ""sleeper_void"", ""label"": ""sleeper_void"", ""start_m"": 273.0, ""count"": 1, ""side"": ""left"", ""directions"": ""vertical"", ""delta_gap_mm"": 1.172}]"
v2n182_seed18637197_v250_coupled_fastener_subgrade_partial_overlap,18637197,250,train,coupled_fastener_subgrade_partial_overlap,v2_seed18637197,"[{""type"": ""fastener_failure"", ""label"": ""fastener_eta"", ""start_m"": 196.2, ""count"": 3, ""side"": ""right"", ""directions"": ""both"", ""stiffness_factor_eta_k"": 1.05, ""damping_factor_eta_c"": 1.0}, {""type"": ""subgrade_condition"", ""label"": ""subgrade_softened"", ""start_m"": 196.8, ""count"": 80, ""side"": ""both"", ""directions"": ""vertical"", ""stiffness_factor_eta_k"": 0.8166, ""damping_factor_eta_c"": 1.0}]"
v2n183_seed79293412_v215_baseline,79293412,215,train,baseline,v2_seed79293412,[]
v2n183_seed79293412_v215_fastener,79293412,215,train,fastener,v2_seed79293412,"[{""type"": ""fastener_failure"", ""label"": ""fastener_eta"", ""start_m"": 236.4, ""count"": 1, ""side"": ""both"", ""directions"": ""both"", ""stiffness_factor_eta_k"": 0.9, ""damping_factor_eta_c"": 1.0}]"
v2n183_seed79293412_v215_sleeper_void,79293412,215,train,sleeper_void,v2_seed79293412,"[{""type"": ""sleeper_void"", ""label"": ""sleeper_void"", ""start_m"": 297.6, ""count"": 2, ""side"": ""right"", ""directions"": ""vertical"", ""delta_gap_mm"": 3.93}]"
v2n183_seed79293412_v215_ballast,79293412,215,train,ballast,v2_seed79293412,"[{""type"": ""ballast_condition"", ""label"": ""ballast_hardened"", ""start_m"": 257.4, ""count"": 8, ""side"": ""left"", ""directions"": ""vertical"", ""stiffness_factor_eta_k"": 2.7217, ""damping_factor_eta_c"": 1.0}]"
v2n183_seed79293412_v215_subgrade,79293412,215,train,subgrade,v2_seed79293412,"[{""type"": ""subgrade_condition"", ""label"": ""subgrade_hardened"", ""start_m"": 173.4, ""count"": 12, ""side"": ""both"", ""directions"": ""vertical"", ""stiffness_factor_eta_k"": 6.9493, ""damping_factor_eta_c"": 1.0}]"
v2n183_seed79293412_v215_coupled_ballast_subgrade_separate,79293412,215,train,coupled_ballast_subgrade_separate,v2_seed79293412,"[{""type"": ""ballast_condition"", ""label"": ""ballast_hardened"", ""start_m"": 192.6, ""count"": 12, ""side"": ""right"", ""directions"": ""vertical"", ""stiffness_factor_eta_k"": 7.9085, ""damping_factor_eta_c"": 1.0}, {""type"": ""subgrade_condition"", ""label"": ""subgrade_hardened"", ""start_m"": 211.8, ""count"": 3, ""side"": ""left"", ""directions"": ""vertical"", ""stiffness_factor_eta_k"": 1.1836, ""damping_factor_eta_c"": 1.0}]"
v2n183_seed79293412_v215_coupled_subgrade_sleeper_void_overlap,79293412,215,train,coupled_subgrade_sleeper_void_overlap,v2_seed79293412,"[{""type"": ""subgrade_condition"", ""label"": ""subgrade_softened"", ""start_m"": 214.2, ""count"": 20, ""side"": ""left"", ""directions"": ""vertical"", ""stiffness_factor_eta_k"": 0.113, ""damping_factor_eta_c"": 1.0}, {""type"": ""sleeper_void"", ""label"": ""sleeper_void"", ""start_m"": 214.2, ""count"": 2, ""side"": ""both"", ""directions"": ""vertical"", ""delta_gap_mm"": 1.035}]"
v2n183_seed79293412_v250_baseline,79293412,250,train,baseline,v2_seed79293412,[]
v2n183_seed79293412_v250_ballast,79293412,250,train,ballast,v2_seed79293412,"[{""type"": ""ballast_condition"", ""label"": ""ballast_hardened"", ""start_m"": 257.4, ""count"": 8, ""side"": ""left"", ""directions"": ""vertical"", ""stiffness_factor_eta_k"": 2.7217, ""damping_factor_eta_c"": 1.0}]"
v2n183_seed79293412_v250_coupled_ballast_subgrade_separate,79293412,250,train,coupled_ballast_subgrade_separate,v2_seed79293412,"[{""type"": ""ballast_condition"", ""label"": ""ballast_hardened"", ""start_m"": 192.6, ""count"": 12, ""side"": ""right"", ""directions"": ""vertical"", ""stiffness_factor_eta_k"": 7.9085, ""damping_factor_eta_c"": 1.0}, {""type"": ""subgrade_condition"", ""label"": ""subgrade_hardened"", ""start_m"": 211.8, ""count"": 3, ""side"": ""left"", ""directions"": ""vertical"", ""stiffness_factor_eta_k"": 1.1836, ""damping_factor_eta_c"": 1.0}]"
v2n184_seed31337449_v250_baseline,31337449,250,train,baseline,v2_seed31337449,[]
v2n184_seed31337449_v250_fastener,31337449,250,train,fastener,v2_seed31337449,"[{""type"": ""fastener_failure"", ""label"": ""fastener_eta"", ""start_m"": 280.8, ""count"": 2, ""side"": ""left"", ""directions"": ""both"", ""stiffness_factor_eta_k"": 0.95, ""damping_factor_eta_c"": 1.0}]"
v2n184_seed31337449_v250_sleeper_void,31337449,250,train,sleeper_void,v2_seed31337449,"[{""type"": ""sleeper_void"", ""label"": ""sleeper_void"", ""start_m"": 266.4, ""count"": 3, ""side"": ""both"", ""directions"": ""vertical"", ""delta_gap_mm"": 0.48}]"
v2n184_seed31337449_v250_ballast,31337449,250,train,ballast,v2_seed31337449,"[{""type"": ""ballast_condition"", ""label"": ""ballast_hardened"", ""start_m"": 224.4, ""count"": 12, ""side"": ""right"", ""directions"": ""vertical"", ""stiffness_factor_eta_k"": 6.6532, ""damping_factor_eta_c"": 1.0}]"
v2n184_seed31337449_v250_subgrade,31337449,250,train,subgrade,v2_seed31337449,"[{""type"": ""subgrade_condition"", ""label"": ""subgrade_softened"", ""start_m"": 299.4, ""count"": 20, ""side"": ""left"", ""directions"": ""vertical"", ""stiffness_factor_eta_k"": 0.2985, ""damping_factor_eta_c"": 1.0}]"
v2n184_seed31337449_v250_coupled_fastener_ballast_overlap,31337449,250,train,coupled_fastener_ballast_overlap,v2_seed31337449,"[{""type"": ""fastener_failure"", ""label"": ""fastener_eta"", ""start_m"": 198.0, ""count"": 8, ""side"": ""left"", ""directions"": ""both"", ""stiffness_factor_eta_k"": 1.25, ""damping_factor_eta_c"": 1.0}, {""type"": ""ballast_condition"", ""label"": ""ballast_hardened"", ""start_m"": 198.0, ""count"": 5, ""side"": ""left"", ""directions"": ""vertical"", ""stiffness_factor_eta_k"": 2.2696, ""damping_factor_eta_c"": 1.0}]"
v2n184_seed31337449_v250_coupled_fastener_sleeper_void_partial_overlap,31337449,250,train,coupled_fastener_sleeper_void_partial_overlap,v2_seed31337449,"[{""type"": ""fastener_failure"", ""label"": ""fastener_eta"", ""start_m"": 212.4, ""count"": 12, ""side"": ""right"", ""directions"": ""both"", ""stiffness_factor_eta_k"": 0.0, ""damping_factor_eta_c"": 1.0}, {""type"": ""sleeper_void"", ""label"": ""sleeper_void"", ""start_m"": 213.0, ""count"": 3, ""side"": ""left"", ""directions"": ""vertical"", ""delta_gap_mm"": 2.486}]"
v2n184_seed31337449_v200_baseline,31337449,200,train,baseline,v2_seed31337449,[]
v2n184_seed31337449_v200_subgrade,31337449,200,train,subgrade,v2_seed31337449,"[{""type"": ""subgrade_condition"", ""label"": ""subgrade_softened"", ""start_m"": 299.4, ""count"": 20, ""side"": ""left"", ""directions"": ""vertical"", ""stiffness_factor_eta_k"": 0.2985, ""damping_factor_eta_c"": 1.0}]"
v2n184_seed31337449_v200_coupled_fastener_ballast_overlap,31337449,200,train,coupled_fastener_ballast_overlap,v2_seed31337449,"[{""type"": ""fastener_failure"", ""label"": ""fastener_eta"", ""start_m"": 198.0, ""count"": 8, ""side"": ""left"", ""directions"": ""both"", ""stiffness_factor_eta_k"": 1.25, ""damping_factor_eta_c"": 1.0}, {""type"": ""ballast_condition"", ""label"": ""ballast_hardened"", ""start_m"": 198.0, ""count"": 5, ""side"": ""left"", ""directions"": ""vertical"", ""stiffness_factor_eta_k"": 2.2696, ""damping_factor_eta_c"": 1.0}]"
v2n185_seed98538645_v160_baseline,98538645,160,train,baseline,v2_seed98538645,[]
v2n185_seed98538645_v160_fastener,98538645,160,train,fastener,v2_seed98538645,"[{""type"": ""fastener_failure"", ""label"": ""fastener_eta"", ""start_m"": 199.2, ""count"": 3, ""side"": ""right"", ""directions"": ""both"", ""stiffness_factor_eta_k"": 1.05, ""damping_factor_eta_c"": 1.0}]"
v2n185_seed98538645_v160_sleeper_void,98538645,160,train,sleeper_void,v2_seed98538645,"[{""type"": ""sleeper_void"", ""label"": ""sleeper_void"", ""start_m"": 252.6, ""count"": 5, ""side"": ""left"", ""directions"": ""vertical"", ""delta_gap_mm"": 0.69}]"
v2n185_seed98538645_v160_ballast,98538645,160,train,ballast,v2_seed98538645,"[{""type"": ""ballast_condition"", ""label"": ""ballast_softened"", ""start_m"": 268.2, ""count"": 20, ""side"": ""both"", ""directions"": ""vertical"", ""stiffness_factor_eta_k"": 0.2279, ""damping_factor_eta_c"": 1.0}]"
v2n185_seed98538645_v160_subgrade,98538645,160,train,subgrade,v2_seed98538645,"[{""type"": ""subgrade_condition"", ""label"": ""subgrade_softened"", ""start_m"": 254.4, ""count"": 40, ""side"": ""right"", ""directions"": ""vertical"", ""stiffness_factor_eta_k"": 0.3791, ""damping_factor_eta_c"": 1.0}]"
v2n185_seed98538645_v160_coupled_fastener_subgrade_partial_overlap,98538645,160,train,coupled_fastener_subgrade_partial_overlap,v2_seed98538645,"[{""type"": ""fastener_failure"", ""label"": ""fastener_eta"", ""start_m"": 219.6, ""count"": 12, ""side"": ""right"", ""directions"": ""both"", ""stiffness_factor_eta_k"": 0.0, ""damping_factor_eta_c"": 1.0}, {""type"": ""subgrade_condition"", ""label"": ""subgrade_hardened"", ""start_m"": 222.0, ""count"": 8, ""side"": ""both"", ""directions"": ""vertical"", ""stiffness_factor_eta_k"": 7.3967, ""damping_factor_eta_c"": 1.0}]"
v2n185_seed98538645_v160_coupled_ballast_sleeper_void_separate,98538645,160,train,coupled_ballast_sleeper_void_separate,v2_seed98538645,"[{""type"": ""ballast_condition"", ""label"": ""ballast_softened"", ""start_m"": 204.0, ""count"": 80, ""side"": ""right"", ""directions"": ""vertical"", ""stiffness_factor_eta_k"": 0.9379, ""damping_factor_eta_c"": 1.0}, {""type"": ""sleeper_void"", ""label"": ""sleeper_void"", ""start_m"": 264.0, ""count"": 5, ""side"": ""right"", ""directions"": ""vertical"", ""delta_gap_mm"": 0.347}]"
v2n185_seed98538645_v200_baseline,98538645,200,train,baseline,v2_seed98538645,[]
v2n185_seed98538645_v200_fastener,98538645,200,train,fastener,v2_seed98538645,"[{""type"": ""fastener_failure"", ""label"": ""fastener_eta"", ""start_m"": 199.2, ""count"": 3, ""side"": ""right"", ""directions"": ""both"", ""stiffness_factor_eta_k"": 1.05, ""damping_factor_eta_c"": 1.0}]"
v2n185_seed98538645_v200_coupled_fastener_subgrade_partial_overlap,98538645,200,train,coupled_fastener_subgrade_partial_overlap,v2_seed98538645,"[{""type"": ""fastener_failure"", ""label"": ""fastener_eta"", ""start_m"": 219.6, ""count"": 12, ""side"": ""right"", ""directions"": ""both"", ""stiffness_factor_eta_k"": 0.0, ""damping_factor_eta_c"": 1.0}, {""type"": ""subgrade_condition"", ""label"": ""subgrade_hardened"", ""start_m"": 222.0, ""count"": 8, ""side"": ""both"", ""directions"": ""vertical"", ""stiffness_factor_eta_k"": 7.3967, ""damping_factor_eta_c"": 1.0}]"
v2n186_seed76799880_v200_baseline,76799880,200,train,baseline,v2_seed76799880,[]
v2n186_seed76799880_v200_fastener,76799880,200,train,fastener,v2_seed76799880,"[{""type"": ""fastener_failure"", ""label"": ""fastener_eta"", ""start_m"": 177.0, ""count"": 5, ""side"": ""both"", ""directions"": ""both"", ""stiffness_factor_eta_k"": 1.1, ""damping_factor_eta_c"": 1.0}]"
v2n186_seed76799880_v200_sleeper_void,76799880,200,train,sleeper_void,v2_seed76799880,"[{""type"": ""sleeper_void"", ""label"": ""sleeper_void"", ""start_m"": 246.0, ""count"": 8, ""side"": ""right"", ""directions"": ""vertical"", ""delta_gap_mm"": 1.913}]"
v2n186_seed76799880_v200_ballast,76799880,200,train,ballast,v2_seed76799880,"[{""type"": ""ballast_condition"", ""label"": ""ballast_softened"", ""start_m"": 226.8, ""count"": 40, ""side"": ""left"", ""directions"": ""vertical"", ""stiffness_factor_eta_k"": 0.6349, ""damping_factor_eta_c"": 1.0}]"
v2n186_seed76799880_v200_subgrade,76799880,200,train,subgrade,v2_seed76799880,"[{""type"": ""subgrade_condition"", ""label"": ""subgrade_softened"", ""start_m"": 186.0, ""count"": 80, ""side"": ""both"", ""directions"": ""vertical"", ""stiffness_factor_eta_k"": 0.9408, ""damping_factor_eta_c"": 1.0}]"
v2n186_seed76799880_v200_coupled_ballast_subgrade_separate,76799880,200,train,coupled_ballast_subgrade_separate,v2_seed76799880,"[{""type"": ""ballast_condition"", ""label"": ""ballast_softened"", ""start_m"": 181.8, ""count"": 80, ""side"": ""right"", ""directions"": ""vertical"", ""stiffness_factor_eta_k"": 0.8385, ""damping_factor_eta_c"": 1.0}, {""type"": ""subgrade_condition"", ""label"": ""subgrade_softened"", ""start_m"": 241.8, ""count"": 12, ""side"": ""left"", ""directions"": ""vertical"", ""stiffness_factor_eta_k"": 0.1909, ""damping_factor_eta_c"": 1.0}]"
v2n186_seed76799880_v200_coupled_subgrade_sleeper_void_overlap,76799880,200,train,coupled_subgrade_sleeper_void_overlap,v2_seed76799880,"[{""type"": ""subgrade_condition"", ""label"": ""subgrade_hardened"", ""start_m"": 217.8, ""count"": 3, ""side"": ""left"", ""directions"": ""vertical"", ""stiffness_factor_eta_k"": 1.2686, ""damping_factor_eta_c"": 1.0}, {""type"": ""sleeper_void"", ""label"": ""sleeper_void"", ""start_m"": 217.8, ""count"": 8, ""side"": ""both"", ""directions"": ""vertical"", ""delta_gap_mm"": 0.637}]"
v2n186_seed76799880_v250_baseline,76799880,250,train,baseline,v2_seed76799880,[]
v2n186_seed76799880_v250_sleeper_void,76799880,250,train,sleeper_void,v2_seed76799880,"[{""type"": ""sleeper_void"", ""label"": ""sleeper_void"", ""start_m"": 246.0, ""count"": 8, ""side"": ""right"", ""directions"": ""vertical"", ""delta_gap_mm"": 1.913}]"
v2n186_seed76799880_v250_coupled_ballast_subgrade_separate,76799880,250,train,coupled_ballast_subgrade_separate,v2_seed76799880,"[{""type"": ""ballast_condition"", ""label"": ""ballast_softened"", ""start_m"": 181.8, ""count"": 80, ""side"": ""right"", ""directions"": ""vertical"", ""stiffness_factor_eta_k"": 0.8385, ""damping_factor_eta_c"": 1.0}, {""type"": ""subgrade_condition"", ""label"": ""subgrade_softened"", ""start_m"": 241.8, ""count"": 12, ""side"": ""left"", ""directions"": ""vertical"", ""stiffness_factor_eta_k"": 0.1909, ""damping_factor_eta_c"": 1.0}]"
v2n187_seed80874708_v215_baseline,80874708,215,train,baseline,v2_seed80874708,[]
v2n187_seed80874708_v215_fastener,80874708,215,train,fastener,v2_seed80874708,"[{""type"": ""fastener_failure"", ""label"": ""fastener_eta"", ""start_m"": 202.2, ""count"": 8, ""side"": ""left"", ""directions"": ""both"", ""stiffness_factor_eta_k"": 1.25, ""damping_factor_eta_c"": 1.0}]"
v2n187_seed80874708_v215_sleeper_void,80874708,215,train,sleeper_void,v2_seed80874708,"[{""type"": ""sleeper_void"", ""label"": ""sleeper_void"", ""start_m"": 155.4, ""count"": 12, ""side"": ""both"", ""directions"": ""vertical"", ""delta_gap_mm"": 3.518}]"
v2n187_seed80874708_v215_ballast,80874708,215,train,ballast,v2_seed80874708,"[{""type"": ""ballast_condition"", ""label"": ""ballast_softened"", ""start_m"": 298.2, ""count"": 80, ""side"": ""right"", ""directions"": ""vertical"", ""stiffness_factor_eta_k"": 0.8552, ""damping_factor_eta_c"": 1.0}]"
v2n187_seed80874708_v215_subgrade,80874708,215,train,subgrade,v2_seed80874708,"[{""type"": ""subgrade_condition"", ""label"": ""subgrade_hardened"", ""start_m"": 165.6, ""count"": 3, ""side"": ""left"", ""directions"": ""vertical"", ""stiffness_factor_eta_k"": 1.2133, ""damping_factor_eta_c"": 1.0}]"
v2n187_seed80874708_v215_coupled_fastener_ballast_overlap,80874708,215,train,coupled_fastener_ballast_overlap,v2_seed80874708,"[{""type"": ""fastener_failure"", ""label"": ""fastener_eta"", ""start_m"": 217.8, ""count"": 1, ""side"": ""left"", ""directions"": ""both"", ""stiffness_factor_eta_k"": 0.25, ""damping_factor_eta_c"": 1.0}, {""type"": ""ballast_condition"", ""label"": ""ballast_softened"", ""start_m"": 217.8, ""count"": 20, ""side"": ""left"", ""directions"": ""vertical"", ""stiffness_factor_eta_k"": 0.6752, ""damping_factor_eta_c"": 1.0}]"
v2n187_seed80874708_v215_coupled_fastener_sleeper_void_partial_overlap,80874708,215,train,coupled_fastener_sleeper_void_partial_overlap,v2_seed80874708,"[{""type"": ""fastener_failure"", ""label"": ""fastener_eta"", ""start_m"": 207.6, ""count"": 2, ""side"": ""right"", ""directions"": ""both"", ""stiffness_factor_eta_k"": 0.5, ""damping_factor_eta_c"": 1.0}, {""type"": ""sleeper_void"", ""label"": ""sleeper_void"", ""start_m"": 208.2, ""count"": 12, ""side"": ""left"", ""directions"": ""vertical"", ""delta_gap_mm"": 1.157}]"
v2n187_seed80874708_v250_baseline,80874708,250,train,baseline,v2_seed80874708,[]
v2n187_seed80874708_v250_ballast,80874708,250,train,ballast,v2_seed80874708,"[{""type"": ""ballast_condition"", ""label"": ""ballast_softened"", ""start_m"": 298.2, ""count"": 80, ""side"": ""right"", ""directions"": ""vertical"", ""stiffness_factor_eta_k"": 0.8552, ""damping_factor_eta_c"": 1.0}]"
v2n187_seed80874708_v250_coupled_fastener_ballast_overlap,80874708,250,train,coupled_fastener_ballast_overlap,v2_seed80874708,"[{""type"": ""fastener_failure"", ""label"": ""fastener_eta"", ""start_m"": 217.8, ""count"": 1, ""side"": ""left"", ""directions"": ""both"", ""stiffness_factor_eta_k"": 0.25, ""damping_factor_eta_c"": 1.0}, {""type"": ""ballast_condition"", ""label"": ""ballast_softened"", ""start_m"": 217.8, ""count"": 20, ""side"": ""left"", ""directions"": ""vertical"", ""stiffness_factor_eta_k"": 0.6752, ""damping_factor_eta_c"": 1.0}]"
v2n188_seed67198977_v250_baseline,67198977,250,train,baseline,v2_seed67198977,[]
v2n188_seed67198977_v250_fastener,67198977,250,train,fastener,v2_seed67198977,"[{""type"": ""fastener_failure"", ""label"": ""fastener_eta"", ""start_m"": 252.6, ""count"": 12, ""side"": ""right"", ""directions"": ""both"", ""stiffness_factor_eta_k"": 0.0, ""damping_factor_eta_c"": 1.0}]"
v2n188_seed67198977_v250_sleeper_void,67198977,250,train,sleeper_void,v2_seed67198977,"[{""type"": ""sleeper_void"", ""label"": ""sleeper_void"", ""start_m"": 169.8, ""count"": 20, ""side"": ""left"", ""directions"": ""vertical"", ""delta_gap_mm"": 0.33}]"
v2n188_seed67198977_v250_ballast,67198977,250,train,ballast,v2_seed67198977,"[{""type"": ""ballast_condition"", ""label"": ""ballast_hardened"", ""start_m"": 224.4, ""count"": 3, ""side"": ""both"", ""directions"": ""vertical"", ""stiffness_factor_eta_k"": 1.1504, ""damping_factor_eta_c"": 1.0}]"
v2n188_seed67198977_v250_subgrade,67198977,250,train,subgrade,v2_seed67198977,"[{""type"": ""subgrade_condition"", ""label"": ""subgrade_hardened"", ""start_m"": 259.2, ""count"": 5, ""side"": ""right"", ""directions"": ""vertical"", ""stiffness_factor_eta_k"": 1.6836, ""damping_factor_eta_c"": 1.0}]"
v2n188_seed67198977_v250_coupled_fastener_subgrade_partial_overlap,67198977,250,train,coupled_fastener_subgrade_partial_overlap,v2_seed67198977,"[{""type"": ""fastener_failure"", ""label"": ""fastener_eta"", ""start_m"": 199.8, ""count"": 2, ""side"": ""right"", ""directions"": ""both"", ""stiffness_factor_eta_k"": 0.5, ""damping_factor_eta_c"": 1.0}, {""type"": ""subgrade_condition"", ""label"": ""subgrade_softened"", ""start_m"": 200.4, ""count"": 40, ""side"": ""both"", ""directions"": ""vertical"", ""stiffness_factor_eta_k"": 0.9266, ""damping_factor_eta_c"": 1.0}]"
v2n188_seed67198977_v250_coupled_ballast_sleeper_void_separate,67198977,250,train,coupled_ballast_sleeper_void_separate,v2_seed67198977,"[{""type"": ""ballast_condition"", ""label"": ""ballast_hardened"", ""start_m"": 222.6, ""count"": 8, ""side"": ""right"", ""directions"": ""vertical"", ""stiffness_factor_eta_k"": 4.3203, ""damping_factor_eta_c"": 1.0}, {""type"": ""sleeper_void"", ""label"": ""sleeper_void"", ""start_m"": 246.6, ""count"": 20, ""side"": ""right"", ""directions"": ""vertical"", ""delta_gap_mm"": 3.252}]"
v2n188_seed67198977_v200_baseline,67198977,200,train,baseline,v2_seed67198977,[]
v2n188_seed67198977_v200_subgrade,67198977,200,train,subgrade,v2_seed67198977,"[{""type"": ""subgrade_condition"", ""label"": ""subgrade_hardened"", ""start_m"": 259.2, ""count"": 5, ""side"": ""right"", ""directions"": ""vertical"", ""stiffness_factor_eta_k"": 1.6836, ""damping_factor_eta_c"": 1.0}]"
v2n188_seed67198977_v200_coupled_fastener_subgrade_partial_overlap,67198977,200,train,coupled_fastener_subgrade_partial_overlap,v2_seed67198977,"[{""type"": ""fastener_failure"", ""label"": ""fastener_eta"", ""start_m"": 199.8, ""count"": 2, ""side"": ""right"", ""directions"": ""both"", ""stiffness_factor_eta_k"": 0.5, ""damping_factor_eta_c"": 1.0}, {""type"": ""subgrade_condition"", ""label"": ""subgrade_softened"", ""start_m"": 200.4, ""count"": 40, ""side"": ""both"", ""directions"": ""vertical"", ""stiffness_factor_eta_k"": 0.9266, ""damping_factor_eta_c"": 1.0}]"
v2n189_seed86503184_v160_baseline,86503184,160,train,baseline,v2_seed86503184,[]
v2n189_seed86503184_v160_fastener,86503184,160,train,fastener,v2_seed86503184,"[{""type"": ""fastener_failure"", ""label"": ""fastener_eta"", ""start_m"": 288.6, ""count"": 20, ""side"": ""both"", ""directions"": ""both"", ""stiffness_factor_eta_k"": 0.1, ""damping_factor_eta_c"": 1.0}]"
v2n189_seed86503184_v160_sleeper_void,86503184,160,train,sleeper_void,v2_seed86503184,"[{""type"": ""sleeper_void"", ""label"": ""sleeper_void"", ""start_m"": 230.4, ""count"": 1, ""side"": ""right"", ""directions"": ""vertical"", ""delta_gap_mm"": 0.555}]"
v2n189_seed86503184_v160_ballast,86503184,160,train,ballast,v2_seed86503184,"[{""type"": ""ballast_condition"", ""label"": ""ballast_hardened"", ""start_m"": 243.6, ""count"": 5, ""side"": ""left"", ""directions"": ""vertical"", ""stiffness_factor_eta_k"": 1.687, ""damping_factor_eta_c"": 1.0}]"
v2n189_seed86503184_v160_subgrade,86503184,160,train,subgrade,v2_seed86503184,"[{""type"": ""subgrade_condition"", ""label"": ""subgrade_hardened"", ""start_m"": 232.8, ""count"": 8, ""side"": ""both"", ""directions"": ""vertical"", ""stiffness_factor_eta_k"": 3.1626, ""damping_factor_eta_c"": 1.0}]"
v2n189_seed86503184_v160_coupled_ballast_subgrade_separate,86503184,160,train,coupled_ballast_subgrade_separate,v2_seed86503184,"[{""type"": ""ballast_condition"", ""label"": ""ballast_hardened"", ""start_m"": 180.6, ""count"": 8, ""side"": ""right"", ""directions"": ""vertical"", ""stiffness_factor_eta_k"": 4.0984, ""damping_factor_eta_c"": 1.0}, {""type"": ""subgrade_condition"", ""label"": ""subgrade_hardened"", ""start_m"": 240.6, ""count"": 80, ""side"": ""left"", ""directions"": ""vertical"", ""stiffness_factor_eta_k"": 1.1291, ""damping_factor_eta_c"": 1.0}]"
v2n189_seed86503184_v160_coupled_subgrade_sleeper_void_overlap,86503184,160,train,coupled_subgrade_sleeper_void_overlap,v2_seed86503184,"[{""type"": ""subgrade_condition"", ""label"": ""subgrade_softened"", ""start_m"": 220.8, ""count"": 12, ""side"": ""left"", ""directions"": ""vertical"", ""stiffness_factor_eta_k"": 0.225, ""damping_factor_eta_c"": 1.0}, {""type"": ""sleeper_void"", ""label"": ""sleeper_void"", ""start_m"": 220.8, ""count"": 1, ""side"": ""both"", ""directions"": ""vertical"", ""delta_gap_mm"": 0.447}]"
v2n189_seed86503184_v200_baseline,86503184,200,train,baseline,v2_seed86503184,[]
v2n189_seed86503184_v200_fastener,86503184,200,train,fastener,v2_seed86503184,"[{""type"": ""fastener_failure"", ""label"": ""fastener_eta"", ""start_m"": 288.6, ""count"": 20, ""side"": ""both"", ""directions"": ""both"", ""stiffness_factor_eta_k"": 0.1, ""damping_factor_eta_c"": 1.0}]"
v2n189_seed86503184_v200_coupled_ballast_subgrade_separate,86503184,200,train,coupled_ballast_subgrade_separate,v2_seed86503184,"[{""type"": ""ballast_condition"", ""label"": ""ballast_hardened"", ""start_m"": 180.6, ""count"": 8, ""side"": ""right"", ""directions"": ""vertical"", ""stiffness_factor_eta_k"": 4.0984, ""damping_factor_eta_c"": 1.0}, {""type"": ""subgrade_condition"", ""label"": ""subgrade_hardened"", ""start_m"": 240.6, ""count"": 80, ""side"": ""left"", ""directions"": ""vertical"", ""stiffness_factor_eta_k"": 1.1291, ""damping_factor_eta_c"": 1.0}]"
v2n190_seed65641868_v200_baseline,65641868,200,train,baseline,v2_seed65641868,[]
v2n190_seed65641868_v200_fastener,65641868,200,train,fastener,v2_seed65641868,"[{""type"": ""fastener_failure"", ""label"": ""fastener_eta"", ""start_m"": 277.8, ""count"": 1, ""side"": ""left"", ""directions"": ""both"", ""stiffness_factor_eta_k"": 0.25, ""damping_factor_eta_c"": 1.0}]"
v2n190_seed65641868_v200_sleeper_void,65641868,200,train,sleeper_void,v2_seed65641868,"[{""type"": ""sleeper_void"", ""label"": ""sleeper_void"", ""start_m"": 237.0, ""count"": 2, ""side"": ""both"", ""directions"": ""vertical"", ""delta_gap_mm"": 1.989}]"
v2n190_seed65641868_v200_ballast,65641868,200,train,ballast,v2_seed65641868,"[{""type"": ""ballast_condition"", ""label"": ""ballast_hardened"", ""start_m"": 264.6, ""count"": 8, ""side"": ""right"", ""directions"": ""vertical"", ""stiffness_factor_eta_k"": 4.2732, ""damping_factor_eta_c"": 1.0}]"
v2n190_seed65641868_v200_subgrade,65641868,200,train,subgrade,v2_seed65641868,"[{""type"": ""subgrade_condition"", ""label"": ""subgrade_softened"", ""start_m"": 155.4, ""count"": 12, ""side"": ""left"", ""directions"": ""vertical"", ""stiffness_factor_eta_k"": 0.1595, ""damping_factor_eta_c"": 1.0}]"
v2n190_seed65641868_v200_coupled_fastener_ballast_overlap,65641868,200,train,coupled_fastener_ballast_overlap,v2_seed65641868,"[{""type"": ""fastener_failure"", ""label"": ""fastener_eta"", ""start_m"": 234.0, ""count"": 5, ""side"": ""left"", ""directions"": ""both"", ""stiffness_factor_eta_k"": 0.85, ""damping_factor_eta_c"": 1.0}, {""type"": ""ballast_condition"", ""label"": ""ballast_hardened"", ""start_m"": 234.0, ""count"": 3, ""side"": ""left"", ""directions"": ""vertical"", ""stiffness_factor_eta_k"": 2.4221, ""damping_factor_eta_c"": 1.0}]"
v2n190_seed65641868_v200_coupled_fastener_sleeper_void_partial_overlap,65641868,200,train,coupled_fastener_sleeper_void_partial_overlap,v2_seed65641868,"[{""type"": ""fastener_failure"", ""label"": ""fastener_eta"", ""start_m"": 198.6, ""count"": 8, ""side"": ""right"", ""directions"": ""both"", ""stiffness_factor_eta_k"": 0.9, ""damping_factor_eta_c"": 1.0}, {""type"": ""sleeper_void"", ""label"": ""sleeper_void"", ""start_m"": 199.2, ""count"": 2, ""side"": ""left"", ""directions"": ""vertical"", ""delta_gap_mm"": 0.998}]"
v2n190_seed65641868_v250_baseline,65641868,250,train,baseline,v2_seed65641868,[]
v2n190_seed65641868_v250_sleeper_void,65641868,250,train,sleeper_void,v2_seed65641868,"[{""type"": ""sleeper_void"", ""label"": ""sleeper_void"", ""start_m"": 237.0, ""count"": 2, ""side"": ""both"", ""directions"": ""vertical"", ""delta_gap_mm"": 1.989}]"
v2n190_seed65641868_v250_coupled_fastener_ballast_overlap,65641868,250,train,coupled_fastener_ballast_overlap,v2_seed65641868,"[{""type"": ""fastener_failure"", ""label"": ""fastener_eta"", ""start_m"": 234.0, ""count"": 5, ""side"": ""left"", ""directions"": ""both"", ""stiffness_factor_eta_k"": 0.85, ""damping_factor_eta_c"": 1.0}, {""type"": ""ballast_condition"", ""label"": ""ballast_hardened"", ""start_m"": 234.0, ""count"": 3, ""side"": ""left"", ""directions"": ""vertical"", ""stiffness_factor_eta_k"": 2.4221, ""damping_factor_eta_c"": 1.0}]"
v2n191_seed74416145_v215_baseline,74416145,215,train,baseline,v2_seed74416145,[]
v2n191_seed74416145_v215_fastener,74416145,215,train,fastener,v2_seed74416145,"[{""type"": ""fastener_failure"", ""label"": ""fastener_eta"", ""start_m"": 250.8, ""count"": 2, ""side"": ""right"", ""directions"": ""both"", ""stiffness_factor_eta_k"": 0.5, ""damping_factor_eta_c"": 1.0}]"
v2n191_seed74416145_v215_sleeper_void,74416145,215,train,sleeper_void,v2_seed74416145,"[{""type"": ""sleeper_void"", ""label"": ""sleeper_void"", ""start_m"": 178.2, ""count"": 3, ""side"": ""left"", ""directions"": ""vertical"", ""delta_gap_mm"": 2.228}]"
v2n191_seed74416145_v215_ballast,74416145,215,train,ballast,v2_seed74416145,"[{""type"": ""ballast_condition"", ""label"": ""ballast_softened"", ""start_m"": 181.2, ""count"": 12, ""side"": ""both"", ""directions"": ""vertical"", ""stiffness_factor_eta_k"": 0.2947, ""damping_factor_eta_c"": 1.0}]"
v2n191_seed74416145_v215_subgrade,74416145,215,train,subgrade,v2_seed74416145,"[{""type"": ""subgrade_condition"", ""label"": ""subgrade_softened"", ""start_m"": 252.0, ""count"": 20, ""side"": ""right"", ""directions"": ""vertical"", ""stiffness_factor_eta_k"": 0.5265, ""damping_factor_eta_c"": 1.0}]"
v2n191_seed74416145_v215_coupled_fastener_subgrade_partial_overlap,74416145,215,train,coupled_fastener_subgrade_partial_overlap,v2_seed74416145,"[{""type"": ""fastener_failure"", ""label"": ""fastener_eta"", ""start_m"": 234.0, ""count"": 8, ""side"": ""right"", ""directions"": ""both"", ""stiffness_factor_eta_k"": 0.9, ""damping_factor_eta_c"": 1.0}, {""type"": ""subgrade_condition"", ""label"": ""subgrade_hardened"", ""start_m"": 235.2, ""count"": 5, ""side"": ""both"", ""directions"": ""vertical"", ""stiffness_factor_eta_k"": 6.2644, ""damping_factor_eta_c"": 1.0}]"
v2n191_seed74416145_v215_coupled_ballast_sleeper_void_separate,74416145,215,train,coupled_ballast_sleeper_void_separate,v2_seed74416145,"[{""type"": ""ballast_condition"", ""label"": ""ballast_softened"", ""start_m"": 218.4, ""count"": 40, ""side"": ""right"", ""directions"": ""vertical"", ""stiffness_factor_eta_k"": 0.7555, ""damping_factor_eta_c"": 1.0}, {""type"": ""sleeper_void"", ""label"": ""sleeper_void"", ""start_m"": 254.4, ""count"": 3, ""side"": ""right"", ""directions"": ""vertical"", ""delta_gap_mm"": 1.421}]"
v2n191_seed74416145_v250_baseline,74416145,250,train,baseline,v2_seed74416145,[]
v2n191_seed74416145_v250_ballast,74416145,250,train,ballast,v2_seed74416145,"[{""type"": ""ballast_condition"", ""label"": ""ballast_softened"", ""start_m"": 181.2, ""count"": 12, ""side"": ""both"", ""directions"": ""vertical"", ""stiffness_factor_eta_k"": 0.2947, ""damping_factor_eta_c"": 1.0}]"
v2n191_seed74416145_v250_coupled_fastener_subgrade_partial_overlap,74416145,250,train,coupled_fastener_subgrade_partial_overlap,v2_seed74416145,"[{""type"": ""fastener_failure"", ""label"": ""fastener_eta"", ""start_m"": 234.0, ""count"": 8, ""side"": ""right"", ""directions"": ""both"", ""stiffness_factor_eta_k"": 0.9, ""damping_factor_eta_c"": 1.0}, {""type"": ""subgrade_condition"", ""label"": ""subgrade_hardened"", ""start_m"": 235.2, ""count"": 5, ""side"": ""both"", ""directions"": ""vertical"", ""stiffness_factor_eta_k"": 6.2644, ""damping_factor_eta_c"": 1.0}]"
v2n192_seed87172843_v250_baseline,87172843,250,train,baseline,v2_seed87172843,[]
v2n192_seed87172843_v250_fastener,87172843,250,train,fastener,v2_seed87172843,"[{""type"": ""fastener_failure"", ""label"": ""fastener_eta"", ""start_m"": 226.2, ""count"": 3, ""side"": ""both"", ""directions"": ""both"", ""stiffness_factor_eta_k"": 0.75, ""damping_factor_eta_c"": 1.0}]"
v2n192_seed87172843_v250_sleeper_void,87172843,250,train,sleeper_void,v2_seed87172843,"[{""type"": ""sleeper_void"", ""label"": ""sleeper_void"", ""start_m"": 246.0, ""count"": 5, ""side"": ""right"", ""directions"": ""vertical"", ""delta_gap_mm"": 0.288}]"
v2n192_seed87172843_v250_ballast,87172843,250,train,ballast,v2_seed87172843,"[{""type"": ""ballast_condition"", ""label"": ""ballast_softened"", ""start_m"": 216.6, ""count"": 20, ""side"": ""left"", ""directions"": ""vertical"", ""stiffness_factor_eta_k"": 0.5, ""damping_factor_eta_c"": 1.0}]"
v2n192_seed87172843_v250_subgrade,87172843,250,train,subgrade,v2_seed87172843,"[{""type"": ""subgrade_condition"", ""label"": ""subgrade_softened"", ""start_m"": 288.6, ""count"": 40, ""side"": ""both"", ""directions"": ""vertical"", ""stiffness_factor_eta_k"": 0.9237, ""damping_factor_eta_c"": 1.0}]"
v2n192_seed87172843_v250_coupled_ballast_subgrade_separate,87172843,250,train,coupled_ballast_subgrade_separate,v2_seed87172843,"[{""type"": ""ballast_condition"", ""label"": ""ballast_softened"", ""start_m"": 214.2, ""count"": 40, ""side"": ""right"", ""directions"": ""vertical"", ""stiffness_factor_eta_k"": 0.9255, ""damping_factor_eta_c"": 1.0}, {""type"": ""subgrade_condition"", ""label"": ""subgrade_softened"", ""start_m"": 250.2, ""count"": 8, ""side"": ""left"", ""directions"": ""vertical"", ""stiffness_factor_eta_k"": 0.2965, ""damping_factor_eta_c"": 1.0}]"
v2n192_seed87172843_v250_coupled_subgrade_sleeper_void_overlap,87172843,250,train,coupled_subgrade_sleeper_void_overlap,v2_seed87172843,"[{""type"": ""subgrade_condition"", ""label"": ""subgrade_hardened"", ""start_m"": 229.8, ""count"": 80, ""side"": ""left"", ""directions"": ""vertical"", ""stiffness_factor_eta_k"": 1.1453, ""damping_factor_eta_c"": 1.0}, {""type"": ""sleeper_void"", ""label"": ""sleeper_void"", ""start_m"": 229.8, ""count"": 5, ""side"": ""both"", ""directions"": ""vertical"", ""delta_gap_mm"": 2.67}]"
v2n192_seed87172843_v200_baseline,87172843,200,train,baseline,v2_seed87172843,[]
v2n192_seed87172843_v200_subgrade,87172843,200,train,subgrade,v2_seed87172843,"[{""type"": ""subgrade_condition"", ""label"": ""subgrade_softened"", ""start_m"": 288.6, ""count"": 40, ""side"": ""both"", ""directions"": ""vertical"", ""stiffness_factor_eta_k"": 0.9237, ""damping_factor_eta_c"": 1.0}]"
v2n192_seed87172843_v200_coupled_ballast_subgrade_separate,87172843,200,train,coupled_ballast_subgrade_separate,v2_seed87172843,"[{""type"": ""ballast_condition"", ""label"": ""ballast_softened"", ""start_m"": 214.2, ""count"": 40, ""side"": ""right"", ""directions"": ""vertical"", ""stiffness_factor_eta_k"": 0.9255, ""damping_factor_eta_c"": 1.0}, {""type"": ""subgrade_condition"", ""label"": ""subgrade_softened"", ""start_m"": 250.2, ""count"": 8, ""side"": ""left"", ""directions"": ""vertical"", ""stiffness_factor_eta_k"": 0.2965, ""damping_factor_eta_c"": 1.0}]"
v2n193_seed67542926_v160_baseline,67542926,160,train,baseline,v2_seed67542926,[]
v2n193_seed67542926_v160_fastener,67542926,160,train,fastener,v2_seed67542926,"[{""type"": ""fastener_failure"", ""label"": ""fastener_eta"", ""start_m"": 206.4, ""count"": 5, ""side"": ""left"", ""directions"": ""both"", ""stiffness_factor_eta_k"": 0.85, ""damping_factor_eta_c"": 1.0}]"
v2n193_seed67542926_v160_sleeper_void,67542926,160,train,sleeper_void,v2_seed67542926,"[{""type"": ""sleeper_void"", ""label"": ""sleeper_void"", ""start_m"": 264.6, ""count"": 8, ""side"": ""both"", ""directions"": ""vertical"", ""delta_gap_mm"": 0.935}]"
v2n193_seed67542926_v160_ballast,67542926,160,train,ballast,v2_seed67542926,"[{""type"": ""ballast_condition"", ""label"": ""ballast_softened"", ""start_m"": 230.4, ""count"": 40, ""side"": ""right"", ""directions"": ""vertical"", ""stiffness_factor_eta_k"": 0.8903, ""damping_factor_eta_c"": 1.0}]"
v2n193_seed67542926_v160_subgrade,67542926,160,train,subgrade,v2_seed67542926,"[{""type"": ""subgrade_condition"", ""label"": ""subgrade_hardened"", ""start_m"": 220.2, ""count"": 80, ""side"": ""left"", ""directions"": ""vertical"", ""stiffness_factor_eta_k"": 1.234, ""damping_factor_eta_c"": 1.0}]"
v2n193_seed67542926_v160_coupled_fastener_ballast_overlap,67542926,160,train,coupled_fastener_ballast_overlap,v2_seed67542926,"[{""type"": ""fastener_failure"", ""label"": ""fastener_eta"", ""start_m"": 187.2, ""count"": 20, ""side"": ""left"", ""directions"": ""both"", ""stiffness_factor_eta_k"": 1.05, ""damping_factor_eta_c"": 1.0}, {""type"": ""ballast_condition"", ""label"": ""ballast_softened"", ""start_m"": 187.2, ""count"": 12, ""side"": ""left"", ""directions"": ""vertical"", ""stiffness_factor_eta_k"": 0.324, ""damping_factor_eta_c"": 1.0}]"
v2n193_seed67542926_v160_coupled_fastener_sleeper_void_partial_overlap,67542926,160,train,coupled_fastener_sleeper_void_partial_overlap,v2_seed67542926,"[{""type"": ""fastener_failure"", ""label"": ""fastener_eta"", ""start_m"": 229.8, ""count"": 1, ""side"": ""right"", ""directions"": ""both"", ""stiffness_factor_eta_k"": 1.1, ""damping_factor_eta_c"": 1.0}, {""type"": ""sleeper_void"", ""label"": ""sleeper_void"", ""start_m"": 230.4, ""count"": 8, ""side"": ""left"", ""directions"": ""vertical"", ""delta_gap_mm"": 0.262}]"
v2n193_seed67542926_v200_baseline,67542926,200,train,baseline,v2_seed67542926,[]
v2n193_seed67542926_v200_fastener,67542926,200,train,fastener,v2_seed67542926,"[{""type"": ""fastener_failure"", ""label"": ""fastener_eta"", ""start_m"": 206.4, ""count"": 5, ""side"": ""left"", ""directions"": ""both"", ""stiffness_factor_eta_k"": 0.85, ""damping_factor_eta_c"": 1.0}]"
v2n193_seed67542926_v200_coupled_fastener_ballast_overlap,67542926,200,train,coupled_fastener_ballast_overlap,v2_seed67542926,"[{""type"": ""fastener_failure"", ""label"": ""fastener_eta"", ""start_m"": 187.2, ""count"": 20, ""side"": ""left"", ""directions"": ""both"", ""stiffness_factor_eta_k"": 1.05, ""damping_factor_eta_c"": 1.0}, {""type"": ""ballast_condition"", ""label"": ""ballast_softened"", ""start_m"": 187.2, ""count"": 12, ""side"": ""left"", ""directions"": ""vertical"", ""stiffness_factor_eta_k"": 0.324, ""damping_factor_eta_c"": 1.0}]"
v2n194_seed38271990_v200_baseline,38271990,200,train,baseline,v2_seed38271990,[]
v2n194_seed38271990_v200_fastener,38271990,200,train,fastener,v2_seed38271990,"[{""type"": ""fastener_failure"", ""label"": ""fastener_eta"", ""start_m"": 268.8, ""count"": 8, ""side"": ""right"", ""directions"": ""both"", ""stiffness_factor_eta_k"": 0.9, ""damping_factor_eta_c"": 1.0}]"
v2n194_seed38271990_v200_sleeper_void,38271990,200,train,sleeper_void,v2_seed38271990,"[{""type"": ""sleeper_void"", ""label"": ""sleeper_void"", ""start_m"": 233.4, ""count"": 12, ""side"": ""left"", ""directions"": ""vertical"", ""delta_gap_mm"": 1.546}]"
v2n194_seed38271990_v200_ballast,38271990,200,train,ballast,v2_seed38271990,"[{""type"": ""ballast_condition"", ""label"": ""ballast_hardened"", ""start_m"": 225.0, ""count"": 80, ""side"": ""both"", ""directions"": ""vertical"", ""stiffness_factor_eta_k"": 1.2524, ""damping_factor_eta_c"": 1.0}]"
v2n194_seed38271990_v200_subgrade,38271990,200,train,subgrade,v2_seed38271990,"[{""type"": ""subgrade_condition"", ""label"": ""subgrade_hardened"", ""start_m"": 171.0, ""count"": 3, ""side"": ""right"", ""directions"": ""vertical"", ""stiffness_factor_eta_k"": 2.8687, ""damping_factor_eta_c"": 1.0}]"
v2n194_seed38271990_v200_coupled_fastener_subgrade_partial_overlap,38271990,200,train,coupled_fastener_subgrade_partial_overlap,v2_seed38271990,"[{""type"": ""fastener_failure"", ""label"": ""fastener_eta"", ""start_m"": 217.2, ""count"": 1, ""side"": ""right"", ""directions"": ""both"", ""stiffness_factor_eta_k"": 1.1, ""damping_factor_eta_c"": 1.0}, {""type"": ""subgrade_condition"", ""label"": ""subgrade_softened"", ""start_m"": 217.8, ""count"": 20, ""side"": ""both"", ""directions"": ""vertical"", ""stiffness_factor_eta_k"": 0.7486, ""damping_factor_eta_c"": 1.0}]"
v2n194_seed38271990_v200_coupled_ballast_sleeper_void_separate,38271990,200,train,coupled_ballast_sleeper_void_separate,v2_seed38271990,"[{""type"": ""ballast_condition"", ""label"": ""ballast_hardened"", ""start_m"": 195.6, ""count"": 5, ""side"": ""right"", ""directions"": ""vertical"", ""stiffness_factor_eta_k"": 4.885, ""damping_factor_eta_c"": 1.0}, {""type"": ""sleeper_void"", ""label"": ""sleeper_void"", ""start_m"": 214.8, ""count"": 12, ""side"": ""right"", ""directions"": ""vertical"", ""delta_gap_mm"": 0.774}]"
v2n194_seed38271990_v250_baseline,38271990,250,train,baseline,v2_seed38271990,[]
v2n194_seed38271990_v250_sleeper_void,38271990,250,train,sleeper_void,v2_seed38271990,"[{""type"": ""sleeper_void"", ""label"": ""sleeper_void"", ""start_m"": 233.4, ""count"": 12, ""side"": ""left"", ""directions"": ""vertical"", ""delta_gap_mm"": 1.546}]"
v2n194_seed38271990_v250_coupled_fastener_subgrade_partial_overlap,38271990,250,train,coupled_fastener_subgrade_partial_overlap,v2_seed38271990,"[{""type"": ""fastener_failure"", ""label"": ""fastener_eta"", ""start_m"": 217.2, ""count"": 1, ""side"": ""right"", ""directions"": ""both"", ""stiffness_factor_eta_k"": 1.1, ""damping_factor_eta_c"": 1.0}, {""type"": ""subgrade_condition"", ""label"": ""subgrade_softened"", ""start_m"": 217.8, ""count"": 20, ""side"": ""both"", ""directions"": ""vertical"", ""stiffness_factor_eta_k"": 0.7486, ""damping_factor_eta_c"": 1.0}]"
v2n195_seed83184114_v215_baseline,83184114,215,train,baseline,v2_seed83184114,[]
v2n195_seed83184114_v215_fastener,83184114,215,train,fastener,v2_seed83184114,"[{""type"": ""fastener_failure"", ""label"": ""fastener_eta"", ""start_m"": 188.4, ""count"": 12, ""side"": ""both"", ""directions"": ""both"", ""stiffness_factor_eta_k"": 0.95, ""damping_factor_eta_c"": 1.0}]"
v2n195_seed83184114_v215_sleeper_void,83184114,215,train,sleeper_void,v2_seed83184114,"[{""type"": ""sleeper_void"", ""label"": ""sleeper_void"", ""start_m"": 235.2, ""count"": 20, ""side"": ""right"", ""directions"": ""vertical"", ""delta_gap_mm"": 3.37}]"
v2n195_seed83184114_v215_ballast,83184114,215,train,ballast,v2_seed83184114,"[{""type"": ""ballast_condition"", ""label"": ""ballast_hardened"", ""start_m"": 292.8, ""count"": 3, ""side"": ""left"", ""directions"": ""vertical"", ""stiffness_factor_eta_k"": 1.391, ""damping_factor_eta_c"": 1.0}]"
v2n195_seed83184114_v215_subgrade,83184114,215,train,subgrade,v2_seed83184114,"[{""type"": ""subgrade_condition"", ""label"": ""subgrade_hardened"", ""start_m"": 196.2, ""count"": 5, ""side"": ""both"", ""directions"": ""vertical"", ""stiffness_factor_eta_k"": 5.0763, ""damping_factor_eta_c"": 1.0}]"
v2n195_seed83184114_v215_coupled_ballast_subgrade_separate,83184114,215,train,coupled_ballast_subgrade_separate,v2_seed83184114,"[{""type"": ""ballast_condition"", ""label"": ""ballast_hardened"", ""start_m"": 220.2, ""count"": 5, ""side"": ""right"", ""directions"": ""vertical"", ""stiffness_factor_eta_k"": 7.5105, ""damping_factor_eta_c"": 1.0}, {""type"": ""subgrade_condition"", ""label"": ""subgrade_hardened"", ""start_m"": 256.2, ""count"": 40, ""side"": ""left"", ""directions"": ""vertical"", ""stiffness_factor_eta_k"": 1.1619, ""damping_factor_eta_c"": 1.0}]"
v2n195_seed83184114_v215_coupled_subgrade_sleeper_void_overlap,83184114,215,train,coupled_subgrade_sleeper_void_overlap,v2_seed83184114,"[{""type"": ""subgrade_condition"", ""label"": ""subgrade_softened"", ""start_m"": 181.2, ""count"": 8, ""side"": ""left"", ""directions"": ""vertical"", ""stiffness_factor_eta_k"": 0.1474, ""damping_factor_eta_c"": 1.0}, {""type"": ""sleeper_void"", ""label"": ""sleeper_void"", ""start_m"": 181.2, ""count"": 20, ""side"": ""both"", ""directions"": ""vertical"", ""delta_gap_mm"": 1.424}]"
v2n195_seed83184114_v250_baseline,83184114,250,train,baseline,v2_seed83184114,[]
v2n195_seed83184114_v250_ballast,83184114,250,train,ballast,v2_seed83184114,"[{""type"": ""ballast_condition"", ""label"": ""ballast_hardened"", ""start_m"": 292.8, ""count"": 3, ""side"": ""left"", ""directions"": ""vertical"", ""stiffness_factor_eta_k"": 1.391, ""damping_factor_eta_c"": 1.0}]"
v2n195_seed83184114_v250_coupled_ballast_subgrade_separate,83184114,250,train,coupled_ballast_subgrade_separate,v2_seed83184114,"[{""type"": ""ballast_condition"", ""label"": ""ballast_hardened"", ""start_m"": 220.2, ""count"": 5, ""side"": ""right"", ""directions"": ""vertical"", ""stiffness_factor_eta_k"": 7.5105, ""damping_factor_eta_c"": 1.0}, {""type"": ""subgrade_condition"", ""label"": ""subgrade_hardened"", ""start_m"": 256.2, ""count"": 40, ""side"": ""left"", ""directions"": ""vertical"", ""stiffness_factor_eta_k"": 1.1619, ""damping_factor_eta_c"": 1.0}]"
v2n196_seed91695236_v250_baseline,91695236,250,test,baseline,v2_seed91695236,[]
v2n196_seed91695236_v250_fastener,91695236,250,test,fastener,v2_seed91695236,"[{""type"": ""fastener_failure"", ""label"": ""fastener_eta"", ""start_m"": 210.0, ""count"": 20, ""side"": ""left"", ""directions"": ""both"", ""stiffness_factor_eta_k"": 1.05, ""damping_factor_eta_c"": 1.0}]"
v2n196_seed91695236_v250_sleeper_void,91695236,250,test,sleeper_void,v2_seed91695236,"[{""type"": ""sleeper_void"", ""label"": ""sleeper_void"", ""start_m"": 200.4, ""count"": 1, ""side"": ""both"", ""directions"": ""vertical"", ""delta_gap_mm"": 0.166}]"
v2n196_seed91695236_v250_ballast,91695236,250,test,ballast,v2_seed91695236,"[{""type"": ""ballast_condition"", ""label"": ""ballast_hardened"", ""start_m"": 211.8, ""count"": 5, ""side"": ""right"", ""directions"": ""vertical"", ""stiffness_factor_eta_k"": 4.4403, ""damping_factor_eta_c"": 1.0}]"
v2n196_seed91695236_v250_subgrade,91695236,250,test,subgrade,v2_seed91695236,"[{""type"": ""subgrade_condition"", ""label"": ""subgrade_softened"", ""start_m"": 156.6, ""count"": 8, ""side"": ""left"", ""directions"": ""vertical"", ""stiffness_factor_eta_k"": 0.1656, ""damping_factor_eta_c"": 1.0}]"
v2n196_seed91695236_v250_coupled_fastener_ballast_overlap,91695236,250,test,coupled_fastener_ballast_overlap,v2_seed91695236,"[{""type"": ""fastener_failure"", ""label"": ""fastener_eta"", ""start_m"": 196.2, ""count"": 3, ""side"": ""left"", ""directions"": ""both"", ""stiffness_factor_eta_k"": 0.0, ""damping_factor_eta_c"": 1.0}, {""type"": ""ballast_condition"", ""label"": ""ballast_hardened"", ""start_m"": 196.2, ""count"": 80, ""side"": ""left"", ""directions"": ""vertical"", ""stiffness_factor_eta_k"": 1.4091, ""damping_factor_eta_c"": 1.0}]"
v2n196_seed91695236_v250_coupled_fastener_sleeper_void_partial_overlap,91695236,250,test,coupled_fastener_sleeper_void_partial_overlap,v2_seed91695236,"[{""type"": ""fastener_failure"", ""label"": ""fastener_eta"", ""start_m"": 210.6, ""count"": 5, ""side"": ""right"", ""directions"": ""both"", ""stiffness_factor_eta_k"": 0.1, ""damping_factor_eta_c"": 1.0}, {""type"": ""sleeper_void"", ""label"": ""sleeper_void"", ""start_m"": 211.2, ""count"": 1, ""side"": ""left"", ""directions"": ""vertical"", ""delta_gap_mm"": 2.085}]"
v2n196_seed91695236_v200_baseline,91695236,200,test,baseline,v2_seed91695236,[]
v2n196_seed91695236_v200_subgrade,91695236,200,test,subgrade,v2_seed91695236,"[{""type"": ""subgrade_condition"", ""label"": ""subgrade_softened"", ""start_m"": 156.6, ""count"": 8, ""side"": ""left"", ""directions"": ""vertical"", ""stiffness_factor_eta_k"": 0.1656, ""damping_factor_eta_c"": 1.0}]"
v2n196_seed91695236_v200_coupled_fastener_ballast_overlap,91695236,200,test,coupled_fastener_ballast_overlap,v2_seed91695236,"[{""type"": ""fastener_failure"", ""label"": ""fastener_eta"", ""start_m"": 196.2, ""count"": 3, ""side"": ""left"", ""directions"": ""both"", ""stiffness_factor_eta_k"": 0.0, ""damping_factor_eta_c"": 1.0}, {""type"": ""ballast_condition"", ""label"": ""ballast_hardened"", ""start_m"": 196.2, ""count"": 80, ""side"": ""left"", ""directions"": ""vertical"", ""stiffness_factor_eta_k"": 1.4091, ""damping_factor_eta_c"": 1.0}]"
v2n197_seed21978801_v160_baseline,21978801,160,val,baseline,v2_seed21978801,[]
v2n197_seed21978801_v160_fastener,21978801,160,val,fastener,v2_seed21978801,"[{""type"": ""fastener_failure"", ""label"": ""fastener_eta"", ""start_m"": 232.2, ""count"": 1, ""side"": ""right"", ""directions"": ""both"", ""stiffness_factor_eta_k"": 1.1, ""damping_factor_eta_c"": 1.0}]"
v2n197_seed21978801_v160_sleeper_void,21978801,160,val,sleeper_void,v2_seed21978801,"[{""type"": ""sleeper_void"", ""label"": ""sleeper_void"", ""start_m"": 251.4, ""count"": 2, ""side"": ""left"", ""directions"": ""vertical"", ""delta_gap_mm"": 0.779}]"
v2n197_seed21978801_v160_ballast,21978801,160,val,ballast,v2_seed21978801,"[{""type"": ""ballast_condition"", ""label"": ""ballast_softened"", ""start_m"": 299.4, ""count"": 8, ""side"": ""both"", ""directions"": ""vertical"", ""stiffness_factor_eta_k"": 0.2195, ""damping_factor_eta_c"": 1.0}]"
v2n197_seed21978801_v160_subgrade,21978801,160,val,subgrade,v2_seed21978801,"[{""type"": ""subgrade_condition"", ""label"": ""subgrade_softened"", ""start_m"": 298.2, ""count"": 12, ""side"": ""right"", ""directions"": ""vertical"", ""stiffness_factor_eta_k"": 0.5341, ""damping_factor_eta_c"": 1.0}]"
v2n197_seed21978801_v160_coupled_fastener_subgrade_partial_overlap,21978801,160,val,coupled_fastener_subgrade_partial_overlap,v2_seed21978801,"[{""type"": ""fastener_failure"", ""label"": ""fastener_eta"", ""start_m"": 214.8, ""count"": 5, ""side"": ""right"", ""directions"": ""both"", ""stiffness_factor_eta_k"": 0.1, ""damping_factor_eta_c"": 1.0}, {""type"": ""subgrade_condition"", ""label"": ""subgrade_hardened"", ""start_m"": 215.4, ""count"": 3, ""side"": ""both"", ""directions"": ""vertical"", ""stiffness_factor_eta_k"": 6.0953, ""damping_factor_eta_c"": 1.0}]"
v2n197_seed21978801_v160_coupled_ballast_sleeper_void_separate,21978801,160,val,coupled_ballast_sleeper_void_separate,v2_seed21978801,"[{""type"": ""ballast_condition"", ""label"": ""ballast_softened"", ""start_m"": 234.6, ""count"": 20, ""side"": ""right"", ""directions"": ""vertical"", ""stiffness_factor_eta_k"": 0.8552, ""damping_factor_eta_c"": 1.0}, {""type"": ""sleeper_void"", ""label"": ""sleeper_void"", ""start_m"": 258.6, ""count"": 2, ""side"": ""right"", ""directions"": ""vertical"", ""delta_gap_mm"": 0.366}]"
v2n197_seed21978801_v200_baseline,21978801,200,val,baseline,v2_seed21978801,[]
v2n197_seed21978801_v200_fastener,21978801,200,val,fastener,v2_seed21978801,"[{""type"": ""fastener_failure"", ""label"": ""fastener_eta"", ""start_m"": 232.2, ""count"": 1, ""side"": ""right"", ""directions"": ""both"", ""stiffness_factor_eta_k"": 1.1, ""damping_factor_eta_c"": 1.0}]"
v2n197_seed21978801_v200_coupled_fastener_subgrade_partial_overlap,21978801,200,val,coupled_fastener_subgrade_partial_overlap,v2_seed21978801,"[{""type"": ""fastener_failure"", ""label"": ""fastener_eta"", ""start_m"": 214.8, ""count"": 5, ""side"": ""right"", ""directions"": ""both"", ""stiffness_factor_eta_k"": 0.1, ""damping_factor_eta_c"": 1.0}, {""type"": ""subgrade_condition"", ""label"": ""subgrade_hardened"", ""start_m"": 215.4, ""count"": 3, ""side"": ""both"", ""directions"": ""vertical"", ""stiffness_factor_eta_k"": 6.0953, ""damping_factor_eta_c"": 1.0}]"
v2n198_seed38394529_v200_baseline,38394529,200,val,baseline,v2_seed38394529,[]
v2n198_seed38394529_v200_fastener,38394529,200,val,fastener,v2_seed38394529,"[{""type"": ""fastener_failure"", ""label"": ""fastener_eta"", ""start_m"": 160.2, ""count"": 2, ""side"": ""both"", ""directions"": ""both"", ""stiffness_factor_eta_k"": 1.25, ""damping_factor_eta_c"": 1.0}]"
v2n198_seed38394529_v200_sleeper_void,38394529,200,val,sleeper_void,v2_seed38394529,"[{""type"": ""sleeper_void"", ""label"": ""sleeper_void"", ""start_m"": 151.2, ""count"": 3, ""side"": ""right"", ""directions"": ""vertical"", ""delta_gap_mm"": 1.703}]"
v2n198_seed38394529_v200_ballast,38394529,200,val,ballast,v2_seed38394529,"[{""type"": ""ballast_condition"", ""label"": ""ballast_softened"", ""start_m"": 270.0, ""count"": 12, ""side"": ""left"", ""directions"": ""vertical"", ""stiffness_factor_eta_k"": 0.3114, ""damping_factor_eta_c"": 1.0}]"
v2n198_seed38394529_v200_subgrade,38394529,200,val,subgrade,v2_seed38394529,"[{""type"": ""subgrade_condition"", ""label"": ""subgrade_softened"", ""start_m"": 167.4, ""count"": 20, ""side"": ""both"", ""directions"": ""vertical"", ""stiffness_factor_eta_k"": 0.7976, ""damping_factor_eta_c"": 1.0}]"
v2n198_seed38394529_v200_coupled_ballast_subgrade_separate,38394529,200,val,coupled_ballast_subgrade_separate,v2_seed38394529,"[{""type"": ""ballast_condition"", ""label"": ""ballast_softened"", ""start_m"": 181.8, ""count"": 20, ""side"": ""right"", ""directions"": ""vertical"", ""stiffness_factor_eta_k"": 0.7866, ""damping_factor_eta_c"": 1.0}, {""type"": ""subgrade_condition"", ""label"": ""subgrade_softened"", ""start_m"": 205.8, ""count"": 5, ""side"": ""left"", ""directions"": ""vertical"", ""stiffness_factor_eta_k"": 0.1229, ""damping_factor_eta_c"": 1.0}]"
v2n198_seed38394529_v200_coupled_subgrade_sleeper_void_overlap,38394529,200,val,coupled_subgrade_sleeper_void_overlap,v2_seed38394529,"[{""type"": ""subgrade_condition"", ""label"": ""subgrade_hardened"", ""start_m"": 212.4, ""count"": 40, ""side"": ""left"", ""directions"": ""vertical"", ""stiffness_factor_eta_k"": 1.2092, ""damping_factor_eta_c"": 1.0}, {""type"": ""sleeper_void"", ""label"": ""sleeper_void"", ""start_m"": 212.4, ""count"": 3, ""side"": ""both"", ""directions"": ""vertical"", ""delta_gap_mm"": 0.803}]"
v2n198_seed38394529_v250_baseline,38394529,250,val,baseline,v2_seed38394529,[]
v2n198_seed38394529_v250_sleeper_void,38394529,250,val,sleeper_void,v2_seed38394529,"[{""type"": ""sleeper_void"", ""label"": ""sleeper_void"", ""start_m"": 151.2, ""count"": 3, ""side"": ""right"", ""directions"": ""vertical"", ""delta_gap_mm"": 1.703}]"
v2n198_seed38394529_v250_coupled_ballast_subgrade_separate,38394529,250,val,coupled_ballast_subgrade_separate,v2_seed38394529,"[{""type"": ""ballast_condition"", ""label"": ""ballast_softened"", ""start_m"": 181.8, ""count"": 20, ""side"": ""right"", ""directions"": ""vertical"", ""stiffness_factor_eta_k"": 0.7866, ""damping_factor_eta_c"": 1.0}, {""type"": ""subgrade_condition"", ""label"": ""subgrade_softened"", ""start_m"": 205.8, ""count"": 5, ""side"": ""left"", ""directions"": ""vertical"", ""stiffness_factor_eta_k"": 0.1229, ""damping_factor_eta_c"": 1.0}]"
v2n199_seed33029819_v215_baseline,33029819,215,train,baseline,v2_seed33029819,[]
v2n199_seed33029819_v215_fastener,33029819,215,train,fastener,v2_seed33029819,"[{""type"": ""fastener_failure"", ""label"": ""fastener_eta"", ""start_m"": 286.2, ""count"": 3, ""side"": ""left"", ""directions"": ""both"", ""stiffness_factor_eta_k"": 0.0, ""damping_factor_eta_c"": 1.0}]"
v2n199_seed33029819_v215_sleeper_void,33029819,215,train,sleeper_void,v2_seed33029819,"[{""type"": ""sleeper_void"", ""label"": ""sleeper_void"", ""start_m"": 175.2, ""count"": 5, ""side"": ""both"", ""directions"": ""vertical"", ""delta_gap_mm"": 3.236}]"
v2n199_seed33029819_v215_ballast,33029819,215,train,ballast,v2_seed33029819,"[{""type"": ""ballast_condition"", ""label"": ""ballast_softened"", ""start_m"": 262.8, ""count"": 20, ""side"": ""right"", ""directions"": ""vertical"", ""stiffness_factor_eta_k"": 0.934, ""damping_factor_eta_c"": 1.0}]"
v2n199_seed33029819_v215_subgrade,33029819,215,train,subgrade,v2_seed33029819,"[{""type"": ""subgrade_condition"", ""label"": ""subgrade_hardened"", ""start_m"": 294.0, ""count"": 40, ""side"": ""left"", ""directions"": ""vertical"", ""stiffness_factor_eta_k"": 1.1487, ""damping_factor_eta_c"": 1.0}]"
v2n199_seed33029819_v215_coupled_fastener_ballast_overlap,33029819,215,train,coupled_fastener_ballast_overlap,v2_seed33029819,"[{""type"": ""fastener_failure"", ""label"": ""fastener_eta"", ""start_m"": 224.4, ""count"": 12, ""side"": ""left"", ""directions"": ""both"", ""stiffness_factor_eta_k"": 0.5, ""damping_factor_eta_c"": 1.0}, {""type"": ""ballast_condition"", ""label"": ""ballast_softened"", ""start_m"": 224.4, ""count"": 8, ""side"": ""left"", ""directions"": ""vertical"", ""stiffness_factor_eta_k"": 0.5541, ""damping_factor_eta_c"": 1.0}]"
v2n199_seed33029819_v215_coupled_fastener_sleeper_void_partial_overlap,33029819,215,train,coupled_fastener_sleeper_void_partial_overlap,v2_seed33029819,"[{""type"": ""fastener_failure"", ""label"": ""fastener_eta"", ""start_m"": 192.0, ""count"": 20, ""side"": ""right"", ""directions"": ""both"", ""stiffness_factor_eta_k"": 0.75, ""damping_factor_eta_c"": 1.0}, {""type"": ""sleeper_void"", ""label"": ""sleeper_void"", ""start_m"": 193.2, ""count"": 5, ""side"": ""left"", ""directions"": ""vertical"", ""delta_gap_mm"": 1.447}]"
v2n199_seed33029819_v250_baseline,33029819,250,train,baseline,v2_seed33029819,[]
v2n199_seed33029819_v250_ballast,33029819,250,train,ballast,v2_seed33029819,"[{""type"": ""ballast_condition"", ""label"": ""ballast_softened"", ""start_m"": 262.8, ""count"": 20, ""side"": ""right"", ""directions"": ""vertical"", ""stiffness_factor_eta_k"": 0.934, ""damping_factor_eta_c"": 1.0}]"
v2n199_seed33029819_v250_coupled_fastener_ballast_overlap,33029819,250,train,coupled_fastener_ballast_overlap,v2_seed33029819,"[{""type"": ""fastener_failure"", ""label"": ""fastener_eta"", ""start_m"": 224.4, ""count"": 12, ""side"": ""left"", ""directions"": ""both"", ""stiffness_factor_eta_k"": 0.5, ""damping_factor_eta_c"": 1.0}, {""type"": ""ballast_condition"", ""label"": ""ballast_softened"", ""start_m"": 224.4, ""count"": 8, ""side"": ""left"", ""directions"": ""vertical"", ""stiffness_factor_eta_k"": 0.5541, ""damping_factor_eta_c"": 1.0}]"
v2n200_seed76258435_v250_baseline,76258435,250,train,baseline,v2_seed76258435,[]
v2n200_seed76258435_v250_fastener,76258435,250,train,fastener,v2_seed76258435,"[{""type"": ""fastener_failure"", ""label"": ""fastener_eta"", ""start_m"": 170.4, ""count"": 5, ""side"": ""right"", ""directions"": ""both"", ""stiffness_factor_eta_k"": 0.1, ""damping_factor_eta_c"": 1.0}]"
v2n200_seed76258435_v250_sleeper_void,76258435,250,train,sleeper_void,v2_seed76258435,"[{""type"": ""sleeper_void"", ""label"": ""sleeper_void"", ""start_m"": 161.4, ""count"": 8, ""side"": ""left"", ""directions"": ""vertical"", ""delta_gap_mm"": 0.492}]"
v2n200_seed76258435_v250_ballast,76258435,250,train,ballast,v2_seed76258435,"[{""type"": ""ballast_condition"", ""label"": ""ballast_hardened"", ""start_m"": 210.0, ""count"": 40, ""side"": ""both"", ""directions"": ""vertical"", ""stiffness_factor_eta_k"": 1.054, ""damping_factor_eta_c"": 1.0}]"
v2n200_seed76258435_v250_subgrade,76258435,250,train,subgrade,v2_seed76258435,"[{""type"": ""subgrade_condition"", ""label"": ""subgrade_hardened"", ""start_m"": 229.8, ""count"": 80, ""side"": ""right"", ""directions"": ""vertical"", ""stiffness_factor_eta_k"": 2.1245, ""damping_factor_eta_c"": 1.0}]"
v2n200_seed76258435_v250_coupled_fastener_subgrade_partial_overlap,76258435,250,train,coupled_fastener_subgrade_partial_overlap,v2_seed76258435,"[{""type"": ""fastener_failure"", ""label"": ""fastener_eta"", ""start_m"": 180.6, ""count"": 20, ""side"": ""right"", ""directions"": ""both"", ""stiffness_factor_eta_k"": 0.75, ""damping_factor_eta_c"": 1.0}, {""type"": ""subgrade_condition"", ""label"": ""subgrade_softened"", ""start_m"": 184.2, ""count"": 12, ""side"": ""both"", ""directions"": ""vertical"", ""stiffness_factor_eta_k"": 0.9394, ""damping_factor_eta_c"": 1.0}]"
v2n200_seed76258435_v250_coupled_ballast_sleeper_void_separate,76258435,250,train,coupled_ballast_sleeper_void_separate,v2_seed76258435,"[{""type"": ""ballast_condition"", ""label"": ""ballast_hardened"", ""start_m"": 225.0, ""count"": 3, ""side"": ""right"", ""directions"": ""vertical"", ""stiffness_factor_eta_k"": 5.6119, ""damping_factor_eta_c"": 1.0}, {""type"": ""sleeper_void"", ""label"": ""sleeper_void"", ""start_m"": 241.8, ""count"": 8, ""side"": ""right"", ""directions"": ""vertical"", ""delta_gap_mm"": 3.692}]"
v2n200_seed76258435_v200_baseline,76258435,200,train,baseline,v2_seed76258435,[]
v2n200_seed76258435_v200_subgrade,76258435,200,train,subgrade,v2_seed76258435,"[{""type"": ""subgrade_condition"", ""label"": ""subgrade_hardened"", ""start_m"": 229.8, ""count"": 80, ""side"": ""right"", ""directions"": ""vertical"", ""stiffness_factor_eta_k"": 2.1245, ""damping_factor_eta_c"": 1.0}]"
v2n200_seed76258435_v200_coupled_fastener_subgrade_partial_overlap,76258435,200,train,coupled_fastener_subgrade_partial_overlap,v2_seed76258435,"[{""type"": ""fastener_failure"", ""label"": ""fastener_eta"", ""start_m"": 180.6, ""count"": 20, ""side"": ""right"", ""directions"": ""both"", ""stiffness_factor_eta_k"": 0.75, ""damping_factor_eta_c"": 1.0}, {""type"": ""subgrade_condition"", ""label"": ""subgrade_softened"", ""start_m"": 184.2, ""count"": 12, ""side"": ""both"", ""directions"": ""vertical"", ""stiffness_factor_eta_k"": 0.9394, ""damping_factor_eta_c"": 1.0}]"
v2n201_seed43587160_v160_baseline,43587160,160,train,baseline,v2_seed43587160,[]
v2n201_seed43587160_v160_fastener,43587160,160,train,fastener,v2_seed43587160,"[{""type"": ""fastener_failure"", ""label"": ""fastener_eta"", ""start_m"": 201.0, ""count"": 8, ""side"": ""both"", ""directions"": ""both"", ""stiffness_factor_eta_k"": 0.25, ""damping_factor_eta_c"": 1.0}]"
v2n201_seed43587160_v160_sleeper_void,43587160,160,train,sleeper_void,v2_seed43587160,"[{""type"": ""sleeper_void"", ""label"": ""sleeper_void"", ""start_m"": 270.6, ""count"": 12, ""side"": ""right"", ""directions"": ""vertical"", ""delta_gap_mm"": 0.532}]"
v2n201_seed43587160_v160_ballast,43587160,160,train,ballast,v2_seed43587160,"[{""type"": ""ballast_condition"", ""label"": ""ballast_hardened"", ""start_m"": 285.0, ""count"": 80, ""side"": ""left"", ""directions"": ""vertical"", ""stiffness_factor_eta_k"": 1.8156, ""damping_factor_eta_c"": 1.0}]"
v2n201_seed43587160_v160_subgrade,43587160,160,train,subgrade,v2_seed43587160,"[{""type"": ""subgrade_condition"", ""label"": ""subgrade_hardened"", ""start_m"": 293.4, ""count"": 3, ""side"": ""both"", ""directions"": ""vertical"", ""stiffness_factor_eta_k"": 5.8926, ""damping_factor_eta_c"": 1.0}]"
v2n201_seed43587160_v160_coupled_ballast_subgrade_separate,43587160,160,train,coupled_ballast_subgrade_separate,v2_seed43587160,"[{""type"": ""ballast_condition"", ""label"": ""ballast_hardened"", ""start_m"": 185.4, ""count"": 3, ""side"": ""right"", ""directions"": ""vertical"", ""stiffness_factor_eta_k"": 3.4951, ""damping_factor_eta_c"": 1.0}, {""type"": ""subgrade_condition"", ""label"": ""subgrade_hardened"", ""start_m"": 209.4, ""count"": 20, ""side"": ""left"", ""directions"": ""vertical"", ""stiffness_factor_eta_k"": 1.1434, ""damping_factor_eta_c"": 1.0}]"
v2n201_seed43587160_v160_coupled_subgrade_sleeper_void_overlap,43587160,160,train,coupled_subgrade_sleeper_void_overlap,v2_seed43587160,"[{""type"": ""subgrade_condition"", ""label"": ""subgrade_softened"", ""start_m"": 231.6, ""count"": 5, ""side"": ""left"", ""directions"": ""vertical"", ""stiffness_factor_eta_k"": 0.1396, ""damping_factor_eta_c"": 1.0}, {""type"": ""sleeper_void"", ""label"": ""sleeper_void"", ""start_m"": 231.6, ""count"": 12, ""side"": ""both"", ""directions"": ""vertical"", ""delta_gap_mm"": 0.117}]"
v2n201_seed43587160_v200_baseline,43587160,200,train,baseline,v2_seed43587160,[]
v2n201_seed43587160_v200_fastener,43587160,200,train,fastener,v2_seed43587160,"[{""type"": ""fastener_failure"", ""label"": ""fastener_eta"", ""start_m"": 201.0, ""count"": 8, ""side"": ""both"", ""directions"": ""both"", ""stiffness_factor_eta_k"": 0.25, ""damping_factor_eta_c"": 1.0}]"
v2n201_seed43587160_v200_coupled_ballast_subgrade_separate,43587160,200,train,coupled_ballast_subgrade_separate,v2_seed43587160,"[{""type"": ""ballast_condition"", ""label"": ""ballast_hardened"", ""start_m"": 185.4, ""count"": 3, ""side"": ""right"", ""directions"": ""vertical"", ""stiffness_factor_eta_k"": 3.4951, ""damping_factor_eta_c"": 1.0}, {""type"": ""subgrade_condition"", ""label"": ""subgrade_hardened"", ""start_m"": 209.4, ""count"": 20, ""side"": ""left"", ""directions"": ""vertical"", ""stiffness_factor_eta_k"": 1.1434, ""damping_factor_eta_c"": 1.0}]"
v2n202_seed58290204_v200_baseline,58290204,200,train,baseline,v2_seed58290204,[]
v2n202_seed58290204_v200_fastener,58290204,200,train,fastener,v2_seed58290204,"[{""type"": ""fastener_failure"", ""label"": ""fastener_eta"", ""start_m"": 292.8, ""count"": 12, ""side"": ""left"", ""directions"": ""both"", ""stiffness_factor_eta_k"": 0.5, ""damping_factor_eta_c"": 1.0}]"
v2n202_seed58290204_v200_sleeper_void,58290204,200,train,sleeper_void,v2_seed58290204,"[{""type"": ""sleeper_void"", ""label"": ""sleeper_void"", ""start_m"": 207.6, ""count"": 20, ""side"": ""both"", ""directions"": ""vertical"", ""delta_gap_mm"": 1.608}]"
v2n202_seed58290204_v200_ballast,58290204,200,train,ballast,v2_seed58290204,"[{""type"": ""ballast_condition"", ""label"": ""ballast_hardened"", ""start_m"": 199.8, ""count"": 3, ""side"": ""right"", ""directions"": ""vertical"", ""stiffness_factor_eta_k"": 7.3248, ""damping_factor_eta_c"": 1.0}]"
v2n202_seed58290204_v200_subgrade,58290204,200,train,subgrade,v2_seed58290204,"[{""type"": ""subgrade_condition"", ""label"": ""subgrade_softened"", ""start_m"": 235.8, ""count"": 5, ""side"": ""left"", ""directions"": ""vertical"", ""stiffness_factor_eta_k"": 0.2797, ""damping_factor_eta_c"": 1.0}]"
v2n202_seed58290204_v200_coupled_fastener_ballast_overlap,58290204,200,train,coupled_fastener_ballast_overlap,v2_seed58290204,"[{""type"": ""fastener_failure"", ""label"": ""fastener_eta"", ""start_m"": 221.4, ""count"": 2, ""side"": ""left"", ""directions"": ""both"", ""stiffness_factor_eta_k"": 0.9, ""damping_factor_eta_c"": 1.0}, {""type"": ""ballast_condition"", ""label"": ""ballast_hardened"", ""start_m"": 221.4, ""count"": 40, ""side"": ""left"", ""directions"": ""vertical"", ""stiffness_factor_eta_k"": 1.6389, ""damping_factor_eta_c"": 1.0}]"
v2n202_seed58290204_v200_coupled_fastener_sleeper_void_partial_overlap,58290204,200,train,coupled_fastener_sleeper_void_partial_overlap,v2_seed58290204,"[{""type"": ""fastener_failure"", ""label"": ""fastener_eta"", ""start_m"": 230.4, ""count"": 3, ""side"": ""right"", ""directions"": ""both"", ""stiffness_factor_eta_k"": 0.95, ""damping_factor_eta_c"": 1.0}, {""type"": ""sleeper_void"", ""label"": ""sleeper_void"", ""start_m"": 231.0, ""count"": 20, ""side"": ""left"", ""directions"": ""vertical"", ""delta_gap_mm"": 0.972}]"
v2n202_seed58290204_v250_baseline,58290204,250,train,baseline,v2_seed58290204,[]
v2n202_seed58290204_v250_sleeper_void,58290204,250,train,sleeper_void,v2_seed58290204,"[{""type"": ""sleeper_void"", ""label"": ""sleeper_void"", ""start_m"": 207.6, ""count"": 20, ""side"": ""both"", ""directions"": ""vertical"", ""delta_gap_mm"": 1.608}]"
v2n202_seed58290204_v250_coupled_fastener_ballast_overlap,58290204,250,train,coupled_fastener_ballast_overlap,v2_seed58290204,"[{""type"": ""fastener_failure"", ""label"": ""fastener_eta"", ""start_m"": 221.4, ""count"": 2, ""side"": ""left"", ""directions"": ""both"", ""stiffness_factor_eta_k"": 0.9, ""damping_factor_eta_c"": 1.0}, {""type"": ""ballast_condition"", ""label"": ""ballast_hardened"", ""start_m"": 221.4, ""count"": 40, ""side"": ""left"", ""directions"": ""vertical"", ""stiffness_factor_eta_k"": 1.6389, ""damping_factor_eta_c"": 1.0}]"
v2n203_seed15515079_v215_baseline,15515079,215,train,baseline,v2_seed15515079,[]
v2n203_seed15515079_v215_fastener,15515079,215,train,fastener,v2_seed15515079,"[{""type"": ""fastener_failure"", ""label"": ""fastener_eta"", ""start_m"": 261.6, ""count"": 20, ""side"": ""right"", ""directions"": ""both"", ""stiffness_factor_eta_k"": 0.75, ""damping_factor_eta_c"": 1.0}]"
v2n203_seed15515079_v215_sleeper_void,15515079,215,train,sleeper_void,v2_seed15515079,"[{""type"": ""sleeper_void"", ""label"": ""sleeper_void"", ""start_m"": 208.8, ""count"": 1, ""side"": ""left"", ""directions"": ""vertical"", ""delta_gap_mm"": 3.333}]"
v2n203_seed15515079_v215_ballast,15515079,215,train,ballast,v2_seed15515079,"[{""type"": ""ballast_condition"", ""label"": ""ballast_softened"", ""start_m"": 248.4, ""count"": 5, ""side"": ""both"", ""directions"": ""vertical"", ""stiffness_factor_eta_k"": 0.11, ""damping_factor_eta_c"": 1.0}]"
v2n203_seed15515079_v215_subgrade,15515079,215,train,subgrade,v2_seed15515079,"[{""type"": ""subgrade_condition"", ""label"": ""subgrade_softened"", ""start_m"": 156.0, ""count"": 8, ""side"": ""right"", ""directions"": ""vertical"", ""stiffness_factor_eta_k"": 0.626, ""damping_factor_eta_c"": 1.0}]"
v2n203_seed15515079_v215_coupled_fastener_subgrade_partial_overlap,15515079,215,train,coupled_fastener_subgrade_partial_overlap,v2_seed15515079,"[{""type"": ""fastener_failure"", ""label"": ""fastener_eta"", ""start_m"": 180.6, ""count"": 3, ""side"": ""right"", ""directions"": ""both"", ""stiffness_factor_eta_k"": 0.95, ""damping_factor_eta_c"": 1.0}, {""type"": ""subgrade_condition"", ""label"": ""subgrade_hardened"", ""start_m"": 181.2, ""count"": 80, ""side"": ""both"", ""directions"": ""vertical"", ""stiffness_factor_eta_k"": 3.9546, ""damping_factor_eta_c"": 1.0}]"
v2n203_seed15515079_v215_coupled_ballast_sleeper_void_separate,15515079,215,train,coupled_ballast_sleeper_void_separate,v2_seed15515079,"[{""type"": ""ballast_condition"", ""label"": ""ballast_softened"", ""start_m"": 221.4, ""count"": 12, ""side"": ""right"", ""directions"": ""vertical"", ""stiffness_factor_eta_k"": 0.7869, ""damping_factor_eta_c"": 1.0}, {""type"": ""sleeper_void"", ""label"": ""sleeper_void"", ""start_m"": 240.6, ""count"": 1, ""side"": ""right"", ""directions"": ""vertical"", ""delta_gap_mm"": 1.899}]"
v2n203_seed15515079_v250_baseline,15515079,250,train,baseline,v2_seed15515079,[]
v2n203_seed15515079_v250_ballast,15515079,250,train,ballast,v2_seed15515079,"[{""type"": ""ballast_condition"", ""label"": ""ballast_softened"", ""start_m"": 248.4, ""count"": 5, ""side"": ""both"", ""directions"": ""vertical"", ""stiffness_factor_eta_k"": 0.11, ""damping_factor_eta_c"": 1.0}]"
v2n203_seed15515079_v250_coupled_fastener_subgrade_partial_overlap,15515079,250,train,coupled_fastener_subgrade_partial_overlap,v2_seed15515079,"[{""type"": ""fastener_failure"", ""label"": ""fastener_eta"", ""start_m"": 180.6, ""count"": 3, ""side"": ""right"", ""directions"": ""both"", ""stiffness_factor_eta_k"": 0.95, ""damping_factor_eta_c"": 1.0}, {""type"": ""subgrade_condition"", ""label"": ""subgrade_hardened"", ""start_m"": 181.2, ""count"": 80, ""side"": ""both"", ""directions"": ""vertical"", ""stiffness_factor_eta_k"": 3.9546, ""damping_factor_eta_c"": 1.0}]"
v2n204_seed20437260_v250_baseline,20437260,250,train,baseline,v2_seed20437260,[]
v2n204_seed20437260_v250_fastener,20437260,250,train,fastener,v2_seed20437260,"[{""type"": ""fastener_failure"", ""label"": ""fastener_eta"", ""start_m"": 216.0, ""count"": 1, ""side"": ""both"", ""directions"": ""both"", ""stiffness_factor_eta_k"": 0.85, ""damping_factor_eta_c"": 1.0}]"
v2n204_seed20437260_v250_sleeper_void,20437260,250,train,sleeper_void,v2_seed20437260,"[{""type"": ""sleeper_void"", ""label"": ""sleeper_void"", ""start_m"": 287.4, ""count"": 2, ""side"": ""right"", ""directions"": ""vertical"", ""delta_gap_mm"": 0.118}]"
v2n204_seed20437260_v250_ballast,20437260,250,train,ballast,v2_seed20437260,"[{""type"": ""ballast_condition"", ""label"": ""ballast_softened"", ""start_m"": 202.8, ""count"": 8, ""side"": ""left"", ""directions"": ""vertical"", ""stiffness_factor_eta_k"": 0.6515, ""damping_factor_eta_c"": 1.0}]"
v2n204_seed20437260_v250_subgrade,20437260,250,train,subgrade,v2_seed20437260,"[{""type"": ""subgrade_condition"", ""label"": ""subgrade_softened"", ""start_m"": 294.6, ""count"": 12, ""side"": ""both"", ""directions"": ""vertical"", ""stiffness_factor_eta_k"": 0.7264, ""damping_factor_eta_c"": 1.0}]"
v2n204_seed20437260_v250_coupled_ballast_subgrade_separate,20437260,250,train,coupled_ballast_subgrade_separate,v2_seed20437260,"[{""type"": ""ballast_condition"", ""label"": ""ballast_softened"", ""start_m"": 213.6, ""count"": 12, ""side"": ""right"", ""directions"": ""vertical"", ""stiffness_factor_eta_k"": 0.8989, ""damping_factor_eta_c"": 1.0}, {""type"": ""subgrade_condition"", ""label"": ""subgrade_softened"", ""start_m"": 232.8, ""count"": 3, ""side"": ""left"", ""directions"": ""vertical"", ""stiffness_factor_eta_k"": 0.2532, ""damping_factor_eta_c"": 1.0}]"
v2n204_seed20437260_v250_coupled_subgrade_sleeper_void_overlap,20437260,250,train,coupled_subgrade_sleeper_void_overlap,v2_seed20437260,"[{""type"": ""subgrade_condition"", ""label"": ""subgrade_hardened"", ""start_m"": 204.0, ""count"": 20, ""side"": ""left"", ""directions"": ""vertical"", ""stiffness_factor_eta_k"": 1.0506, ""damping_factor_eta_c"": 1.0}, {""type"": ""sleeper_void"", ""label"": ""sleeper_void"", ""start_m"": 204.0, ""count"": 2, ""side"": ""both"", ""directions"": ""vertical"", ""delta_gap_mm"": 3.179}]"
v2n204_seed20437260_v200_baseline,20437260,200,train,baseline,v2_seed20437260,[]
v2n204_seed20437260_v200_subgrade,20437260,200,train,subgrade,v2_seed20437260,"[{""type"": ""subgrade_condition"", ""label"": ""subgrade_softened"", ""start_m"": 294.6, ""count"": 12, ""side"": ""both"", ""directions"": ""vertical"", ""stiffness_factor_eta_k"": 0.7264, ""damping_factor_eta_c"": 1.0}]"
v2n204_seed20437260_v200_coupled_ballast_subgrade_separate,20437260,200,train,coupled_ballast_subgrade_separate,v2_seed20437260,"[{""type"": ""ballast_condition"", ""label"": ""ballast_softened"", ""start_m"": 213.6, ""count"": 12, ""side"": ""right"", ""directions"": ""vertical"", ""stiffness_factor_eta_k"": 0.8989, ""damping_factor_eta_c"": 1.0}, {""type"": ""subgrade_condition"", ""label"": ""subgrade_softened"", ""start_m"": 232.8, ""count"": 3, ""side"": ""left"", ""directions"": ""vertical"", ""stiffness_factor_eta_k"": 0.2532, ""damping_factor_eta_c"": 1.0}]"
